{"type":"FeatureCollection","features":[{"type":"Feature","geometry":{"type":"Point","coordinates":[141.935,45.52]},"properties":{"id":"11001","name":"宗谷岬","kana":"ソウヤミサキ","en":"Cape Soya","alt":26,"kind":"四","place":"稚内市宗谷岬","start":1978,"startRaw":"昭53.10.30","windH":10.1,"tempH":3.1,"elemNote":null,"sites":null,"type":"C","elems":"11112010"}},{"type":"Feature","geometry":{"type":"Point","coordinates":[141.6783333,45.415]},"properties":{"id":"11016","name":"稚内","kana":"ワッカナイ","en":"Wakkanai","alt":3,"kind":"官","place":"稚内市開運　稚内地方気象台","start":1975,"startRaw":"#昭50.4.1","windH":24.1,"tempH":null,"elemNote":null,"sites":null,"type":"A","elems":"11111111"}},{"type":"Feature","geometry":{"type":"Point","coordinates":[141.045,45.305]},"properties":{"id":"11046","name":"礼文","kana":"レブン","en":"Rebun","alt":65,"kind":"四","place":"礼文郡礼文町大字香深村トンナイ","start":2003,"startRaw":"平15.10.17","windH":9.9,"tempH":3.1,"elemNote":null,"sites":null,"type":"C","elems":"11112010"}},{"type":"Feature","geometry":{"type":"Point","coordinates":[141.8016667,45.4033333]},"properties":{"id":"11061","name":"声問","kana":"コエトイ：稚内空港","en":"Koetoi","alt":8,"kind":"官","place":"稚内市大字声問村字声問　稚内航空気象観測所","start":2003,"startRaw":"平15.1.1","windH":10,"tempH":null,"elemNote":"日照・湿度・気圧を除く","sites":null,"type":"C","elems":"11110100"}},{"type":"Feature","geometry":{"type":"Point","coordinates":[142.17,45.335]},"properties":{"id":"11076","name":"浜鬼志別","kana":"ハマオニシベツ","en":"Hamaoni-Shibetsu","alt":13,"kind":"四","place":"宗谷郡猿払村浜鬼志別","start":1978,"startRaw":"昭53.10.30","windH":9.9,"tempH":2.7,"elemNote":null,"sites":null,"type":"C","elems":"11112110"}},{"type":"Feature","geometry":{"type":"Point","coordinates":[141.1866667,45.2416667]},"properties":{"id":"11091","name":"本泊","kana":"モトドマリ：利尻空港","en":"Motodomari","alt":30,"kind":"官","place":"利尻郡利尻富士町鴛泊字本泊　利尻航空気象観測所","start":2003,"startRaw":"平15.1.1","windH":10,"tempH":null,"elemNote":"日照・湿度・気圧を除く","sites":null,"type":"C","elems":"11110000"}},{"type":"Feature","geometry":{"type":"Point","coordinates":[141.8516667,45.2483333]},"properties":{"id":"11121","name":"沼川","kana":"ヌマカワ","en":"Numakawa","alt":23,"kind":"四","place":"稚内市声問村沼川","start":1977,"startRaw":"昭52.10.20","windH":9.9,"tempH":3.2,"elemNote":null,"sites":null,"type":"C","elems":"11112110"}},{"type":"Feature","geometry":{"type":"Point","coordinates":[141.1383333,45.1783333]},"properties":{"id":"11151","name":"沓形","kana":"クツガタ","en":"Kutsugata","alt":14,"kind":"四","place":"利尻郡利尻町沓形泉町","start":1977,"startRaw":"#昭52.10.24","windH":9.9,"tempH":2.5,"elemNote":null,"sites":null,"type":"C","elems":"11112010"}},{"type":"Feature","geometry":{"type":"Point","coordinates":[141.78,45.1016667]},"properties":{"id":"11176","name":"豊富","kana":"トヨトミ","en":"Toyotomi","alt":14,"kind":"四","place":"天塩郡豊富町豊富東2条","start":1977,"startRaw":"(昭50.5.29)昭52.10.24","windH":9.9,"tempH":2.7,"elemNote":null,"sites":null,"type":"C","elems":"11112110"}},{"type":"Feature","geometry":{"type":"Point","coordinates":[142.35,45.125]},"properties":{"id":"11206","name":"浜頓別","kana":"ハマトンベツ","en":"Hamatonbetsu","alt":18,"kind":"四","place":"枝幸郡浜頓別町クッチャロ湖畔","start":1977,"startRaw":"#昭52.10.19","windH":9.9,"tempH":2.7,"elemNote":null,"sites":null,"type":"C","elems":"11112010"}},{"type":"Feature","geometry":{"type":"Point","coordinates":[142.28,44.965]},"properties":{"id":"11276","name":"中頓別","kana":"ナカトンベツ","en":"Nakatonbetsu","alt":25,"kind":"四","place":"枝幸郡中頓別町上駒","start":1977,"startRaw":"(昭50.5.28)昭52.10.19","windH":10.1,"tempH":3.5,"elemNote":null,"sites":null,"type":"C","elems":"11112110"}},{"type":"Feature","geometry":{"type":"Point","coordinates":[142.585,44.94]},"properties":{"id":"11291","name":"北見枝幸","kana":"キタミエサシ","en":"Kitami-Esashi","alt":7,"kind":"官","place":"枝幸郡枝幸町本町　北見枝幸特別地域気象観測所","start":1976,"startRaw":"#昭51.1.1","windH":17.2,"tempH":null,"elemNote":null,"sites":null,"type":"B","elems":"11111111"}},{"type":"Feature","geometry":{"type":"Point","coordinates":[142.48,44.8416667]},"properties":{"id":"11316","name":"歌登","kana":"ウタノボリ","en":"Utanobori","alt":14,"kind":"四","place":"枝幸郡枝幸町歌登東町","start":1977,"startRaw":"#昭52.10.18","windH":9.9,"tempH":3.5,"elemNote":null,"sites":null,"type":"C","elems":"11112110"}},{"type":"Feature","geometry":{"type":"Point","coordinates":[142.0766667,44.8283333]},"properties":{"id":"12011","name":"中川","kana":"ナカガワ","en":"Nakagawa","alt":22,"kind":"四","place":"中川郡中川町中川","start":1977,"startRaw":"昭52.10.19","windH":9.9,"tempH":3.5,"elemNote":null,"sites":null,"type":"C","elems":"11112010"}},{"type":"Feature","geometry":{"type":"Point","coordinates":[142.265,44.7266667]},"properties":{"id":"12041","name":"音威子府","kana":"オトイネップ","en":"Otoineppu","alt":40,"kind":"四","place":"中川郡音威子府村音威子府","start":1977,"startRaw":"昭52.10.17","windH":9.9,"tempH":3.5,"elemNote":null,"sites":null,"type":"C","elems":"11112110"}},{"type":"Feature","geometry":{"type":"Point","coordinates":[142.295,44.6083333]},"properties":{"id":"12066","name":"小車","kana":"オグルマ","en":"Oguruma","alt":60,"kind":"雨","place":"中川郡美深町小車","start":2005,"startRaw":"平17.11.9","windH":null,"tempH":null,"elemNote":null,"sites":null,"type":"C","elems":"01000000"}},{"type":"Feature","geometry":{"type":"Point","coordinates":[142.3416667,44.48]},"properties":{"id":"12141","name":"美深","kana":"ビフカ","en":"Bifuka","alt":77,"kind":"四","place":"中川郡美深町西町","start":1977,"startRaw":"#昭52.10.14","windH":9.9,"tempH":3.4,"elemNote":null,"sites":null,"type":"C","elems":"11112110"}},{"type":"Feature","geometry":{"type":"Point","coordinates":[142.4566667,44.37]},"properties":{"id":"12181","name":"名寄","kana":"ナヨロ","en":"Nayoro","alt":89,"kind":"四","place":"名寄市大橋","start":1976,"startRaw":"#昭51.4.1","windH":9.9,"tempH":3,"elemNote":null,"sites":null,"type":"C","elems":"11112110"}},{"type":"Feature","geometry":{"type":"Point","coordinates":[142.3583333,44.295]},"properties":{"id":"12217","name":"西風連","kana":"ニシフウレン","en":"Nishi-Furen","alt":128,"kind":"雨","place":"名寄市風連町西風連","start":2005,"startRaw":"平17.11.8","windH":null,"tempH":null,"elemNote":null,"sites":null,"type":"C","elems":"01000000"}},{"type":"Feature","geometry":{"type":"Point","coordinates":[142.6366667,44.295]},"properties":{"id":"12231","name":"下川","kana":"シモカワ","en":"Shimokawa","alt":143,"kind":"四","place":"上川郡下川町南町","start":1977,"startRaw":"#昭52.10.14","windH":9.9,"tempH":3.3,"elemNote":null,"sites":null,"type":"C","elems":"11112110"}},{"type":"Feature","geometry":{"type":"Point","coordinates":[142.3533333,44.1066667]},"properties":{"id":"12256","name":"剣淵","kana":"ケンブチ","en":"Kenbuchi","alt":138,"kind":"雨","place":"上川郡剣淵町旭町","start":2005,"startRaw":"平17.11.10","windH":null,"tempH":null,"elemNote":null,"sites":null,"type":"C","elems":"01000000"}},{"type":"Feature","geometry":{"type":"Point","coordinates":[142.4166667,44.1866667]},"properties":{"id":"12261","name":"士別","kana":"シベツ","en":"Shibetsu","alt":135,"kind":"四","place":"士別市武徳町","start":1977,"startRaw":"#昭52.10.13","windH":9.9,"tempH":3.5,"elemNote":null,"sites":null,"type":"C","elems":"11112010"}},{"type":"Feature","geometry":{"type":"Point","coordinates":[142.595,44.1183333]},"properties":{"id":"12266","name":"朝日","kana":"アサヒ","en":"Asahi","alt":225,"kind":"四","place":"士別市朝日町中央","start":1977,"startRaw":"昭52.10.13","windH":9.9,"tempH":3.1,"elemNote":null,"sites":null,"type":"C","elems":"11112010"}},{"type":"Feature","geometry":{"type":"Point","coordinates":[142.41,44.0283333]},"properties":{"id":"12301","name":"和寒","kana":"ワッサム","en":"Wassamu","alt":150,"kind":"四","place":"上川郡和寒町日ノ出","start":1977,"startRaw":"昭52.10.12","windH":9.9,"tempH":3.1,"elemNote":null,"sites":null,"type":"C","elems":"11112110"}},{"type":"Feature","geometry":{"type":"Point","coordinates":[142.26,43.87]},"properties":{"id":"12386","name":"江丹別","kana":"エタンベツ","en":"Etanbetsu","alt":140,"kind":"四","place":"旭川市江丹別町芳野","start":1977,"startRaw":"昭52.10.11","windH":9.9,"tempH":3.5,"elemNote":null,"sites":null,"type":"C","elems":"11112010"}},{"type":"Feature","geometry":{"type":"Point","coordinates":[142.47,43.87]},"properties":{"id":"12396","name":"比布","kana":"ピップ","en":"Pippu","alt":164,"kind":"四","place":"上川郡比布町北2線","start":1977,"startRaw":"(昭50.5.27)昭52.10.11","windH":9.9,"tempH":3,"elemNote":null,"sites":null,"type":"C","elems":"11112010"}},{"type":"Feature","geometry":{"type":"Point","coordinates":[142.7533333,43.8466667]},"properties":{"id":"12411","name":"上川","kana":"カミカワ","en":"Kamikawa","alt":324,"kind":"四","place":"上川郡上川町栄町","start":1977,"startRaw":"#昭52.10.12","windH":9.9,"tempH":2.9,"elemNote":null,"sites":null,"type":"C","elems":"11112110"}},{"type":"Feature","geometry":{"type":"Point","coordinates":[142.3716667,43.7566667]},"properties":{"id":"12442","name":"旭川","kana":"アサヒカワ","en":"Asahikawa","alt":120,"kind":"官","place":"旭川市宮前1条　旭川地方気象台","start":2004,"startRaw":"平16.9.9","windH":47,"tempH":null,"elemNote":null,"sites":null,"type":"A","elems":"11111111"}},{"type":"Feature","geometry":{"type":"Point","coordinates":[142.5083333,43.7016667]},"properties":{"id":"12451","name":"東川","kana":"ヒガシカワ","en":"Higashikawa","alt":215,"kind":"四","place":"上川郡東川町北町","start":1977,"startRaw":"昭52.10.5","windH":9.9,"tempH":2.8,"elemNote":null,"sites":null,"type":"C","elems":"11112010"}},{"type":"Feature","geometry":{"type":"Point","coordinates":[142.6383333,43.7366667]},"properties":{"id":"12457","name":"瑞穂","kana":"ミズホ","en":"Mizuho","alt":289,"kind":"雨","place":"旭川市東旭川町瑞穂","start":1984,"startRaw":"昭59.10.8","windH":null,"tempH":null,"elemNote":null,"sites":null,"type":"C","elems":"01000000"}},{"type":"Feature","geometry":{"type":"Point","coordinates":[142.93,43.7533333]},"properties":{"id":"12471","name":"層雲峡","kana":"ソウウンキョウ","en":"Sounkyo","alt":540,"kind":"雨","place":"上川郡上川町層雲峡高山","start":1975,"startRaw":"昭50.5.27","windH":null,"tempH":null,"elemNote":null,"sites":null,"type":"C","elems":"01000100"}},{"type":"Feature","geometry":{"type":"Point","coordinates":[142.4466667,43.67]},"properties":{"id":"12501","name":"東神楽","kana":"ヒガシカグラ：旭川空港","en":"Higashi-Kagura","alt":211,"kind":"官","place":"上川郡東神楽町東2線　旭川航空気象観測所","start":2003,"startRaw":"平15.1.1","windH":10,"tempH":null,"elemNote":"日照・湿度・気圧を除く","sites":null,"type":"C","elems":"11110100"}},{"type":"Feature","geometry":{"type":"Point","coordinates":[142.5816667,43.6433333]},"properties":{"id":"12512","name":"志比内","kana":"シビナイ","en":"Shibinai","alt":310,"kind":"四","place":"上川郡東神楽町志比内","start":1993,"startRaw":"平5.1.27","windH":9.9,"tempH":2.8,"elemNote":null,"sites":null,"type":"C","elems":"11112010"}},{"type":"Feature","geometry":{"type":"Point","coordinates":[142.4933333,43.5883333]},"properties":{"id":"12551","name":"美瑛","kana":"ビエイ","en":"Biei","alt":250,"kind":"四","place":"上川郡美瑛町原野5線","start":1977,"startRaw":"(昭50.5.28)昭52.10.6","windH":9.9,"tempH":2.7,"elemNote":null,"sites":null,"type":"C","elems":"11112110"}},{"type":"Feature","geometry":{"type":"Point","coordinates":[142.465,43.455]},"properties":{"id":"12596","name":"上富良野","kana":"カミフラノ","en":"Kami-Furano","alt":220,"kind":"四","place":"空知郡上富良野町大町","start":1977,"startRaw":"昭52.10.8","windH":9.9,"tempH":2.7,"elemNote":null,"sites":null,"type":"C","elems":"11112010"}},{"type":"Feature","geometry":{"type":"Point","coordinates":[142.65,43.475]},"properties":{"id":"12607","name":"白金","kana":"シロガネ","en":"Shirogane","alt":658,"kind":"雨","place":"上川郡美瑛町白金","start":1984,"startRaw":"昭59.10.8","windH":null,"tempH":null,"elemNote":null,"sites":null,"type":"C","elems":"01000000"}},{"type":"Feature","geometry":{"type":"Point","coordinates":[142.4,43.3333333]},"properties":{"id":"12626","name":"富良野","kana":"フラノ","en":"Furano","alt":174,"kind":"四","place":"富良野市東町","start":1976,"startRaw":"#昭51.4.1","windH":9.9,"tempH":2.7,"elemNote":null,"sites":null,"type":"C","elems":"11112110"}},{"type":"Feature","geometry":{"type":"Point","coordinates":[142.5216667,43.3016667]},"properties":{"id":"12632","name":"麓郷","kana":"ロクゴウ","en":"Rokugo","alt":315,"kind":"四","place":"富良野市麓郷市街地","start":1978,"startRaw":"昭53.10.25","windH":9.9,"tempH":2.7,"elemNote":null,"sites":null,"type":"C","elems":"11112010"}},{"type":"Feature","geometry":{"type":"Point","coordinates":[142.4166667,43.1383333]},"properties":{"id":"12686","name":"金山","kana":"カナヤマ","en":"Kanayama","alt":284,"kind":"雨","place":"空知郡南富良野町金山地先","start":2005,"startRaw":"平17.11.17","windH":null,"tempH":null,"elemNote":null,"sites":null,"type":"C","elems":"01000000"}},{"type":"Feature","geometry":{"type":"Point","coordinates":[142.5683333,43.1683333]},"properties":{"id":"12691","name":"幾寅","kana":"イクトラ","en":"Ikutora","alt":350,"kind":"四","place":"空知郡南富良野町幾寅","start":1977,"startRaw":"昭52.10.7","windH":9.9,"tempH":2.6,"elemNote":null,"sites":null,"type":"C","elems":"11112110"}},{"type":"Feature","geometry":{"type":"Point","coordinates":[142.395,42.9783333]},"properties":{"id":"12746","name":"占冠","kana":"シムカップ","en":"Shimukappu","alt":332,"kind":"四","place":"勇払郡占冠村中央","start":1977,"startRaw":"昭52.10.7","windH":9.9,"tempH":2.8,"elemNote":null,"sites":null,"type":"C","elems":"11112110"}},{"type":"Feature","geometry":{"type":"Point","coordinates":[141.8516667,45.0066667]},"properties":{"id":"13011","name":"幌延","kana":"ホロノベ","en":"Horonobe","alt":5,"kind":"雨","place":"天塩郡幌延町上幌延","start":2005,"startRaw":"平17.11.15","windH":null,"tempH":null,"elemNote":null,"sites":null,"type":"C","elems":"01000000"}},{"type":"Feature","geometry":{"type":"Point","coordinates":[141.7616667,44.8933333]},"properties":{"id":"13061","name":"天塩","kana":"テシオ","en":"Teshio","alt":9,"kind":"四","place":"天塩郡天塩町川口","start":1977,"startRaw":"#昭52.10.26","windH":9.9,"tempH":2.7,"elemNote":null,"sites":null,"type":"C","elems":"11112110"}},{"type":"Feature","geometry":{"type":"Point","coordinates":[141.8066667,44.7183333]},"properties":{"id":"13086","name":"遠別","kana":"エンベツ","en":"Enbetsu","alt":7,"kind":"四","place":"天塩郡遠別町幸和","start":1977,"startRaw":"#昭52.10.26","windH":9.9,"tempH":2.7,"elemNote":null,"sites":null,"type":"C","elems":"11112010"}},{"type":"Feature","geometry":{"type":"Point","coordinates":[141.77,44.5233333]},"properties":{"id":"13121","name":"初山別","kana":"ショサンベツ","en":"Shosanbetsu","alt":27,"kind":"四","place":"苫前郡初山別村初山別","start":1977,"startRaw":"昭52.10.28","windH":9.9,"tempH":2.7,"elemNote":null,"sites":null,"type":"C","elems":"11112110"}},{"type":"Feature","geometry":{"type":"Point","coordinates":[141.4216667,44.4283333]},"properties":{"id":"13146","name":"焼尻","kana":"ヤギシリ","en":"Yagishiri","alt":38,"kind":"四","place":"苫前郡羽幌町焼尻白浜","start":1977,"startRaw":"昭52.10.27","windH":9.9,"tempH":3.1,"elemNote":null,"sites":null,"type":"C","elems":"11112010"}},{"type":"Feature","geometry":{"type":"Point","coordinates":[141.7,44.3633333]},"properties":{"id":"13181","name":"羽幌","kana":"ハボロ","en":"Haboro","alt":8,"kind":"官","place":"苫前郡羽幌町南3条　羽幌特別地域気象観測所","start":1976,"startRaw":"#昭51.1.1","windH":21.6,"tempH":null,"elemNote":null,"sites":null,"type":"B","elems":"11111111"}},{"type":"Feature","geometry":{"type":"Point","coordinates":[141.7216667,44.265]},"properties":{"id":"13206","name":"古丹別","kana":"コタンベツ","en":"Kotanbetsu","alt":15,"kind":"雨","place":"苫前郡苫前町古丹別","start":1976,"startRaw":"昭51.8.4","windH":null,"tempH":null,"elemNote":null,"sites":null,"type":"C","elems":"01000100"}},{"type":"Feature","geometry":{"type":"Point","coordinates":[141.8566667,44.0483333]},"properties":{"id":"13261","name":"達布","kana":"タップ","en":"Tappu","alt":30,"kind":"四","place":"留萌郡小平町達布","start":1977,"startRaw":"昭52.10.31","windH":9.9,"tempH":3.5,"elemNote":null,"sites":null,"type":"C","elems":"11112010"}},{"type":"Feature","geometry":{"type":"Point","coordinates":[141.6316667,43.945]},"properties":{"id":"13277","name":"留萌","kana":"ルモイ","en":"Rumoi","alt":24,"kind":"官","place":"留萌市大町　留萌特別地域気象観測所","start":1980,"startRaw":"昭55.6.21","windH":16.3,"tempH":null,"elemNote":null,"sites":null,"type":"B","elems":"11111111"}},{"type":"Feature","geometry":{"type":"Point","coordinates":[141.51,43.8483333]},"properties":{"id":"13311","name":"増毛","kana":"マシケ","en":"Mashike","alt":20,"kind":"四","place":"増毛郡増毛町別苅","start":1978,"startRaw":"#昭53.10.24","windH":9.9,"tempH":3.5,"elemNote":null,"sites":null,"type":"C","elems":"11112010"}},{"type":"Feature","geometry":{"type":"Point","coordinates":[141.76,43.8533333]},"properties":{"id":"13321","name":"幌糠","kana":"ホロヌカ","en":"Horonuka","alt":20,"kind":"四","place":"留萌市幌糠町","start":1977,"startRaw":"昭52.10.31","windH":9.9,"tempH":3.5,"elemNote":null,"sites":null,"type":"C","elems":"11112110"}},{"type":"Feature","geometry":{"type":"Point","coordinates":[141.3866667,43.5816667]},"properties":{"id":"14026","name":"浜益","kana":"ハママス","en":"Hamamasu","alt":3,"kind":"四","place":"石狩市浜益区川下","start":1977,"startRaw":"昭52.10.12","windH":9.9,"tempH":3.3,"elemNote":null,"sites":null,"type":"C","elems":"11112010"}},{"type":"Feature","geometry":{"type":"Point","coordinates":[141.4366667,43.3966667]},"properties":{"id":"14071","name":"厚田","kana":"アツタ","en":"Atsuta","alt":5,"kind":"四","place":"石狩市厚田区別狩","start":1977,"startRaw":"昭52.10.12","windH":9.9,"tempH":3.5,"elemNote":null,"sites":null,"type":"C","elems":"11112110"}},{"type":"Feature","geometry":{"type":"Point","coordinates":[141.645,43.22]},"properties":{"id":"14101","name":"新篠津","kana":"シンシノツ","en":"Shinshinotsu","alt":9,"kind":"四","place":"石狩郡新篠津村第46線北","start":1978,"startRaw":"#昭53.10.23","windH":9.9,"tempH":3.5,"elemNote":null,"sites":null,"type":"C","elems":"11112110"}},{"type":"Feature","geometry":{"type":"Point","coordinates":[141.2216667,43.1483333]},"properties":{"id":"14116","name":"山口","kana":"ヤマグチ","en":"Yamaguchi","alt":5,"kind":"四","place":"札幌市手稲区手稲山口","start":1977,"startRaw":"#昭52.10.11","windH":9.9,"tempH":3,"elemNote":null,"sites":null,"type":"C","elems":"11112010"}},{"type":"Feature","geometry":{"type":"Point","coordinates":[141.37,43.1933333]},"properties":{"id":"14121","name":"石狩","kana":"イシカリ","en":"Ishikari","alt":5,"kind":"四","place":"石狩市生振","start":1990,"startRaw":"平2.3.8","windH":10.1,"tempH":3.3,"elemNote":null,"sites":null,"type":"C","elems":"11112110"}},{"type":"Feature","geometry":{"type":"Point","coordinates":[141.6016667,43.11]},"properties":{"id":"14136","name":"江別","kana":"エベツ","en":"Ebetsu","alt":8,"kind":"四","place":"江別市江別太","start":2000,"startRaw":"平12.10.31","windH":9.9,"tempH":3.5,"elemNote":null,"sites":null,"type":"C","elems":"11112010"}},{"type":"Feature","geometry":{"type":"Point","coordinates":[141.2016667,43.0833333]},"properties":{"id":"14157","name":"手稲山","kana":"テイネヤマ","en":"Mt. Teine","alt":568,"kind":"雨","place":"札幌市手稲区手稲金山","start":2010,"startRaw":"平22.3.24","windH":null,"tempH":null,"elemNote":null,"sites":null,"type":"C","elems":"01000000"}},{"type":"Feature","geometry":{"type":"Point","coordinates":[141.3283333,43.06]},"properties":{"id":"14163","name":"札幌","kana":"サッポロ","en":"Sapporo","alt":17,"kind":"官","place":"札幌市中央区北2条西　札幌管区気象台","start":2001,"startRaw":"平13.9.26","windH":null,"tempH":null,"elemNote":"気温、雨、日照 ／ 風","sites":2,"type":"A","elems":"11111111"}},{"type":"Feature","geometry":{"type":"Point","coordinates":[141.2166667,42.9633333]},"properties":{"id":"14191","name":"小金湯","kana":"コガネユ","en":"Koganeyu","alt":230,"kind":"雨","place":"札幌市南区小金湯","start":null,"startRaw":"#","windH":null,"tempH":null,"elemNote":null,"sites":null,"type":"C","elems":"01000100"}},{"type":"Feature","geometry":{"type":"Point","coordinates":[141.565,42.9266667]},"properties":{"id":"14206","name":"恵庭島松","kana":"エニワシママツ","en":"Eniwa-Shimamatsu","alt":30,"kind":"四","place":"恵庭市下島松","start":1977,"startRaw":"#昭52.10.13","windH":9.9,"tempH":2.7,"elemNote":null,"sites":null,"type":"C","elems":"11112110"}},{"type":"Feature","geometry":{"type":"Point","coordinates":[141.4066667,42.7716667]},"properties":{"id":"14286","name":"支笏湖畔","kana":"シコツコハン","en":"Lake-shore Shikotsu","alt":290,"kind":"四","place":"千歳市支笏湖温泉番外地","start":1977,"startRaw":"#昭52.10.14","windH":9.9,"tempH":3.1,"elemNote":null,"sites":null,"type":"C","elems":"11112010"}},{"type":"Feature","geometry":{"type":"Point","coordinates":[141.6916667,42.775]},"properties":{"id":"14296","name":"千歳","kana":"チトセ：新千歳空港","en":"Chitose","alt":22,"kind":"官","place":"千歳市美々　新千歳航空測候所","start":2003,"startRaw":"平15.1.1","windH":10,"tempH":null,"elemNote":"日照・湿度・気圧を除く","sites":null,"type":"C","elems":"11110100"}},{"type":"Feature","geometry":{"type":"Point","coordinates":[142.1616667,44.2816667]},"properties":{"id":"15041","name":"朱鞠内","kana":"シュマリナイ","en":"Shumarinai","alt":255,"kind":"四","place":"雨竜郡幌加内町朱鞠内","start":1978,"startRaw":"昭53.10.24","windH":9.9,"tempH":3.5,"elemNote":null,"sites":null,"type":"C","elems":"11112110"}},{"type":"Feature","geometry":{"type":"Point","coordinates":[142.16,44.01]},"properties":{"id":"15076","name":"幌加内","kana":"ホロカナイ","en":"Horokanai","alt":159,"kind":"四","place":"雨竜郡幌加内町幌加内","start":1977,"startRaw":"(昭50.5.28)昭52.10.28","windH":9.3,"tempH":3.5,"elemNote":null,"sites":null,"type":"C","elems":"11112110"}},{"type":"Feature","geometry":{"type":"Point","coordinates":[141.9266667,43.815]},"properties":{"id":"15116","name":"石狩沼田","kana":"イシカリヌマタ","en":"Ishikari-Numata","alt":63,"kind":"四","place":"雨竜郡沼田町緑町","start":1976,"startRaw":"#昭51.4.1","windH":9.9,"tempH":3.5,"elemNote":null,"sites":null,"type":"C","elems":"11112110"}},{"type":"Feature","geometry":{"type":"Point","coordinates":[141.9616667,43.78]},"properties":{"id":"15156","name":"秩父別","kana":"チップベツ","en":"Chippubetsu","alt":51,"kind":"四","place":"雨竜郡秩父別町５条","start":2022,"startRaw":"令4.10.31","windH":7.9,"tempH":3.2,"elemNote":null,"sites":null,"type":"G","elems":"11112110"}},{"type":"Feature","geometry":{"type":"Point","coordinates":[142.0733333,43.7183333]},"properties":{"id":"15161","name":"深川","kana":"フカガワ","en":"Fukagawa","alt":55,"kind":"四","place":"深川市一已町一已","start":1977,"startRaw":"#昭52.10.7","windH":9.9,"tempH":3.1,"elemNote":null,"sites":null,"type":"C","elems":"11112110"}},{"type":"Feature","geometry":{"type":"Point","coordinates":[141.8916667,43.66]},"properties":{"id":"15197","name":"雨竜","kana":"ウリュウ","en":"Uryu","alt":42,"kind":"雨","place":"雨竜郡雨竜町満寿","start":2005,"startRaw":"平17.11.1","windH":null,"tempH":null,"elemNote":null,"sites":null,"type":"C","elems":"01000000"}},{"type":"Feature","geometry":{"type":"Point","coordinates":[142.2033333,43.6116667]},"properties":{"id":"15216","name":"新城","kana":"シンジョウ","en":"Shinjo","alt":147,"kind":"雨","place":"芦別市新城","start":1984,"startRaw":"昭59.10.5","windH":null,"tempH":null,"elemNote":null,"sites":null,"type":"C","elems":"01000000"}},{"type":"Feature","geometry":{"type":"Point","coordinates":[141.7316667,43.595]},"properties":{"id":"15231","name":"空知吉野","kana":"ソラチヨシノ","en":"Sorachi-Yoshino","alt":100,"kind":"四","place":"樺戸郡新十津川町吉野","start":1978,"startRaw":"昭53.10.31","windH":9.9,"tempH":3.5,"elemNote":null,"sites":null,"type":"C","elems":"11112010"}},{"type":"Feature","geometry":{"type":"Point","coordinates":[141.9383333,43.57]},"properties":{"id":"15241","name":"滝川","kana":"タキカワ","en":"Takikawa","alt":50,"kind":"四","place":"滝川市南滝の川","start":1976,"startRaw":"#昭51.4.1","windH":9.9,"tempH":3.2,"elemNote":null,"sites":null,"type":"C","elems":"11112110"}},{"type":"Feature","geometry":{"type":"Point","coordinates":[142.0666667,43.5533333]},"properties":{"id":"15247","name":"赤平","kana":"アカビラ","en":"Akabira","alt":120,"kind":"雨","place":"赤平市東豊里町","start":2005,"startRaw":"平17.10.31","windH":null,"tempH":null,"elemNote":null,"sites":null,"type":"C","elems":"01000000"}},{"type":"Feature","geometry":{"type":"Point","coordinates":[142.19,43.52]},"properties":{"id":"15251","name":"芦別","kana":"アシベツ","en":"Ashibetsu","alt":91,"kind":"四","place":"芦別市北2条東","start":1978,"startRaw":"#昭53.10.25","windH":9.9,"tempH":2.8,"elemNote":null,"sites":null,"type":"C","elems":"11112110"}},{"type":"Feature","geometry":{"type":"Point","coordinates":[141.8083333,43.4283333]},"properties":{"id":"15276","name":"浦臼","kana":"ウラウス","en":"Urausu","alt":25,"kind":"雨","place":"樺戸郡浦臼町浦臼内","start":1983,"startRaw":"昭58.8.2","windH":null,"tempH":null,"elemNote":null,"sites":null,"type":"C","elems":"01000000"}},{"type":"Feature","geometry":{"type":"Point","coordinates":[141.6166667,43.33]},"properties":{"id":"15311","name":"月形","kana":"ツキガタ","en":"Tsukigata","alt":50,"kind":"四","place":"樺戸郡月形町知来乙","start":1977,"startRaw":"(昭50.5.16)昭52.10.6","windH":9.9,"tempH":3.2,"elemNote":null,"sites":null,"type":"C","elems":"11112010"}},{"type":"Feature","geometry":{"type":"Point","coordinates":[141.8266667,43.3633333]},"properties":{"id":"15321","name":"美唄","kana":"ビバイ","en":"Bibai","alt":16,"kind":"四","place":"美唄市北美唄町二区","start":1977,"startRaw":"#昭52.10.5","windH":9.9,"tempH":3.2,"elemNote":null,"sites":null,"type":"C","elems":"11112110"}},{"type":"Feature","geometry":{"type":"Point","coordinates":[141.785,43.2116667]},"properties":{"id":"15356","name":"岩見沢","kana":"イワミザワ","en":"Iwamizawa","alt":42,"kind":"官","place":"岩見沢市5条東　岩見沢特別地域気象観測所","start":1975,"startRaw":"#昭50.4.3","windH":22.1,"tempH":null,"elemNote":null,"sites":null,"type":"B","elems":"11111111"}},{"type":"Feature","geometry":{"type":"Point","coordinates":[141.745,43.1216667]},"properties":{"id":"15391","name":"栗沢","kana":"クリサワ","en":"Kurisawa","alt":20,"kind":"雨","place":"岩見沢市栗沢町東本町","start":1975,"startRaw":"昭50.6.7","windH":null,"tempH":null,"elemNote":null,"sites":null,"type":"C","elems":"01000000"}},{"type":"Feature","geometry":{"type":"Point","coordinates":[141.6933333,43.0116667]},"properties":{"id":"15431","name":"長沼","kana":"ナガヌマ","en":"Naganuma","alt":13,"kind":"四","place":"夕張郡長沼町本町北","start":1977,"startRaw":"#昭52.10.5","windH":10.1,"tempH":3.3,"elemNote":null,"sites":null,"type":"C","elems":"11112010"}},{"type":"Feature","geometry":{"type":"Point","coordinates":[141.9566667,43.0383333]},"properties":{"id":"15442","name":"夕張","kana":"ユウバリ","en":"Yubari","alt":293,"kind":"四","place":"夕張市鹿の谷山手町","start":1976,"startRaw":"#昭51.4.1","windH":10.1,"tempH":3.5,"elemNote":null,"sites":null,"type":"C","elems":"11112110"}},{"type":"Feature","geometry":{"type":"Point","coordinates":[142.1,43.08]},"properties":{"id":"15451","name":"鹿島","kana":"カシマ","en":"Kashima","alt":310,"kind":"雨","place":"夕張市鹿島富士見町","start":1983,"startRaw":"昭58.8.2","windH":null,"tempH":null,"elemNote":null,"sites":null,"type":"C","elems":"01000000"}},{"type":"Feature","geometry":{"type":"Point","coordinates":[142.02,42.96]},"properties":{"id":"15491","name":"沼の沢","kana":"ヌマノサワ","en":"Numanosawa","alt":161,"kind":"雨","place":"夕張市沼ノ沢","start":1983,"startRaw":"昭58.8.2","windH":null,"tempH":null,"elemNote":null,"sites":null,"type":"C","elems":"01000000"}},{"type":"Feature","geometry":{"type":"Point","coordinates":[140.5633333,43.2716667]},"properties":{"id":"16026","name":"美国","kana":"ビクニ","en":"Bikuni","alt":75,"kind":"四","place":"積丹郡積丹町美国町船澗","start":1977,"startRaw":"#昭52.10.25","windH":9.9,"tempH":3.3,"elemNote":null,"sites":null,"type":"C","elems":"11112010"}},{"type":"Feature","geometry":{"type":"Point","coordinates":[140.4233333,43.145]},"properties":{"id":"16061","name":"神恵内","kana":"カモエナイ","en":"Kamoenai","alt":50,"kind":"四","place":"古宇郡神恵内村神恵内村","start":1977,"startRaw":"昭52.10.24","windH":9.9,"tempH":3.2,"elemNote":null,"sites":null,"type":"C","elems":"11112010"}},{"type":"Feature","geometry":{"type":"Point","coordinates":[140.7583333,43.1816667]},"properties":{"id":"16076","name":"余市","kana":"ヨイチ","en":"Yoichi","alt":20,"kind":"四","place":"余市郡余市町豊丘町","start":1977,"startRaw":"#昭52.10.29","windH":9.9,"tempH":3.5,"elemNote":null,"sites":null,"type":"C","elems":"11112110"}},{"type":"Feature","geometry":{"type":"Point","coordinates":[141.015,43.1816667]},"properties":{"id":"16091","name":"小樽","kana":"オタル","en":"Otaru","alt":25,"kind":"官","place":"小樽市勝納町　小樽特別地域気象観測所","start":1975,"startRaw":"#昭50.12.23","windH":13.6,"tempH":null,"elemNote":null,"sites":null,"type":"B","elems":"11111111"}},{"type":"Feature","geometry":{"type":"Point","coordinates":[140.82,43.0833333]},"properties":{"id":"16126","name":"赤井川","kana":"アカイガワ","en":"Akaigawa","alt":148,"kind":"雨","place":"余市郡赤井川村赤井川","start":1976,"startRaw":"昭51.5.12","windH":null,"tempH":null,"elemNote":null,"sites":null,"type":"C","elems":"01000100"}},{"type":"Feature","geometry":{"type":"Point","coordinates":[140.6033333,42.98]},"properties":{"id":"16156","name":"共和","kana":"キョウワ","en":"Kyowa","alt":15,"kind":"四","place":"岩内郡共和町南幌似","start":1977,"startRaw":"#昭52.10.24","windH":9.9,"tempH":3.3,"elemNote":null,"sites":null,"type":"C","elems":"11112110"}},{"type":"Feature","geometry":{"type":"Point","coordinates":[140.5416667,42.81]},"properties":{"id":"16206","name":"蘭越","kana":"ランコシ","en":"Rankoshi","alt":39,"kind":"四","place":"磯谷郡蘭越町蘭越町","start":1977,"startRaw":"#昭52.10.20","windH":9.9,"tempH":3.5,"elemNote":null,"sites":null,"type":"C","elems":"11112110"}},{"type":"Feature","geometry":{"type":"Point","coordinates":[140.7566667,42.9]},"properties":{"id":"16217","name":"倶知安","kana":"クッチャン","en":"Kutchan","alt":176,"kind":"官","place":"虻田郡倶知安町南1条東　倶知安特別地域気象観測所","start":1991,"startRaw":"平3.8.28","windH":30.8,"tempH":null,"elemNote":null,"sites":null,"type":"B","elems":"11111111"}},{"type":"Feature","geometry":{"type":"Point","coordinates":[140.2233333,42.795]},"properties":{"id":"16252","name":"寿都","kana":"スッツ","en":"Suttsu","alt":33,"kind":"官","place":"寿都郡寿都町新栄町　寿都特別地域気象観測所","start":null,"startRaw":"平元.9.22","windH":17.6,"tempH":null,"elemNote":null,"sites":null,"type":"B","elems":"11111111"}},{"type":"Feature","geometry":{"type":"Point","coordinates":[140.6666667,42.7783333]},"properties":{"id":"16272","name":"ニセコ","kana":"ニセコ","en":"Niseko","alt":113,"kind":"雨","place":"虻田郡ニセコ町宮田","start":2010,"startRaw":"平22.3.11","windH":null,"tempH":null,"elemNote":null,"sites":null,"type":"C","elems":"01000000"}},{"type":"Feature","geometry":{"type":"Point","coordinates":[140.88,42.775]},"properties":{"id":"16281","name":"真狩","kana":"マッカリ","en":"Makkari","alt":440,"kind":"四","place":"虻田郡真狩村美原","start":1978,"startRaw":"(昭50.7.1)昭53.10.27","windH":9.9,"tempH":3.5,"elemNote":null,"sites":null,"type":"C","elems":"11112010"}},{"type":"Feature","geometry":{"type":"Point","coordinates":[140.9483333,42.7933333]},"properties":{"id":"16286","name":"喜茂別","kana":"キモベツ","en":"Kimobetsu","alt":264,"kind":"四","place":"虻田郡喜茂別町伏見","start":1977,"startRaw":"#昭52.10.21","windH":9.9,"tempH":3.4,"elemNote":null,"sites":null,"type":"C","elems":"11112110"}},{"type":"Feature","geometry":{"type":"Point","coordinates":[140.31,42.6633333]},"properties":{"id":"16321","name":"黒松内","kana":"クロマツナイ","en":"Kuromatsunai","alt":27,"kind":"四","place":"寿都郡黒松内町黒松内","start":1977,"startRaw":"#昭52.10.20","windH":9.9,"tempH":3.5,"elemNote":null,"sites":null,"type":"C","elems":"11112110"}},{"type":"Feature","geometry":{"type":"Point","coordinates":[142.9633333,44.58]},"properties":{"id":"17036","name":"雄武","kana":"オウム","en":"Omu","alt":14,"kind":"官","place":"紋別郡雄武町雄武　雄武特別地域気象観測所","start":1975,"startRaw":"#昭50.12.1","windH":16.6,"tempH":null,"elemNote":null,"sites":null,"type":"B","elems":"11111111"}},{"type":"Feature","geometry":{"type":"Point","coordinates":[143.1083333,44.47]},"properties":{"id":"17076","name":"興部","kana":"オコッペ","en":"Okoppe","alt":8,"kind":"四","place":"紋別郡興部町興部","start":1977,"startRaw":"#昭52.10.28","windH":9.9,"tempH":3,"elemNote":null,"sites":null,"type":"C","elems":"11112010"}},{"type":"Feature","geometry":{"type":"Point","coordinates":[142.935,44.3316667]},"properties":{"id":"17091","name":"西興部","kana":"ニシオコッペ","en":"Nishi-Okoppe","alt":120,"kind":"四","place":"紋別郡西興部村西興部","start":1977,"startRaw":"(昭50.7.1)昭52.10.28","windH":9.9,"tempH":3,"elemNote":null,"sites":null,"type":"C","elems":"11112110"}},{"type":"Feature","geometry":{"type":"Point","coordinates":[143.355,44.345]},"properties":{"id":"17112","name":"紋別","kana":"モンベツ","en":"Mombetsu","alt":16,"kind":"官","place":"紋別市南が丘町　紋別特別地域気象観測所","start":1983,"startRaw":"昭58.1.1","windH":13.6,"tempH":null,"elemNote":null,"sites":null,"type":"B","elems":"11111111"}},{"type":"Feature","geometry":{"type":"Point","coordinates":[143.4033333,44.3033333]},"properties":{"id":"17116","name":"紋別小向","kana":"モンベツコムカイ：紋別空港","en":"Mombetsu-Komukai","alt":18,"kind":"官","place":"紋別市小向　紋別航空気象観測所","start":2003,"startRaw":"平15.1.1","windH":10,"tempH":null,"elemNote":"日照・湿度・気圧を除く","sites":null,"type":"C","elems":"11110100"}},{"type":"Feature","geometry":{"type":"Point","coordinates":[143.6183333,44.2133333]},"properties":{"id":"17166","name":"湧別","kana":"ユウベツ","en":"Yubetsu","alt":5,"kind":"四","place":"紋別郡湧別町東","start":1977,"startRaw":"#昭52.10.26","windH":9.9,"tempH":3,"elemNote":null,"sites":null,"type":"C","elems":"11112010"}},{"type":"Feature","geometry":{"type":"Point","coordinates":[143.0616667,44.1766667]},"properties":{"id":"17196","name":"滝上","kana":"タキノウエ","en":"Takinoue","alt":165,"kind":"四","place":"紋別郡滝上町滝ノ上原野5線南","start":1977,"startRaw":"#昭52.10.27","windH":9.8,"tempH":3,"elemNote":null,"sites":null,"type":"C","elems":"11112110"}},{"type":"Feature","geometry":{"type":"Point","coordinates":[143.335,44.1866667]},"properties":{"id":"17211","name":"上藻別","kana":"カミモベツ","en":"Kamimobetsu","alt":94,"kind":"雨","place":"紋別市上藻別","start":null,"startRaw":"#","windH":null,"tempH":null,"elemNote":null,"sites":null,"type":"C","elems":"01000000"}},{"type":"Feature","geometry":{"type":"Point","coordinates":[144.0366667,44.115]},"properties":{"id":"17246","name":"常呂","kana":"トコロ","en":"Tokoro","alt":3,"kind":"四","place":"北見市常呂町岐阜","start":1977,"startRaw":"#昭52.10.21","windH":9.9,"tempH":3,"elemNote":null,"sites":null,"type":"C","elems":"11112010"}},{"type":"Feature","geometry":{"type":"Point","coordinates":[143.54,44.0533333]},"properties":{"id":"17306","name":"遠軽","kana":"エンガル","en":"Engaru","alt":80,"kind":"四","place":"紋別郡遠軽町東町","start":1977,"startRaw":"#昭52.10.24","windH":9.9,"tempH":3,"elemNote":null,"sites":null,"type":"C","elems":"11112110"}},{"type":"Feature","geometry":{"type":"Point","coordinates":[143.76,44.0183333]},"properties":{"id":"17316","name":"佐呂間","kana":"サロマ","en":"Saroma","alt":54,"kind":"四","place":"常呂郡佐呂間町西富","start":1977,"startRaw":"#昭52.10.21","windH":9.9,"tempH":3,"elemNote":null,"sites":null,"type":"C","elems":"11112110"}},{"type":"Feature","geometry":{"type":"Point","coordinates":[144.2783333,44.0166667]},"properties":{"id":"17341","name":"網走","kana":"アバシリ","en":"Abashiri","alt":38,"kind":"官","place":"網走市台町　網走地方気象台","start":1975,"startRaw":"#昭50.4.1","windH":20,"tempH":null,"elemNote":null,"sites":null,"type":"A","elems":"11111111"}},{"type":"Feature","geometry":{"type":"Point","coordinates":[144.9816667,44.0516667]},"properties":{"id":"17351","name":"宇登呂","kana":"ウトロ","en":"Utoro","alt":144,"kind":"四","place":"斜里郡斜里町ウトロ高原","start":1978,"startRaw":"(昭50.5.12)昭53.10.26","windH":9.9,"tempH":3,"elemNote":null,"sites":null,"type":"C","elems":"11112110"}},{"type":"Feature","geometry":{"type":"Point","coordinates":[143.3283333,43.9516667]},"properties":{"id":"17386","name":"丸瀬布","kana":"マルセップ","en":"Maruseppu","alt":242,"kind":"雨","place":"紋別郡遠軽町丸瀬布武利","start":1984,"startRaw":"昭59.10.5","windH":null,"tempH":null,"elemNote":null,"sites":null,"type":"C","elems":"01000000"}},{"type":"Feature","geometry":{"type":"Point","coordinates":[143.1533333,43.865]},"properties":{"id":"17482","name":"白滝","kana":"シラタキ","en":"Shirataki","alt":475,"kind":"四","place":"紋別郡遠軽町白滝北支湧別","start":1993,"startRaw":"平5.1.27","windH":9.8,"tempH":3,"elemNote":null,"sites":null,"type":"C","elems":"11112110"}},{"type":"Feature","geometry":{"type":"Point","coordinates":[143.5316667,43.9166667]},"properties":{"id":"17501","name":"生田原","kana":"イクタハラ","en":"Ikutahara","alt":199,"kind":"四","place":"紋別郡遠軽町生田原","start":1977,"startRaw":"#昭52.10.25","windH":9.9,"tempH":3,"elemNote":null,"sites":null,"type":"C","elems":"11112010"}},{"type":"Feature","geometry":{"type":"Point","coordinates":[143.7466667,43.86]},"properties":{"id":"17512","name":"仁頃山","kana":"ニコロヤマ","en":"Mt. Nikoro","alt":261,"kind":"雨","place":"北見市富里","start":2005,"startRaw":"平17.11.2","windH":null,"tempH":null,"elemNote":null,"sites":null,"type":"C","elems":"01000000"}},{"type":"Feature","geometry":{"type":"Point","coordinates":[143.8416667,43.7766667]},"properties":{"id":"17521","name":"北見","kana":"キタミ","en":"Kitami","alt":104,"kind":"四","place":"北見市広郷","start":1976,"startRaw":"#昭51.4.1","windH":10.1,"tempH":3,"elemNote":null,"sites":null,"type":"C","elems":"11112110"}},{"type":"Feature","geometry":{"type":"Point","coordinates":[144.1633333,43.88]},"properties":{"id":"17531","name":"女満別","kana":"メマンベツ：女満別空港","en":"Memanbetsu","alt":33,"kind":"官","place":"網走郡大空町女満別中央　女満別航空気象観測所","start":2003,"startRaw":"平15.1.1","windH":10,"tempH":null,"elemNote":"日照・湿度・気圧を除く","sites":null,"type":"C","elems":"11110100"}},{"type":"Feature","geometry":{"type":"Point","coordinates":[144.285,43.84]},"properties":{"id":"17541","name":"東藻琴","kana":"ヒガシモコト","en":"Higashi-Mokoto","alt":58,"kind":"雨","place":"網走郡大空町東藻琴","start":1978,"startRaw":"昭53.7.11","windH":null,"tempH":null,"elemNote":null,"sites":null,"type":"C","elems":"01000000"}},{"type":"Feature","geometry":{"type":"Point","coordinates":[144.485,43.8416667]},"properties":{"id":"17546","name":"小清水","kana":"コシミズ","en":"Koshimizu","alt":52,"kind":"四","place":"斜里郡小清水町泉","start":1977,"startRaw":"#昭52.10.19","windH":9.9,"tempH":3,"elemNote":null,"sites":null,"type":"C","elems":"11112010"}},{"type":"Feature","geometry":{"type":"Point","coordinates":[144.7,43.885]},"properties":{"id":"17561","name":"斜里","kana":"シャリ","en":"Shari","alt":15,"kind":"四","place":"斜里郡斜里町以久科南","start":1977,"startRaw":"#昭52.10.19","windH":9.9,"tempH":3,"elemNote":null,"sites":null,"type":"C","elems":"11112110"}},{"type":"Feature","geometry":{"type":"Point","coordinates":[143.45,43.7416667]},"properties":{"id":"17596","name":"留辺蘂","kana":"ルベシベ","en":"Rubeshibe","alt":325,"kind":"四","place":"北見市留辺蘂町大和","start":1978,"startRaw":"#昭53.10.31","windH":9.9,"tempH":3,"elemNote":null,"sites":null,"type":"C","elems":"11112110"}},{"type":"Feature","geometry":{"type":"Point","coordinates":[143.6433333,43.7066667]},"properties":{"id":"17607","name":"境野","kana":"サカイノ","en":"Sakaino","alt":184,"kind":"四","place":"常呂郡置戸町豊住","start":1977,"startRaw":"昭52.10.25","windH":9.9,"tempH":3,"elemNote":null,"sites":null,"type":"C","elems":"11112010"}},{"type":"Feature","geometry":{"type":"Point","coordinates":[144.1716667,43.77]},"properties":{"id":"17631","name":"美幌","kana":"ビホロ","en":"Bihoro","alt":60,"kind":"四","place":"網走郡美幌町福住","start":1977,"startRaw":"#昭52.10.20","windH":10,"tempH":3,"elemNote":null,"sites":null,"type":"C","elems":"11112010"}},{"type":"Feature","geometry":{"type":"Point","coordinates":[144.3366667,43.7433333]},"properties":{"id":"17642","name":"山園","kana":"ヤマゾノ","en":"Yamazono","alt":361,"kind":"雨","place":"網走郡大空町東藻琴山園","start":2010,"startRaw":"平22.3.18","windH":null,"tempH":null,"elemNote":null,"sites":null,"type":"C","elems":"01000000"}},{"type":"Feature","geometry":{"type":"Point","coordinates":[143.44,43.62]},"properties":{"id":"17686","name":"置戸常元","kana":"オケトツネモト","en":"Oketo-Tsunemoto","alt":368,"kind":"雨","place":"常呂郡置戸町常元","start":2005,"startRaw":"平17.11.8","windH":null,"tempH":null,"elemNote":null,"sites":null,"type":"C","elems":"01000000"}},{"type":"Feature","geometry":{"type":"Point","coordinates":[144.0333333,43.7016667]},"properties":{"id":"17717","name":"津別","kana":"ツベツ","en":"Tsubetsu","alt":100,"kind":"四","place":"網走郡津別町豊永","start":1988,"startRaw":"昭63.9.30","windH":9.9,"tempH":3,"elemNote":null,"sites":null,"type":"C","elems":"11112110"}},{"type":"Feature","geometry":{"type":"Point","coordinates":[143.865,43.5833333]},"properties":{"id":"17776","name":"津別二又","kana":"ツベツフタマタ","en":"Tsubetsu-Futamata","alt":210,"kind":"雨","place":"網走郡津別町二又","start":2005,"startRaw":"平17.11.4","windH":null,"tempH":null,"elemNote":null,"sites":null,"type":"C","elems":"01000000"}},{"type":"Feature","geometry":{"type":"Point","coordinates":[145.1866667,44.0233333]},"properties":{"id":"18038","name":"羅臼","kana":"ラウス","en":"Rausu","alt":15,"kind":"四","place":"目梨郡羅臼町栄町","start":2005,"startRaw":"平17.11.1","windH":9.9,"tempH":2.7,"elemNote":null,"sites":null,"type":"C","elems":"11112110"}},{"type":"Feature","geometry":{"type":"Point","coordinates":[144.9883333,43.7216667]},"properties":{"id":"18091","name":"糸櫛別","kana":"イトクシベツ","en":"Itokushibetsu","alt":115,"kind":"雨","place":"標津郡標津町川北糸櫛別","start":1978,"startRaw":"昭53.7.28","windH":null,"tempH":null,"elemNote":null,"sites":null,"type":"C","elems":"01000000"}},{"type":"Feature","geometry":{"type":"Point","coordinates":[145.1316667,43.6616667]},"properties":{"id":"18136","name":"標津","kana":"シベツ","en":"Shibetsu","alt":3,"kind":"四","place":"標津郡標津町北2条西","start":1977,"startRaw":"#昭52.10.18","windH":9.9,"tempH":2.5,"elemNote":null,"sites":null,"type":"C","elems":"11112010"}},{"type":"Feature","geometry":{"type":"Point","coordinates":[144.7466667,43.52]},"properties":{"id":"18161","name":"上標津","kana":"カミシベツ","en":"Kami-shibetsu","alt":160,"kind":"四","place":"標津郡中標津町上標津","start":2003,"startRaw":"平15.10.16","windH":9.9,"tempH":3,"elemNote":null,"sites":null,"type":"C","elems":"11112010"}},{"type":"Feature","geometry":{"type":"Point","coordinates":[144.9783333,43.5433333]},"properties":{"id":"18171","name":"中標津","kana":"ナカシベツ","en":"Naka-shibetsu","alt":50,"kind":"四","place":"標津郡中標津町桜ヶ丘","start":1977,"startRaw":"#昭52.10.18","windH":10.1,"tempH":2.5,"elemNote":null,"sites":null,"type":"C","elems":"11112110"}},{"type":"Feature","geometry":{"type":"Point","coordinates":[144.96,43.5766667]},"properties":{"id":"18174","name":"根室中標津","kana":"ネムロナカシベツ：中標津空港","en":"Nemuro-Nakashibetsu","alt":65,"kind":"官","place":"標津郡中標津町北中　中標津航空気象観測所","start":2003,"startRaw":"平15.1.1","windH":10,"tempH":null,"elemNote":"日照・湿度・気圧を除く","sites":null,"type":"C","elems":"11110100"}},{"type":"Feature","geometry":{"type":"Point","coordinates":[145.1183333,43.3816667]},"properties":{"id":"18256","name":"別海","kana":"ベツカイ","en":"Betsukai","alt":23,"kind":"四","place":"野付郡別海町川上町","start":1977,"startRaw":"#昭52.10.14","windH":9.9,"tempH":2.5,"elemNote":null,"sites":null,"type":"C","elems":"11112110"}},{"type":"Feature","geometry":{"type":"Point","coordinates":[145.585,43.33]},"properties":{"id":"18273","name":"根室","kana":"ネムロ","en":"Nemuro","alt":25,"kind":"官","place":"根室市弥栄町　根室特別地域気象観測所","start":1993,"startRaw":"平5.8.26","windH":29.2,"tempH":null,"elemNote":null,"sites":null,"type":"B","elems":"11111111"}},{"type":"Feature","geometry":{"type":"Point","coordinates":[145.7583333,43.3933333]},"properties":{"id":"18281","name":"納沙布","kana":"ノサップ","en":"Nosappu","alt":12,"kind":"四","place":"根室市温根元","start":1977,"startRaw":"(昭50.5.29)昭52.10.13","windH":9.9,"tempH":2.5,"elemNote":null,"sites":null,"type":"C","elems":"11112010"}},{"type":"Feature","geometry":{"type":"Point","coordinates":[145.2266667,43.22]},"properties":{"id":"18311","name":"厚床","kana":"アットコ","en":"Attoko","alt":41,"kind":"四","place":"根室市西厚床","start":1977,"startRaw":"昭52.10.14","windH":9.9,"tempH":2.5,"elemNote":null,"sites":null,"type":"C","elems":"11112110"}},{"type":"Feature","geometry":{"type":"Point","coordinates":[144.4566667,43.6166667]},"properties":{"id":"19021","name":"川湯","kana":"カワユ","en":"Kawayu","alt":158,"kind":"四","place":"川上郡弟子屈町川湯駅前","start":1977,"startRaw":"#昭52.10.6","windH":9.4,"tempH":2.5,"elemNote":null,"sites":null,"type":"C","elems":"11112110"}},{"type":"Feature","geometry":{"type":"Point","coordinates":[144.4666667,43.51]},"properties":{"id":"19051","name":"弟子屈","kana":"テシカガ","en":"Teshikaga","alt":170,"kind":"四","place":"川上郡弟子屈町弟子屈原野","start":1977,"startRaw":"昭52.10.6","windH":9.9,"tempH":2.5,"elemNote":null,"sites":null,"type":"C","elems":"11112010"}},{"type":"Feature","geometry":{"type":"Point","coordinates":[144.0833333,43.4366667]},"properties":{"id":"19076","name":"阿寒湖畔","kana":"アカンコハン","en":"Lake-Shore Akan","alt":426,"kind":"四","place":"釧路市阿寒町阿寒湖温泉","start":1977,"startRaw":"#昭52.10.7","windH":9.8,"tempH":3,"elemNote":null,"sites":null,"type":"C","elems":"11112110"}},{"type":"Feature","geometry":{"type":"Point","coordinates":[144.5866667,43.2916667]},"properties":{"id":"19151","name":"標茶","kana":"シベチャ","en":"Shibecha","alt":20,"kind":"四","place":"川上郡標茶町開運","start":1977,"startRaw":"#昭52.10.11","windH":9.9,"tempH":2.5,"elemNote":null,"sites":null,"type":"C","elems":"11112110"}},{"type":"Feature","geometry":{"type":"Point","coordinates":[144.325,43.2316667]},"properties":{"id":"19191","name":"鶴居","kana":"ツルイ","en":"Tsurui","alt":38,"kind":"四","place":"阿寒郡鶴居村鶴居東","start":1977,"startRaw":"昭52.10.5","windH":9.9,"tempH":2.5,"elemNote":null,"sites":null,"type":"C","elems":"11112110"}},{"type":"Feature","geometry":{"type":"Point","coordinates":[144.1416667,43.1983333]},"properties":{"id":"19261","name":"中徹別","kana":"ナカテシベツ","en":"Nakateshibetsu","alt":80,"kind":"四","place":"釧路市阿寒町徹別中央34線","start":1977,"startRaw":"#昭52.10.7","windH":9.9,"tempH":2.5,"elemNote":null,"sites":null,"type":"C","elems":"11112110"}},{"type":"Feature","geometry":{"type":"Point","coordinates":[144.4966667,43.1483333]},"properties":{"id":"19281","name":"塘路","kana":"トウロ","en":"Toro","alt":25,"kind":"雨","place":"川上郡標茶町塘路","start":1983,"startRaw":"昭58.8.2","windH":null,"tempH":null,"elemNote":null,"sites":null,"type":"C","elems":"01000000"}},{"type":"Feature","geometry":{"type":"Point","coordinates":[144.9666667,43.1733333]},"properties":{"id":"19301","name":"茶内原野","kana":"チャナイゲンヤ","en":"Chyanaigenya","alt":70,"kind":"雨","place":"厚岸郡浜中町茶内西13線","start":1984,"startRaw":"昭59.10.1","windH":null,"tempH":null,"elemNote":null,"sites":null,"type":"C","elems":"01000000"}},{"type":"Feature","geometry":{"type":"Point","coordinates":[145.11,43.12]},"properties":{"id":"19311","name":"榊町","kana":"サカキマチ","en":"Sakakimachi","alt":2,"kind":"四","place":"厚岸郡浜中町榊町","start":1977,"startRaw":"昭52.10.12","windH":9.6,"tempH":2.5,"elemNote":null,"sites":null,"type":"C","elems":"11112010"}},{"type":"Feature","geometry":{"type":"Point","coordinates":[144.1233333,43.1133333]},"properties":{"id":"19346","name":"阿寒","kana":"アカン","en":"Akan","alt":40,"kind":"雨","place":"釧路市阿寒町中央","start":null,"startRaw":"#","windH":null,"tempH":null,"elemNote":null,"sites":null,"type":"C","elems":"01000000"}},{"type":"Feature","geometry":{"type":"Point","coordinates":[144.1916667,43.04]},"properties":{"id":"19347","name":"鶴丘","kana":"ツルオカ：釧路空港","en":"Tsuruoka","alt":95,"kind":"官","place":"釧路市鶴丘　釧路航空気象観測所","start":2003,"startRaw":"平15.1.1","windH":10,"tempH":null,"elemNote":"日照・湿度・気圧を除く","sites":null,"type":"C","elems":"11110100"}},{"type":"Feature","geometry":{"type":"Point","coordinates":[144.7783333,43.09]},"properties":{"id":"19376","name":"太田","kana":"オオタ","en":"Ota","alt":85,"kind":"四","place":"厚岸郡厚岸町太田","start":1977,"startRaw":"昭52.10.11","windH":9.9,"tempH":2.5,"elemNote":null,"sites":null,"type":"C","elems":"11112110"}},{"type":"Feature","geometry":{"type":"Point","coordinates":[143.875,42.9716667]},"properties":{"id":"19406","name":"二俣","kana":"フタマタ","en":"Futamata","alt":45,"kind":"雨","place":"釧路市音別町音別原野基線","start":1976,"startRaw":"昭51.6.29","windH":null,"tempH":null,"elemNote":null,"sites":null,"type":"C","elems":"01000000"}},{"type":"Feature","geometry":{"type":"Point","coordinates":[144.0616667,42.97]},"properties":{"id":"19416","name":"白糠","kana":"シラヌカ","en":"Shiranuka","alt":9,"kind":"四","place":"白糠郡白糠町西2条北","start":1977,"startRaw":"#昭52.10.5","windH":9.9,"tempH":2.5,"elemNote":null,"sites":null,"type":"C","elems":"11112110"}},{"type":"Feature","geometry":{"type":"Point","coordinates":[144.3766667,42.985]},"properties":{"id":"19432","name":"釧路","kana":"クシロ","en":"Kushiro","alt":5,"kind":"官","place":"釧路市幸町　釧路地方気象台","start":2000,"startRaw":"平12.10.5","windH":66.1,"tempH":null,"elemNote":null,"sites":null,"type":"A","elems":"11111111"}},{"type":"Feature","geometry":{"type":"Point","coordinates":[144.735,42.9383333]},"properties":{"id":"19451","name":"知方学","kana":"チッポマナイ","en":"Chippomanai","alt":149,"kind":"四","place":"釧路郡釧路町仙鳳趾村知方学","start":1978,"startRaw":"昭53.10.27","windH":10.1,"tempH":2.5,"elemNote":null,"sites":null,"type":"C","elems":"11112010"}},{"type":"Feature","geometry":{"type":"Point","coordinates":[143.1483333,43.51]},"properties":{"id":"20047","name":"三股","kana":"ミツマタ","en":"Mitsumata","alt":660,"kind":"雨","place":"河東郡上士幌町三股","start":2005,"startRaw":"平17.11.9","windH":null,"tempH":null,"elemNote":null,"sites":null,"type":"C","elems":"01000000"}},{"type":"Feature","geometry":{"type":"Point","coordinates":[143.68,43.5883333]},"properties":{"id":"20071","name":"小利別","kana":"ショウトシベツ","en":"Shotoshibetsu","alt":313,"kind":"雨","place":"足寄郡陸別町小利別本通東1条","start":1983,"startRaw":"昭58.8.2","windH":null,"tempH":null,"elemNote":null,"sites":null,"type":"C","elems":"01000000"}},{"type":"Feature","geometry":{"type":"Point","coordinates":[143.7533333,43.4716667]},"properties":{"id":"20146","name":"陸別","kana":"リクベツ","en":"Rikubetsu","alt":210,"kind":"四","place":"足寄郡陸別町陸別原野基線","start":1977,"startRaw":"#昭52.10.21","windH":10,"tempH":3,"elemNote":null,"sites":null,"type":"C","elems":"11112110"}},{"type":"Feature","geometry":{"type":"Point","coordinates":[143.1916667,43.3666667]},"properties":{"id":"20186","name":"ぬかびら源泉郷","kana":"ヌカビラゲンセンキョウ","en":"Nukabiragensenkyo","alt":540,"kind":"四","place":"河東郡上士幌町ぬかびら源泉郷北区","start":1976,"startRaw":"#昭51.4.1","windH":9.9,"tempH":3,"elemNote":null,"sites":null,"type":"C","elems":"11112110"}},{"type":"Feature","geometry":{"type":"Point","coordinates":[143.4583333,43.3616667]},"properties":{"id":"20202","name":"柏倉","kana":"カシワクラ","en":"Kashiwakura","alt":378,"kind":"雨","place":"足寄郡足寄町茂喜登牛","start":1983,"startRaw":"昭58.10.5","windH":null,"tempH":null,"elemNote":null,"sites":null,"type":"C","elems":"01000000"}},{"type":"Feature","geometry":{"type":"Point","coordinates":[143.8016667,43.3183333]},"properties":{"id":"20222","name":"上螺湾","kana":"カミラワン","en":"Kami-rawan","alt":232,"kind":"雨","place":"足寄郡足寄町上螺湾","start":1983,"startRaw":"昭58.10.5","windH":null,"tempH":null,"elemNote":null,"sites":null,"type":"C","elems":"01000000"}},{"type":"Feature","geometry":{"type":"Point","coordinates":[143.295,43.2416667]},"properties":{"id":"20266","name":"上士幌","kana":"カミシホロ","en":"Kamishihoro","alt":287,"kind":"四","place":"河東郡上士幌町東3線","start":1977,"startRaw":"#昭52.10.20","windH":10.1,"tempH":3,"elemNote":null,"sites":null,"type":"C","elems":"11112110"}},{"type":"Feature","geometry":{"type":"Point","coordinates":[143.5533333,43.2433333]},"properties":{"id":"20276","name":"足寄","kana":"アショロ","en":"Ashoro","alt":90,"kind":"四","place":"足寄郡足寄町南1条","start":1977,"startRaw":"#昭52.10.21","windH":9.9,"tempH":3,"elemNote":null,"sites":null,"type":"C","elems":"11112010"}},{"type":"Feature","geometry":{"type":"Point","coordinates":[143.4433333,43.115]},"properties":{"id":"20331","name":"押帯","kana":"オショップ","en":"Oshoppu","alt":104,"kind":"雨","place":"中川郡本別町押帯","start":1983,"startRaw":"昭58.8.2","windH":null,"tempH":null,"elemNote":null,"sites":null,"type":"C","elems":"01000000"}},{"type":"Feature","geometry":{"type":"Point","coordinates":[143.6,43.1316667]},"properties":{"id":"20341","name":"本別","kana":"ホンベツ","en":"Honbetsu","alt":67,"kind":"四","place":"中川郡本別町新町","start":1976,"startRaw":"#昭51.3.10","windH":10,"tempH":3,"elemNote":null,"sites":null,"type":"C","elems":"11112110"}},{"type":"Feature","geometry":{"type":"Point","coordinates":[142.84,43.0766667]},"properties":{"id":"20356","name":"新得","kana":"シントク","en":"Shintoku","alt":178,"kind":"四","place":"上川郡新得町4条南","start":1977,"startRaw":"#昭52.10.24","windH":9.9,"tempH":3,"elemNote":null,"sites":null,"type":"C","elems":"11112110"}},{"type":"Feature","geometry":{"type":"Point","coordinates":[142.995,43.1033333]},"properties":{"id":"20361","name":"鹿追","kana":"シカオイ","en":"Shikaoi","alt":206,"kind":"四","place":"河東郡鹿追町緑町","start":1978,"startRaw":"#昭53.10.30","windH":9.9,"tempH":3,"elemNote":null,"sites":null,"type":"C","elems":"11112010"}},{"type":"Feature","geometry":{"type":"Point","coordinates":[143.1833333,43.05]},"properties":{"id":"20371","name":"駒場","kana":"コマバ","en":"Komaba","alt":112,"kind":"四","place":"河東郡音更町駒場北町","start":1977,"startRaw":"昭52.10.20","windH":9.9,"tempH":3,"elemNote":null,"sites":null,"type":"C","elems":"11112010"}},{"type":"Feature","geometry":{"type":"Point","coordinates":[143.0433333,42.9]},"properties":{"id":"20421","name":"芽室","kana":"メムロ","en":"Memuro","alt":90,"kind":"四","place":"河西郡芽室町西3条南","start":1977,"startRaw":"#昭52.10.24","windH":9.9,"tempH":3,"elemNote":null,"sites":null,"type":"C","elems":"11112110"}},{"type":"Feature","geometry":{"type":"Point","coordinates":[143.2116667,42.9216667]},"properties":{"id":"20432","name":"帯広","kana":"オビヒロ","en":"Obihiro","alt":38,"kind":"官","place":"帯広市東4条南　帯広測候所","start":1998,"startRaw":"平10.1.28","windH":null,"tempH":null,"elemNote":"気温、雨 ／ 風、日照","sites":2,"type":"B","elems":"11111111"}},{"type":"Feature","geometry":{"type":"Point","coordinates":[143.4583333,42.92]},"properties":{"id":"20441","name":"池田","kana":"イケダ","en":"Ikeda","alt":42,"kind":"四","place":"中川郡池田町清見","start":1977,"startRaw":"#昭52.10.26","windH":9.9,"tempH":3,"elemNote":null,"sites":null,"type":"C","elems":"11112010"}},{"type":"Feature","geometry":{"type":"Point","coordinates":[143.6616667,42.9166667]},"properties":{"id":"20451","name":"留真","kana":"ルシン","en":"Rushin","alt":40,"kind":"雨","place":"十勝郡浦幌町留真","start":1984,"startRaw":"昭59.10.1","windH":null,"tempH":null,"elemNote":null,"sites":null,"type":"C","elems":"01000000"}},{"type":"Feature","geometry":{"type":"Point","coordinates":[143.6566667,42.8083333]},"properties":{"id":"20506","name":"浦幌","kana":"ウラホロ","en":"Urahoro","alt":20,"kind":"四","place":"十勝郡浦幌町桜町","start":1977,"startRaw":"#昭52.10.27","windH":9.9,"tempH":2.5,"elemNote":null,"sites":null,"type":"C","elems":"11112110"}},{"type":"Feature","geometry":{"type":"Point","coordinates":[143.2166667,42.7333333]},"properties":{"id":"20551","name":"帯広泉","kana":"オビヒロイズミ：帯広空港","en":"Obihiroizumi","alt":149,"kind":"官","place":"帯広市泉町西9線中　帯広航空気象観測所","start":2003,"startRaw":"平15.1.1","windH":10,"tempH":null,"elemNote":"日照・湿度・気圧を除く","sites":null,"type":"C","elems":"11110100"}},{"type":"Feature","geometry":{"type":"Point","coordinates":[143.3283333,42.7866667]},"properties":{"id":"20556","name":"糠内","kana":"ヌカナイ","en":"Nukanai","alt":70,"kind":"四","place":"中川郡幕別町五位","start":1978,"startRaw":"昭53.10.30","windH":9.9,"tempH":3,"elemNote":null,"sites":null,"type":"C","elems":"11112010"}},{"type":"Feature","geometry":{"type":"Point","coordinates":[143.0966667,42.6416667]},"properties":{"id":"20601","name":"上札内","kana":"カミサツナイ","en":"Kami-satsunai","alt":251,"kind":"四","place":"河西郡中札内村元札内西1線","start":1977,"startRaw":"昭52.10.25","windH":9.9,"tempH":3,"elemNote":null,"sites":null,"type":"C","elems":"11112110"}},{"type":"Feature","geometry":{"type":"Point","coordinates":[143.195,42.6516667]},"properties":{"id":"20606","name":"更別","kana":"サラベツ","en":"Sarabetsu","alt":185,"kind":"四","place":"河西郡更別村更別南2線","start":1977,"startRaw":"昭52.10.25","windH":9.9,"tempH":3,"elemNote":null,"sites":null,"type":"C","elems":"11112010"}},{"type":"Feature","geometry":{"type":"Point","coordinates":[143.6466667,42.6866667]},"properties":{"id":"20631","name":"大津","kana":"オオツ","en":"Otsu","alt":4,"kind":"四","place":"中川郡豊頃町大津寿町","start":1977,"startRaw":"昭52.10.27","windH":9.9,"tempH":3,"elemNote":null,"sites":null,"type":"C","elems":"11112010"}},{"type":"Feature","geometry":{"type":"Point","coordinates":[143.2733333,42.5]},"properties":{"id":"20696","name":"大樹","kana":"タイキ","en":"Taiki","alt":87,"kind":"四","place":"広尾郡大樹町柏木町","start":1977,"startRaw":"#昭52.10.26","windH":9.9,"tempH":3,"elemNote":null,"sites":null,"type":"C","elems":"11112110"}},{"type":"Feature","geometry":{"type":"Point","coordinates":[143.3166667,42.2933333]},"properties":{"id":"20751","name":"広尾","kana":"ヒロオ","en":"Hiroo","alt":32,"kind":"官","place":"広尾郡広尾町並木通東　広尾特別地域気象観測所","start":1975,"startRaw":"#昭50.12.19","windH":20.1,"tempH":null,"elemNote":null,"sites":null,"type":"B","elems":"11111111"}},{"type":"Feature","geometry":{"type":"Point","coordinates":[141.8283333,42.815]},"properties":{"id":"21031","name":"安平","kana":"アビラ","en":"Abira","alt":33,"kind":"雨","place":"勇払郡安平町安平","start":null,"startRaw":"#","windH":null,"tempH":null,"elemNote":null,"sites":null,"type":"C","elems":"01000100"}},{"type":"Feature","geometry":{"type":"Point","coordinates":[141.8883333,42.73]},"properties":{"id":"21111","name":"厚真","kana":"アツマ","en":"Atsuma","alt":20,"kind":"四","place":"勇払郡厚真町朝日","start":1977,"startRaw":"#昭52.10.5","windH":9.9,"tempH":2.5,"elemNote":null,"sites":null,"type":"C","elems":"11112010"}},{"type":"Feature","geometry":{"type":"Point","coordinates":[142.1433333,42.7616667]},"properties":{"id":"21126","name":"穂別","kana":"ホベツ","en":"Hobetsu","alt":56,"kind":"四","place":"勇払郡むかわ町穂別","start":1977,"startRaw":"#昭52.10.5","windH":9.9,"tempH":2.5,"elemNote":null,"sites":null,"type":"C","elems":"11112110"}},{"type":"Feature","geometry":{"type":"Point","coordinates":[141.0783333,42.67]},"properties":{"id":"21161","name":"大滝","kana":"オオタキ","en":"Otaki","alt":390,"kind":"四","place":"伊達市大滝区本町","start":1977,"startRaw":"(昭50.6.3)昭52.10.7","windH":9.9,"tempH":2.5,"elemNote":null,"sites":null,"type":"C","elems":"11112110"}},{"type":"Feature","geometry":{"type":"Point","coordinates":[141.2466667,42.63]},"properties":{"id":"21171","name":"森野","kana":"モリノ","en":"Morino","alt":170,"kind":"四","place":"白老郡白老町森野","start":1977,"startRaw":"#昭52.10.27","windH":9.9,"tempH":2.5,"elemNote":null,"sites":null,"type":"C","elems":"11112010"}},{"type":"Feature","geometry":{"type":"Point","coordinates":[141.5466667,42.6233333]},"properties":{"id":"21187","name":"苫小牧","kana":"トマコマイ","en":"Tomakomai","alt":6,"kind":"官","place":"苫小牧市しらかば町　苫小牧特別地域気象観測所","start":1988,"startRaw":"昭63.6.25","windH":20.2,"tempH":null,"elemNote":null,"sites":null,"type":"B","elems":"11111111"}},{"type":"Feature","geometry":{"type":"Point","coordinates":[140.6433333,42.59]},"properties":{"id":"21226","name":"大岸","kana":"オオキシ","en":"Okishi","alt":4,"kind":"四","place":"虻田郡豊浦町大岸","start":1977,"startRaw":"#昭52.10.11","windH":10.1,"tempH":2.5,"elemNote":null,"sites":null,"type":"C","elems":"11112110"}},{"type":"Feature","geometry":{"type":"Point","coordinates":[140.8066667,42.565]},"properties":{"id":"21237","name":"洞爺湖温泉","kana":"トウヤコオンセン","en":"Toyako Onsen","alt":85,"kind":"雨","place":"虻田郡洞爺湖町洞爺湖温泉","start":1978,"startRaw":"昭53.12.8","windH":null,"tempH":null,"elemNote":null,"sites":null,"type":"C","elems":"01000000"}},{"type":"Feature","geometry":{"type":"Point","coordinates":[141.1066667,42.5166667]},"properties":{"id":"21251","name":"カルルス","kana":"カルルス","en":"Karurusu","alt":300,"kind":"雨","place":"登別市カルルス町","start":1985,"startRaw":"昭60.7.31","windH":null,"tempH":null,"elemNote":null,"sites":null,"type":"C","elems":"01000000"}},{"type":"Feature","geometry":{"type":"Point","coordinates":[141.3516667,42.5433333]},"properties":{"id":"21261","name":"白老","kana":"シラオイ","en":"Shiraoi","alt":6,"kind":"四","place":"白老郡白老町高砂町","start":1977,"startRaw":"#昭52.10.6","windH":9.9,"tempH":2.5,"elemNote":null,"sites":null,"type":"C","elems":"11112110"}},{"type":"Feature","geometry":{"type":"Point","coordinates":[141.9333333,42.59]},"properties":{"id":"21276","name":"鵡川","kana":"ムカワ","en":"Mukawa","alt":10,"kind":"四","place":"勇払郡むかわ町豊城","start":1978,"startRaw":"#昭53.10.26","windH":9.9,"tempH":2.5,"elemNote":null,"sites":null,"type":"C","elems":"11112010"}},{"type":"Feature","geometry":{"type":"Point","coordinates":[140.8483333,42.475]},"properties":{"id":"21297","name":"伊達","kana":"ダテ","en":"Date","alt":3,"kind":"四","place":"伊達市館山下町","start":2007,"startRaw":"平19.12.19","windH":9.9,"tempH":2.5,"elemNote":null,"sites":null,"type":"C","elems":"11112010"}},{"type":"Feature","geometry":{"type":"Point","coordinates":[141.1183333,42.4583333]},"properties":{"id":"21312","name":"登別","kana":"ノボリベツ","en":"Noboribetsu","alt":197,"kind":"四","place":"登別市札内町","start":1977,"startRaw":"#昭52.10.7","windH":9.9,"tempH":2.5,"elemNote":null,"sites":null,"type":"C","elems":"11112110"}},{"type":"Feature","geometry":{"type":"Point","coordinates":[140.975,42.3116667]},"properties":{"id":"21323","name":"室蘭","kana":"ムロラン","en":"Muroran","alt":40,"kind":"官","place":"室蘭市山手町　室蘭地方気象台","start":1985,"startRaw":"昭60.7.1","windH":18.4,"tempH":null,"elemNote":null,"sites":null,"type":"A","elems":"11111111"}},{"type":"Feature","geometry":{"type":"Point","coordinates":[142.4416667,42.8766667]},"properties":{"id":"22036","name":"日高","kana":"ヒダカ","en":"Hidaka","alt":280,"kind":"四","place":"沙流郡日高町本町東","start":1977,"startRaw":"昭52.10.19","windH":9.9,"tempH":2.5,"elemNote":null,"sites":null,"type":"C","elems":"11112110"}},{"type":"Feature","geometry":{"type":"Point","coordinates":[142.3583333,42.7716667]},"properties":{"id":"22072","name":"仁世宇","kana":"ニセウ","en":"Niseu","alt":150,"kind":"雨","place":"沙流郡平取町仁世宇","start":1985,"startRaw":"昭60.9.25","windH":null,"tempH":null,"elemNote":null,"sites":null,"type":"C","elems":"01000000"}},{"type":"Feature","geometry":{"type":"Point","coordinates":[142.3933333,42.6283333]},"properties":{"id":"22106","name":"旭","kana":"アサヒ","en":"Asahi","alt":245,"kind":"雨","place":"沙流郡平取町旭地区","start":1985,"startRaw":"昭60.9.26","windH":null,"tempH":null,"elemNote":null,"sites":null,"type":"C","elems":"01000100"}},{"type":"Feature","geometry":{"type":"Point","coordinates":[142.0533333,42.4966667]},"properties":{"id":"22141","name":"日高門別","kana":"ヒダカモンベツ","en":"Hidaka-Monbetsu","alt":47,"kind":"四","place":"沙流郡日高町富浜","start":1976,"startRaw":"#昭51.3.11","windH":9.9,"tempH":2,"elemNote":null,"sites":null,"type":"C","elems":"11112010"}},{"type":"Feature","geometry":{"type":"Point","coordinates":[142.3333333,42.5433333]},"properties":{"id":"22156","name":"新和","kana":"シンワ","en":"Shinwa","alt":60,"kind":"四","place":"新冠郡新冠町新和","start":1977,"startRaw":"#昭52.10.18","windH":9.9,"tempH":2,"elemNote":null,"sites":null,"type":"C","elems":"11112010"}},{"type":"Feature","geometry":{"type":"Point","coordinates":[142.4816667,42.4333333]},"properties":{"id":"22206","name":"笹山","kana":"ササヤマ","en":"Sasayama","alt":110,"kind":"雨","place":"日高郡新ひだか町静内御園","start":1987,"startRaw":"昭62.10.6","windH":null,"tempH":null,"elemNote":null,"sites":null,"type":"C","elems":"01000000"}},{"type":"Feature","geometry":{"type":"Point","coordinates":[142.3616667,42.3433333]},"properties":{"id":"22241","name":"静内","kana":"シズナイ","en":"Shizunai","alt":10,"kind":"四","place":"日高郡新ひだか町静内山手町","start":1977,"startRaw":"#昭52.10.17","windH":9.9,"tempH":2.5,"elemNote":null,"sites":null,"type":"C","elems":"11112110"}},{"type":"Feature","geometry":{"type":"Point","coordinates":[142.6616667,42.245]},"properties":{"id":"22291","name":"三石","kana":"ミツイシ","en":"Mitsuishi","alt":10,"kind":"四","place":"日高郡新ひだか町三石美野和","start":1977,"startRaw":"昭52.10.17","windH":9.9,"tempH":2.5,"elemNote":null,"sites":null,"type":"C","elems":"11112010"}},{"type":"Feature","geometry":{"type":"Point","coordinates":[142.9483333,42.2233333]},"properties":{"id":"22306","name":"中杵臼","kana":"ナカキネウス","en":"Nakakineusu","alt":98,"kind":"四","place":"浦河郡浦河町上杵臼","start":1978,"startRaw":"昭53.10.31","windH":9.9,"tempH":2.5,"elemNote":null,"sites":null,"type":"C","elems":"11112110"}},{"type":"Feature","geometry":{"type":"Point","coordinates":[142.7766667,42.1616667]},"properties":{"id":"22327","name":"浦河","kana":"ウラカワ","en":"Urakawa","alt":37,"kind":"官","place":"浦河郡浦河町潮見町　浦河特別地域気象観測所","start":1983,"startRaw":"昭58.3.1","windH":18.1,"tempH":null,"elemNote":null,"sites":null,"type":"B","elems":"11111111"}},{"type":"Feature","geometry":{"type":"Point","coordinates":[143.3116667,42.1283333]},"properties":{"id":"22356","name":"目黒","kana":"メグロ","en":"Meguro","alt":7,"kind":"雨","place":"幌泉郡えりも町目黒","start":1978,"startRaw":"昭53.8.30","windH":null,"tempH":null,"elemNote":null,"sites":null,"type":"C","elems":"01000100"}},{"type":"Feature","geometry":{"type":"Point","coordinates":[143.035,42.0766667]},"properties":{"id":"22366","name":"幌満","kana":"ホロマン","en":"Horoman","alt":0,"kind":"雨","place":"様似郡様似町幌満","start":1978,"startRaw":"昭53.7.14","windH":null,"tempH":null,"elemNote":null,"sites":null,"type":"C","elems":"01000000"}},{"type":"Feature","geometry":{"type":"Point","coordinates":[143.2433333,41.925]},"properties":{"id":"22391","name":"えりも岬","kana":"エリモミサキ","en":"Cape Erimo","alt":63,"kind":"四","place":"幌泉郡えりも町東洋","start":1978,"startRaw":"昭53.12.27","windH":8.1,"tempH":2,"elemNote":null,"sites":null,"type":"C","elems":"11112010"}},{"type":"Feature","geometry":{"type":"Point","coordinates":[140.3733333,42.5166667]},"properties":{"id":"23031","name":"長万部","kana":"オシャマンベ","en":"Oshamanbe","alt":6,"kind":"四","place":"山越郡長万部町字長万部","start":1977,"startRaw":"#昭52.10.12","windH":9.9,"tempH":2.3,"elemNote":null,"sites":null,"type":"C","elems":"11112110"}},{"type":"Feature","geometry":{"type":"Point","coordinates":[140.2716667,42.2516667]},"properties":{"id":"23086","name":"八雲","kana":"ヤクモ","en":"Yakumo","alt":8,"kind":"四","place":"二海郡八雲町本町","start":1977,"startRaw":"#昭52.10.12","windH":9.9,"tempH":2.4,"elemNote":null,"sites":null,"type":"C","elems":"11112110"}},{"type":"Feature","geometry":{"type":"Point","coordinates":[140.5883333,42.0666667]},"properties":{"id":"23166","name":"森","kana":"モリ","en":"Mori","alt":125,"kind":"四","place":"茅部郡森町姫川","start":2002,"startRaw":"平14.3.1","windH":7.9,"tempH":2.5,"elemNote":null,"sites":null,"type":"C","elems":"11112110"}},{"type":"Feature","geometry":{"type":"Point","coordinates":[140.715,41.9766667]},"properties":{"id":"23191","name":"大沼","kana":"オオヌマ","en":"Lake Onuma","alt":165,"kind":"雨","place":"亀田郡七飯町上軍川","start":null,"startRaw":"#","windH":null,"tempH":null,"elemNote":null,"sites":null,"type":"C","elems":"01000100"}},{"type":"Feature","geometry":{"type":"Point","coordinates":[140.97,41.9066667]},"properties":{"id":"23206","name":"川汲","kana":"カックミ","en":"Kakkumi","alt":31,"kind":"四","place":"函館市川汲町","start":1977,"startRaw":"#昭52.10.13","windH":10,"tempH":2.2,"elemNote":null,"sites":null,"type":"C","elems":"11112010"}},{"type":"Feature","geometry":{"type":"Point","coordinates":[140.6533333,41.8866667]},"properties":{"id":"23226","name":"北斗","kana":"ホクト","en":"Hokuto","alt":25,"kind":"四","place":"北斗市本町","start":1977,"startRaw":"#昭52.10.13","windH":9.9,"tempH":2.2,"elemNote":null,"sites":null,"type":"C","elems":"11112010"}},{"type":"Feature","geometry":{"type":"Point","coordinates":[140.7533333,41.8166667]},"properties":{"id":"23232","name":"函館","kana":"ハコダテ","en":"Hakodate","alt":35,"kind":"官","place":"函館市美原　函館地方気象台","start":1992,"startRaw":"平4.7.23","windH":25.9,"tempH":null,"elemNote":null,"sites":null,"type":"A","elems":"11111111"}},{"type":"Feature","geometry":{"type":"Point","coordinates":[140.8216667,41.77]},"properties":{"id":"23281","name":"高松","kana":"タカマツ：函館空港","en":"Takamatsu","alt":34,"kind":"官","place":"函館市高松町　函館航空気象観測所","start":2003,"startRaw":"平15.1.1","windH":10,"tempH":null,"elemNote":"日照・湿度・気圧を除く","sites":null,"type":"C","elems":"11110100"}},{"type":"Feature","geometry":{"type":"Point","coordinates":[141.0033333,41.7166667]},"properties":{"id":"23291","name":"戸井泊","kana":"トイトマリ","en":"Toitomari","alt":20,"kind":"雨","place":"函館市泊町","start":2003,"startRaw":"平15.3.20","windH":null,"tempH":null,"elemNote":null,"sites":null,"type":"C","elems":"01000000"}},{"type":"Feature","geometry":{"type":"Point","coordinates":[140.375,41.5983333]},"properties":{"id":"23321","name":"知内","kana":"シリウチ","en":"Shiriuchi","alt":24,"kind":"雨","place":"上磯郡知内町上雷","start":2004,"startRaw":"平16.10.1","windH":null,"tempH":null,"elemNote":null,"sites":null,"type":"C","elems":"01000000"}},{"type":"Feature","geometry":{"type":"Point","coordinates":[140.4366667,41.68]},"properties":{"id":"23326","name":"木古内","kana":"キコナイ","en":"Kikonai","alt":10,"kind":"四","place":"上磯郡木古内町字本町","start":1977,"startRaw":"(昭50.4.18)昭52.10.14","windH":9.9,"tempH":2.4,"elemNote":null,"sites":null,"type":"C","elems":"11112010"}},{"type":"Feature","geometry":{"type":"Point","coordinates":[140.2716667,41.5583333]},"properties":{"id":"23356","name":"千軒","kana":"センゲン","en":"Sengen","alt":100,"kind":"雨","place":"松前郡福島町千軒","start":1978,"startRaw":"昭53.7.19","windH":null,"tempH":null,"elemNote":null,"sites":null,"type":"C","elems":"01000100"}},{"type":"Feature","geometry":{"type":"Point","coordinates":[140.0866667,41.4233333]},"properties":{"id":"23376","name":"松前","kana":"マツマエ","en":"Matsumae","alt":30,"kind":"四","place":"松前郡松前町建石","start":1977,"startRaw":"昭52.10.14","windH":10.1,"tempH":2.1,"elemNote":null,"sites":null,"type":"C","elems":"11112010"}},{"type":"Feature","geometry":{"type":"Point","coordinates":[139.8516667,42.45]},"properties":{"id":"24041","name":"せたな","kana":"セタナ","en":"Setana","alt":10,"kind":"四","place":"久遠郡せたな町瀬棚区本町","start":1977,"startRaw":"#昭52.10.19","windH":9.9,"tempH":2.1,"elemNote":null,"sites":null,"type":"C","elems":"11112010"}},{"type":"Feature","geometry":{"type":"Point","coordinates":[140.0083333,42.4283333]},"properties":{"id":"24051","name":"今金","kana":"イマカネ","en":"Imakane","alt":19,"kind":"四","place":"瀬棚郡今金町今金","start":1977,"startRaw":"#昭52.10.19","windH":9.9,"tempH":2.7,"elemNote":null,"sites":null,"type":"C","elems":"11112110"}},{"type":"Feature","geometry":{"type":"Point","coordinates":[139.5566667,42.2483333]},"properties":{"id":"24101","name":"奥尻","kana":"オクシリ","en":"Okushiri","alt":5,"kind":"四","place":"奥尻郡奥尻町稲穂","start":2000,"startRaw":"平12.1.28","windH":9.9,"tempH":2.2,"elemNote":null,"sites":null,"type":"C","elems":"11112010"}},{"type":"Feature","geometry":{"type":"Point","coordinates":[139.985,42.1283333]},"properties":{"id":"24141","name":"熊石","kana":"クマイシ","en":"Kumaishi","alt":12,"kind":"四","place":"二海郡八雲町熊石根崎町","start":1977,"startRaw":"#昭52.10.18","windH":9.9,"tempH":2.5,"elemNote":null,"sites":null,"type":"C","elems":"11112110"}},{"type":"Feature","geometry":{"type":"Point","coordinates":[139.4316667,42.0716667]},"properties":{"id":"24156","name":"米岡","kana":"ヨネオカ：奥尻空港","en":"Yoneoka","alt":49,"kind":"官","place":"奥尻郡奥尻町字米岡　奥尻航空気象観測所","start":2003,"startRaw":"平15.1.1","windH":10,"tempH":null,"elemNote":"日照・湿度・気圧を除く","sites":null,"type":"C","elems":"11110000"}},{"type":"Feature","geometry":{"type":"Point","coordinates":[140.0883333,42.0383333]},"properties":{"id":"24166","name":"潮見","kana":"シオミ","en":"Shiomi","alt":50,"kind":"雨","place":"爾志郡乙部町潮見","start":null,"startRaw":"#","windH":null,"tempH":null,"elemNote":null,"sites":null,"type":"C","elems":"01000000"}},{"type":"Feature","geometry":{"type":"Point","coordinates":[140.3116667,41.93]},"properties":{"id":"24201","name":"鶉","kana":"ウズラ","en":"Uzura","alt":53,"kind":"四","place":"檜山郡厚沢部町鶉町","start":1977,"startRaw":"昭52.10.18","windH":9.9,"tempH":2.7,"elemNote":null,"sites":null,"type":"C","elems":"11112110"}},{"type":"Feature","geometry":{"type":"Point","coordinates":[140.1233333,41.8666667]},"properties":{"id":"24217","name":"江差","kana":"エサシ","en":"Esashi","alt":4,"kind":"官","place":"檜山郡江差町姥神町　江差特別地域気象観測所","start":1979,"startRaw":"昭54.8.30","windH":19.5,"tempH":null,"elemNote":null,"sites":null,"type":"B","elems":"11111111"}},{"type":"Feature","geometry":{"type":"Point","coordinates":[140.0283333,41.7]},"properties":{"id":"24236","name":"石崎","kana":"イシザキ","en":"Ishizaki","alt":5,"kind":"雨","place":"檜山郡上ノ国町石崎","start":1977,"startRaw":"昭52.10.20","windH":null,"tempH":null,"elemNote":null,"sites":null,"type":"C","elems":"01000000"}},{"type":"Feature","geometry":{"type":"Point","coordinates":[140.9116667,41.5266667]},"properties":{"id":"31001","name":"大間","kana":"オオマ","en":"Oma","alt":14,"kind":"四","place":"下北郡大間町大間字狼丁","start":1976,"startRaw":"(昭50.5.24)昭51.11.24","windH":9.9,"tempH":2,"elemNote":null,"sites":null,"type":"C","elems":"11112110"}},{"type":"Feature","geometry":{"type":"Point","coordinates":[140.9566667,41.3133333]},"properties":{"id":"31036","name":"湯野川","kana":"ユノカワ","en":"Yunokawa","alt":162,"kind":"雨","place":"むつ市川内町湯野川","start":2005,"startRaw":"平17.10.21","windH":null,"tempH":null,"elemNote":null,"sites":null,"type":"C","elems":"01000000"}},{"type":"Feature","geometry":{"type":"Point","coordinates":[141.21,41.2833333]},"properties":{"id":"31111","name":"むつ","kana":"ムツ","en":"Mutsu","alt":3,"kind":"官","place":"むつ市金曲　むつ特別地域気象観測所","start":1975,"startRaw":"#昭50.12.10","windH":11.1,"tempH":null,"elemNote":null,"sites":null,"type":"B","elems":"11111111"}},{"type":"Feature","geometry":{"type":"Point","coordinates":[141.3966667,41.235]},"properties":{"id":"31121","name":"小田野沢","kana":"オダノサワ","en":"Odanosawa","alt":6,"kind":"四","place":"下北郡東通村小田野沢字中川目","start":1976,"startRaw":"昭51.11.22","windH":9.9,"tempH":2,"elemNote":null,"sites":null,"type":"C","elems":"11112010"}},{"type":"Feature","geometry":{"type":"Point","coordinates":[140.4816667,41.18]},"properties":{"id":"31136","name":"今別","kana":"イマベツ","en":"Imabetsu","alt":30,"kind":"四","place":"東津軽郡今別町今別字中沢","start":1976,"startRaw":"(昭50.5.21)昭51.11.16","windH":9.9,"tempH":2,"elemNote":null,"sites":null,"type":"C","elems":"11112110"}},{"type":"Feature","geometry":{"type":"Point","coordinates":[140.8216667,41.145]},"properties":{"id":"31156","name":"脇野沢","kana":"ワキノサワ","en":"Wakinosawa","alt":15,"kind":"四","place":"むつ市脇野沢桂沢","start":1976,"startRaw":"昭51.11.25","windH":9.9,"tempH":2,"elemNote":null,"sites":null,"type":"C","elems":"11112110"}},{"type":"Feature","geometry":{"type":"Point","coordinates":[140.3466667,41.0566667]},"properties":{"id":"31186","name":"市浦","kana":"シウラ","en":"Shiura","alt":20,"kind":"四","place":"五所川原市相内","start":1976,"startRaw":"昭51.11.18","windH":9.9,"tempH":2,"elemNote":null,"sites":null,"type":"C","elems":"11112010"}},{"type":"Feature","geometry":{"type":"Point","coordinates":[140.6333333,41.045]},"properties":{"id":"31201","name":"蟹田","kana":"カニタ","en":"Kanita","alt":5,"kind":"四","place":"東津軽郡外ヶ浜町字蟹田鰐ケ淵","start":1976,"startRaw":"#昭51.11.17","windH":8.1,"tempH":2,"elemNote":null,"sites":null,"type":"C","elems":"11112010"}},{"type":"Feature","geometry":{"type":"Point","coordinates":[140.4583333,40.8083333]},"properties":{"id":"31296","name":"五所川原","kana":"ゴショガワラ","en":"Goshogawara","alt":9,"kind":"四","place":"五所川原市松島町","start":1976,"startRaw":"(昭50.6.28)昭51.11.19","windH":9.9,"tempH":2,"elemNote":null,"sites":null,"type":"C","elems":"11112110"}},{"type":"Feature","geometry":{"type":"Point","coordinates":[140.7683333,40.8216667]},"properties":{"id":"31312","name":"青森","kana":"アオモリ","en":"Aomori","alt":3,"kind":"官","place":"青森市花園　青森地方気象台","start":null,"startRaw":"平元.12.1","windH":31.8,"tempH":null,"elemNote":null,"sites":null,"type":"A","elems":"11111111"}},{"type":"Feature","geometry":{"type":"Point","coordinates":[140.985,40.8483333]},"properties":{"id":"31321","name":"大和山","kana":"ヤマトヤマ","en":"Mt. Yamato","alt":137,"kind":"雨","place":"東津軽郡平内町外童子字滝ノ沢","start":1975,"startRaw":"昭50.5.24","windH":null,"tempH":null,"elemNote":null,"sites":null,"type":"C","elems":"01000000"}},{"type":"Feature","geometry":{"type":"Point","coordinates":[141.16,40.885]},"properties":{"id":"31332","name":"野辺地","kana":"ノヘジ","en":"Noheji","alt":14,"kind":"四","place":"上北郡野辺地町有戸鳥井平","start":2008,"startRaw":"平20.11.21","windH":9.9,"tempH":2,"elemNote":null,"sites":null,"type":"C","elems":"11112110"}},{"type":"Feature","geometry":{"type":"Point","coordinates":[141.2716667,40.885]},"properties":{"id":"31336","name":"六ケ所","kana":"ロッカショ","en":"Rokkasho","alt":80,"kind":"四","place":"上北郡六ヶ所村倉内字笹崎","start":1982,"startRaw":"昭57.9.22","windH":8.2,"tempH":2,"elemNote":null,"sites":null,"type":"C","elems":"11112010"}},{"type":"Feature","geometry":{"type":"Point","coordinates":[140.205,40.7766667]},"properties":{"id":"31366","name":"鰺ケ沢","kana":"アジガサワ","en":"Ajigasawa","alt":40,"kind":"四","place":"西津軽郡鰺ヶ沢町舞戸町字小夜","start":1976,"startRaw":"#昭51.11.22","windH":10.1,"tempH":2,"elemNote":null,"sites":null,"type":"C","elems":"11112110"}},{"type":"Feature","geometry":{"type":"Point","coordinates":[140.6883333,40.7333333]},"properties":{"id":"31386","name":"青森大谷","kana":"アオモリオオタニ：青森空港","en":"Aomori-Otani","alt":198,"kind":"官","place":"青森市大字大谷字小谷　青森航空気象観測所","start":2003,"startRaw":"平15.1.1","windH":10,"tempH":null,"elemNote":"日照・湿度・気圧を除く","sites":null,"type":"C","elems":"11110100"}},{"type":"Feature","geometry":{"type":"Point","coordinates":[141.1283333,40.7083333]},"properties":{"id":"31411","name":"七戸","kana":"シチノヘ","en":"Shichinohe","alt":57,"kind":"雨","place":"上北郡七戸町鶴児平","start":1977,"startRaw":"昭52.9.22","windH":null,"tempH":null,"elemNote":null,"sites":null,"type":"C","elems":"01000000"}},{"type":"Feature","geometry":{"type":"Point","coordinates":[139.9316667,40.645]},"properties":{"id":"31436","name":"深浦","kana":"フカウラ","en":"Fukaura","alt":66,"kind":"官","place":"西津軽郡深浦町大字深浦字岡町　深浦特別地域気象観測所","start":1975,"startRaw":"#昭50.3.22","windH":22.2,"tempH":null,"elemNote":null,"sites":null,"type":"B","elems":"11111111"}},{"type":"Feature","geometry":{"type":"Point","coordinates":[140.2633333,40.6283333]},"properties":{"id":"31451","name":"岳","kana":"ダケ","en":"Dake","alt":438,"kind":"雨","place":"弘前市常盤野字湯の沢","start":1976,"startRaw":"昭51.7.26","windH":null,"tempH":null,"elemNote":null,"sites":null,"type":"C","elems":"01000000"}},{"type":"Feature","geometry":{"type":"Point","coordinates":[140.455,40.6116667]},"properties":{"id":"31461","name":"弘前","kana":"ヒロサキ","en":"Hirosaki","alt":30,"kind":"四","place":"弘前市和田町","start":1976,"startRaw":"#昭51.3.5","windH":10,"tempH":2,"elemNote":null,"sites":null,"type":"C","elems":"11112110"}},{"type":"Feature","geometry":{"type":"Point","coordinates":[140.585,40.6666667]},"properties":{"id":"31466","name":"黒石","kana":"クロイシ","en":"Kuroishi","alt":30,"kind":"四","place":"黒石市馬場尻南","start":1976,"startRaw":"#昭51.11.22","windH":9.9,"tempH":2,"elemNote":null,"sites":null,"type":"C","elems":"11112010"}},{"type":"Feature","geometry":{"type":"Point","coordinates":[140.8483333,40.6483333]},"properties":{"id":"31482","name":"酸ケ湯","kana":"スカユ","en":"Sukayu","alt":890,"kind":"四","place":"青森市荒川字南荒川山国有林酸ヶ湯沢","start":1976,"startRaw":"(昭50.11.27)昭51.11.15","windH":9.9,"tempH":5,"elemNote":null,"sites":null,"type":"C","elems":"11112110"}},{"type":"Feature","geometry":{"type":"Point","coordinates":[141.375,40.675]},"properties":{"id":"31506","name":"三沢","kana":"ミサワ","en":"Misawa","alt":39,"kind":"四","place":"三沢市東町","start":1976,"startRaw":"#昭51.11.15","windH":8,"tempH":2,"elemNote":null,"sites":null,"type":"C","elems":"11112010"}},{"type":"Feature","geometry":{"type":"Point","coordinates":[140.555,40.53]},"properties":{"id":"31551","name":"大鰐","kana":"オオワニ","en":"Owani","alt":63,"kind":"雨","place":"南津軽郡大鰐町大字鯖石字浅瀬渕","start":2010,"startRaw":"平22.12.6","windH":null,"tempH":null,"elemNote":null,"sites":null,"type":"C","elems":"01000000"}},{"type":"Feature","geometry":{"type":"Point","coordinates":[140.7833333,40.515]},"properties":{"id":"31562","name":"温川","kana":"ヌルカワ","en":"Nurukawa","alt":404,"kind":"雨","place":"平川市切明津根川森","start":1983,"startRaw":"昭58.9.13","windH":null,"tempH":null,"elemNote":null,"sites":null,"type":"C","elems":"01000000"}},{"type":"Feature","geometry":{"type":"Point","coordinates":[141.2333333,40.6066667]},"properties":{"id":"31586","name":"十和田","kana":"トワダ","en":"Towada","alt":55,"kind":"四","place":"十和田市東十六番町","start":1976,"startRaw":"#昭51.11.16","windH":9.9,"tempH":2,"elemNote":null,"sites":null,"type":"C","elems":"11112110"}},{"type":"Feature","geometry":{"type":"Point","coordinates":[141.5216667,40.5266667]},"properties":{"id":"31602","name":"八戸","kana":"ハチノヘ","en":"Hachinohe","alt":27,"kind":"官","place":"八戸市湊町字館鼻　八戸特別地域気象観測所","start":2007,"startRaw":"平19.3.29","windH":null,"tempH":null,"elemNote":"気温、雨、日照 ／ 風","sites":2,"type":"B","elems":"11111111"}},{"type":"Feature","geometry":{"type":"Point","coordinates":[140.62,40.4816667]},"properties":{"id":"31646","name":"碇ケ関","kana":"イカリガセキ","en":"Ikarigaseki","alt":135,"kind":"四","place":"平川市碇ヶ関阿原","start":1976,"startRaw":"#昭51.11.24","windH":10.1,"tempH":2,"elemNote":null,"sites":null,"type":"C","elems":"11112110"}},{"type":"Feature","geometry":{"type":"Point","coordinates":[140.8983333,40.4266667]},"properties":{"id":"31662","name":"休屋","kana":"ヤスミヤ","en":"Yasumiya","alt":414,"kind":"四","place":"十和田市大字奥瀬字十和田湖畔休屋","start":1982,"startRaw":"昭57.10.15","windH":9.9,"tempH":2,"elemNote":null,"sites":null,"type":"C","elems":"11112010"}},{"type":"Feature","geometry":{"type":"Point","coordinates":[141.1766667,40.4683333]},"properties":{"id":"31671","name":"戸来","kana":"ヘライ","en":"Herai","alt":125,"kind":"雨","place":"三戸郡新郷村大字戸来字金ヶ沢坂ノ下","start":1978,"startRaw":"昭53.8.21","windH":null,"tempH":null,"elemNote":null,"sites":null,"type":"C","elems":"01000000"}},{"type":"Feature","geometry":{"type":"Point","coordinates":[141.2566667,40.3833333]},"properties":{"id":"31721","name":"三戸","kana":"サンノヘ","en":"Sannohe","alt":60,"kind":"四","place":"三戸郡三戸町川守田字寺ノ沢","start":1976,"startRaw":"#昭51.11.28","windH":9.9,"tempH":2,"elemNote":null,"sites":null,"type":"C","elems":"11112110"}},{"type":"Feature","geometry":{"type":"Point","coordinates":[139.9483333,40.4133333]},"properties":{"id":"32056","name":"八森","kana":"ハチモリ","en":"Hachimori","alt":34,"kind":"四","place":"山本郡八峰町八森字チコキ","start":1976,"startRaw":"(昭50.5.24)昭51.11.27","windH":10.1,"tempH":2,"elemNote":null,"sites":null,"type":"C","elems":"11112010"}},{"type":"Feature","geometry":{"type":"Point","coordinates":[140.2933333,40.32]},"properties":{"id":"32071","name":"藤里","kana":"フジサト","en":"Fujisato","alt":68,"kind":"雨","place":"山本郡藤里町藤琴字大落","start":1978,"startRaw":"昭53.8.22","windH":null,"tempH":null,"elemNote":null,"sites":null,"type":"C","elems":"01000000"}},{"type":"Feature","geometry":{"type":"Point","coordinates":[140.61,40.415]},"properties":{"id":"32091","name":"陣場","kana":"ジンバ","en":"Jinba","alt":218,"kind":"雨","place":"大館市長走字陣場","start":null,"startRaw":"#","windH":null,"tempH":null,"elemNote":null,"sites":null,"type":"C","elems":"01000000"}},{"type":"Feature","geometry":{"type":"Point","coordinates":[140.78,40.3533333]},"properties":{"id":"32096","name":"藤原","kana":"フジワラ","en":"Fujiwara","alt":280,"kind":"雨","place":"鹿角郡小坂町上向字藤原","start":1983,"startRaw":"昭58.9.21","windH":null,"tempH":null,"elemNote":null,"sites":null,"type":"C","elems":"01000000"}},{"type":"Feature","geometry":{"type":"Point","coordinates":[140.0316667,40.1983333]},"properties":{"id":"32111","name":"能代","kana":"ノシロ","en":"Noshiro","alt":6,"kind":"四","place":"能代市緑町","start":1976,"startRaw":"#昭51.11.30","windH":18.9,"tempH":2.5,"elemNote":null,"sites":null,"type":"C","elems":"11112110"}},{"type":"Feature","geometry":{"type":"Point","coordinates":[140.3716667,40.2266667]},"properties":{"id":"32126","name":"鷹巣","kana":"タカノス","en":"Takanosu","alt":29,"kind":"四","place":"北秋田市旭町","start":1976,"startRaw":"#昭51.3.2","windH":10.3,"tempH":3,"elemNote":null,"sites":null,"type":"C","elems":"11112110"}},{"type":"Feature","geometry":{"type":"Point","coordinates":[140.505,40.2516667]},"properties":{"id":"32136","name":"大館","kana":"オオダテ","en":"Odate","alt":49,"kind":"四","place":"大館市出川字上野","start":1976,"startRaw":"(昭50.4.1)昭51.11.25","windH":9.9,"tempH":2.5,"elemNote":null,"sites":null,"type":"C","elems":"11112010"}},{"type":"Feature","geometry":{"type":"Point","coordinates":[140.7866667,40.215]},"properties":{"id":"32146","name":"鹿角","kana":"カヅノ","en":"Kazuno","alt":123,"kind":"四","place":"鹿角市花輪字荒田","start":1976,"startRaw":"#昭51.11.26","windH":9.9,"tempH":2.6,"elemNote":null,"sites":null,"type":"C","elems":"11112110"}},{"type":"Feature","geometry":{"type":"Point","coordinates":[140.3716667,40.1916667]},"properties":{"id":"32181","name":"脇神","kana":"ワキガミ：大館能代空港","en":"Wakigami","alt":84,"kind":"官","place":"北秋田市脇神字葈岱　大館能代航空気象観測所","start":2003,"startRaw":"平15.1.1","windH":10,"tempH":null,"elemNote":"日照・湿度・気圧を除く","sites":null,"type":"C","elems":"11110000"}},{"type":"Feature","geometry":{"type":"Point","coordinates":[140.84,40.12]},"properties":{"id":"32206","name":"湯瀬","kana":"ユゼ","en":"Yuze","alt":214,"kind":"四","place":"鹿角市八幡平湯瀬字一羽根","start":1976,"startRaw":"#昭51.11.27","windH":9.9,"tempH":2.5,"elemNote":null,"sites":null,"type":"C","elems":"11112010"}},{"type":"Feature","geometry":{"type":"Point","coordinates":[140.8016667,40.0133333]},"properties":{"id":"32266","name":"八幡平","kana":"ハチマンタイ","en":"Hachimantai","alt":578,"kind":"四","place":"鹿角市八幡平字熊沢外8国有林","start":1978,"startRaw":"昭53.10.31","windH":9.9,"tempH":3.2,"elemNote":null,"sites":null,"type":"C","elems":"11112010"}},{"type":"Feature","geometry":{"type":"Point","coordinates":[139.7816667,39.9383333]},"properties":{"id":"32276","name":"男鹿真山","kana":"オガシンザン","en":"Mt. Oga-Shinzan","alt":84,"kind":"雨","place":"男鹿市北浦相川字小屋ケ沢","start":1985,"startRaw":"昭60.6.11","windH":null,"tempH":null,"elemNote":null,"sites":null,"type":"C","elems":"01000000"}},{"type":"Feature","geometry":{"type":"Point","coordinates":[139.9,39.9116667]},"properties":{"id":"32286","name":"男鹿","kana":"オガ","en":"Oga","alt":20,"kind":"四","place":"男鹿市脇本脇本字上野","start":1976,"startRaw":"(昭50.5.23)昭51.11.24","windH":6.4,"tempH":1.9,"elemNote":null,"sites":null,"type":"C","elems":"11112010"}},{"type":"Feature","geometry":{"type":"Point","coordinates":[139.95,40]},"properties":{"id":"32287","name":"大潟","kana":"オオガタ","en":"Ogata","alt":-3,"kind":"四","place":"南秋田郡大潟村大潟","start":1977,"startRaw":"昭52.3.29","windH":9.9,"tempH":2.5,"elemNote":null,"sites":null,"type":"C","elems":"11112010"}},{"type":"Feature","geometry":{"type":"Point","coordinates":[140.115,39.9383333]},"properties":{"id":"32296","name":"五城目","kana":"ゴジョウメ","en":"Gojome","alt":6,"kind":"四","place":"南秋田郡五城目町上樋口字屋岸","start":1976,"startRaw":"#昭51.11.26","windH":6.4,"tempH":2.5,"elemNote":null,"sites":null,"type":"C","elems":"11112110"}},{"type":"Feature","geometry":{"type":"Point","coordinates":[140.4033333,39.9933333]},"properties":{"id":"32311","name":"阿仁合","kana":"アニアイ","en":"Aniai","alt":120,"kind":"四","place":"北秋田市阿仁水無字畑町東裏","start":1976,"startRaw":"昭51.12.7","windH":6.4,"tempH":2.5,"elemNote":null,"sites":null,"type":"C","elems":"11112110"}},{"type":"Feature","geometry":{"type":"Point","coordinates":[140.45,39.9033333]},"properties":{"id":"32312","name":"比立内","kana":"ヒタチナイ","en":"Hitachinai","alt":210,"kind":"雨","place":"北秋田市阿仁幸屋渡字山根","start":1976,"startRaw":"昭51.9.21","windH":null,"tempH":null,"elemNote":null,"sites":null,"type":"C","elems":"01000000"}},{"type":"Feature","geometry":{"type":"Point","coordinates":[140.585,39.8116667]},"properties":{"id":"32376","name":"桧木内","kana":"ヒノキナイ","en":"Hinokinai","alt":255,"kind":"雨","place":"仙北市西木町上桧木内字宮田","start":1978,"startRaw":"昭53.10.12","windH":null,"tempH":null,"elemNote":null,"sites":null,"type":"C","elems":"01000000"}},{"type":"Feature","geometry":{"type":"Point","coordinates":[140.0983333,39.7166667]},"properties":{"id":"32402","name":"秋田","kana":"アキタ","en":"Akita","alt":6,"kind":"官","place":"秋田市山王　秋田地方気象台","start":null,"startRaw":"平元.10.30","windH":40.8,"tempH":null,"elemNote":null,"sites":null,"type":"A","elems":"11111111"}},{"type":"Feature","geometry":{"type":"Point","coordinates":[140.2866667,39.7066667]},"properties":{"id":"32407","name":"岩見三内","kana":"イワミサンナイ","en":"Iwami-Sannai","alt":41,"kind":"四","place":"秋田市河辺三内字外川原","start":1976,"startRaw":"#昭51.11.25","windH":10.1,"tempH":2.5,"elemNote":null,"sites":null,"type":"C","elems":"11112010"}},{"type":"Feature","geometry":{"type":"Point","coordinates":[140.2166667,39.8]},"properties":{"id":"32408","name":"仁別","kana":"ニベツ","en":"Nibetsu","alt":179,"kind":"雨","place":"秋田市仁別字マンタラメ","start":1985,"startRaw":"昭60.6.14","windH":null,"tempH":null,"elemNote":null,"sites":null,"type":"C","elems":"01000000"}},{"type":"Feature","geometry":{"type":"Point","coordinates":[140.665,39.775]},"properties":{"id":"32426","name":"鎧畑","kana":"ヨロイバタ","en":"Yoroibata","alt":281,"kind":"雨","place":"仙北市田沢湖町田沢字鎧畑","start":1977,"startRaw":"昭52.7.5","windH":null,"tempH":null,"elemNote":null,"sites":null,"type":"C","elems":"01000000"}},{"type":"Feature","geometry":{"type":"Point","coordinates":[140.7616667,39.7783333]},"properties":{"id":"32431","name":"田沢湖高原","kana":"タザワココウゲン","en":"Tazawako Highlands","alt":652,"kind":"雨","place":"仙北市田沢湖生保内字駒ヶ岳","start":2014,"startRaw":"平26.8.29","windH":null,"tempH":null,"elemNote":null,"sites":null,"type":"C","elems":"01000000"}},{"type":"Feature","geometry":{"type":"Point","coordinates":[140.2183333,39.615]},"properties":{"id":"32451","name":"雄和","kana":"ユウワ：秋田空港","en":"Yuwa","alt":93,"kind":"官","place":"秋田市雄和椿川字山籠　秋田航空気象観測所","start":2003,"startRaw":"平15.1.1","windH":10,"tempH":null,"elemNote":"日照・湿度・気圧を除く","sites":null,"type":"C","elems":"11110100"}},{"type":"Feature","geometry":{"type":"Point","coordinates":[140.5566667,39.6033333]},"properties":{"id":"32466","name":"角館","kana":"カクノダテ","en":"Kakunodate","alt":56,"kind":"四","place":"仙北市角館町小勝田鵜の崎","start":1976,"startRaw":"#昭51.11.18","windH":9.9,"tempH":2,"elemNote":null,"sites":null,"type":"C","elems":"11112110"}},{"type":"Feature","geometry":{"type":"Point","coordinates":[140.7316667,39.6983333]},"properties":{"id":"32476","name":"田沢湖","kana":"タザワコ","en":"Lake Tazawa","alt":230,"kind":"四","place":"仙北市田沢湖生保内字宮の後","start":1976,"startRaw":"#昭51.11.19","windH":6.4,"tempH":2.2,"elemNote":null,"sites":null,"type":"C","elems":"11112010"}},{"type":"Feature","geometry":{"type":"Point","coordinates":[140.2333333,39.5266667]},"properties":{"id":"32496","name":"大正寺","kana":"ダイショウジ","en":"Daisho-ji","alt":20,"kind":"四","place":"秋田市雄和新波字寺沢","start":1976,"startRaw":"(昭50.5.27)昭51.11.24","windH":6.4,"tempH":2.6,"elemNote":null,"sites":null,"type":"C","elems":"11112110"}},{"type":"Feature","geometry":{"type":"Point","coordinates":[140.495,39.49]},"properties":{"id":"32551","name":"大曲","kana":"オオマガリ","en":"Omagari","alt":30,"kind":"四","place":"大仙市四ツ屋字下古道","start":1976,"startRaw":"#昭51.11.17","windH":9.9,"tempH":2.5,"elemNote":null,"sites":null,"type":"C","elems":"11112010"}},{"type":"Feature","geometry":{"type":"Point","coordinates":[140.055,39.36]},"properties":{"id":"32571","name":"本荘","kana":"ホンジョウ","en":"Honjo","alt":11,"kind":"四","place":"由利本荘市埋田字用堰南","start":1976,"startRaw":"#昭51.11.20","windH":6.4,"tempH":2.5,"elemNote":null,"sites":null,"type":"C","elems":"11112110"}},{"type":"Feature","geometry":{"type":"Point","coordinates":[140.2883333,39.305]},"properties":{"id":"32581","name":"東由利","kana":"ヒガシユリ","en":"Higashiyuri","alt":117,"kind":"四","place":"由利本荘市東由利老方字後田","start":1976,"startRaw":"昭51.11.17","windH":9.9,"tempH":2.5,"elemNote":null,"sites":null,"type":"C","elems":"11112010"}},{"type":"Feature","geometry":{"type":"Point","coordinates":[140.555,39.32]},"properties":{"id":"32596","name":"横手","kana":"ヨコテ","en":"Yokote","alt":59,"kind":"四","place":"横手市横手町大樋","start":1976,"startRaw":"#昭51.2.28","windH":9.9,"tempH":2.5,"elemNote":null,"sites":null,"type":"C","elems":"11112110"}},{"type":"Feature","geometry":{"type":"Point","coordinates":[139.9133333,39.255]},"properties":{"id":"32616","name":"にかほ","kana":"ニカホ","en":"Nikaho","alt":7,"kind":"四","place":"にかほ市金浦字南金浦","start":1976,"startRaw":"#昭51.11.19","windH":10.1,"tempH":2,"elemNote":null,"sites":null,"type":"C","elems":"11112010"}},{"type":"Feature","geometry":{"type":"Point","coordinates":[140.1366667,39.235]},"properties":{"id":"32626","name":"矢島","kana":"ヤシマ","en":"Yashima","alt":46,"kind":"四","place":"由利本荘市矢島町城内字築舘","start":1976,"startRaw":"#昭51.11.18","windH":9.9,"tempH":2.5,"elemNote":null,"sites":null,"type":"C","elems":"11112110"}},{"type":"Feature","geometry":{"type":"Point","coordinates":[140.2866667,39.1016667]},"properties":{"id":"32681","name":"笹子","kana":"ジネゴ","en":"Jinego","alt":223,"kind":"雨","place":"由利本荘市鳥海町上笹子字石神","start":1983,"startRaw":"昭58.9.14","windH":null,"tempH":null,"elemNote":null,"sites":null,"type":"C","elems":"01000000"}},{"type":"Feature","geometry":{"type":"Point","coordinates":[140.4633333,39.1866667]},"properties":{"id":"32691","name":"湯沢","kana":"ユザワ","en":"Yuzawa","alt":74,"kind":"四","place":"湯沢市金谷字樋ノ口","start":1976,"startRaw":"#昭51.11.16","windH":9.9,"tempH":2.5,"elemNote":null,"sites":null,"type":"C","elems":"11112110"}},{"type":"Feature","geometry":{"type":"Point","coordinates":[140.6483333,39.1783333]},"properties":{"id":"32701","name":"東成瀬","kana":"ヒガシナルセ","en":"Higashinaruse","alt":191,"kind":"雨","place":"雄勝郡東成瀬村田子内字仙人下","start":1976,"startRaw":"昭51.7.27","windH":null,"tempH":null,"elemNote":null,"sites":null,"type":"C","elems":"01000000"}},{"type":"Feature","geometry":{"type":"Point","coordinates":[140.5283333,38.96]},"properties":{"id":"32771","name":"湯の岱","kana":"ユノタイ","en":"Yunotai","alt":335,"kind":"四","place":"湯沢市秋の宮字湯の岱","start":1976,"startRaw":"#昭51.11.15","windH":6.4,"tempH":2.8,"elemNote":null,"sites":null,"type":"C","elems":"11112110"}},{"type":"Feature","geometry":{"type":"Point","coordinates":[141.7,40.4033333]},"properties":{"id":"33006","name":"種市","kana":"タネイチ","en":"Taneichi","alt":70,"kind":"四","place":"九戸郡洋野町種市第21地割","start":1976,"startRaw":"#昭51.11.20","windH":6.4,"tempH":2,"elemNote":null,"sites":null,"type":"C","elems":"11112010"}},{"type":"Feature","geometry":{"type":"Point","coordinates":[141.4666667,40.325]},"properties":{"id":"33026","name":"軽米","kana":"カルマイ","en":"Karumai","alt":148,"kind":"四","place":"九戸郡軽米町大字上舘第15地割","start":1976,"startRaw":"#昭51.11.16","windH":9.9,"tempH":1.8,"elemNote":null,"sites":null,"type":"C","elems":"11112010"}},{"type":"Feature","geometry":{"type":"Point","coordinates":[141.2983333,40.2983333]},"properties":{"id":"33071","name":"二戸","kana":"ニノヘ","en":"Ninohe","alt":87,"kind":"四","place":"二戸市堀野字馬場","start":1976,"startRaw":"#昭51.11.22","windH":6.4,"tempH":2,"elemNote":null,"sites":null,"type":"C","elems":"11112110"}},{"type":"Feature","geometry":{"type":"Point","coordinates":[141.6666667,40.2816667]},"properties":{"id":"33086","name":"大野","kana":"オオノ","en":"Ohno","alt":200,"kind":"雨","place":"九戸郡洋野町大野","start":1975,"startRaw":"昭50.5.23","windH":null,"tempH":null,"elemNote":null,"sites":null,"type":"C","elems":"01000000"}},{"type":"Feature","geometry":{"type":"Point","coordinates":[141.5716667,40.1483333]},"properties":{"id":"33136","name":"山形","kana":"ヤマガタ","en":"Yamagata","alt":290,"kind":"四","place":"久慈市山形町川井","start":1977,"startRaw":"昭52.10.31","windH":9.9,"tempH":2,"elemNote":null,"sites":null,"type":"C","elems":"11112010"}},{"type":"Feature","geometry":{"type":"Point","coordinates":[141.7483333,40.1683333]},"properties":{"id":"33146","name":"久慈","kana":"クジ","en":"Kuji","alt":13,"kind":"四","place":"久慈市小久慈町第24地割","start":1976,"startRaw":"#昭51.11.19","windH":9.9,"tempH":2,"elemNote":null,"sites":null,"type":"C","elems":"11112110"}},{"type":"Feature","geometry":{"type":"Point","coordinates":[141.05,40.1033333]},"properties":{"id":"33166","name":"荒屋","kana":"アラヤ","en":"Araya","alt":290,"kind":"四","place":"八幡平市叺田","start":1976,"startRaw":"昭51.11.18","windH":10.1,"tempH":2,"elemNote":null,"sites":null,"type":"C","elems":"11112010"}},{"type":"Feature","geometry":{"type":"Point","coordinates":[141.225,40.06]},"properties":{"id":"33176","name":"奥中山","kana":"オクナカヤマ","en":"Mt. Okunaka","alt":430,"kind":"四","place":"二戸郡一戸町小繋字西田子","start":1977,"startRaw":"昭52.10.27","windH":9.9,"tempH":2,"elemNote":null,"sites":null,"type":"C","elems":"11112110"}},{"type":"Feature","geometry":{"type":"Point","coordinates":[141.4566667,40.04]},"properties":{"id":"33186","name":"葛巻","kana":"クズマキ","en":"Kuzumaki","alt":418,"kind":"四","place":"岩手郡葛巻町葛巻第7地割字元町","start":1976,"startRaw":"#昭51.12.13","windH":9.9,"tempH":2,"elemNote":null,"sites":null,"type":"C","elems":"11112110"}},{"type":"Feature","geometry":{"type":"Point","coordinates":[141.7116667,40.085]},"properties":{"id":"33201","name":"下戸鎖","kana":"シモトクサリ","en":"Shimotokusari","alt":232,"kind":"雨","place":"久慈市山根町下戸鎖","start":1978,"startRaw":"昭53.12.21","windH":null,"tempH":null,"elemNote":null,"sites":null,"type":"C","elems":"01000000"}},{"type":"Feature","geometry":{"type":"Point","coordinates":[141.8833333,40.0033333]},"properties":{"id":"33206","name":"普代","kana":"フダイ","en":"Fudai","alt":8,"kind":"四","place":"下閉伊郡普代村第13地割字普代","start":1976,"startRaw":"昭51.11.22","windH":9.3,"tempH":2,"elemNote":null,"sites":null,"type":"C","elems":"11112010"}},{"type":"Feature","geometry":{"type":"Point","coordinates":[141.065,39.9516667]},"properties":{"id":"33226","name":"岩手松尾","kana":"イワテマツオ","en":"Iwate-Matsuo","alt":275,"kind":"四","place":"八幡平市野駄","start":1976,"startRaw":"#昭51.12.1","windH":9.9,"tempH":2,"elemNote":null,"sites":null,"type":"C","elems":"11112110"}},{"type":"Feature","geometry":{"type":"Point","coordinates":[141.1666667,39.9733333]},"properties":{"id":"33231","name":"一方井","kana":"イッカタイ","en":"Ikkatai","alt":285,"kind":"雨","place":"岩手郡岩手町大字一方井第15地割","start":2014,"startRaw":"平26.9.3","windH":null,"tempH":null,"elemNote":null,"sites":null,"type":"C","elems":"01000000"}},{"type":"Feature","geometry":{"type":"Point","coordinates":[141.1666667,39.8683333]},"properties":{"id":"33296","name":"好摩","kana":"コウマ","en":"Koma","alt":205,"kind":"四","place":"盛岡市好摩字芋田向","start":1976,"startRaw":"(昭50.5.22)昭51.12.14","windH":9.9,"tempH":2,"elemNote":null,"sites":null,"type":"C","elems":"11112010"}},{"type":"Feature","geometry":{"type":"Point","coordinates":[141.795,39.8466667]},"properties":{"id":"33326","name":"岩泉","kana":"イワイズミ","en":"Iwaizumi","alt":105,"kind":"四","place":"下閉伊郡岩泉町岩泉字中家","start":1976,"startRaw":"#昭51.11.24","windH":9.9,"tempH":2.5,"elemNote":null,"sites":null,"type":"C","elems":"11112110"}},{"type":"Feature","geometry":{"type":"Point","coordinates":[141.9633333,39.8466667]},"properties":{"id":"33336","name":"小本","kana":"オモト","en":"Omoto","alt":3,"kind":"四","place":"下閉伊郡岩泉町小本字下中野","start":1977,"startRaw":"昭52.10.26","windH":9.9,"tempH":2,"elemNote":null,"sites":null,"type":"C","elems":"11112010"}},{"type":"Feature","geometry":{"type":"Point","coordinates":[140.945,39.7766667]},"properties":{"id":"33351","name":"葛根田","kana":"カッコンダ","en":"Kakkonda","alt":350,"kind":"雨","place":"岩手郡雫石町西根第3地割上篠崎","start":1977,"startRaw":"昭52.7.5","windH":null,"tempH":null,"elemNote":null,"sites":null,"type":"C","elems":"01000000"}},{"type":"Feature","geometry":{"type":"Point","coordinates":[141.0966667,39.78]},"properties":{"id":"33361","name":"滝沢","kana":"タキザワ","en":"Takizawa","alt":210,"kind":"雨","place":"滝沢市湯舟沢","start":2005,"startRaw":"平17.10.21","windH":null,"tempH":null,"elemNote":null,"sites":null,"type":"C","elems":"01000000"}},{"type":"Feature","geometry":{"type":"Point","coordinates":[141.3283333,39.7833333]},"properties":{"id":"33371","name":"薮川","kana":"ヤブカワ","en":"Yabukawa","alt":680,"kind":"四","place":"盛岡市薮川字外山","start":1976,"startRaw":"(昭50.11.13)昭51.11.25","windH":9.9,"tempH":2.3,"elemNote":null,"sites":null,"type":"C","elems":"11112010"}},{"type":"Feature","geometry":{"type":"Point","coordinates":[140.975,39.6966667]},"properties":{"id":"33421","name":"雫石","kana":"シズクイシ","en":"Shizukuishi","alt":195,"kind":"四","place":"岩手郡雫石町第40地割字千刈田","start":1976,"startRaw":"#昭51.11.26","windH":8.4,"tempH":2,"elemNote":null,"sites":null,"type":"C","elems":"11112110"}},{"type":"Feature","geometry":{"type":"Point","coordinates":[141.165,39.6983333]},"properties":{"id":"33431","name":"盛岡","kana":"モリオカ","en":"Morioka","alt":155,"kind":"官","place":"盛岡市山王町　盛岡地方気象台","start":1975,"startRaw":"#昭50.4.1","windH":15.5,"tempH":null,"elemNote":null,"sites":null,"type":"A","elems":"11111111"}},{"type":"Feature","geometry":{"type":"Point","coordinates":[141.3533333,39.65]},"properties":{"id":"33441","name":"区界","kana":"クザカイ","en":"Kuzakai","alt":734,"kind":"四","place":"宮古市区界第2地割","start":1993,"startRaw":"平5.10.7","windH":9.9,"tempH":2.5,"elemNote":null,"sites":null,"type":"C","elems":"11112110"}},{"type":"Feature","geometry":{"type":"Point","coordinates":[141.965,39.6466667]},"properties":{"id":"33472","name":"宮古","kana":"ミヤコ","en":"Miyako","alt":43,"kind":"官","place":"宮古市鍬ケ崎下町　宮古特別地域気象観測所","start":1990,"startRaw":"平2.10.18","windH":20.3,"tempH":null,"elemNote":null,"sites":null,"type":"B","elems":"11111111"}},{"type":"Feature","geometry":{"type":"Point","coordinates":[140.8433333,39.5483333]},"properties":{"id":"33486","name":"沢内","kana":"サワウチ","en":"Sawauchi","alt":407,"kind":"四","place":"和賀郡西和賀町沢内字貝沢4地割","start":2017,"startRaw":"平29.7.11","windH":9.9,"tempH":3,"elemNote":null,"sites":null,"type":"C","elems":"11112010"}},{"type":"Feature","geometry":{"type":"Point","coordinates":[141.1266667,39.5466667]},"properties":{"id":"33501","name":"紫波","kana":"シワ","en":"Shiwa","alt":125,"kind":"四","place":"紫波郡紫波町稲藤字七郷","start":1976,"startRaw":"昭51.11.30","windH":9.9,"tempH":2,"elemNote":null,"sites":null,"type":"C","elems":"11112010"}},{"type":"Feature","geometry":{"type":"Point","coordinates":[141.6816667,39.5983333]},"properties":{"id":"33526","name":"川井","kana":"カワイ","en":"Kawai","alt":192,"kind":"四","place":"宮古市川井","start":1977,"startRaw":"昭52.12.2","windH":6.4,"tempH":2,"elemNote":null,"sites":null,"type":"C","elems":"11112010"}},{"type":"Feature","geometry":{"type":"Point","coordinates":[140.9683333,39.48]},"properties":{"id":"33566","name":"豊沢","kana":"トヨサワ","en":"Toyosawa","alt":300,"kind":"雨","place":"花巻市北豊沢山国有林","start":null,"startRaw":"#","windH":null,"tempH":null,"elemNote":null,"sites":null,"type":"C","elems":"01000000"}},{"type":"Feature","geometry":{"type":"Point","coordinates":[141.135,39.4283333]},"properties":{"id":"33576","name":"花巻","kana":"ハナマキ：花巻空港","en":"Hanamaki","alt":90,"kind":"官","place":"花巻市葛第3地割　花巻航空気象観測所","start":2003,"startRaw":"#平15.1.1","windH":10,"tempH":null,"elemNote":"日照・湿度・気圧を除く","sites":null,"type":"C","elems":"11110100"}},{"type":"Feature","geometry":{"type":"Point","coordinates":[141.2783333,39.47]},"properties":{"id":"33581","name":"大迫","kana":"オオハサマ","en":"Ohasama","alt":150,"kind":"四","place":"花巻市大迫町大迫第13地割","start":1976,"startRaw":"#昭51.11.18","windH":9.9,"tempH":2,"elemNote":null,"sites":null,"type":"C","elems":"11112010"}},{"type":"Feature","geometry":{"type":"Point","coordinates":[141.5066667,39.4566667]},"properties":{"id":"33596","name":"附馬牛","kana":"ツキモウシ","en":"Tsukimoshi","alt":440,"kind":"雨","place":"遠野市附馬牛町上附馬牛19地割","start":2005,"startRaw":"平17.10.20","windH":null,"tempH":null,"elemNote":null,"sites":null,"type":"C","elems":"01000000"}},{"type":"Feature","geometry":{"type":"Point","coordinates":[141.8066667,39.4383333]},"properties":{"id":"33611","name":"大槌","kana":"オオツチ","en":"Otsuchi","alt":120,"kind":"雨","place":"上閉伊郡大槌町金沢","start":2000,"startRaw":"平12.11.17","windH":null,"tempH":null,"elemNote":null,"sites":null,"type":"C","elems":"01000000"}},{"type":"Feature","geometry":{"type":"Point","coordinates":[141.9566667,39.45]},"properties":{"id":"33616","name":"山田","kana":"ヤマダ","en":"Yamada","alt":24,"kind":"四","place":"下閉伊郡山田町織笠第11地割","start":1976,"startRaw":"(昭50.5.22)昭51.11.19","windH":6.4,"tempH":1.5,"elemNote":null,"sites":null,"type":"C","elems":"11112010"}},{"type":"Feature","geometry":{"type":"Point","coordinates":[140.7766667,39.31]},"properties":{"id":"33631","name":"湯田","kana":"ユダ","en":"Yuda","alt":250,"kind":"四","place":"和賀郡西和賀町上野々第39地割","start":1976,"startRaw":"#昭51.2.26","windH":9.9,"tempH":3.5,"elemNote":null,"sites":null,"type":"C","elems":"11112110"}},{"type":"Feature","geometry":{"type":"Point","coordinates":[141.5433333,39.3383333]},"properties":{"id":"33671","name":"遠野","kana":"トオノ","en":"Tono","alt":275,"kind":"四","place":"遠野市松崎町白岩24地割","start":1976,"startRaw":"#昭51.11.22","windH":10.1,"tempH":2,"elemNote":null,"sites":null,"type":"C","elems":"11112110"}},{"type":"Feature","geometry":{"type":"Point","coordinates":[141.015,39.225]},"properties":{"id":"33711","name":"金ケ崎","kana":"カネガサキ","en":"Kanegasaki","alt":170,"kind":"雨","place":"胆沢郡金ケ崎町西根千貫石","start":2005,"startRaw":"平17.10.19","windH":null,"tempH":null,"elemNote":null,"sites":null,"type":"C","elems":"01000000"}},{"type":"Feature","geometry":{"type":"Point","coordinates":[141.11,39.2883333]},"properties":{"id":"33716","name":"北上","kana":"キタカミ","en":"Kitakami","alt":61,"kind":"四","place":"北上市芳町","start":1976,"startRaw":"昭51.12.4","windH":6.4,"tempH":2,"elemNote":null,"sites":null,"type":"C","elems":"11112110"}},{"type":"Feature","geometry":{"type":"Point","coordinates":[141.31,39.2333333]},"properties":{"id":"33726","name":"米里","kana":"ヨネサト","en":"Yonesato","alt":170,"kind":"雨","place":"奥州市江刺米里字荒田表","start":1976,"startRaw":"昭51.9.9","windH":null,"tempH":null,"elemNote":null,"sites":null,"type":"C","elems":"01000000"}},{"type":"Feature","geometry":{"type":"Point","coordinates":[141.8783333,39.27]},"properties":{"id":"33751","name":"釜石","kana":"カマイシ","en":"Kamaishi","alt":5,"kind":"四","place":"釜石市港町","start":1976,"startRaw":"#昭51.11.20","windH":9.9,"tempH":2,"elemNote":null,"sites":null,"type":"C","elems":"11112010"}},{"type":"Feature","geometry":{"type":"Point","coordinates":[141.0633333,39.14]},"properties":{"id":"33776","name":"若柳","kana":"ワカヤナギ","en":"Wakayanagi","alt":97,"kind":"四","place":"奥州市胆沢若柳字倉舘","start":1976,"startRaw":"#昭51.11.26","windH":9.9,"tempH":2,"elemNote":null,"sites":null,"type":"C","elems":"11112010"}},{"type":"Feature","geometry":{"type":"Point","coordinates":[141.1616667,39.1833333]},"properties":{"id":"33781","name":"江刺","kana":"エサシ","en":"Esashi","alt":42,"kind":"四","place":"奥州市江刺愛宕字八日市","start":1976,"startRaw":"#昭51.11.25","windH":9.9,"tempH":2,"elemNote":null,"sites":null,"type":"C","elems":"11112010"}},{"type":"Feature","geometry":{"type":"Point","coordinates":[141.5733333,39.1416667]},"properties":{"id":"33801","name":"住田","kana":"スミタ","en":"Sumita","alt":80,"kind":"四","place":"気仙郡住田町世田米字川向","start":1977,"startRaw":"昭52.10.20","windH":9.9,"tempH":2,"elemNote":null,"sites":null,"type":"C","elems":"11112010"}},{"type":"Feature","geometry":{"type":"Point","coordinates":[140.865,39.0116667]},"properties":{"id":"33831","name":"祭畤","kana":"マツルベ","en":"Matsurube","alt":350,"kind":"雨","place":"一関市厳美町祭畤","start":1975,"startRaw":"昭50.5.21","windH":null,"tempH":null,"elemNote":null,"sites":null,"type":"C","elems":"01000100"}},{"type":"Feature","geometry":{"type":"Point","coordinates":[141.045,39.05]},"properties":{"id":"33841","name":"衣川","kana":"コロモガワ","en":"Koromogawa","alt":75,"kind":"雨","place":"奥州市衣川懸田","start":1975,"startRaw":"昭50.5.25","windH":null,"tempH":null,"elemNote":null,"sites":null,"type":"C","elems":"01000000"}},{"type":"Feature","geometry":{"type":"Point","coordinates":[141.2966667,39.0383333]},"properties":{"id":"33856","name":"大東","kana":"ダイトウ","en":"Daito","alt":140,"kind":"雨","place":"一関市大東町猿沢字上ノ洞","start":2005,"startRaw":"平17.10.18","windH":null,"tempH":null,"elemNote":null,"sites":null,"type":"C","elems":"01000000"}},{"type":"Feature","geometry":{"type":"Point","coordinates":[141.7133333,39.0633333]},"properties":{"id":"33877","name":"大船渡","kana":"オオフナト","en":"Ofunato","alt":37,"kind":"官","place":"大船渡市大船渡町字赤沢　大船渡特別地域気象観測所","start":1990,"startRaw":"平2.3.15","windH":22.2,"tempH":null,"elemNote":null,"sites":null,"type":"B","elems":"11111111"}},{"type":"Feature","geometry":{"type":"Point","coordinates":[141.125,38.9333333]},"properties":{"id":"33911","name":"一関","kana":"イチノセキ","en":"Ichinoseki","alt":32,"kind":"四","place":"一関市竹山町","start":1976,"startRaw":"#昭51.2.25","windH":10.1,"tempH":2,"elemNote":null,"sites":null,"type":"C","elems":"11112110"}},{"type":"Feature","geometry":{"type":"Point","coordinates":[141.33,38.9216667]},"properties":{"id":"33921","name":"千厩","kana":"センマヤ","en":"Senmaya","alt":120,"kind":"四","place":"一関市千厩町千厩字北方","start":1976,"startRaw":"#昭51.11.27","windH":9.9,"tempH":2,"elemNote":null,"sites":null,"type":"C","elems":"11112010"}},{"type":"Feature","geometry":{"type":"Point","coordinates":[140.8283333,38.9133333]},"properties":{"id":"34012","name":"駒ノ湯","kana":"コマノユ","en":"Komanoyu","alt":532,"kind":"四","place":"栗原市栗駒沼倉耕英南","start":1976,"startRaw":"昭51.11.29","windH":10,"tempH":2.5,"elemNote":null,"sites":null,"type":"C","elems":"11112110"}},{"type":"Feature","geometry":{"type":"Point","coordinates":[141.5566667,38.9066667]},"properties":{"id":"34026","name":"気仙沼","kana":"ケセンヌマ","en":"Kesennuma","alt":62,"kind":"四","place":"気仙沼市古町","start":1976,"startRaw":"#昭51.12.2","windH":9.9,"tempH":1.5,"elemNote":null,"sites":null,"type":"C","elems":"11112010"}},{"type":"Feature","geometry":{"type":"Point","coordinates":[140.9483333,38.805]},"properties":{"id":"34056","name":"鴬沢","kana":"ウグイスザワ","en":"Uguisuzawa","alt":33,"kind":"雨","place":"栗原市鶯沢袋宮林","start":2001,"startRaw":"平13.9.27","windH":null,"tempH":null,"elemNote":null,"sites":null,"type":"C","elems":"01000000"}},{"type":"Feature","geometry":{"type":"Point","coordinates":[140.76,38.7433333]},"properties":{"id":"34096","name":"川渡","kana":"カワタビ","en":"Kawatabi","alt":170,"kind":"四","place":"大崎市鳴子温泉字蓬田","start":1976,"startRaw":"#昭51.12.4","windH":9.9,"tempH":2,"elemNote":null,"sites":null,"type":"C","elems":"11112110"}},{"type":"Feature","geometry":{"type":"Point","coordinates":[141.005,38.735]},"properties":{"id":"34111","name":"築館","kana":"ツキダテ","en":"Tsukidate","alt":25,"kind":"四","place":"栗原市築館左足下","start":1976,"startRaw":"#昭51.2.23","windH":6.6,"tempH":2.3,"elemNote":null,"sites":null,"type":"C","elems":"11112010"}},{"type":"Feature","geometry":{"type":"Point","coordinates":[141.1866667,38.625]},"properties":{"id":"34171","name":"米山","kana":"ヨネヤマ","en":"Yoneyama","alt":4,"kind":"四","place":"登米市米山町西野字新遠田","start":1976,"startRaw":"(昭50.5.21)昭51.11.30","windH":10,"tempH":1.5,"elemNote":null,"sites":null,"type":"C","elems":"11112010"}},{"type":"Feature","geometry":{"type":"Point","coordinates":[141.4483333,38.6816667]},"properties":{"id":"34186","name":"志津川","kana":"シヅガワ","en":"Shizugawa","alt":39,"kind":"四","place":"本吉郡南三陸町志津川字城場","start":1976,"startRaw":"#昭51.12.2","windH":9.9,"tempH":1.5,"elemNote":null,"sites":null,"type":"C","elems":"11112010"}},{"type":"Feature","geometry":{"type":"Point","coordinates":[140.7266667,38.5716667]},"properties":{"id":"34206","name":"加美","kana":"カミ","en":"Kami","alt":195,"kind":"雨","place":"加美郡加美町味ヶ袋薬莱原","start":2005,"startRaw":"平17.10.21","windH":null,"tempH":null,"elemNote":null,"sites":null,"type":"C","elems":"01000000"}},{"type":"Feature","geometry":{"type":"Point","coordinates":[140.9116667,38.5983333]},"properties":{"id":"34216","name":"古川","kana":"フルカワ","en":"Furukawa","alt":28,"kind":"四","place":"大崎市古川大崎字富国","start":1976,"startRaw":"#昭51.12.3","windH":6.6,"tempH":1.8,"elemNote":null,"sites":null,"type":"C","elems":"11112110"}},{"type":"Feature","geometry":{"type":"Point","coordinates":[141.465,38.52]},"properties":{"id":"34241","name":"雄勝","kana":"オガツ","en":"Ogatsu","alt":24,"kind":"雨","place":"石巻市雄勝町雄勝字下雄勝","start":1975,"startRaw":"昭50.5.13","windH":null,"tempH":null,"elemNote":null,"sites":null,"type":"C","elems":"01000000"}},{"type":"Feature","geometry":{"type":"Point","coordinates":[140.7216667,38.4066667]},"properties":{"id":"34262","name":"泉ケ岳","kana":"イズミガダケ","en":"Mt. Izumigadake","alt":630,"kind":"雨","place":"仙台市泉区福岡岳山","start":2005,"startRaw":"平17.10.26","windH":null,"tempH":null,"elemNote":null,"sites":null,"type":"C","elems":"01000000"}},{"type":"Feature","geometry":{"type":"Point","coordinates":[140.8883333,38.4733333]},"properties":{"id":"34266","name":"大衡","kana":"オオヒラ","en":"Ohira","alt":57,"kind":"四","place":"黒川郡大衡村松の平","start":1976,"startRaw":"#昭51.12.3","windH":9.9,"tempH":2,"elemNote":null,"sites":null,"type":"C","elems":"11112010"}},{"type":"Feature","geometry":{"type":"Point","coordinates":[141.0916667,38.46]},"properties":{"id":"34276","name":"鹿島台","kana":"カシマダイ","en":"Kashimadai","alt":3,"kind":"四","place":"大崎市鹿島台広長字内の浦","start":1976,"startRaw":"#昭51.12.2","windH":9.9,"tempH":1.5,"elemNote":null,"sites":null,"type":"C","elems":"11112010"}},{"type":"Feature","geometry":{"type":"Point","coordinates":[141.2983333,38.4266667]},"properties":{"id":"34292","name":"石巻","kana":"イシノマキ","en":"Ishinomaki","alt":43,"kind":"官","place":"石巻市泉町　石巻特別地域気象観測所","start":1990,"startRaw":"平2.1.25","windH":28.6,"tempH":null,"elemNote":null,"sites":null,"type":"B","elems":"11111111"}},{"type":"Feature","geometry":{"type":"Point","coordinates":[141.45,38.4466667]},"properties":{"id":"34296","name":"女川","kana":"オナガワ","en":"Onagawa","alt":38,"kind":"四","place":"牡鹿郡女川町宮ケ崎字宮ケ崎","start":2011,"startRaw":"平23.5.13","windH":9.9,"tempH":1.5,"elemNote":null,"sites":null,"type":"C","elems":"11112010"}},{"type":"Feature","geometry":{"type":"Point","coordinates":[140.6366667,38.3033333]},"properties":{"id":"34311","name":"新川","kana":"ニッカワ","en":"Nikkawa","alt":265,"kind":"四","place":"仙台市青葉区新川字清水尻","start":1976,"startRaw":"#昭51.11.30","windH":10.1,"tempH":2,"elemNote":null,"sites":null,"type":"C","elems":"11112110"}},{"type":"Feature","geometry":{"type":"Point","coordinates":[141.0133333,38.3383333]},"properties":{"id":"34331","name":"塩釜","kana":"シオガマ","en":"Shiogama","alt":105,"kind":"四","place":"塩竈市伊保石","start":1976,"startRaw":"(昭50.5.21)昭51.11.30","windH":9.9,"tempH":1.5,"elemNote":null,"sites":null,"type":"C","elems":"11112010"}},{"type":"Feature","geometry":{"type":"Point","coordinates":[140.8966667,38.2616667]},"properties":{"id":"34392","name":"仙台","kana":"センダイ","en":"Sendai","alt":39,"kind":"官","place":"仙台市宮城野区五輪　仙台管区気象台","start":1982,"startRaw":"昭57.3.1","windH":52.6,"tempH":null,"elemNote":null,"sites":null,"type":"A","elems":"11111111"}},{"type":"Feature","geometry":{"type":"Point","coordinates":[140.9166667,38.1383333]},"properties":{"id":"34436","name":"名取","kana":"ナトリ：仙台空港","en":"Natori","alt":2,"kind":"官","place":"名取市下増田字南原　仙台航空気象観測所","start":2003,"startRaw":"平15.1.1","windH":9.9,"tempH":null,"elemNote":"日照・湿度・気圧を除く","sites":null,"type":"C","elems":"11110100"}},{"type":"Feature","geometry":{"type":"Point","coordinates":[140.6116667,38.015]},"properties":{"id":"34461","name":"白石","kana":"シロイシ","en":"Shiroishi","alt":86,"kind":"四","place":"白石市福岡長袋字湯殿山","start":1976,"startRaw":"#昭51.11.25","windH":10.1,"tempH":1.7,"elemNote":null,"sites":null,"type":"C","elems":"11112110"}},{"type":"Feature","geometry":{"type":"Point","coordinates":[140.68,38.1266667]},"properties":{"id":"34462","name":"蔵王","kana":"ザオウ","en":"Zao","alt":112,"kind":"四","place":"刈田郡蔵王町大字平沢字内屋敷","start":2005,"startRaw":"平17.10.27","windH":6.6,"tempH":1.5,"elemNote":null,"sites":null,"type":"C","elems":"11112010"}},{"type":"Feature","geometry":{"type":"Point","coordinates":[140.8583333,38.025]},"properties":{"id":"34471","name":"亘理","kana":"ワタリ","en":"Watari","alt":4,"kind":"四","place":"亘理郡亘理町字油田","start":1976,"startRaw":"#昭51.11.29","windH":9.9,"tempH":2,"elemNote":null,"sites":null,"type":"C","elems":"11112010"}},{"type":"Feature","geometry":{"type":"Point","coordinates":[140.7783333,37.9316667]},"properties":{"id":"34506","name":"丸森","kana":"マルモリ","en":"Marumori","alt":18,"kind":"四","place":"伊具郡丸森町舘矢間舘山字新賢中","start":1977,"startRaw":"昭52.11.4","windH":9.9,"tempH":1.5,"elemNote":null,"sites":null,"type":"C","elems":"11112010"}},{"type":"Feature","geometry":{"type":"Point","coordinates":[140.7283333,37.8266667]},"properties":{"id":"34526","name":"筆甫","kana":"ヒッポ","en":"Hippo","alt":305,"kind":"雨","place":"伊具郡丸森町筆甫字和田","start":1978,"startRaw":"昭53.11.11","windH":null,"tempH":null,"elemNote":null,"sites":null,"type":"C","elems":"01000000"}},{"type":"Feature","geometry":{"type":"Point","coordinates":[139.5433333,39.1833333]},"properties":{"id":"35002","name":"飛島","kana":"トビシマ","en":"Tobishima Island","alt":58,"kind":"四","place":"酒田市飛島字勝浦乙","start":1987,"startRaw":"昭62.11.10","windH":20.4,"tempH":1.6,"elemNote":null,"sites":null,"type":"C","elems":"11112010"}},{"type":"Feature","geometry":{"type":"Point","coordinates":[139.8433333,38.9083333]},"properties":{"id":"35052","name":"酒田","kana":"サカタ","en":"Sakata","alt":3,"kind":"官","place":"酒田市亀ケ崎　酒田特別地域気象観測所","start":1984,"startRaw":"昭59.2.10","windH":26.6,"tempH":null,"elemNote":null,"sites":null,"type":"B","elems":"11111111"}},{"type":"Feature","geometry":{"type":"Point","coordinates":[139.9983333,38.965]},"properties":{"id":"35056","name":"酒田大沢","kana":"サカタオオサワ","en":"Sakata-Osawa","alt":65,"kind":"雨","place":"酒田市大蕨字二タ子","start":2017,"startRaw":"平29.12.20","windH":null,"tempH":null,"elemNote":null,"sites":null,"type":"C","elems":"01000000"}},{"type":"Feature","geometry":{"type":"Point","coordinates":[140.2,38.9183333]},"properties":{"id":"35071","name":"差首鍋","kana":"サスナベ","en":"Sasunabe","alt":88,"kind":"四","place":"最上郡真室川町差首鍋","start":1976,"startRaw":"昭51.11.30","windH":8.9,"tempH":3.5,"elemNote":null,"sites":null,"type":"C","elems":"11112010"}},{"type":"Feature","geometry":{"type":"Point","coordinates":[139.7866667,38.8116667]},"properties":{"id":"35086","name":"浜中","kana":"ハマナカ：庄内空港","en":"Hamanaka","alt":22,"kind":"官","place":"酒田市浜中字村東　庄内航空気象観測所","start":2003,"startRaw":"平15.1.1","windH":10,"tempH":null,"elemNote":"日照・湿度・気圧を除く","sites":null,"type":"C","elems":"11110000"}},{"type":"Feature","geometry":{"type":"Point","coordinates":[140.3316667,38.8783333]},"properties":{"id":"35116","name":"金山","kana":"カネヤマ","en":"Kaneyama","alt":170,"kind":"四","place":"最上郡金山町金山字本町","start":1976,"startRaw":"#昭51.11.29","windH":9.9,"tempH":3,"elemNote":null,"sites":null,"type":"C","elems":"11112110"}},{"type":"Feature","geometry":{"type":"Point","coordinates":[139.8283333,38.735]},"properties":{"id":"35141","name":"鶴岡","kana":"ツルオカ","en":"Tsuruoka","alt":16,"kind":"四","place":"鶴岡市錦町","start":1976,"startRaw":"#昭51.12.2","windH":10.1,"tempH":2.5,"elemNote":null,"sites":null,"type":"C","elems":"11112010"}},{"type":"Feature","geometry":{"type":"Point","coordinates":[139.9733333,38.8]},"properties":{"id":"35146","name":"狩川","kana":"カリカワ","en":"Karikawa","alt":17,"kind":"四","place":"東田川郡庄内町狩川字矢倉","start":1976,"startRaw":"#昭51.12.2","windH":9.9,"tempH":3,"elemNote":null,"sites":null,"type":"C","elems":"11112110"}},{"type":"Feature","geometry":{"type":"Point","coordinates":[140.3116667,38.7566667]},"properties":{"id":"35162","name":"新庄","kana":"シンジョウ","en":"Shinjo","alt":105,"kind":"官","place":"新庄市東谷地田町　新庄特別地域気象観測所","start":1985,"startRaw":"昭60.11.1","windH":31.6,"tempH":null,"elemNote":null,"sites":null,"type":"B","elems":"11111111"}},{"type":"Feature","geometry":{"type":"Point","coordinates":[140.4133333,38.755]},"properties":{"id":"35171","name":"瀬見","kana":"セミ","en":"Semi","alt":150,"kind":"雨","place":"最上郡最上町大堀","start":null,"startRaw":"#","windH":null,"tempH":null,"elemNote":null,"sites":null,"type":"C","elems":"01000000"}},{"type":"Feature","geometry":{"type":"Point","coordinates":[140.5166667,38.7583333]},"properties":{"id":"35176","name":"向町","kana":"ムカイマチ","en":"Mukaimachi","alt":212,"kind":"四","place":"最上郡最上町向町","start":1976,"startRaw":"(昭49.12.18)昭51.11.26","windH":9.9,"tempH":3.5,"elemNote":null,"sites":null,"type":"C","elems":"11112110"}},{"type":"Feature","geometry":{"type":"Point","coordinates":[139.8483333,38.6716667]},"properties":{"id":"35201","name":"櫛引","kana":"クシビキ","en":"Kushibiki","alt":33,"kind":"雨","place":"鶴岡市桂荒俣字上桂","start":null,"startRaw":"#","windH":null,"tempH":null,"elemNote":null,"sites":null,"type":"C","elems":"01000100"}},{"type":"Feature","geometry":{"type":"Point","coordinates":[140.1633333,38.6066667]},"properties":{"id":"35216","name":"肘折","kana":"ヒジオリ","en":"Hijiori","alt":330,"kind":"四","place":"最上郡大蔵村南山","start":1976,"startRaw":"昭51.11.27","windH":8.4,"tempH":6,"elemNote":null,"sites":null,"type":"C","elems":"11112110"}},{"type":"Feature","geometry":{"type":"Point","coordinates":[140.4116667,38.6083333]},"properties":{"id":"35231","name":"尾花沢","kana":"オバナザワ","en":"Obanazawa","alt":106,"kind":"四","place":"尾花沢市新町","start":1976,"startRaw":"(昭50.5.23)昭51.3.8","windH":8.9,"tempH":3.2,"elemNote":null,"sites":null,"type":"C","elems":"11112110"}},{"type":"Feature","geometry":{"type":"Point","coordinates":[139.5516667,38.5666667]},"properties":{"id":"35246","name":"鼠ケ関","kana":"ネズガセキ","en":"Nezugaseki","alt":18,"kind":"四","place":"鶴岡市鼠ケ関字横路","start":1976,"startRaw":"(昭50.5.23)昭51.12.3","windH":10.2,"tempH":2,"elemNote":null,"sites":null,"type":"C","elems":"11112010"}},{"type":"Feature","geometry":{"type":"Point","coordinates":[139.7883333,38.5233333]},"properties":{"id":"35257","name":"上田沢","kana":"カミタザワ","en":"Kamitazawa","alt":180,"kind":"雨","place":"鶴岡市上田沢字中明","start":2026,"startRaw":"令8.3.24","windH":null,"tempH":null,"elemNote":null,"sites":null,"type":"C","elems":"01000000"}},{"type":"Feature","geometry":{"type":"Point","coordinates":[140.3483333,38.46]},"properties":{"id":"35332","name":"村山","kana":"ムラヤマ","en":"Murayama","alt":80,"kind":"四","place":"村山市大字大久保字寄込","start":2002,"startRaw":"平14.6.4","windH":6.7,"tempH":2,"elemNote":null,"sites":null,"type":"C","elems":"11112010"}},{"type":"Feature","geometry":{"type":"Point","coordinates":[140.37,38.4116667]},"properties":{"id":"35334","name":"東根","kana":"ヒガシネ：山形空港","en":"Higashine","alt":105,"kind":"官","place":"東根市大字羽入字柏原新林　山形航空気象観測所","start":2003,"startRaw":"平15.1.1","windH":10,"tempH":null,"elemNote":"日照・湿度・気圧を除く","sites":null,"type":"C","elems":"11110000"}},{"type":"Feature","geometry":{"type":"Point","coordinates":[139.9933333,38.39]},"properties":{"id":"35361","name":"大井沢","kana":"オオイサワ","en":"Oisawa","alt":440,"kind":"四","place":"西村山郡西川町大井沢字中村","start":1978,"startRaw":"昭53.10.31","windH":9.9,"tempH":4.5,"elemNote":null,"sites":null,"type":"C","elems":"11112110"}},{"type":"Feature","geometry":{"type":"Point","coordinates":[140.1916667,38.37]},"properties":{"id":"35376","name":"左沢","kana":"アテラザワ","en":"Aterazawa","alt":133,"kind":"四","place":"西村山郡大江町本郷字下夕原己","start":1976,"startRaw":"#昭51.12.3","windH":6.4,"tempH":2,"elemNote":null,"sites":null,"type":"C","elems":"11112110"}},{"type":"Feature","geometry":{"type":"Point","coordinates":[140.345,38.255]},"properties":{"id":"35426","name":"山形","kana":"ヤマガタ","en":"Yamagata","alt":153,"kind":"官","place":"山形市緑町　山形地方気象台","start":1975,"startRaw":"#昭50.3.17","windH":14.9,"tempH":null,"elemNote":null,"sites":null,"type":"A","elems":"11111111"}},{"type":"Feature","geometry":{"type":"Point","coordinates":[140.015,38.105]},"properties":{"id":"35456","name":"長井","kana":"ナガイ","en":"Nagai","alt":210,"kind":"四","place":"長井市平山","start":1976,"startRaw":"#昭51.12.10","windH":8.9,"tempH":3,"elemNote":null,"sites":null,"type":"C","elems":"11112110"}},{"type":"Feature","geometry":{"type":"Point","coordinates":[140.2133333,38.1166667]},"properties":{"id":"35466","name":"上山中山","kana":"カミノヤマナカヤマ","en":"Kaminoyama-Nakayama","alt":270,"kind":"雨","place":"上山市中山字壁屋敷","start":2005,"startRaw":"平17.10.25","windH":null,"tempH":null,"elemNote":null,"sites":null,"type":"C","elems":"01000000"}},{"type":"Feature","geometry":{"type":"Point","coordinates":[139.735,38.0783333]},"properties":{"id":"35486","name":"小国","kana":"オグニ","en":"Oguni","alt":140,"kind":"四","place":"西置賜郡小国町増岡字下林","start":1976,"startRaw":"#昭51.12.8","windH":9.9,"tempH":4,"elemNote":null,"sites":null,"type":"C","elems":"11112110"}},{"type":"Feature","geometry":{"type":"Point","coordinates":[140.2066667,38.0033333]},"properties":{"id":"35511","name":"高畠","kana":"タカハタ","en":"Takahata","alt":220,"kind":"四","place":"東置賜郡高畠町安久津字加茂川原","start":1976,"startRaw":"昭51.12.9","windH":9.9,"tempH":2.5,"elemNote":null,"sites":null,"type":"C","elems":"11112010"}},{"type":"Feature","geometry":{"type":"Point","coordinates":[139.8433333,37.91]},"properties":{"id":"35537","name":"中津川","kana":"ナカツガワ","en":"Nakatsugawa","alt":390,"kind":"雨","place":"西置賜郡飯豊町岩倉","start":1981,"startRaw":"昭56.6.30","windH":null,"tempH":null,"elemNote":null,"sites":null,"type":"C","elems":"01000000"}},{"type":"Feature","geometry":{"type":"Point","coordinates":[139.9533333,37.99]},"properties":{"id":"35541","name":"高峰","kana":"タカミネ","en":"Takamine","alt":260,"kind":"四","place":"西置賜郡飯豊町高峰","start":1976,"startRaw":"#昭51.11.22","windH":9.9,"tempH":3.5,"elemNote":null,"sites":null,"type":"C","elems":"11112010"}},{"type":"Feature","geometry":{"type":"Point","coordinates":[140.1433333,37.9116667]},"properties":{"id":"35552","name":"米沢","kana":"ヨネザワ","en":"Yonezawa","alt":245,"kind":"四","place":"米沢市アルカディア","start":2005,"startRaw":"平17.12.1","windH":9.3,"tempH":2.5,"elemNote":null,"sites":null,"type":"C","elems":"11112110"}},{"type":"Feature","geometry":{"type":"Point","coordinates":[140.4366667,37.8916667]},"properties":{"id":"36056","name":"茂庭","kana":"モニワ","en":"Moniwa","alt":200,"kind":"四","place":"福島市飯坂町茂庭字滑滝道","start":1992,"startRaw":"平4.10.23","windH":6.4,"tempH":3,"elemNote":null,"sites":null,"type":"C","elems":"11112110"}},{"type":"Feature","geometry":{"type":"Point","coordinates":[140.5883333,37.8516667]},"properties":{"id":"36066","name":"梁川","kana":"ヤナガワ","en":"Yanagawa","alt":43,"kind":"四","place":"伊達市梁川町粟野字作田","start":1976,"startRaw":"#昭51.12.6","windH":9.3,"tempH":1.5,"elemNote":null,"sites":null,"type":"C","elems":"11112010"}},{"type":"Feature","geometry":{"type":"Point","coordinates":[140.0583333,37.7216667]},"properties":{"id":"36106","name":"桧原","kana":"ヒバラ","en":"Hibara","alt":824,"kind":"四","place":"耶麻郡北塩原村桧原字墓下","start":1978,"startRaw":"昭53.10.26","windH":9.3,"tempH":4,"elemNote":null,"sites":null,"type":"C","elems":"11112010"}},{"type":"Feature","geometry":{"type":"Point","coordinates":[140.47,37.7583333]},"properties":{"id":"36127","name":"福島","kana":"フクシマ","en":"Fukushima","alt":67,"kind":"官","place":"福島市松木町　福島地方気象台","start":2021,"startRaw":"令3.3.18","windH":null,"tempH":null,"elemNote":"気温、雨、日照 ／ 風","sites":2,"type":"A","elems":"11111111"}},{"type":"Feature","geometry":{"type":"Point","coordinates":[140.925,37.7833333]},"properties":{"id":"36151","name":"相馬","kana":"ソウマ","en":"Soma","alt":9,"kind":"四","place":"相馬市成田字五郎右エ門橋","start":1976,"startRaw":"#昭51.12.7","windH":6.5,"tempH":1.5,"elemNote":null,"sites":null,"type":"C","elems":"11112010"}},{"type":"Feature","geometry":{"type":"Point","coordinates":[139.8633333,37.6583333]},"properties":{"id":"36176","name":"喜多方","kana":"キタカタ","en":"Kitakata","alt":212,"kind":"四","place":"喜多方市字押切","start":1976,"startRaw":"#昭51.12.13","windH":9.9,"tempH":3.5,"elemNote":null,"sites":null,"type":"C","elems":"11112010"}},{"type":"Feature","geometry":{"type":"Point","coordinates":[140.26,37.6683333]},"properties":{"id":"36196","name":"鷲倉","kana":"ワシクラ","en":"Washikura","alt":1220,"kind":"四","place":"福島市土湯温泉町字鷲倉山国有林","start":1976,"startRaw":"昭51.11.16","windH":6.4,"tempH":3,"elemNote":null,"sites":null,"type":"C","elems":"11112010"}},{"type":"Feature","geometry":{"type":"Point","coordinates":[140.7266667,37.665]},"properties":{"id":"36221","name":"飯舘","kana":"イイタテ","en":"Iitate","alt":463,"kind":"四","place":"相馬郡飯舘村飯樋字笠石","start":1976,"startRaw":"昭51.12.4","windH":9.9,"tempH":1.5,"elemNote":null,"sites":null,"type":"C","elems":"11112010"}},{"type":"Feature","geometry":{"type":"Point","coordinates":[140.9833333,37.6383333]},"properties":{"id":"36231","name":"原町","kana":"ハラマチ","en":"Haramachi","alt":17,"kind":"雨","place":"南相馬市原町区高見町","start":null,"startRaw":"#","windH":null,"tempH":null,"elemNote":null,"sites":null,"type":"C","elems":"01000000"}},{"type":"Feature","geometry":{"type":"Point","coordinates":[139.6566667,37.5883333]},"properties":{"id":"36251","name":"西会津","kana":"ニシアイヅ","en":"Nishiaizu","alt":165,"kind":"四","place":"耶麻郡西会津町尾野本字樋ノ口原乙","start":1976,"startRaw":"(昭50.5.21)昭51.11.24","windH":9.9,"tempH":3,"elemNote":null,"sites":null,"type":"C","elems":"11112110"}},{"type":"Feature","geometry":{"type":"Point","coordinates":[140.1083333,37.5516667]},"properties":{"id":"36276","name":"猪苗代","kana":"イナワシロ","en":"Inawashiro","alt":519,"kind":"四","place":"耶麻郡猪苗代町大字千代田字中島","start":1976,"startRaw":"#昭51.11.30","windH":9.9,"tempH":3.5,"elemNote":null,"sites":null,"type":"C","elems":"11112110"}},{"type":"Feature","geometry":{"type":"Point","coordinates":[140.43,37.5833333]},"properties":{"id":"36291","name":"二本松","kana":"ニホンマツ","en":"Nihonmatsu","alt":235,"kind":"四","place":"二本松市金色久保","start":1976,"startRaw":"#昭51.12.3","windH":9.9,"tempH":1.5,"elemNote":null,"sites":null,"type":"C","elems":"11112010"}},{"type":"Feature","geometry":{"type":"Point","coordinates":[140.7533333,37.56]},"properties":{"id":"36307","name":"津島","kana":"ツシマ","en":"Tsushima","alt":400,"kind":"雨","place":"双葉郡浪江町下津島字町","start":1977,"startRaw":"昭52.3.23","windH":null,"tempH":null,"elemNote":null,"sites":null,"type":"C","elems":"01000000"}},{"type":"Feature","geometry":{"type":"Point","coordinates":[139.5283333,37.4733333]},"properties":{"id":"36342","name":"金山","kana":"カネヤマ","en":"Kaneyama","alt":296,"kind":"四","place":"大沼郡金山町大字中川字沖根原","start":2007,"startRaw":"平19.12.19","windH":9.9,"tempH":4.5,"elemNote":null,"sites":null,"type":"C","elems":"11112110"}},{"type":"Feature","geometry":{"type":"Point","coordinates":[139.91,37.4883333]},"properties":{"id":"36361","name":"若松","kana":"ワカマツ","en":"Wakamatsu","alt":212,"kind":"官","place":"会津若松市材木町　若松特別地域気象観測所","start":1975,"startRaw":"#昭50.3.17","windH":19.1,"tempH":null,"elemNote":null,"sites":null,"type":"B","elems":"11111111"}},{"type":"Feature","geometry":{"type":"Point","coordinates":[140.5766667,37.435]},"properties":{"id":"36391","name":"船引","kana":"フネヒキ","en":"Funehiki","alt":421,"kind":"四","place":"田村市船引町船引字新房院","start":1976,"startRaw":"#昭51.12.2","windH":6.5,"tempH":1.5,"elemNote":null,"sites":null,"type":"C","elems":"11112010"}},{"type":"Feature","geometry":{"type":"Point","coordinates":[140.965,37.4916667]},"properties":{"id":"36411","name":"浪江","kana":"ナミエ","en":"Namie","alt":43,"kind":"四","place":"双葉郡浪江町大字川添字北上ノ原","start":1976,"startRaw":"#昭51.12.8","windH":9.9,"tempH":1.5,"elemNote":null,"sites":null,"type":"C","elems":"11112010"}},{"type":"Feature","geometry":{"type":"Point","coordinates":[139.3133333,37.3433333]},"properties":{"id":"36426","name":"只見","kana":"タダミ","en":"Tadami","alt":377,"kind":"四","place":"南会津郡只見町只見字原","start":1976,"startRaw":"#昭51.7.20","windH":10.4,"tempH":4.9,"elemNote":null,"sites":null,"type":"C","elems":"11112110"}},{"type":"Feature","geometry":{"type":"Point","coordinates":[140.09,37.3883333]},"properties":{"id":"36461","name":"湖南","kana":"コナン","en":"Konan","alt":536,"kind":"雨","place":"郡山市湖南町福良字家老","start":1982,"startRaw":"昭57.6.18","windH":null,"tempH":null,"elemNote":null,"sites":null,"type":"C","elems":"01000000"}},{"type":"Feature","geometry":{"type":"Point","coordinates":[140.33,37.3683333]},"properties":{"id":"36476","name":"郡山","kana":"コオリヤマ","en":"Koriyama","alt":249,"kind":"四","place":"郡山市安積町成田字東丸山","start":1976,"startRaw":"#昭51.3.12","windH":6.4,"tempH":1.5,"elemNote":null,"sites":null,"type":"C","elems":"11112010"}},{"type":"Feature","geometry":{"type":"Point","coordinates":[140.8083333,37.3366667]},"properties":{"id":"36501","name":"川内","kana":"カワウチ","en":"Kawauchi","alt":410,"kind":"四","place":"双葉郡川内村上川内字小山平","start":1976,"startRaw":"昭51.11.30","windH":9.9,"tempH":1.5,"elemNote":null,"sites":null,"type":"C","elems":"11112010"}},{"type":"Feature","geometry":{"type":"Point","coordinates":[141.0166667,37.3466667]},"properties":{"id":"36511","name":"富岡","kana":"トミオカ","en":"Tomioka","alt":50,"kind":"雨","place":"双葉郡富岡町小浜","start":null,"startRaw":"#","windH":null,"tempH":null,"elemNote":null,"sites":null,"type":"C","elems":"01000000"}},{"type":"Feature","geometry":{"type":"Point","coordinates":[139.5366667,37.265]},"properties":{"id":"36536","name":"南郷","kana":"ナンゴウ","en":"Nango","alt":494,"kind":"四","place":"南会津郡南会津町界字梨木平","start":1976,"startRaw":"#昭51.11.19","windH":7.9,"tempH":4.3,"elemNote":null,"sites":null,"type":"C","elems":"11112110"}},{"type":"Feature","geometry":{"type":"Point","coordinates":[140.0633333,37.2766667]},"properties":{"id":"36562","name":"湯本","kana":"ユモト","en":"Yumoto","alt":646,"kind":"四","place":"岩瀬郡天栄村田良尾字持石","start":1988,"startRaw":"昭63.10.5","windH":9.8,"tempH":2.5,"elemNote":null,"sites":null,"type":"C","elems":"11112110"}},{"type":"Feature","geometry":{"type":"Point","coordinates":[140.2183333,37.2883333]},"properties":{"id":"36571","name":"長沼","kana":"ナガヌマ","en":"Naganuma","alt":317,"kind":"雨","place":"須賀川市長沼字町尻","start":1978,"startRaw":"昭53.8.8","windH":null,"tempH":null,"elemNote":null,"sites":null,"type":"C","elems":"01000000"}},{"type":"Feature","geometry":{"type":"Point","coordinates":[140.4266667,37.2266667]},"properties":{"id":"36581","name":"玉川","kana":"タマカワ：福島空港","en":"Tamakawa","alt":372,"kind":"官","place":"石川郡玉川村大字北須釜字はばき田　福島航空気象観測所","start":2003,"startRaw":"平15.1.1","windH":10,"tempH":null,"elemNote":"日照・湿度・気圧を除く","sites":null,"type":"C","elems":"11110100"}},{"type":"Feature","geometry":{"type":"Point","coordinates":[140.625,37.2866667]},"properties":{"id":"36591","name":"小野新町","kana":"オノニイマチ","en":"Ono-Niimachi","alt":433,"kind":"四","place":"田村郡小野町小野新町字舘廻","start":1976,"startRaw":"#昭51.12.2","windH":9.9,"tempH":1.5,"elemNote":null,"sites":null,"type":"C","elems":"11112010"}},{"type":"Feature","geometry":{"type":"Point","coordinates":[140.7233333,37.2466667]},"properties":{"id":"36597","name":"川前","kana":"カワマエ","en":"Kawamae","alt":492,"kind":"雨","place":"いわき市川前町下桶売字久保田","start":2014,"startRaw":"平26.12.3","windH":null,"tempH":null,"elemNote":null,"sites":null,"type":"C","elems":"01000000"}},{"type":"Feature","geometry":{"type":"Point","coordinates":[141,37.2333333]},"properties":{"id":"36611","name":"広野","kana":"ヒロノ","en":"Hirono","alt":43,"kind":"四","place":"双葉郡広野町下北迫字大谷地原","start":1976,"startRaw":"(昭50.5.22)昭51.12.13","windH":9.9,"tempH":1.5,"elemNote":null,"sites":null,"type":"C","elems":"11112010"}},{"type":"Feature","geometry":{"type":"Point","coordinates":[139.795,37.2066667]},"properties":{"id":"36641","name":"田島","kana":"タジマ","en":"Tajima","alt":544,"kind":"四","place":"南会津郡南会津町田島字東下原","start":1976,"startRaw":"昭51.11.18","windH":9.9,"tempH":3,"elemNote":null,"sites":null,"type":"C","elems":"11112110"}},{"type":"Feature","geometry":{"type":"Point","coordinates":[140.215,37.1316667]},"properties":{"id":"36667","name":"白河","kana":"シラカワ","en":"Shirakawa","alt":355,"kind":"官","place":"白河市郭内　白河特別地域気象観測所","start":1994,"startRaw":"平6.1.28","windH":45.3,"tempH":null,"elemNote":null,"sites":null,"type":"B","elems":"11111111"}},{"type":"Feature","geometry":{"type":"Point","coordinates":[140.46,37.1466667]},"properties":{"id":"36676","name":"石川","kana":"イシカワ","en":"Ishikawa","alt":290,"kind":"四","place":"石川郡石川町双里字本宮","start":1976,"startRaw":"#昭51.11.26","windH":9.9,"tempH":1.5,"elemNote":null,"sites":null,"type":"C","elems":"11112010"}},{"type":"Feature","geometry":{"type":"Point","coordinates":[139.375,37.01]},"properties":{"id":"36716","name":"桧枝岐","kana":"ヒノエマタ","en":"Hinoemata","alt":973,"kind":"四","place":"南会津郡檜枝岐村字上河原","start":1978,"startRaw":"昭53.10.31","windH":9.9,"tempH":4.5,"elemNote":null,"sites":null,"type":"C","elems":"11112110"}},{"type":"Feature","geometry":{"type":"Point","coordinates":[139.5316667,37.0916667]},"properties":{"id":"36726","name":"舘岩","kana":"タテイワ","en":"Tateiwa","alt":690,"kind":"雨","place":"南会津郡南会津町松戸原","start":1978,"startRaw":"昭53.8.9","windH":null,"tempH":null,"elemNote":null,"sites":null,"type":"C","elems":"01000000"}},{"type":"Feature","geometry":{"type":"Point","coordinates":[140.8766667,37.065]},"properties":{"id":"36781","name":"平","kana":"タイラ","en":"Taira","alt":12,"kind":"雨","place":"いわき市好間町今新田字宮西","start":null,"startRaw":"#","windH":null,"tempH":null,"elemNote":null,"sites":null,"type":"C","elems":"01000000"}},{"type":"Feature","geometry":{"type":"Point","coordinates":[140.4083333,36.9383333]},"properties":{"id":"36821","name":"東白川","kana":"ヒガシシラカワ","en":"Higashi-Shirakawa","alt":183,"kind":"四","place":"東白川郡塙町大字上石井字新田","start":1976,"startRaw":"#昭51.11.25","windH":6.4,"tempH":1.5,"elemNote":null,"sites":null,"type":"C","elems":"11112010"}},{"type":"Feature","geometry":{"type":"Point","coordinates":[140.7333333,36.9333333]},"properties":{"id":"36836","name":"山田","kana":"ヤマダ","en":"Yamada","alt":25,"kind":"四","place":"いわき市山田町大谷","start":2009,"startRaw":"平21.3.17","windH":9.9,"tempH":1.5,"elemNote":null,"sites":null,"type":"C","elems":"11112010"}},{"type":"Feature","geometry":{"type":"Point","coordinates":[140.9033333,36.9466667]},"properties":{"id":"36846","name":"小名浜","kana":"オナハマ","en":"Onahama","alt":3,"kind":"官","place":"いわき市小名浜字船引場　小名浜特別地域気象観測所","start":1975,"startRaw":"#昭50.3.17","windH":null,"tempH":null,"elemNote":"気温、雨、日照 ／ 風","sites":2,"type":"B","elems":"11111011"}},{"type":"Feature","geometry":{"type":"Point","coordinates":[140.6366667,36.8683333]},"properties":{"id":"40041","name":"花園","kana":"ハナゾノ","en":"Hanazono","alt":370,"kind":"雨","place":"北茨城市華川町花園","start":null,"startRaw":"#","windH":null,"tempH":null,"elemNote":null,"sites":null,"type":"C","elems":"01000000"}},{"type":"Feature","geometry":{"type":"Point","coordinates":[140.7716667,36.8333333]},"properties":{"id":"40046","name":"北茨城","kana":"キタイバラキ","en":"KitaIbaraki","alt":5,"kind":"四","place":"北茨城市関南町関本下","start":1978,"startRaw":"#昭53.1.18","windH":9.9,"tempH":1.5,"elemNote":null,"sites":null,"type":"C","elems":"11112010"}},{"type":"Feature","geometry":{"type":"Point","coordinates":[140.345,36.7783333]},"properties":{"id":"40061","name":"大子","kana":"ダイゴ","en":"Daigo","alt":120,"kind":"四","place":"久慈郡大子町大子","start":1978,"startRaw":"#昭53.1.13","windH":9.9,"tempH":1.5,"elemNote":null,"sites":null,"type":"C","elems":"11112010"}},{"type":"Feature","geometry":{"type":"Point","coordinates":[140.4816667,36.7783333]},"properties":{"id":"40066","name":"徳田","kana":"トクダ","en":"Tokuda","alt":270,"kind":"雨","place":"常陸太田市徳田町","start":1977,"startRaw":"昭52.7.15","windH":null,"tempH":null,"elemNote":null,"sites":null,"type":"C","elems":"01000000"}},{"type":"Feature","geometry":{"type":"Point","coordinates":[140.5933333,36.7433333]},"properties":{"id":"40076","name":"大能","kana":"オオノウ","en":"Ono","alt":395,"kind":"雨","place":"高萩市大能","start":1985,"startRaw":"昭60.6.5","windH":null,"tempH":null,"elemNote":null,"sites":null,"type":"C","elems":"01000000"}},{"type":"Feature","geometry":{"type":"Point","coordinates":[140.325,36.6066667]},"properties":{"id":"40091","name":"常陸大宮","kana":"ヒタチオオミヤ","en":"Hitachi-omiya","alt":95,"kind":"四","place":"常陸大宮市上小瀬","start":1978,"startRaw":"昭53.12.20","windH":10.2,"tempH":1.5,"elemNote":null,"sites":null,"type":"C","elems":"11112010"}},{"type":"Feature","geometry":{"type":"Point","coordinates":[140.4733333,36.515]},"properties":{"id":"40126","name":"中野","kana":"ナカノ","en":"Nakano","alt":17,"kind":"雨","place":"常陸太田市中野町","start":1977,"startRaw":"昭52.7.13","windH":null,"tempH":null,"elemNote":null,"sites":null,"type":"C","elems":"01000000"}},{"type":"Feature","geometry":{"type":"Point","coordinates":[140.645,36.58]},"properties":{"id":"40136","name":"日立","kana":"ヒタチ","en":"Hitachi","alt":34,"kind":"四","place":"日立市会瀬町","start":1978,"startRaw":"(昭50.5.20)昭53.1.18","windH":9.9,"tempH":1.5,"elemNote":null,"sites":null,"type":"C","elems":"11112010"}},{"type":"Feature","geometry":{"type":"Point","coordinates":[140.0333333,36.3333333]},"properties":{"id":"40181","name":"門井","kana":"カドイ","en":"Kadoi","alt":40,"kind":"雨","place":"筑西市門井","start":1982,"startRaw":"昭57.6.23","windH":null,"tempH":null,"elemNote":null,"sites":null,"type":"C","elems":"01000000"}},{"type":"Feature","geometry":{"type":"Point","coordinates":[140.24,36.395]},"properties":{"id":"40191","name":"笠間","kana":"カサマ","en":"Kasama","alt":72,"kind":"四","place":"笠間市箱田","start":1978,"startRaw":"#昭53.1.31","windH":9.9,"tempH":1.5,"elemNote":null,"sites":null,"type":"C","elems":"11112010"}},{"type":"Feature","geometry":{"type":"Point","coordinates":[140.4666667,36.38]},"properties":{"id":"40201","name":"水戸","kana":"ミト","en":"Mito","alt":29,"kind":"官","place":"水戸市金町　水戸地方気象台","start":1975,"startRaw":"#昭50.3.3","windH":14.1,"tempH":null,"elemNote":null,"sites":null,"type":"A","elems":"11111111"}},{"type":"Feature","geometry":{"type":"Point","coordinates":[139.7166667,36.2016667]},"properties":{"id":"40221","name":"古河","kana":"コガ","en":"Koga","alt":20,"kind":"四","place":"古河市北町","start":1978,"startRaw":"#昭53.1.11","windH":9.9,"tempH":1.5,"elemNote":null,"sites":null,"type":"C","elems":"11112010"}},{"type":"Feature","geometry":{"type":"Point","coordinates":[139.9883333,36.2816667]},"properties":{"id":"40231","name":"下館","kana":"シモダテ","en":"Shimodate","alt":24,"kind":"四","place":"筑西市西石田","start":2001,"startRaw":"平13.12.10","windH":6.4,"tempH":1.5,"elemNote":null,"sites":null,"type":"C","elems":"11112010"}},{"type":"Feature","geometry":{"type":"Point","coordinates":[140.1883333,36.2333333]},"properties":{"id":"40241","name":"柿岡","kana":"カキオカ","en":"Kakioka","alt":27,"kind":"雨","place":"石岡市柿岡","start":1975,"startRaw":"昭50.5.20","windH":null,"tempH":null,"elemNote":null,"sites":null,"type":"C","elems":"01000000"}},{"type":"Feature","geometry":{"type":"Point","coordinates":[140.325,36.2366667]},"properties":{"id":"40251","name":"美野里","kana":"ミノリ","en":"Minori","alt":25,"kind":"雨","place":"小美玉市部室","start":1975,"startRaw":"昭50.5.20","windH":null,"tempH":null,"elemNote":null,"sites":null,"type":"C","elems":"01000000"}},{"type":"Feature","geometry":{"type":"Point","coordinates":[139.945,36.1683333]},"properties":{"id":"40281","name":"下妻","kana":"シモツマ","en":"Shimotsuma","alt":20,"kind":"四","place":"下妻市二本紀","start":1978,"startRaw":"#昭53.1.11","windH":9.9,"tempH":1.5,"elemNote":null,"sites":null,"type":"C","elems":"11112010"}},{"type":"Feature","geometry":{"type":"Point","coordinates":[140.5266667,36.1683333]},"properties":{"id":"40311","name":"鉾田","kana":"ホコタ","en":"Hokota","alt":32,"kind":"四","place":"鉾田市安房","start":1978,"startRaw":"昭53.1.31","windH":9.9,"tempH":1.5,"elemNote":null,"sites":null,"type":"C","elems":"11112010"}},{"type":"Feature","geometry":{"type":"Point","coordinates":[139.8916667,36.0433333]},"properties":{"id":"40326","name":"坂東","kana":"バンドウ","en":"Bando","alt":16,"kind":"雨","place":"坂東市辺田","start":null,"startRaw":"#","windH":null,"tempH":null,"elemNote":null,"sites":null,"type":"C","elems":"01000000"}},{"type":"Feature","geometry":{"type":"Point","coordinates":[140.125,36.0566667]},"properties":{"id":"40336","name":"つくば","kana":"ツクバ","en":"Tsukuba","alt":25,"kind":"官","place":"つくば市長峰　高層気象台","start":1990,"startRaw":"平2.3.9","windH":10.6,"tempH":null,"elemNote":null,"sites":null,"type":"C","elems":"11111110"}},{"type":"Feature","geometry":{"type":"Point","coordinates":[140.22,36.1033333]},"properties":{"id":"40341","name":"土浦","kana":"ツチウラ","en":"Tsuchiura","alt":26,"kind":"四","place":"土浦市木田余東台","start":1978,"startRaw":"#昭53.1.12","windH":9.9,"tempH":1.5,"elemNote":null,"sites":null,"type":"C","elems":"11112010"}},{"type":"Feature","geometry":{"type":"Point","coordinates":[140.32,35.96]},"properties":{"id":"40391","name":"江戸崎","kana":"エドサキ","en":"Edosaki","alt":25,"kind":"雨","place":"稲敷市江戸崎甲","start":1975,"startRaw":"昭50.3.28","windH":null,"tempH":null,"elemNote":null,"sites":null,"type":"C","elems":"01000000"}},{"type":"Feature","geometry":{"type":"Point","coordinates":[140.6216667,35.9633333]},"properties":{"id":"40406","name":"鹿嶋","kana":"カシマ","en":"Kashima","alt":37,"kind":"四","place":"鹿嶋市城山","start":1978,"startRaw":"#昭53.1.17","windH":9.9,"tempH":1.5,"elemNote":null,"sites":null,"type":"C","elems":"11112010"}},{"type":"Feature","geometry":{"type":"Point","coordinates":[140.2116667,35.89]},"properties":{"id":"40426","name":"龍ケ崎","kana":"リュウガサキ","en":"Ryugasaki","alt":4,"kind":"四","place":"龍ケ崎市大徳町","start":1978,"startRaw":"(昭50.5.20)昭53.12.19","windH":9.3,"tempH":1.5,"elemNote":null,"sites":null,"type":"C","elems":"11112010"}},{"type":"Feature","geometry":{"type":"Point","coordinates":[140.035,37.1233333]},"properties":{"id":"41011","name":"那須高原","kana":"ナスコウゲン","en":"Nasu Highlands","alt":749,"kind":"四","place":"那須郡那須町大島","start":1977,"startRaw":"#昭52.11.9","windH":6.6,"tempH":1.5,"elemNote":null,"sites":null,"type":"C","elems":"11112110"}},{"type":"Feature","geometry":{"type":"Point","coordinates":[139.695,36.9216667]},"properties":{"id":"41076","name":"五十里","kana":"イカリ","en":"Ikari","alt":620,"kind":"四","place":"日光市五十里堀割","start":1977,"startRaw":"(昭50.5.20)昭52.11.10","windH":9.9,"tempH":1.5,"elemNote":null,"sites":null,"type":"C","elems":"11112010"}},{"type":"Feature","geometry":{"type":"Point","coordinates":[140.0183333,36.9816667]},"properties":{"id":"41091","name":"黒磯","kana":"クロイソ","en":"Kuroiso","alt":343,"kind":"四","place":"那須塩原市埼玉","start":1977,"startRaw":"#昭52.12.26","windH":9.9,"tempH":1.5,"elemNote":null,"sites":null,"type":"C","elems":"11112010"}},{"type":"Feature","geometry":{"type":"Point","coordinates":[139.5683333,36.8916667]},"properties":{"id":"41116","name":"土呂部","kana":"ドロブ","en":"Dorobu","alt":925,"kind":"四","place":"日光市土呂部","start":1977,"startRaw":"昭52.11.10","windH":9.9,"tempH":1.5,"elemNote":null,"sites":null,"type":"C","elems":"11112110"}},{"type":"Feature","geometry":{"type":"Point","coordinates":[140.035,36.84]},"properties":{"id":"41141","name":"大田原","kana":"オオタワラ","en":"Otawara","alt":188,"kind":"四","place":"大田原市宇田川","start":1976,"startRaw":"#昭51.2.20","windH":9.9,"tempH":1.5,"elemNote":null,"sites":null,"type":"C","elems":"11112010"}},{"type":"Feature","geometry":{"type":"Point","coordinates":[139.5,36.7383333]},"properties":{"id":"41166","name":"奥日光","kana":"オクニッコウ","en":"Oku-Nikko","alt":1292,"kind":"官","place":"日光市中宮祠　日光特別地域気象観測所","start":1975,"startRaw":"#昭50.11.27","windH":11.3,"tempH":null,"elemNote":null,"sites":null,"type":"B","elems":"11111111"}},{"type":"Feature","geometry":{"type":"Point","coordinates":[139.615,36.75]},"properties":{"id":"41172","name":"日光東町","kana":"ニッコウヒガシマチ","en":"Nikkohigashimachi","alt":561,"kind":"四","place":"日光市稲荷町","start":2022,"startRaw":"令4.11.16","windH":10.3,"tempH":1.5,"elemNote":null,"sites":null,"type":"C","elems":"11112010"}},{"type":"Feature","geometry":{"type":"Point","coordinates":[139.8833333,36.7566667]},"properties":{"id":"41181","name":"塩谷","kana":"シオヤ","en":"Shioya","alt":225,"kind":"四","place":"塩谷郡塩谷町大字田所","start":1978,"startRaw":"昭53.12.21","windH":10.4,"tempH":1.5,"elemNote":null,"sites":null,"type":"C","elems":"11112010"}},{"type":"Feature","geometry":{"type":"Point","coordinates":[139.4483333,36.6466667]},"properties":{"id":"41211","name":"足尾","kana":"アシオ","en":"Ashio","alt":650,"kind":"雨","place":"日光市足尾町","start":1975,"startRaw":"昭50.5.20","windH":null,"tempH":null,"elemNote":null,"sites":null,"type":"C","elems":"01000000"}},{"type":"Feature","geometry":{"type":"Point","coordinates":[139.9983333,36.6066667]},"properties":{"id":"41241","name":"高根沢","kana":"タカネザワ","en":"Takanezawa","alt":148,"kind":"雨","place":"塩谷郡高根沢町上高根沢台の原","start":null,"startRaw":"#","windH":null,"tempH":null,"elemNote":null,"sites":null,"type":"C","elems":"01000000"}},{"type":"Feature","geometry":{"type":"Point","coordinates":[140.1166667,36.6416667]},"properties":{"id":"41247","name":"那須烏山","kana":"ナスカラスヤマ","en":"Nasu-Karasuyama","alt":82,"kind":"四","place":"那須烏山市森田字小塙前","start":2009,"startRaw":"平21.2.24","windH":10.4,"tempH":1.5,"elemNote":null,"sites":null,"type":"C","elems":"11112010"}},{"type":"Feature","geometry":{"type":"Point","coordinates":[139.735,36.5916667]},"properties":{"id":"41271","name":"鹿沼","kana":"カヌマ","en":"Kanuma","alt":165,"kind":"四","place":"鹿沼市見野","start":1978,"startRaw":"#昭53.1.10","windH":10.4,"tempH":1.5,"elemNote":null,"sites":null,"type":"C","elems":"11112010"}},{"type":"Feature","geometry":{"type":"Point","coordinates":[139.8683333,36.5483333]},"properties":{"id":"41277","name":"宇都宮","kana":"ウツノミヤ","en":"Utsunomiya","alt":119,"kind":"官","place":"宇都宮市明保野町　宇都宮地方気象台","start":null,"startRaw":"平元.12.20","windH":49.4,"tempH":null,"elemNote":null,"sites":null,"type":"A","elems":"11111111"}},{"type":"Feature","geometry":{"type":"Point","coordinates":[139.59,36.4316667]},"properties":{"id":"41311","name":"葛生","kana":"クズウ","en":"Kuzuu","alt":120,"kind":"雨","place":"佐野市豊代町","start":null,"startRaw":"#","windH":null,"tempH":null,"elemNote":null,"sites":null,"type":"C","elems":"01000000"}},{"type":"Feature","geometry":{"type":"Point","coordinates":[139.9866667,36.4766667]},"properties":{"id":"41331","name":"真岡","kana":"モオカ","en":"Mooka","alt":91,"kind":"四","place":"真岡市下籠谷","start":1978,"startRaw":"#昭53.1.10","windH":9.9,"tempH":1.5,"elemNote":null,"sites":null,"type":"C","elems":"11112010"}},{"type":"Feature","geometry":{"type":"Point","coordinates":[139.4616667,36.3416667]},"properties":{"id":"41356","name":"足利","kana":"アシカガ","en":"Ashikaga","alt":35,"kind":"雨","place":"足利市元学町","start":null,"startRaw":"#","windH":null,"tempH":null,"elemNote":null,"sites":null,"type":"C","elems":"01000000"}},{"type":"Feature","geometry":{"type":"Point","coordinates":[139.57,36.3633333]},"properties":{"id":"41361","name":"佐野","kana":"サノ","en":"Sano","alt":68,"kind":"四","place":"佐野市田沼町","start":1978,"startRaw":"(昭50.5.20)昭53.1.10","windH":10.7,"tempH":1.5,"elemNote":null,"sites":null,"type":"C","elems":"11112010"}},{"type":"Feature","geometry":{"type":"Point","coordinates":[139.7033333,36.3733333]},"properties":{"id":"41371","name":"栃木","kana":"トチギ","en":"Tochigi","alt":65,"kind":"雨","place":"栃木市平井町","start":null,"startRaw":"#","windH":null,"tempH":null,"elemNote":null,"sites":null,"type":"C","elems":"01000000"}},{"type":"Feature","geometry":{"type":"Point","coordinates":[139.83,36.3383333]},"properties":{"id":"41376","name":"小山","kana":"オヤマ","en":"Oyama","alt":44,"kind":"四","place":"小山市出井","start":1978,"startRaw":"#昭53.1.10","windH":16.1,"tempH":1.5,"elemNote":null,"sites":null,"type":"C","elems":"11112010"}},{"type":"Feature","geometry":{"type":"Point","coordinates":[139.0583333,36.8633333]},"properties":{"id":"42046","name":"藤原","kana":"フジワラ","en":"Fujiwara","alt":700,"kind":"四","place":"利根郡みなかみ町藤原字屋倉","start":1977,"startRaw":"昭52.11.11","windH":9.9,"tempH":4,"elemNote":null,"sites":null,"type":"C","elems":"11112110"}},{"type":"Feature","geometry":{"type":"Point","coordinates":[138.965,36.7733333]},"properties":{"id":"42091","name":"みなかみ","kana":"ミナカミ","en":"Minakami","alt":524,"kind":"四","place":"利根郡みなかみ町湯原","start":1977,"startRaw":"(昭50.5.20)昭52.12.23","windH":10,"tempH":3,"elemNote":null,"sites":null,"type":"C","elems":"11112110"}},{"type":"Feature","geometry":{"type":"Point","coordinates":[139.2383333,36.7716667]},"properties":{"id":"42106","name":"片品","kana":"カタシナ","en":"Katashina","alt":861,"kind":"雨","place":"利根郡片品村鎌田","start":1977,"startRaw":"昭52.7.19","windH":null,"tempH":null,"elemNote":null,"sites":null,"type":"C","elems":"01000000"}},{"type":"Feature","geometry":{"type":"Point","coordinates":[138.5916667,36.6166667]},"properties":{"id":"42121","name":"草津","kana":"クサツ","en":"Kusatsu","alt":1223,"kind":"四","place":"吾妻郡草津町草津","start":1977,"startRaw":"#昭52.12.23","windH":7.4,"tempH":2.5,"elemNote":null,"sites":null,"type":"C","elems":"11112110"}},{"type":"Feature","geometry":{"type":"Point","coordinates":[139.0216667,36.6683333]},"properties":{"id":"42146","name":"沼田","kana":"ヌマタ","en":"Numata","alt":390,"kind":"四","place":"沼田市井土上町","start":1977,"startRaw":"#昭52.12.21","windH":9.9,"tempH":1.5,"elemNote":null,"sites":null,"type":"C","elems":"11112010"}},{"type":"Feature","geometry":{"type":"Point","coordinates":[138.85,36.5866667]},"properties":{"id":"42186","name":"中之条","kana":"ナカノジョウ","en":"Nakanojo","alt":354,"kind":"四","place":"吾妻郡中之条町伊勢町","start":1977,"startRaw":"(昭50.5.20)昭52.12.21","windH":9.9,"tempH":1.5,"elemNote":null,"sites":null,"type":"C","elems":"11112010"}},{"type":"Feature","geometry":{"type":"Point","coordinates":[138.4633333,36.4633333]},"properties":{"id":"42221","name":"田代","kana":"タシロ","en":"Tashiro","alt":1230,"kind":"四","place":"吾妻郡嬬恋村田代","start":1977,"startRaw":"#昭52.12.22","windH":9.9,"tempH":2,"elemNote":null,"sites":null,"type":"C","elems":"11112010"}},{"type":"Feature","geometry":{"type":"Point","coordinates":[138.8733333,36.4716667]},"properties":{"id":"42241","name":"榛名山","kana":"ハルナサン","en":"Mt. Haruna","alt":1088,"kind":"雨","place":"高崎市榛名湖町沼ノ原甲","start":null,"startRaw":"#","windH":null,"tempH":null,"elemNote":null,"sites":null,"type":"C","elems":"01000000"}},{"type":"Feature","geometry":{"type":"Point","coordinates":[139.06,36.405]},"properties":{"id":"42251","name":"前橋","kana":"マエバシ","en":"Maebashi","alt":112,"kind":"官","place":"前橋市昭和町　前橋地方気象台","start":1975,"startRaw":"#昭50.2.27","windH":null,"tempH":null,"elemNote":"気温、雨 ／ 風、日照","sites":2,"type":"A","elems":"11111111"}},{"type":"Feature","geometry":{"type":"Point","coordinates":[139.2833333,36.5016667]},"properties":{"id":"42261","name":"黒保根","kana":"クロホネ","en":"kurohone","alt":285,"kind":"雨","place":"桐生市黒保根町水沼","start":1978,"startRaw":"昭53.6.16","windH":null,"tempH":null,"elemNote":null,"sites":null,"type":"C","elems":"01000000"}},{"type":"Feature","geometry":{"type":"Point","coordinates":[139.325,36.41]},"properties":{"id":"42266","name":"桐生","kana":"キリュウ","en":"Kiryu","alt":117,"kind":"四","place":"桐生市元宿町","start":1976,"startRaw":"#昭51.2.6","windH":9.9,"tempH":1.5,"elemNote":null,"sites":null,"type":"C","elems":"11112010"}},{"type":"Feature","geometry":{"type":"Point","coordinates":[138.895,36.3766667]},"properties":{"id":"42286","name":"上里見","kana":"カミサトミ","en":"Kami-Satomi","alt":183,"kind":"四","place":"高崎市上里見町","start":1977,"startRaw":"#昭52.12.20","windH":6.4,"tempH":1.5,"elemNote":null,"sites":null,"type":"C","elems":"11112010"}},{"type":"Feature","geometry":{"type":"Point","coordinates":[139.165,36.3316667]},"properties":{"id":"42302","name":"伊勢崎","kana":"イセサキ","en":"Isesaki","alt":64,"kind":"四","place":"伊勢崎市宮子町","start":1998,"startRaw":"平10.7.27","windH":11.9,"tempH":1.5,"elemNote":null,"sites":null,"type":"C","elems":"11112010"}},{"type":"Feature","geometry":{"type":"Point","coordinates":[138.7066667,36.245]},"properties":{"id":"42326","name":"西野牧","kana":"ニシノマキ","en":"Nishinomaki","alt":375,"kind":"四","place":"甘楽郡下仁田町西野牧","start":1977,"startRaw":"#昭52.12.20","windH":9.9,"tempH":1.5,"elemNote":null,"sites":null,"type":"C","elems":"11112010"}},{"type":"Feature","geometry":{"type":"Point","coordinates":[139.07,36.2416667]},"properties":{"id":"42341","name":"藤岡","kana":"フジオカ","en":"Fujioka","alt":95,"kind":"雨","place":"藤岡市藤岡","start":null,"startRaw":"#","windH":null,"tempH":null,"elemNote":null,"sites":null,"type":"C","elems":"01000000"}},{"type":"Feature","geometry":{"type":"Point","coordinates":[139.5133333,36.24]},"properties":{"id":"42366","name":"館林","kana":"タテバヤシ","en":"Tatebayashi","alt":23,"kind":"四","place":"館林市富士原町","start":1978,"startRaw":"#昭53.12.22","windH":10,"tempH":1.5,"elemNote":null,"sites":null,"type":"C","elems":"11112010"}},{"type":"Feature","geometry":{"type":"Point","coordinates":[138.8966667,36.1083333]},"properties":{"id":"42396","name":"神流","kana":"カンナ","en":"Kanna","alt":357,"kind":"四","place":"多野郡神流町大字黒田字坂井道下","start":1977,"startRaw":"昭52.11.17","windH":8.4,"tempH":1.5,"elemNote":null,"sites":null,"type":"C","elems":"11112010"}},{"type":"Feature","geometry":{"type":"Point","coordinates":[139.1833333,36.105]},"properties":{"id":"43051","name":"寄居","kana":"ヨリイ","en":"Yorii","alt":128,"kind":"四","place":"大里郡寄居町大字折原","start":1977,"startRaw":"(昭50.5.17)昭52.12.20","windH":9.9,"tempH":1.5,"elemNote":null,"sites":null,"type":"C","elems":"11112010"}},{"type":"Feature","geometry":{"type":"Point","coordinates":[139.38,36.15]},"properties":{"id":"43056","name":"熊谷","kana":"クマガヤ","en":"Kumagaya","alt":30,"kind":"官","place":"熊谷市桜町　熊谷地方気象台","start":1975,"startRaw":"#昭50.3.3","windH":16.7,"tempH":null,"elemNote":null,"sites":null,"type":"A","elems":"11111111"}},{"type":"Feature","geometry":{"type":"Point","coordinates":[138.98,36.0533333]},"properties":{"id":"43091","name":"上吉田","kana":"カミヨシダ","en":"Kamiyoshida","alt":275,"kind":"雨","place":"秩父市上吉田","start":1977,"startRaw":"昭52.8.25","windH":null,"tempH":null,"elemNote":null,"sites":null,"type":"C","elems":"01000000"}},{"type":"Feature","geometry":{"type":"Point","coordinates":[139.5216667,36.065]},"properties":{"id":"43121","name":"鴻巣","kana":"コウノス","en":"Konosu","alt":15,"kind":"雨","place":"鴻巣市中央","start":1975,"startRaw":"昭50.6.11","windH":null,"tempH":null,"elemNote":null,"sites":null,"type":"C","elems":"01000000"}},{"type":"Feature","geometry":{"type":"Point","coordinates":[139.635,36.0866667]},"properties":{"id":"43126","name":"久喜","kana":"クキ","en":"Kuki","alt":12,"kind":"四","place":"久喜市六万部","start":1977,"startRaw":"#昭52.12.20","windH":9.9,"tempH":1.5,"elemNote":null,"sites":null,"type":"C","elems":"11112010"}},{"type":"Feature","geometry":{"type":"Point","coordinates":[138.9233333,35.9266667]},"properties":{"id":"43151","name":"三峰","kana":"ミツミネ","en":"Mitsumine","alt":975,"kind":"雨","place":"秩父市三峰","start":1975,"startRaw":"昭50.5.16","windH":null,"tempH":null,"elemNote":null,"sites":null,"type":"C","elems":"01000000"}},{"type":"Feature","geometry":{"type":"Point","coordinates":[139.0733333,35.99]},"properties":{"id":"43156","name":"秩父","kana":"チチブ","en":"Chichibu","alt":232,"kind":"官","place":"秩父市上町　秩父特別地域気象観測所","start":1975,"startRaw":"#昭50.11.28","windH":17.2,"tempH":null,"elemNote":null,"sites":null,"type":"B","elems":"11111111"}},{"type":"Feature","geometry":{"type":"Point","coordinates":[139.07,35.92]},"properties":{"id":"43157","name":"浦山","kana":"ウラヤマ","en":"Urayama","alt":400,"kind":"雨","place":"秩父市浦山","start":1977,"startRaw":"昭52.6.28","windH":null,"tempH":null,"elemNote":null,"sites":null,"type":"C","elems":"01000000"}},{"type":"Feature","geometry":{"type":"Point","coordinates":[139.2066667,35.99]},"properties":{"id":"43162","name":"ときがわ","kana":"トキガワ","en":"Tokigawa","alt":295,"kind":"雨","place":"比企郡ときがわ町大字大野字宮澤","start":2000,"startRaw":"平12.4.28","windH":null,"tempH":null,"elemNote":null,"sites":null,"type":"C","elems":"01000000"}},{"type":"Feature","geometry":{"type":"Point","coordinates":[139.335,35.985]},"properties":{"id":"43171","name":"鳩山","kana":"ハトヤマ","en":"Hatoyama","alt":44,"kind":"四","place":"比企郡鳩山町大字赤沼","start":1977,"startRaw":"昭52.12.22","windH":6.4,"tempH":1.5,"elemNote":null,"sites":null,"type":"C","elems":"11112010"}},{"type":"Feature","geometry":{"type":"Point","coordinates":[139.3216667,35.8383333]},"properties":{"id":"43231","name":"飯能","kana":"ハンノウ","en":"Hanno","alt":84,"kind":"雨","place":"飯能市征矢町","start":null,"startRaw":"#","windH":null,"tempH":null,"elemNote":null,"sites":null,"type":"C","elems":"01000000"}},{"type":"Feature","geometry":{"type":"Point","coordinates":[139.5866667,35.875]},"properties":{"id":"43241","name":"さいたま","kana":"サイタマ","en":"Saitama","alt":8,"kind":"四","place":"さいたま市桜区大字宿","start":1977,"startRaw":"#昭52.12.22","windH":9.9,"tempH":1.5,"elemNote":null,"sites":null,"type":"C","elems":"11112110"}},{"type":"Feature","geometry":{"type":"Point","coordinates":[139.7566667,35.8833333]},"properties":{"id":"43256","name":"越谷","kana":"コシガヤ","en":"Koshigaya","alt":3,"kind":"四","place":"越谷市大字北後谷","start":1977,"startRaw":"#昭52.12.20","windH":10,"tempH":1.5,"elemNote":null,"sites":null,"type":"C","elems":"11112010"}},{"type":"Feature","geometry":{"type":"Point","coordinates":[139.4133333,35.7733333]},"properties":{"id":"43266","name":"所沢","kana":"トコロザワ","en":"Tokorozawa","alt":119,"kind":"四","place":"所沢市勝楽寺","start":1977,"startRaw":"(昭50.6.11)昭52.12.21","windH":9.9,"tempH":1.5,"elemNote":null,"sites":null,"type":"C","elems":"11112010"}},{"type":"Feature","geometry":{"type":"Point","coordinates":[139.05,35.7916667]},"properties":{"id":"44046","name":"小河内","kana":"オゴウチ","en":"Ogochi","alt":530,"kind":"四","place":"西多摩郡奥多摩町原","start":1976,"startRaw":"#昭51.12.15","windH":9.9,"tempH":1.5,"elemNote":null,"sites":null,"type":"C","elems":"11112010"}},{"type":"Feature","geometry":{"type":"Point","coordinates":[139.1233333,35.735]},"properties":{"id":"44051","name":"小沢","kana":"オザワ","en":"Ozawa","alt":420,"kind":"雨","place":"西多摩郡檜原村","start":1977,"startRaw":"昭52.8.2","windH":null,"tempH":null,"elemNote":null,"sites":null,"type":"C","elems":"01000000"}},{"type":"Feature","geometry":{"type":"Point","coordinates":[139.3116667,35.7883333]},"properties":{"id":"44056","name":"青梅","kana":"オウメ","en":"Ome","alt":155,"kind":"四","place":"青梅市新町","start":1976,"startRaw":"(昭50.5.16)昭51.12.14","windH":9.9,"tempH":1.5,"elemNote":null,"sites":null,"type":"C","elems":"11112010"}},{"type":"Feature","geometry":{"type":"Point","coordinates":[139.5916667,35.7383333]},"properties":{"id":"44071","name":"練馬","kana":"ネリマ","en":"Nerima","alt":51,"kind":"四","place":"練馬区石神井台","start":2012,"startRaw":"平24.12.26","windH":11.2,"tempH":1.5,"elemNote":null,"sites":null,"type":"C","elems":"11112010"}},{"type":"Feature","geometry":{"type":"Point","coordinates":[139.3166667,35.6666667]},"properties":{"id":"44112","name":"八王子","kana":"ハチオウジ","en":"Hachioji","alt":123,"kind":"四","place":"八王子市元本郷町","start":1983,"startRaw":"昭58.10.1","windH":49.7,"tempH":1.5,"elemNote":null,"sites":null,"type":"C","elems":"11112010"}},{"type":"Feature","geometry":{"type":"Point","coordinates":[139.4833333,35.6833333]},"properties":{"id":"44116","name":"府中","kana":"フチュウ","en":"Fuchu","alt":59,"kind":"四","place":"府中市幸町","start":1976,"startRaw":"昭51.12.15","windH":9.2,"tempH":1.5,"elemNote":null,"sites":null,"type":"C","elems":"11112010"}},{"type":"Feature","geometry":{"type":"Point","coordinates":[139.62,35.6266667]},"properties":{"id":"44126","name":"世田谷","kana":"セタガヤ","en":"Setagaya","alt":35,"kind":"雨","place":"世田谷区岡本","start":null,"startRaw":"#","windH":null,"tempH":null,"elemNote":null,"sites":null,"type":"C","elems":"01000000"}},{"type":"Feature","geometry":{"type":"Point","coordinates":[139.75,35.6916667]},"properties":{"id":"44132","name":"東京","kana":"トウキョウ","en":"Tokyo","alt":25,"kind":"官","place":"千代田区北の丸公園　東京管区気象台","start":2007,"startRaw":"平19.11.1","windH":null,"tempH":null,"elemNote":"気温、雨 ／ 風、日照","sites":2,"type":"A","elems":"11111111"}},{"type":"Feature","geometry":{"type":"Point","coordinates":[139.8633333,35.6383333]},"properties":{"id":"44136","name":"江戸川臨海","kana":"エドガワリンカイ","en":"Edogawa Seaside","alt":5,"kind":"四","place":"江戸川区臨海町","start":1976,"startRaw":"#昭51.12.13","windH":10.1,"tempH":1.5,"elemNote":null,"sites":null,"type":"C","elems":"11112010"}},{"type":"Feature","geometry":{"type":"Point","coordinates":[139.78,35.5533333]},"properties":{"id":"44166","name":"羽田","kana":"ハネダ：東京国際空港","en":"Haneda","alt":6,"kind":"官","place":"大田区羽田空港　東京航空地方気象台","start":1993,"startRaw":"#平5.10.12","windH":10,"tempH":null,"elemNote":"日照・湿度・気圧を除く","sites":null,"type":"C","elems":"11110000"}},{"type":"Feature","geometry":{"type":"Point","coordinates":[139.3616667,34.7483333]},"properties":{"id":"44172","name":"大島","kana":"オオシマ","en":"Oshima Island","alt":74,"kind":"官","place":"大島町元町字家の上　大島特別地域気象観測所","start":1991,"startRaw":"平3.12.18","windH":27.1,"tempH":null,"elemNote":null,"sites":null,"type":"B","elems":"11111011"}},{"type":"Feature","geometry":{"type":"Point","coordinates":[139.36,34.7816667]},"properties":{"id":"44173","name":"大島北ノ山","kana":"オオシマキタノヤマ：大島空港","en":"Oshima-Kitanoyama","alt":38,"kind":"官","place":"大島町元町字北の山　大島航空気象観測所","start":2003,"startRaw":"平15.1.1","windH":9,"tempH":null,"elemNote":"日照・湿度・気圧を除く","sites":null,"type":"C","elems":"11110000"}},{"type":"Feature","geometry":{"type":"Point","coordinates":[139.2816667,34.5283333]},"properties":{"id":"44191","name":"利島","kana":"トシマ","en":"Toshima Island","alt":100,"kind":"雨","place":"利島村","start":2014,"startRaw":"平26.7.25","windH":null,"tempH":null,"elemNote":null,"sites":null,"type":"C","elems":"01000000"}},{"type":"Feature","geometry":{"type":"Point","coordinates":[139.2683333,34.3683333]},"properties":{"id":"44207","name":"新島","kana":"ニイジマ：新島空港","en":"Niijima Island","alt":29,"kind":"官","place":"新島村川原　新島航空気象観測所","start":2003,"startRaw":"平15.1.1","windH":10,"tempH":null,"elemNote":"日照・湿度・気圧を除く","sites":null,"type":"C","elems":"11110000"}},{"type":"Feature","geometry":{"type":"Point","coordinates":[139.1333333,34.1883333]},"properties":{"id":"44216","name":"神津島","kana":"コウヅシマ：神津島空港","en":"Kozushima Island","alt":138,"kind":"官","place":"神津島村金長　神津島航空気象観測所","start":2003,"startRaw":"平15.1.1","windH":10,"tempH":null,"elemNote":"日照・湿度・気圧を除く","sites":null,"type":"C","elems":"11110000"}},{"type":"Feature","geometry":{"type":"Point","coordinates":[139.52,34.1233333]},"properties":{"id":"44226","name":"三宅島","kana":"ミヤケジマ","en":"Miyakejima Island","alt":38,"kind":"官","place":"三宅村神着　三宅島特別地域気象観測所","start":1975,"startRaw":"#昭50.12.10","windH":13.2,"tempH":null,"elemNote":null,"sites":null,"type":"B","elems":"11111011"}},{"type":"Feature","geometry":{"type":"Point","coordinates":[139.56,34.0733333]},"properties":{"id":"44228","name":"三宅坪田","kana":"ミヤケツボタ：三宅島空港","en":"Miyake-Tsubota","alt":20,"kind":"官","place":"三宅村坪田　三宅島航空気象観測所","start":2001,"startRaw":"(平12.9.11)平13.3.16","windH":10,"tempH":null,"elemNote":"日照・湿度・気圧を除く","sites":null,"type":"C","elems":"11110000"}},{"type":"Feature","geometry":{"type":"Point","coordinates":[139.785,33.115]},"properties":{"id":"44262","name":"八重見ヶ原","kana":"ヤエミガハラ：八丈島空港","en":"Yaemigahara","alt":92,"kind":"官","place":"八丈島八丈町大賀郷　八丈島航空気象観測所","start":2003,"startRaw":"平15.1.1","windH":10,"tempH":null,"elemNote":"日照・湿度・気圧を除く","sites":null,"type":"C","elems":"11110000"}},{"type":"Feature","geometry":{"type":"Point","coordinates":[139.7783333,33.1216667]},"properties":{"id":"44263","name":"八丈島","kana":"ハチジョウジマ","en":"Hachijojima Island","alt":151,"kind":"官","place":"八丈島八丈町大賀郷　八丈島特別地域気象観測所","start":2003,"startRaw":"平15.8.29","windH":null,"tempH":null,"elemNote":"気温、雨 ／ 風、日照","sites":2,"type":"B","elems":"11111011"}},{"type":"Feature","geometry":{"type":"Point","coordinates":[139.76,32.4666667]},"properties":{"id":"44281","name":"青ヶ島","kana":"アオガシマ","en":"Aogashima Island","alt":272,"kind":"雨","place":"青ヶ島村","start":2014,"startRaw":"平26.7.31","windH":null,"tempH":null,"elemNote":null,"sites":null,"type":"C","elems":"01000000"}},{"type":"Feature","geometry":{"type":"Point","coordinates":[142.19,27.0916667]},"properties":{"id":"44301","name":"父島","kana":"チチジマ","en":"Chichijima Island","alt":3,"kind":"官","place":"小笠原村父島字西町　父島気象観測所","start":1986,"startRaw":"昭61.3.18","windH":15.8,"tempH":null,"elemNote":null,"sites":null,"type":"D","elems":"11111011"}},{"type":"Feature","geometry":{"type":"Point","coordinates":[142.1616667,26.635]},"properties":{"id":"44316","name":"母島","kana":"ハハジマ","en":"Hahajima Island","alt":32,"kind":"雨","place":"小笠原村母島字評議平","start":2007,"startRaw":"平19.8.29","windH":null,"tempH":null,"elemNote":null,"sites":null,"type":"C","elems":"01000000"}},{"type":"Feature","geometry":{"type":"Point","coordinates":[153.9833333,24.2883333]},"properties":{"id":"44356","name":"南鳥島","kana":"ミナミトリシマ","en":"Minamitorishima Island","alt":7,"kind":"官","place":"小笠原村南鳥島　南鳥島気象観測所","start":2010,"startRaw":"平22.6.1","windH":15.8,"tempH":null,"elemNote":null,"sites":null,"type":"E","elems":"11111011"}},{"type":"Feature","geometry":{"type":"Point","coordinates":[140.11,35.8633333]},"properties":{"id":"45061","name":"我孫子","kana":"アビコ","en":"Abiko","alt":20,"kind":"四","place":"我孫子市新木野","start":2010,"startRaw":"平22.3.11","windH":9.9,"tempH":1.5,"elemNote":null,"sites":null,"type":"C","elems":"11112010"}},{"type":"Feature","geometry":{"type":"Point","coordinates":[140.5016667,35.8583333]},"properties":{"id":"45081","name":"香取","kana":"カトリ","en":"Katori","alt":37,"kind":"四","place":"香取市大根","start":1999,"startRaw":"平11.10.12","windH":7.8,"tempH":1.5,"elemNote":null,"sites":null,"type":"C","elems":"11112010"}},{"type":"Feature","geometry":{"type":"Point","coordinates":[140.6816667,35.795]},"properties":{"id":"45086","name":"東庄","kana":"トウノショウ","en":"Tonosho","alt":52,"kind":"雨","place":"香取郡東庄町小南","start":null,"startRaw":"#","windH":null,"tempH":null,"elemNote":null,"sites":null,"type":"C","elems":"01000000"}},{"type":"Feature","geometry":{"type":"Point","coordinates":[140.0433333,35.7116667]},"properties":{"id":"45106","name":"船橋","kana":"フナバシ","en":"Funabashi","alt":28,"kind":"四","place":"船橋市薬円台","start":1999,"startRaw":"平11.8.3","windH":7.8,"tempH":1.5,"elemNote":null,"sites":null,"type":"C","elems":"11112010"}},{"type":"Feature","geometry":{"type":"Point","coordinates":[140.2116667,35.7283333]},"properties":{"id":"45116","name":"佐倉","kana":"サクラ","en":"Sakura","alt":5,"kind":"四","place":"佐倉市角来","start":1978,"startRaw":"(昭50.4.16)昭53.12.19","windH":10.3,"tempH":1.5,"elemNote":null,"sites":null,"type":"C","elems":"11112010"}},{"type":"Feature","geometry":{"type":"Point","coordinates":[140.385,35.7633333]},"properties":{"id":"45121","name":"成田","kana":"ナリタ：成田国際空港","en":"Narita","alt":41,"kind":"官","place":"成田市古込字込前　成田航空地方気象台","start":2003,"startRaw":"#平15.1.1","windH":10,"tempH":null,"elemNote":"日照・湿度・気圧を除く","sites":null,"type":"C","elems":"11110000"}},{"type":"Feature","geometry":{"type":"Point","coordinates":[140.8566667,35.7383333]},"properties":{"id":"45148","name":"銚子","kana":"チョウシ","en":"Choshi","alt":20,"kind":"官","place":"銚子市川口町　銚子地方気象台","start":2023,"startRaw":"令5.12.6","windH":null,"tempH":null,"elemNote":"気温、雨、日照 ／ 風","sites":2,"type":"A","elems":"11111111"}},{"type":"Feature","geometry":{"type":"Point","coordinates":[140.505,35.655]},"properties":{"id":"45181","name":"横芝光","kana":"ヨコシバヒカリ","en":"Yokoshibahikari","alt":5,"kind":"四","place":"山武郡横芝光町宮川","start":1978,"startRaw":"(昭50.5.16)昭53.1.10","windH":10.2,"tempH":1.5,"elemNote":null,"sites":null,"type":"C","elems":"11112010"}},{"type":"Feature","geometry":{"type":"Point","coordinates":[140.1033333,35.6016667]},"properties":{"id":"45212","name":"千葉","kana":"チバ","en":"Chiba","alt":3,"kind":"官","place":"千葉市中央区中央港　千葉特別地域気象観測所","start":1981,"startRaw":"昭56.3.30","windH":47.9,"tempH":null,"elemNote":null,"sites":null,"type":"B","elems":"11111111"}},{"type":"Feature","geometry":{"type":"Point","coordinates":[140.2933333,35.4366667]},"properties":{"id":"45261","name":"茂原","kana":"モバラ","en":"Mobara","alt":11,"kind":"四","place":"茂原市高師","start":1978,"startRaw":"#昭53.1.11","windH":9.9,"tempH":1.5,"elemNote":null,"sites":null,"type":"C","elems":"11112010"}},{"type":"Feature","geometry":{"type":"Point","coordinates":[139.94,35.3616667]},"properties":{"id":"45282","name":"木更津","kana":"キサラヅ","en":"Kisarazu","alt":60,"kind":"四","place":"木更津市請西南","start":2006,"startRaw":"平18.9.22","windH":10,"tempH":1.5,"elemNote":null,"sites":null,"type":"C","elems":"11112010"}},{"type":"Feature","geometry":{"type":"Point","coordinates":[140.1483333,35.3966667]},"properties":{"id":"45291","name":"牛久","kana":"ウシク","en":"Ushiku","alt":30,"kind":"四","place":"市原市米沢","start":1978,"startRaw":"昭53.1.11","windH":9.3,"tempH":1.5,"elemNote":null,"sites":null,"type":"C","elems":"11112010"}},{"type":"Feature","geometry":{"type":"Point","coordinates":[140.0983333,35.235]},"properties":{"id":"45326","name":"坂畑","kana":"サカハタ","en":"Sakahata","alt":120,"kind":"四","place":"君津市坂畑","start":1978,"startRaw":"昭53.1.12","windH":9.9,"tempH":1.5,"elemNote":null,"sites":null,"type":"C","elems":"11112010"}},{"type":"Feature","geometry":{"type":"Point","coordinates":[140.215,35.2516667]},"properties":{"id":"45331","name":"大多喜","kana":"オオタキ","en":"Otaki","alt":70,"kind":"雨","place":"夷隅郡大多喜町松尾","start":1975,"startRaw":"昭50.5.16","windH":null,"tempH":null,"elemNote":null,"sites":null,"type":"C","elems":"01000000"}},{"type":"Feature","geometry":{"type":"Point","coordinates":[139.8366667,35.1216667]},"properties":{"id":"45346","name":"鋸南","kana":"キョナン","en":"Kyonan","alt":10,"kind":"雨","place":"安房郡鋸南町大六","start":null,"startRaw":"#","windH":null,"tempH":null,"elemNote":null,"sites":null,"type":"C","elems":"01000000"}},{"type":"Feature","geometry":{"type":"Point","coordinates":[140.1,35.1116667]},"properties":{"id":"45361","name":"鴨川","kana":"カモガワ","en":"Kamogawa","alt":5,"kind":"四","place":"鴨川市横渚","start":1978,"startRaw":"#昭53.1.13","windH":9.9,"tempH":1.5,"elemNote":null,"sites":null,"type":"C","elems":"11112010"}},{"type":"Feature","geometry":{"type":"Point","coordinates":[140.3116667,35.15]},"properties":{"id":"45371","name":"勝浦","kana":"カツウラ","en":"Katsuura","alt":12,"kind":"官","place":"勝浦市墨名　勝浦特別地域気象観測所","start":1975,"startRaw":"#昭50.12.7","windH":15.2,"tempH":null,"elemNote":null,"sites":null,"type":"B","elems":"11111011"}},{"type":"Feature","geometry":{"type":"Point","coordinates":[139.865,34.9866667]},"properties":{"id":"45401","name":"館山","kana":"タテヤマ","en":"Tateyama","alt":6,"kind":"官","place":"館山市長須賀　館山特別地域気象観測所","start":1975,"startRaw":"#昭50.3.12","windH":21.8,"tempH":null,"elemNote":null,"sites":null,"type":"B","elems":"11111011"}},{"type":"Feature","geometry":{"type":"Point","coordinates":[139.1933333,35.6133333]},"properties":{"id":"46001","name":"相模湖","kana":"サガミコ","en":"Lake Sagami","alt":188,"kind":"雨","place":"相模原市緑区与瀬","start":null,"startRaw":"#","windH":null,"tempH":null,"elemNote":null,"sites":null,"type":"C","elems":"01000000"}},{"type":"Feature","geometry":{"type":"Point","coordinates":[139.37,35.5716667]},"properties":{"id":"46046","name":"相模原中央","kana":"サガミハラチュウオウ","en":"Sagamihara-Chuo","alt":149,"kind":"雨","place":"相模原市中央区中央","start":1975,"startRaw":"昭50.5.16","windH":null,"tempH":null,"elemNote":null,"sites":null,"type":"C","elems":"01000000"}},{"type":"Feature","geometry":{"type":"Point","coordinates":[139.65,35.5516667]},"properties":{"id":"46061","name":"日吉","kana":"ヒヨシ","en":"Hiyoshi","alt":57,"kind":"雨","place":"横浜市港北区日吉","start":1975,"startRaw":"昭50.5.16","windH":null,"tempH":null,"elemNote":null,"sites":null,"type":"C","elems":"01000000"}},{"type":"Feature","geometry":{"type":"Point","coordinates":[139.0433333,35.41]},"properties":{"id":"46076","name":"丹沢湖","kana":"タンザワコ","en":"Lake Tanzawa","alt":330,"kind":"雨","place":"足柄上郡山北町神尾田","start":1976,"startRaw":"昭51.5.26","windH":null,"tempH":null,"elemNote":null,"sites":null,"type":"C","elems":"01000000"}},{"type":"Feature","geometry":{"type":"Point","coordinates":[139.3866667,35.4333333]},"properties":{"id":"46091","name":"海老名","kana":"エビナ","en":"Ebina","alt":18,"kind":"四","place":"海老名市中新田","start":1978,"startRaw":"#昭53.1.17","windH":6.4,"tempH":1.5,"elemNote":null,"sites":null,"type":"C","elems":"11112010"}},{"type":"Feature","geometry":{"type":"Point","coordinates":[139.6516667,35.4383333]},"properties":{"id":"46106","name":"横浜","kana":"ヨコハマ","en":"Yokohama","alt":39,"kind":"官","place":"横浜市中区山手町　横浜地方気象台","start":1975,"startRaw":"#昭50.3.8","windH":19.8,"tempH":null,"elemNote":null,"sites":null,"type":"A","elems":"11111111"}},{"type":"Feature","geometry":{"type":"Point","coordinates":[139.305,35.345]},"properties":{"id":"46136","name":"平塚","kana":"ヒラツカ","en":"Hiratsuka","alt":20,"kind":"雨","place":"平塚市公所","start":1975,"startRaw":"昭50.5.16","windH":null,"tempH":null,"elemNote":null,"sites":null,"type":"C","elems":"01000000"}},{"type":"Feature","geometry":{"type":"Point","coordinates":[139.45,35.32]},"properties":{"id":"46141","name":"辻堂","kana":"ツジドウ","en":"Tsujido","alt":5,"kind":"四","place":"藤沢市辻堂西海岸","start":1992,"startRaw":"平4.2.10","windH":9.9,"tempH":1.5,"elemNote":null,"sites":null,"type":"C","elems":"11112010"}},{"type":"Feature","geometry":{"type":"Point","coordinates":[139.0416667,35.2216667]},"properties":{"id":"46161","name":"箱根","kana":"ハコネ","en":"Hakone","alt":855,"kind":"雨","place":"足柄下郡箱根町芦ノ湯","start":null,"startRaw":"#","windH":null,"tempH":null,"elemNote":null,"sites":null,"type":"C","elems":"01000000"}},{"type":"Feature","geometry":{"type":"Point","coordinates":[139.155,35.2766667]},"properties":{"id":"46166","name":"小田原","kana":"オダワラ","en":"Odawara","alt":14,"kind":"四","place":"小田原市扇町","start":1978,"startRaw":"(昭50.5.16)昭53.1.17","windH":9.9,"tempH":1.5,"elemNote":null,"sites":null,"type":"C","elems":"11112010"}},{"type":"Feature","geometry":{"type":"Point","coordinates":[139.63,35.1783333]},"properties":{"id":"46211","name":"三浦","kana":"ミウラ","en":"Miura","alt":42,"kind":"四","place":"三浦市初声町下宮田","start":1978,"startRaw":"#昭53.1.20","windH":9.9,"tempH":1.5,"elemNote":null,"sites":null,"type":"C","elems":"11112010"}},{"type":"Feature","geometry":{"type":"Point","coordinates":[138.4416667,36.9116667]},"properties":{"id":"48031","name":"野沢温泉","kana":"ノザワオンセン","en":"Nozawa Onsen","alt":576,"kind":"四","place":"下高井郡野沢温泉村大字豊郷字南原","start":1978,"startRaw":"#昭53.11.16","windH":9.9,"tempH":3,"elemNote":null,"sites":null,"type":"C","elems":"11112110"}},{"type":"Feature","geometry":{"type":"Point","coordinates":[138.1966667,36.8083333]},"properties":{"id":"48061","name":"信濃町","kana":"シナノマチ","en":"Shinano-Machi","alt":685,"kind":"四","place":"上水内郡信濃町柏原字小丸山","start":1978,"startRaw":"#昭53.11.17","windH":9.4,"tempH":3,"elemNote":null,"sites":null,"type":"C","elems":"11112110"}},{"type":"Feature","geometry":{"type":"Point","coordinates":[138.375,36.875]},"properties":{"id":"48066","name":"飯山","kana":"イイヤマ","en":"Iiyama","alt":313,"kind":"四","place":"飯山市大字飯山字大道東","start":1978,"startRaw":"#昭53.11.16","windH":9.9,"tempH":3,"elemNote":null,"sites":null,"type":"C","elems":"11112110"}},{"type":"Feature","geometry":{"type":"Point","coordinates":[137.93,36.8216667]},"properties":{"id":"48097","name":"小谷","kana":"オタリ","en":"Otari","alt":550,"kind":"雨","place":"北安曇郡小谷村大字中土","start":1983,"startRaw":"昭58.10.13","windH":null,"tempH":null,"elemNote":null,"sites":null,"type":"C","elems":"01000100"}},{"type":"Feature","geometry":{"type":"Point","coordinates":[137.8616667,36.6983333]},"properties":{"id":"48141","name":"白馬","kana":"ハクバ","en":"Hakuba","alt":703,"kind":"四","place":"北安曇郡白馬村北城","start":1978,"startRaw":"#昭53.11.21","windH":9.9,"tempH":3,"elemNote":null,"sites":null,"type":"C","elems":"11112110"}},{"type":"Feature","geometry":{"type":"Point","coordinates":[137.965,36.6883333]},"properties":{"id":"48146","name":"鬼無里","kana":"キナサ","en":"Kinasa","alt":778,"kind":"雨","place":"長野市鬼無里","start":1977,"startRaw":"昭52.6.29","windH":null,"tempH":null,"elemNote":null,"sites":null,"type":"C","elems":"01000000"}},{"type":"Feature","geometry":{"type":"Point","coordinates":[138.1916667,36.6616667]},"properties":{"id":"48156","name":"長野","kana":"ナガノ","en":"Nagano","alt":418,"kind":"官","place":"長野市箱清水　長野地方気象台","start":1975,"startRaw":"#昭50.3.24","windH":18.8,"tempH":null,"elemNote":null,"sites":null,"type":"A","elems":"11111111"}},{"type":"Feature","geometry":{"type":"Point","coordinates":[138.4583333,36.665]},"properties":{"id":"48172","name":"笠岳","kana":"カサダケ","en":"Kasadake","alt":1473,"kind":"雨","place":"上高井郡高山村大字奥山田字山田入","start":1979,"startRaw":"昭54.7.12","windH":null,"tempH":null,"elemNote":null,"sites":null,"type":"C","elems":"01000000"}},{"type":"Feature","geometry":{"type":"Point","coordinates":[137.8316667,36.5233333]},"properties":{"id":"48191","name":"大町","kana":"オオマチ","en":"Omachi","alt":784,"kind":"四","place":"大町市大町","start":1978,"startRaw":"#昭53.11.20","windH":9.9,"tempH":2,"elemNote":null,"sites":null,"type":"C","elems":"11112110"}},{"type":"Feature","geometry":{"type":"Point","coordinates":[137.9966667,36.5483333]},"properties":{"id":"48196","name":"信州新町","kana":"シンシュウシンマチ","en":"Shinshu-Shinmachi","alt":509,"kind":"四","place":"長野市信州新町牧田中","start":1978,"startRaw":"#昭53.11.17","windH":9.4,"tempH":1.5,"elemNote":null,"sites":null,"type":"C","elems":"11112010"}},{"type":"Feature","geometry":{"type":"Point","coordinates":[138.325,36.5316667]},"properties":{"id":"48216","name":"菅平","kana":"スガダイラ","en":"Sugadaira","alt":1253,"kind":"四","place":"上田市菅平高原","start":1978,"startRaw":"(昭50.5.14)昭53.11.15","windH":9.9,"tempH":2,"elemNote":null,"sites":null,"type":"C","elems":"11112110"}},{"type":"Feature","geometry":{"type":"Point","coordinates":[138.0683333,36.4866667]},"properties":{"id":"48247","name":"聖高原","kana":"ヒジリコウゲン","en":"Hijiri Highlands","alt":985,"kind":"雨","place":"東筑摩郡麻績村麻字猿ヶ馬場峯山","start":1979,"startRaw":"昭54.7.19","windH":null,"tempH":null,"elemNote":null,"sites":null,"type":"C","elems":"01000000"}},{"type":"Feature","geometry":{"type":"Point","coordinates":[138.265,36.4]},"properties":{"id":"48256","name":"上田","kana":"ウエダ","en":"Ueda","alt":502,"kind":"四","place":"上田市古里","start":1976,"startRaw":"#昭51.3.16","windH":6.5,"tempH":1.5,"elemNote":null,"sites":null,"type":"C","elems":"11112010"}},{"type":"Feature","geometry":{"type":"Point","coordinates":[137.8816667,36.3433333]},"properties":{"id":"48296","name":"穂高","kana":"ホタカ","en":"Hotaka","alt":540,"kind":"四","place":"安曇野市穂高","start":1978,"startRaw":"#昭53.11.21","windH":9.9,"tempH":1.5,"elemNote":null,"sites":null,"type":"C","elems":"11112010"}},{"type":"Feature","geometry":{"type":"Point","coordinates":[138.3833333,36.3833333]},"properties":{"id":"48321","name":"東御","kana":"トウミ","en":"Tomi","alt":958,"kind":"四","place":"東御市新張","start":1978,"startRaw":"(昭50.5.14)昭53.11.15","windH":9.9,"tempH":1.5,"elemNote":null,"sites":null,"type":"C","elems":"11112010"}},{"type":"Feature","geometry":{"type":"Point","coordinates":[138.5466667,36.3416667]},"properties":{"id":"48331","name":"軽井沢","kana":"カルイザワ","en":"Karuizawa","alt":999,"kind":"官","place":"北佐久郡軽井沢町大字追分　軽井沢特別地域気象観測所","start":1975,"startRaw":"#昭50.12.2","windH":null,"tempH":null,"elemNote":"気温、雨 ／ 風、日照","sites":2,"type":"B","elems":"11111111"}},{"type":"Feature","geometry":{"type":"Point","coordinates":[137.6333333,36.2483333]},"properties":{"id":"48346","name":"上高地","kana":"カミコウチ","en":"Kamikochi","alt":1510,"kind":"雨","place":"松本市安曇上高地国有林","start":1975,"startRaw":"昭50.5.14","windH":null,"tempH":null,"elemNote":null,"sites":null,"type":"C","elems":"01000000"}},{"type":"Feature","geometry":{"type":"Point","coordinates":[137.97,36.2466667]},"properties":{"id":"48361","name":"松本","kana":"マツモト","en":"Matsumoto","alt":610,"kind":"官","place":"松本市沢村　松本特別地域気象観測所","start":1975,"startRaw":"#昭50.3.12","windH":17.6,"tempH":null,"elemNote":null,"sites":null,"type":"B","elems":"11111111"}},{"type":"Feature","geometry":{"type":"Point","coordinates":[137.9216667,36.1666667]},"properties":{"id":"48363","name":"松本今井","kana":"マツモトイマイ：松本空港","en":"Matsumoto-Imai","alt":658,"kind":"官","place":"松本市大字空港東　松本航空気象観測所","start":2003,"startRaw":"平15.1.1","windH":10,"tempH":null,"elemNote":"日照・湿度・気圧を除く","sites":null,"type":"C","elems":"11110000"}},{"type":"Feature","geometry":{"type":"Point","coordinates":[138.1366667,36.3016667]},"properties":{"id":"48371","name":"鹿教湯","kana":"カケユ","en":"Kakeyu","alt":721,"kind":"雨","place":"上田市鹿教湯温泉","start":null,"startRaw":"#","windH":null,"tempH":null,"elemNote":null,"sites":null,"type":"C","elems":"01000000"}},{"type":"Feature","geometry":{"type":"Point","coordinates":[138.3133333,36.2716667]},"properties":{"id":"48381","name":"立科","kana":"タテシナ","en":"Tateshina","alt":715,"kind":"四","place":"北佐久郡立科町芦田","start":1978,"startRaw":"昭53.11.14","windH":9.9,"tempH":1.5,"elemNote":null,"sites":null,"type":"C","elems":"11112010"}},{"type":"Feature","geometry":{"type":"Point","coordinates":[138.4766667,36.2466667]},"properties":{"id":"48386","name":"佐久","kana":"サク","en":"Saku","alt":683,"kind":"四","place":"佐久市中込","start":1978,"startRaw":"#昭53.11.14","windH":9.9,"tempH":1.5,"elemNote":null,"sites":null,"type":"C","elems":"11112010"}},{"type":"Feature","geometry":{"type":"Point","coordinates":[138.2283333,36.105]},"properties":{"id":"48436","name":"白樺湖","kana":"シラカバコ","en":"Lake Shirakaba","alt":1440,"kind":"雨","place":"茅野市北山","start":2004,"startRaw":"平16.9.9","windH":null,"tempH":null,"elemNote":null,"sites":null,"type":"C","elems":"01000000"}},{"type":"Feature","geometry":{"type":"Point","coordinates":[137.6833333,36.0883333]},"properties":{"id":"48466","name":"奈川","kana":"ナガワ","en":"Nagawa","alt":1068,"kind":"四","place":"松本市奈川","start":1978,"startRaw":"昭53.11.22","windH":9.9,"tempH":1.5,"elemNote":null,"sites":null,"type":"C","elems":"11112010"}},{"type":"Feature","geometry":{"type":"Point","coordinates":[138.1083333,36.045]},"properties":{"id":"48491","name":"諏訪","kana":"スワ","en":"Suwa","alt":760,"kind":"官","place":"諏訪市湖岸通り　諏訪特別地域気象観測所","start":1975,"startRaw":"#昭50.12.4","windH":null,"tempH":null,"elemNote":"気温、雨 ／ 風、日照","sites":2,"type":"B","elems":"11111111"}},{"type":"Feature","geometry":{"type":"Point","coordinates":[138.6116667,36.0716667]},"properties":{"id":"48516","name":"北相木","kana":"キタアイキ","en":"Kitaaiki","alt":1185,"kind":"雨","place":"南佐久郡北相木村字板置場","start":2004,"startRaw":"平16.9.8","windH":null,"tempH":null,"elemNote":null,"sites":null,"type":"C","elems":"01000000"}},{"type":"Feature","geometry":{"type":"Point","coordinates":[137.6016667,35.9383333]},"properties":{"id":"48531","name":"開田高原","kana":"カイダコウゲン","en":"Kaida Highlands","alt":1130,"kind":"四","place":"木曽郡木曽町開田高原西野","start":1978,"startRaw":"昭53.11.24","windH":9.9,"tempH":2,"elemNote":null,"sites":null,"type":"C","elems":"11112110"}},{"type":"Feature","geometry":{"type":"Point","coordinates":[137.7866667,35.9366667]},"properties":{"id":"48536","name":"木祖薮原","kana":"キソヤブハラ","en":"Kiso-Yabuhara","alt":985,"kind":"四","place":"木曽郡木祖村薮原","start":null,"startRaw":"令元.9.5","windH":11.2,"tempH":1.5,"elemNote":null,"sites":null,"type":"C","elems":"11112010"}},{"type":"Feature","geometry":{"type":"Point","coordinates":[137.9833333,35.9833333]},"properties":{"id":"48546","name":"辰野","kana":"タツノ","en":"Tatsuno","alt":732,"kind":"四","place":"上伊那郡辰野町中央","start":1978,"startRaw":"昭53.11.30","windH":9.9,"tempH":1.5,"elemNote":null,"sites":null,"type":"C","elems":"11112010"}},{"type":"Feature","geometry":{"type":"Point","coordinates":[138.1083333,35.9533333]},"properties":{"id":"48556","name":"高遠","kana":"タカトオ","en":"Takato","alt":1075,"kind":"雨","place":"伊那市高遠町藤沢","start":2004,"startRaw":"平16.9.9","windH":null,"tempH":null,"elemNote":null,"sites":null,"type":"C","elems":"01000000"}},{"type":"Feature","geometry":{"type":"Point","coordinates":[138.22,35.97]},"properties":{"id":"48561","name":"原村","kana":"ハラムラ","en":"Haramura","alt":1017,"kind":"四","place":"諏訪郡原村向坂上","start":1978,"startRaw":"#昭53.11.27","windH":9.9,"tempH":1.5,"elemNote":null,"sites":null,"type":"C","elems":"11112010"}},{"type":"Feature","geometry":{"type":"Point","coordinates":[138.4716667,35.9483333]},"properties":{"id":"48571","name":"野辺山","kana":"ノベヤマ","en":"Nobeyama","alt":1350,"kind":"四","place":"南佐久郡南牧村野辺山","start":1978,"startRaw":"#昭53.11.15","windH":9.9,"tempH":1.5,"elemNote":null,"sites":null,"type":"C","elems":"11112010"}},{"type":"Feature","geometry":{"type":"Point","coordinates":[137.5033333,35.8716667]},"properties":{"id":"48601","name":"御嶽山","kana":"オンタケサン","en":"Mt. Ontakesan","alt":2195,"kind":"雨","place":"木曽郡王滝村御岳国有林","start":1976,"startRaw":"昭51.7.5","windH":null,"tempH":null,"elemNote":null,"sites":null,"type":"C","elems":"01000000"}},{"type":"Feature","geometry":{"type":"Point","coordinates":[137.6883333,35.84]},"properties":{"id":"48606","name":"木曽福島","kana":"キソフクシマ","en":"Kiso-Fukushima","alt":750,"kind":"四","place":"木曽郡木曽町福島","start":1976,"startRaw":"#昭51.3.25","windH":8.2,"tempH":1.5,"elemNote":null,"sites":null,"type":"C","elems":"11112010"}},{"type":"Feature","geometry":{"type":"Point","coordinates":[137.955,35.825]},"properties":{"id":"48621","name":"伊那","kana":"イナ","en":"Ina","alt":633,"kind":"四","place":"伊那市下新田","start":1993,"startRaw":"平5.1.27","windH":9.9,"tempH":1.5,"elemNote":null,"sites":null,"type":"C","elems":"11112010"}},{"type":"Feature","geometry":{"type":"Point","coordinates":[137.885,35.7733333]},"properties":{"id":"48681","name":"宮田高原","kana":"ミヤダコウゲン","en":"Miyata Highlands","alt":1660,"kind":"雨","place":"上伊那郡宮田村","start":null,"startRaw":"#","windH":null,"tempH":null,"elemNote":null,"sites":null,"type":"C","elems":"01000000"}},{"type":"Feature","geometry":{"type":"Point","coordinates":[138.0933333,35.7266667]},"properties":{"id":"48691","name":"杉島","kana":"スギシマ","en":"Sugishima","alt":905,"kind":"雨","place":"伊那市長谷杉島","start":1983,"startRaw":"昭58.6.23","windH":null,"tempH":null,"elemNote":null,"sites":null,"type":"C","elems":"01000000"}},{"type":"Feature","geometry":{"type":"Point","coordinates":[137.6916667,35.6983333]},"properties":{"id":"48716","name":"須原","kana":"スハラ","en":"Suhara","alt":535,"kind":"雨","place":"木曽郡大桑村須原殿","start":null,"startRaw":"#","windH":null,"tempH":null,"elemNote":null,"sites":null,"type":"C","elems":"01000000"}},{"type":"Feature","geometry":{"type":"Point","coordinates":[137.62,35.61]},"properties":{"id":"48717","name":"南木曽","kana":"ナギソ","en":"Nagiso","alt":560,"kind":"四","place":"木曽郡南木曽町読書","start":1978,"startRaw":"(昭50.5.20)昭53.11.24","windH":9.9,"tempH":1.5,"elemNote":null,"sites":null,"type":"C","elems":"11112010"}},{"type":"Feature","geometry":{"type":"Point","coordinates":[137.8983333,35.6533333]},"properties":{"id":"48731","name":"飯島","kana":"イイジマ","en":"Iijima","alt":728,"kind":"四","place":"上伊那郡飯島町七久保","start":1978,"startRaw":"#昭53.11.28","windH":9.9,"tempH":1.5,"elemNote":null,"sites":null,"type":"C","elems":"11112010"}},{"type":"Feature","geometry":{"type":"Point","coordinates":[138.04,35.5566667]},"properties":{"id":"48737","name":"大鹿","kana":"オオシカ","en":"Oshika","alt":718,"kind":"雨","place":"下伊那郡大鹿村大河原","start":1983,"startRaw":"昭58.6.14","windH":null,"tempH":null,"elemNote":null,"sites":null,"type":"C","elems":"01000000"}},{"type":"Feature","geometry":{"type":"Point","coordinates":[137.8216667,35.5233333]},"properties":{"id":"48767","name":"飯田","kana":"イイダ","en":"Iida","alt":516,"kind":"官","place":"飯田市高羽町　飯田特別地域気象観測所","start":2002,"startRaw":"平14.5.27","windH":36.1,"tempH":null,"elemNote":null,"sites":null,"type":"B","elems":"11111111"}},{"type":"Feature","geometry":{"type":"Point","coordinates":[137.6916667,35.3733333]},"properties":{"id":"48826","name":"浪合","kana":"ナミアイ","en":"Namiai","alt":940,"kind":"四","place":"下伊那郡阿智村浪合","start":1978,"startRaw":"昭53.11.28","windH":9.9,"tempH":1.5,"elemNote":null,"sites":null,"type":"C","elems":"11112010"}},{"type":"Feature","geometry":{"type":"Point","coordinates":[137.8116667,35.3133333]},"properties":{"id":"48836","name":"阿南","kana":"アナン","en":"Anan","alt":610,"kind":"雨","place":"下伊那郡阿南町南条","start":1978,"startRaw":"昭53.12.26","windH":null,"tempH":null,"elemNote":null,"sites":null,"type":"C","elems":"01000000"}},{"type":"Feature","geometry":{"type":"Point","coordinates":[137.9316667,35.3216667]},"properties":{"id":"48841","name":"南信濃","kana":"ミナミシナノ","en":"Minami-Shinano","alt":407,"kind":"四","place":"飯田市南信濃和田字夜川瀬","start":1978,"startRaw":"昭53.12.1","windH":9.4,"tempH":1.5,"elemNote":null,"sites":null,"type":"C","elems":"11112010"}},{"type":"Feature","geometry":{"type":"Point","coordinates":[138.3866667,35.8616667]},"properties":{"id":"49036","name":"大泉","kana":"オオイズミ","en":"Oizumi","alt":867,"kind":"四","place":"北杜市大泉町谷戸","start":1977,"startRaw":"(昭50.5.20)昭52.12.23","windH":9.9,"tempH":1.5,"elemNote":null,"sites":null,"type":"C","elems":"11112010"}},{"type":"Feature","geometry":{"type":"Point","coordinates":[138.655,35.8066667]},"properties":{"id":"49052","name":"乙女湖","kana":"オトメコ","en":"Lake Otome","alt":1465,"kind":"雨","place":"山梨市牧丘町柳平","start":2008,"startRaw":"平20.10.21","windH":null,"tempH":null,"elemNote":null,"sites":null,"type":"C","elems":"01000000"}},{"type":"Feature","geometry":{"type":"Point","coordinates":[138.4483333,35.6933333]},"properties":{"id":"49086","name":"韮崎","kana":"ニラサキ","en":"Nirasaki","alt":341,"kind":"四","place":"韮崎市大草町若尾","start":1977,"startRaw":"(昭50.5.20)昭52.12.23","windH":6.5,"tempH":1.5,"elemNote":null,"sites":null,"type":"C","elems":"11112010"}},{"type":"Feature","geometry":{"type":"Point","coordinates":[138.5533333,35.6666667]},"properties":{"id":"49142","name":"甲府","kana":"コウフ","en":"Kofu","alt":273,"kind":"官","place":"甲府市飯田　甲府地方気象台","start":1993,"startRaw":"平5.3.18","windH":26.9,"tempH":null,"elemNote":null,"sites":null,"type":"A","elems":"11111111"}},{"type":"Feature","geometry":{"type":"Point","coordinates":[138.725,35.6633333]},"properties":{"id":"49151","name":"勝沼","kana":"カツヌマ","en":"Katsunuma","alt":394,"kind":"四","place":"甲州市勝沼町勝沼","start":1977,"startRaw":"#昭52.12.22","windH":9.4,"tempH":1.5,"elemNote":null,"sites":null,"type":"C","elems":"11112010"}},{"type":"Feature","geometry":{"type":"Point","coordinates":[138.9383333,35.6083333]},"properties":{"id":"49161","name":"大月","kana":"オオツキ","en":"Otsuki","alt":364,"kind":"四","place":"大月市大月","start":1977,"startRaw":"#昭52.12.22","windH":9.9,"tempH":1.5,"elemNote":null,"sites":null,"type":"C","elems":"11112010"}},{"type":"Feature","geometry":{"type":"Point","coordinates":[139.105,35.62]},"properties":{"id":"49172","name":"上野原","kana":"ウエノハラ","en":"Uenohara","alt":187,"kind":"雨","place":"上野原市松留","start":2015,"startRaw":"平27.2.18","windH":null,"tempH":null,"elemNote":null,"sites":null,"type":"C","elems":"01000000"}},{"type":"Feature","geometry":{"type":"Point","coordinates":[138.4483333,35.5616667]},"properties":{"id":"49187","name":"富士川","kana":"フジカワ","en":"Fujikawa","alt":295,"kind":"雨","place":"南巨摩郡富士川町最勝寺","start":2013,"startRaw":"平25.3.14","windH":null,"tempH":null,"elemNote":null,"sites":null,"type":"C","elems":"01000000"}},{"type":"Feature","geometry":{"type":"Point","coordinates":[138.615,35.5283333]},"properties":{"id":"49196","name":"古関","kana":"フルセキ","en":"Furuseki","alt":552,"kind":"四","place":"甲府市古関町","start":1978,"startRaw":"#昭53.11.13","windH":10.2,"tempH":1.5,"elemNote":null,"sites":null,"type":"C","elems":"11112010"}},{"type":"Feature","geometry":{"type":"Point","coordinates":[138.4416667,35.4666667]},"properties":{"id":"49236","name":"切石","kana":"キリイシ","en":"Kiriishi","alt":226,"kind":"四","place":"南巨摩郡身延町切石","start":1977,"startRaw":"昭52.12.26","windH":9.9,"tempH":1.5,"elemNote":null,"sites":null,"type":"C","elems":"11112010"}},{"type":"Feature","geometry":{"type":"Point","coordinates":[138.76,35.5]},"properties":{"id":"49251","name":"河口湖","kana":"カワグチコ","en":"Lake Kawaguchi","alt":860,"kind":"官","place":"南都留郡富士河口湖町船津　河口湖特別地域気象観測所","start":1975,"startRaw":"#昭50.12.6","windH":15.1,"tempH":null,"elemNote":null,"sites":null,"type":"B","elems":"11111111"}},{"type":"Feature","geometry":{"type":"Point","coordinates":[138.8366667,35.4366667]},"properties":{"id":"49256","name":"山中","kana":"ヤマナカ","en":"Yamanaka","alt":992,"kind":"四","place":"南都留郡山中湖村山中字梨ヶ原","start":1977,"startRaw":"#昭52.12.27","windH":6.4,"tempH":2,"elemNote":null,"sites":null,"type":"C","elems":"11112010"}},{"type":"Feature","geometry":{"type":"Point","coordinates":[138.445,35.2883333]},"properties":{"id":"49316","name":"南部","kana":"ナンブ","en":"Nanbu","alt":141,"kind":"四","place":"南巨摩郡南部町南部","start":1977,"startRaw":"#昭52.12.26","windH":9.2,"tempH":1.5,"elemNote":null,"sites":null,"type":"C","elems":"11112010"}},{"type":"Feature","geometry":{"type":"Point","coordinates":[138.5783333,35.3116667]},"properties":{"id":"50056","name":"白糸","kana":"シライト","en":"Shiraito","alt":530,"kind":"雨","place":"富士宮市原","start":null,"startRaw":"#","windH":null,"tempH":null,"elemNote":null,"sites":null,"type":"C","elems":"01000000"}},{"type":"Feature","geometry":{"type":"Point","coordinates":[138.7266667,35.36]},"properties":{"id":"50066","name":"富士山","kana":"フジサン","en":"Mt. Fuji","alt":3775,"kind":"官","place":"富士宮市富士山頂　富士山特別地域気象観測所","start":2004,"startRaw":"平16.8.26","windH":null,"tempH":null,"elemNote":"気温、日照","sites":null,"type":"F","elems":"10001011"}},{"type":"Feature","geometry":{"type":"Point","coordinates":[138.2216667,35.2166667]},"properties":{"id":"50106","name":"井川","kana":"イカワ","en":"Ikawa","alt":755,"kind":"四","place":"静岡市葵区井川","start":1978,"startRaw":"昭53.12.25","windH":10,"tempH":1.5,"elemNote":null,"sites":null,"type":"C","elems":"11112010"}},{"type":"Feature","geometry":{"type":"Point","coordinates":[138.3683333,35.2066667]},"properties":{"id":"50112","name":"有東木","kana":"ウトウギ","en":"Utogi","alt":585,"kind":"雨","place":"静岡市葵区有東木","start":2020,"startRaw":"令2.1.28","windH":null,"tempH":null,"elemNote":null,"sites":null,"type":"C","elems":"01000000"}},{"type":"Feature","geometry":{"type":"Point","coordinates":[138.9266667,35.305]},"properties":{"id":"50136","name":"御殿場","kana":"ゴテンバ","en":"Gotenba","alt":472,"kind":"四","place":"御殿場市萩原","start":1976,"startRaw":"#昭51.11.29","windH":10.1,"tempH":1.5,"elemNote":null,"sites":null,"type":"C","elems":"11112010"}},{"type":"Feature","geometry":{"type":"Point","coordinates":[138.6633333,35.185]},"properties":{"id":"50196","name":"富士","kana":"フジ","en":"Fuji","alt":66,"kind":"四","place":"富士市厚原","start":1978,"startRaw":"#昭53.12.26","windH":9.9,"tempH":1.5,"elemNote":null,"sites":null,"type":"C","elems":"11112010"}},{"type":"Feature","geometry":{"type":"Point","coordinates":[138.925,35.1133333]},"properties":{"id":"50206","name":"三島","kana":"ミシマ","en":"Mishima","alt":21,"kind":"官","place":"三島市東本町　三島特別地域気象観測所","start":1975,"startRaw":"#昭50.12.13","windH":15.8,"tempH":null,"elemNote":null,"sites":null,"type":"B","elems":"11111011"}},{"type":"Feature","geometry":{"type":"Point","coordinates":[137.7616667,35.0566667]},"properties":{"id":"50226","name":"佐久間","kana":"サクマ","en":"Sakuma","alt":150,"kind":"四","place":"浜松市天竜区佐久間町浦川","start":1978,"startRaw":"(昭50.5.13)昭53.12.20","windH":10,"tempH":1.5,"elemNote":null,"sites":null,"type":"C","elems":"11112010"}},{"type":"Feature","geometry":{"type":"Point","coordinates":[137.945,35.0116667]},"properties":{"id":"50232","name":"春野","kana":"ハルノ","en":"Haruno","alt":486,"kind":"雨","place":"浜松市天竜区春野町五和","start":2016,"startRaw":"平28.9.28","windH":null,"tempH":null,"elemNote":null,"sites":null,"type":"C","elems":"01000000"}},{"type":"Feature","geometry":{"type":"Point","coordinates":[138.1283333,35.1016667]},"properties":{"id":"50241","name":"川根本町","kana":"カワネホンチョウ","en":"Kawane-Honcho","alt":290,"kind":"四","place":"榛原郡川根本町田代","start":1978,"startRaw":"#昭53.12.22","windH":9.9,"tempH":1.5,"elemNote":null,"sites":null,"type":"C","elems":"11112010"}},{"type":"Feature","geometry":{"type":"Point","coordinates":[138.2466667,35.0483333]},"properties":{"id":"50247","name":"鍵穴","kana":"カギアナ","en":"Kagiana","alt":160,"kind":"雨","place":"静岡市葵区鍵穴","start":1991,"startRaw":"平3.3.14","windH":null,"tempH":null,"elemNote":null,"sites":null,"type":"C","elems":"01000000"}},{"type":"Feature","geometry":{"type":"Point","coordinates":[138.5216667,35.0533333]},"properties":{"id":"50261","name":"清水","kana":"シミズ","en":"Shimizu","alt":3,"kind":"四","place":"静岡市清水区興津中町","start":1978,"startRaw":"昭53.1.18","windH":8.4,"tempH":1.5,"elemNote":null,"sites":null,"type":"C","elems":"11112010"}},{"type":"Feature","geometry":{"type":"Point","coordinates":[139.0916667,35.045]},"properties":{"id":"50281","name":"網代","kana":"アジロ","en":"Ajiro","alt":67,"kind":"官","place":"熱海市網代　網代特別地域気象観測所","start":1975,"startRaw":"#昭50.12.16","windH":12.5,"tempH":null,"elemNote":null,"sites":null,"type":"B","elems":"11111011"}},{"type":"Feature","geometry":{"type":"Point","coordinates":[137.7333333,34.9583333]},"properties":{"id":"50296","name":"熊","kana":"クマ","en":"Kuma","alt":375,"kind":"雨","place":"浜松市天竜区熊","start":1976,"startRaw":"昭51.6.25","windH":null,"tempH":null,"elemNote":null,"sites":null,"type":"C","elems":"01000000"}},{"type":"Feature","geometry":{"type":"Point","coordinates":[138.1966667,34.975]},"properties":{"id":"50317","name":"高根山","kana":"タカネサン","en":"Mt. Takane","alt":415,"kind":"雨","place":"藤枝市瀬戸谷","start":2009,"startRaw":"平21.12.18","windH":null,"tempH":null,"elemNote":null,"sites":null,"type":"C","elems":"01000000"}},{"type":"Feature","geometry":{"type":"Point","coordinates":[138.4033333,34.975]},"properties":{"id":"50331","name":"静岡","kana":"シズオカ","en":"Shizuoka","alt":14,"kind":"官","place":"静岡市駿河区曲金　静岡地方気象台","start":1975,"startRaw":"#昭50.3.23","windH":16,"tempH":null,"elemNote":null,"sites":null,"type":"A","elems":"11111111"}},{"type":"Feature","geometry":{"type":"Point","coordinates":[137.555,34.8016667]},"properties":{"id":"50371","name":"三ヶ日","kana":"ミッカビ","en":"Mikkabi","alt":2,"kind":"雨","place":"浜松市浜名区三ヶ日町三ヶ日","start":1975,"startRaw":"昭50.5.13","windH":null,"tempH":null,"elemNote":null,"sites":null,"type":"C","elems":"01000000"}},{"type":"Feature","geometry":{"type":"Point","coordinates":[137.8133333,34.89]},"properties":{"id":"50386","name":"天竜","kana":"テンリュウ","en":"Tenryu","alt":61,"kind":"四","place":"浜松市天竜区船明","start":1978,"startRaw":"#昭53.12.21","windH":10,"tempH":1.5,"elemNote":null,"sites":null,"type":"C","elems":"11112010"}},{"type":"Feature","geometry":{"type":"Point","coordinates":[137.94,34.895]},"properties":{"id":"50391","name":"三倉","kana":"ミクラ","en":"Mikura","alt":114,"kind":"雨","place":"周智郡森町三倉","start":1982,"startRaw":"昭57.9.29","windH":null,"tempH":null,"elemNote":null,"sites":null,"type":"C","elems":"01000000"}},{"type":"Feature","geometry":{"type":"Point","coordinates":[138.7616667,34.8766667]},"properties":{"id":"50416","name":"土肥","kana":"トイ","en":"Toi","alt":92,"kind":"雨","place":"伊豆市小下田","start":1990,"startRaw":"平2.7.10","windH":null,"tempH":null,"elemNote":null,"sites":null,"type":"C","elems":"01000000"}},{"type":"Feature","geometry":{"type":"Point","coordinates":[138.925,34.9]},"properties":{"id":"50426","name":"湯ケ島","kana":"ユガシマ","en":"Yugashima","alt":165,"kind":"雨","place":"伊豆市市山","start":null,"startRaw":"#","windH":null,"tempH":null,"elemNote":null,"sites":null,"type":"C","elems":"01000000"}},{"type":"Feature","geometry":{"type":"Point","coordinates":[139.0233333,34.8716667]},"properties":{"id":"50427","name":"天城山","kana":"アマギサン","en":"Mt. Amagi","alt":1066,"kind":"雨","place":"伊豆市菅引字天城山菅引入","start":null,"startRaw":"#","windH":null,"tempH":null,"elemNote":null,"sites":null,"type":"C","elems":"01000000"}},{"type":"Feature","geometry":{"type":"Point","coordinates":[137.7116667,34.7533333]},"properties":{"id":"50456","name":"浜松","kana":"ハママツ","en":"Hamamatsu","alt":46,"kind":"官","place":"浜松市中央区高丘東　浜松特別地域気象観測所","start":1975,"startRaw":"#昭50.3.19","windH":16.8,"tempH":null,"elemNote":null,"sites":null,"type":"B","elems":"11111011"}},{"type":"Feature","geometry":{"type":"Point","coordinates":[137.995,34.7683333]},"properties":{"id":"50466","name":"掛川","kana":"カケガワ","en":"Kakegawa","alt":32,"kind":"雨","place":"掛川市長谷","start":1975,"startRaw":"昭50.5.13","windH":null,"tempH":null,"elemNote":null,"sites":null,"type":"C","elems":"01000000"}},{"type":"Feature","geometry":{"type":"Point","coordinates":[138.1383333,34.785]},"properties":{"id":"50476","name":"菊川牧之原","kana":"キクガワマキノハラ","en":"Kikugawa-Makinohara","alt":191,"kind":"四","place":"菊川市倉沢","start":1978,"startRaw":"昭53.12.21","windH":10.1,"tempH":1.5,"elemNote":null,"sites":null,"type":"C","elems":"11112010"}},{"type":"Feature","geometry":{"type":"Point","coordinates":[138.1883333,34.795]},"properties":{"id":"50477","name":"静岡空港","kana":"シズオカクウコウ：静岡空港","en":"Shizuoka Airport","alt":132,"kind":"官","place":"牧之原市坂口　静岡航空気象観測所","start":2009,"startRaw":"平21.6.4","windH":10,"tempH":null,"elemNote":"日照・湿度・気圧を除く","sites":null,"type":"C","elems":"11110000"}},{"type":"Feature","geometry":{"type":"Point","coordinates":[138.7833333,34.755]},"properties":{"id":"50491","name":"松崎","kana":"マツザキ","en":"Matsuzaki","alt":4,"kind":"四","place":"賀茂郡松崎町江奈","start":1978,"startRaw":"#昭53.12.27","windH":10,"tempH":1.5,"elemNote":null,"sites":null,"type":"C","elems":"11112010"}},{"type":"Feature","geometry":{"type":"Point","coordinates":[139.0483333,34.7816667]},"properties":{"id":"50506","name":"稲取","kana":"イナトリ","en":"Inatori","alt":130,"kind":"四","place":"賀茂郡東伊豆町稲取","start":1978,"startRaw":"#昭53.12.27","windH":10,"tempH":1.5,"elemNote":null,"sites":null,"type":"C","elems":"11112010"}},{"type":"Feature","geometry":{"type":"Point","coordinates":[137.88,34.6916667]},"properties":{"id":"50536","name":"磐田","kana":"イワタ","en":"Iwata","alt":1,"kind":"四","place":"磐田市南島","start":1978,"startRaw":"昭53.1.19","windH":10.2,"tempH":1.5,"elemNote":null,"sites":null,"type":"C","elems":"11112010"}},{"type":"Feature","geometry":{"type":"Point","coordinates":[138.2133333,34.6033333]},"properties":{"id":"50551","name":"御前崎","kana":"オマエザキ","en":"Omaezaki","alt":45,"kind":"官","place":"御前崎市御前崎　御前崎特別地域気象観測所","start":1975,"startRaw":"#昭50.12.11","windH":16,"tempH":null,"elemNote":null,"sites":null,"type":"B","elems":"11111011"}},{"type":"Feature","geometry":{"type":"Point","coordinates":[138.8416667,34.6033333]},"properties":{"id":"50561","name":"石廊崎","kana":"イロウザキ","en":"Irozaki","alt":52,"kind":"官","place":"賀茂郡南伊豆町石廊崎石室山　石廊崎特別地域気象観測所","start":1975,"startRaw":"#昭50.3.26","windH":15,"tempH":null,"elemNote":null,"sites":null,"type":"B","elems":"11111011"}},{"type":"Feature","geometry":{"type":"Point","coordinates":[136.8533333,35.2983333]},"properties":{"id":"51011","name":"一宮","kana":"イチノミヤ","en":"Ichinomiya","alt":11,"kind":"雨","place":"一宮市千秋町佐野字辻田","start":null,"startRaw":"#","windH":null,"tempH":null,"elemNote":null,"sites":null,"type":"C","elems":"01000000"}},{"type":"Feature","geometry":{"type":"Point","coordinates":[136.6983333,35.2166667]},"properties":{"id":"51031","name":"愛西","kana":"アイサイ","en":"Aisai","alt":5,"kind":"四","place":"愛西市江西町川原","start":1979,"startRaw":"昭54.1.11","windH":10.3,"tempH":1.5,"elemNote":null,"sites":null,"type":"C","elems":"11112010"}},{"type":"Feature","geometry":{"type":"Point","coordinates":[137.285,35.2283333]},"properties":{"id":"51056","name":"小原","kana":"オバラ","en":"Obara","alt":290,"kind":"雨","place":"豊田市小原町上平","start":1977,"startRaw":"昭52.7.1","windH":null,"tempH":null,"elemNote":null,"sites":null,"type":"C","elems":"01000000"}},{"type":"Feature","geometry":{"type":"Point","coordinates":[137.5066667,35.2116667]},"properties":{"id":"51071","name":"稲武","kana":"イナブ","en":"Inabu","alt":505,"kind":"四","place":"豊田市稲武町スソガエト","start":1979,"startRaw":"(昭50.5.12)昭54.1.9","windH":9.9,"tempH":1.5,"elemNote":null,"sites":null,"type":"C","elems":"11112010"}},{"type":"Feature","geometry":{"type":"Point","coordinates":[137.66,35.22]},"properties":{"id":"51077","name":"茶臼山","kana":"チャウスヤマ","en":"Mt. Chyausu","alt":1216,"kind":"雨","place":"北設楽郡豊根村坂宇場字御所平","start":2005,"startRaw":"平17.12.8","windH":null,"tempH":null,"elemNote":null,"sites":null,"type":"C","elems":"01000000"}},{"type":"Feature","geometry":{"type":"Point","coordinates":[136.7916667,35.1366667]},"properties":{"id":"51096","name":"蟹江","kana":"カニエ","en":"Kanie","alt":2,"kind":"雨","place":"海部郡蟹江町蟹江本町クノ割","start":1975,"startRaw":"昭50.5.12","windH":null,"tempH":null,"elemNote":null,"sites":null,"type":"C","elems":"01000000"}},{"type":"Feature","geometry":{"type":"Point","coordinates":[136.965,35.1666667]},"properties":{"id":"51106","name":"名古屋","kana":"ナゴヤ","en":"Nagoya","alt":51,"kind":"官","place":"名古屋市千種区日和町　名古屋地方気象台","start":1975,"startRaw":"#昭50.3.19","windH":17.8,"tempH":null,"elemNote":null,"sites":null,"type":"A","elems":"11111111"}},{"type":"Feature","geometry":{"type":"Point","coordinates":[137.1766667,35.1316667]},"properties":{"id":"51116","name":"豊田","kana":"トヨタ","en":"Toyota","alt":75,"kind":"四","place":"豊田市高町東山","start":1979,"startRaw":"#昭54.1.9","windH":6.6,"tempH":1.5,"elemNote":null,"sites":null,"type":"C","elems":"11112010"}},{"type":"Feature","geometry":{"type":"Point","coordinates":[137.4133333,35.0783333]},"properties":{"id":"51192","name":"阿蔵","kana":"アゾウ","en":"Azo","alt":613,"kind":"雨","place":"豊田市阿蔵町猫田","start":2005,"startRaw":"平17.12.5","windH":null,"tempH":null,"elemNote":null,"sites":null,"type":"C","elems":"01000000"}},{"type":"Feature","geometry":{"type":"Point","coordinates":[136.9433333,34.995]},"properties":{"id":"51216","name":"大府","kana":"オオブ","en":"Obu","alt":32,"kind":"四","place":"大府市森岡町","start":2012,"startRaw":"平24.10.17","windH":9.9,"tempH":1.5,"elemNote":null,"sites":null,"type":"C","elems":"11112010"}},{"type":"Feature","geometry":{"type":"Point","coordinates":[137.1933333,34.9183333]},"properties":{"id":"51226","name":"岡崎","kana":"オカザキ","en":"Okazaki","alt":47,"kind":"四","place":"岡崎市美合町地蔵野","start":1979,"startRaw":"#昭54.1.9","windH":6.3,"tempH":1.5,"elemNote":null,"sites":null,"type":"C","elems":"11112010"}},{"type":"Feature","geometry":{"type":"Point","coordinates":[137.425,34.9766667]},"properties":{"id":"51241","name":"作手","kana":"ツクデ","en":"Tsukude","alt":532,"kind":"雨","place":"新城市作手高里字木戸口","start":null,"startRaw":"#","windH":null,"tempH":null,"elemNote":null,"sites":null,"type":"C","elems":"01000000"}},{"type":"Feature","geometry":{"type":"Point","coordinates":[137.5183333,34.9066667]},"properties":{"id":"51247","name":"新城","kana":"シンシロ","en":"Shinshiro","alt":53,"kind":"四","place":"新城市富沢字広瀬","start":2002,"startRaw":"平14.12.25","windH":6.3,"tempH":1.5,"elemNote":null,"sites":null,"type":"C","elems":"11112010"}},{"type":"Feature","geometry":{"type":"Point","coordinates":[136.805,34.8583333]},"properties":{"id":"51261","name":"セントレア","kana":"セントレア：中部国際空港","en":"Centrair","alt":4,"kind":"官","place":"常滑市セントレア　中部航空地方気象台","start":2005,"startRaw":"平17.2.17","windH":10,"tempH":null,"elemNote":"日照・湿度・気圧を除く","sites":null,"type":"C","elems":"11110000"}},{"type":"Feature","geometry":{"type":"Point","coordinates":[137.0283333,34.8116667]},"properties":{"id":"51271","name":"一色","kana":"イッシキ","en":"Isshiki","alt":12,"kind":"雨","place":"西尾市一色町一色伊那跨","start":null,"startRaw":"#","windH":null,"tempH":null,"elemNote":null,"sites":null,"type":"C","elems":"01000000"}},{"type":"Feature","geometry":{"type":"Point","coordinates":[137.2166667,34.845]},"properties":{"id":"51281","name":"蒲郡","kana":"ガマゴオリ","en":"Gamagori","alt":55,"kind":"四","place":"蒲郡市神ノ郷町上名取","start":1979,"startRaw":"昭54.1.10","windH":9.9,"tempH":1.5,"elemNote":null,"sites":null,"type":"C","elems":"11112010"}},{"type":"Feature","geometry":{"type":"Point","coordinates":[136.9383333,34.74]},"properties":{"id":"51311","name":"南知多","kana":"ミナミチタ","en":"Minamichita","alt":16,"kind":"四","place":"知多郡南知多町大字豊丘字浜見台","start":1979,"startRaw":"(昭50.5.12)昭54.1.10","windH":6.4,"tempH":1.5,"elemNote":null,"sites":null,"type":"C","elems":"11112010"}},{"type":"Feature","geometry":{"type":"Point","coordinates":[137.3416667,34.75]},"properties":{"id":"51331","name":"豊橋","kana":"トヨハシ","en":"Toyohashi","alt":3,"kind":"四","place":"豊橋市神野新田町字レノ割","start":2005,"startRaw":"平17.12.6","windH":6.5,"tempH":1.5,"elemNote":null,"sites":null,"type":"C","elems":"11112010"}},{"type":"Feature","geometry":{"type":"Point","coordinates":[137.0933333,34.6283333]},"properties":{"id":"51346","name":"伊良湖","kana":"イラコ","en":"Irako","alt":6,"kind":"官","place":"田原市福江町字金五郎坂　伊良湖特別地域気象観測所","start":1975,"startRaw":"#昭50.12.16","windH":10.7,"tempH":null,"elemNote":null,"sites":null,"type":"B","elems":"11111011"}},{"type":"Feature","geometry":{"type":"Point","coordinates":[137.2216667,34.6266667]},"properties":{"id":"51356","name":"田原","kana":"タハラ","en":"Tahara","alt":45,"kind":"雨","place":"田原市高松町尾村崎","start":null,"startRaw":"#","windH":null,"tempH":null,"elemNote":null,"sites":null,"type":"C","elems":"01000000"}},{"type":"Feature","geometry":{"type":"Point","coordinates":[137.1,36.305]},"properties":{"id":"52041","name":"河合","kana":"カワイ","en":"Kawai","alt":471,"kind":"四","place":"飛騨市河合町角川","start":1978,"startRaw":"昭53.11.18","windH":9.9,"tempH":3.7,"elemNote":null,"sites":null,"type":"C","elems":"11112110"}},{"type":"Feature","geometry":{"type":"Point","coordinates":[137.3083333,36.3216667]},"properties":{"id":"52051","name":"神岡","kana":"カミオカ","en":"Kamioka","alt":455,"kind":"四","place":"飛騨市神岡町殿","start":1978,"startRaw":"昭53.11.20","windH":9.9,"tempH":2,"elemNote":null,"sites":null,"type":"C","elems":"11112110"}},{"type":"Feature","geometry":{"type":"Point","coordinates":[136.8966667,36.2733333]},"properties":{"id":"52081","name":"白川","kana":"シラカワ","en":"Shirakawa","alt":478,"kind":"四","place":"大野郡白川村鳩谷字北長","start":1978,"startRaw":"昭53.11.17","windH":10,"tempH":4,"elemNote":null,"sites":null,"type":"C","elems":"11112110"}},{"type":"Feature","geometry":{"type":"Point","coordinates":[137.5033333,36.2483333]},"properties":{"id":"52111","name":"栃尾","kana":"トチオ","en":"Tochio","alt":765,"kind":"四","place":"高山市奥飛騨温泉郷今見","start":1978,"startRaw":"(昭50.5.30)昭53.11.20","windH":9.9,"tempH":1.5,"elemNote":null,"sites":null,"type":"C","elems":"11112010"}},{"type":"Feature","geometry":{"type":"Point","coordinates":[136.9083333,36.1466667]},"properties":{"id":"52131","name":"御母衣","kana":"ミボロ","en":"Miboro","alt":640,"kind":"雨","place":"大野郡白川村牧","start":1982,"startRaw":"昭57.6.22","windH":null,"tempH":null,"elemNote":null,"sites":null,"type":"C","elems":"01000000"}},{"type":"Feature","geometry":{"type":"Point","coordinates":[137.045,36.18]},"properties":{"id":"52137","name":"清見","kana":"キヨミ","en":"Kiyomi","alt":740,"kind":"雨","place":"高山市清見町大谷","start":1990,"startRaw":"平2.12.21","windH":null,"tempH":null,"elemNote":null,"sites":null,"type":"C","elems":"01000000"}},{"type":"Feature","geometry":{"type":"Point","coordinates":[137.2533333,36.155]},"properties":{"id":"52146","name":"高山","kana":"タカヤマ","en":"Takayama","alt":560,"kind":"官","place":"高山市桐生町　高山特別地域気象観測所","start":1975,"startRaw":"#昭50.4.1","windH":18.1,"tempH":null,"elemNote":null,"sites":null,"type":"B","elems":"11111111"}},{"type":"Feature","geometry":{"type":"Point","coordinates":[137.3716667,36.1866667]},"properties":{"id":"52152","name":"丹生川","kana":"ニュウカワ","en":"Nyukawa","alt":910,"kind":"雨","place":"高山市丹生川町瓜田","start":1990,"startRaw":"平2.12.26","windH":null,"tempH":null,"elemNote":null,"sites":null,"type":"C","elems":"01000000"}},{"type":"Feature","geometry":{"type":"Point","coordinates":[136.8933333,36.01]},"properties":{"id":"52173","name":"ひるがの","kana":"ヒルガノ","en":"Hirugano","alt":885,"kind":"雨","place":"郡上市高鷲町ひるがの","start":1990,"startRaw":"平2.12.20","windH":null,"tempH":null,"elemNote":null,"sites":null,"type":"C","elems":"01000000"}},{"type":"Feature","geometry":{"type":"Point","coordinates":[137.035,36.06]},"properties":{"id":"52181","name":"六厩","kana":"ムマヤ","en":"Mumaya","alt":1015,"kind":"四","place":"高山市荘川町六厩","start":1978,"startRaw":"昭53.11.16","windH":9.9,"tempH":2.8,"elemNote":null,"sites":null,"type":"C","elems":"11112010"}},{"type":"Feature","geometry":{"type":"Point","coordinates":[137.26,36.035]},"properties":{"id":"52192","name":"船山","kana":"フナヤマ","en":"Mt. Funayama","alt":880,"kind":"雨","place":"高山市久々野町無数河","start":2002,"startRaw":"平14.10.8","windH":null,"tempH":null,"elemNote":null,"sites":null,"type":"C","elems":"01000000"}},{"type":"Feature","geometry":{"type":"Point","coordinates":[137.3883333,36.015]},"properties":{"id":"52196","name":"宮之前","kana":"ミヤノマエ","en":"Miyanomae","alt":930,"kind":"四","place":"高山市朝日町宮之前","start":1978,"startRaw":"昭53.11.21","windH":9.3,"tempH":2,"elemNote":null,"sites":null,"type":"C","elems":"11112010"}},{"type":"Feature","geometry":{"type":"Point","coordinates":[136.8316667,35.9233333]},"properties":{"id":"52221","name":"長滝","kana":"ナガタキ","en":"Nagataki","alt":430,"kind":"四","place":"郡上市白鳥町長滝字三昧","start":1978,"startRaw":"昭53.11.11","windH":9.9,"tempH":2.8,"elemNote":null,"sites":null,"type":"C","elems":"11112110"}},{"type":"Feature","geometry":{"type":"Point","coordinates":[137.2066667,35.8883333]},"properties":{"id":"52286","name":"萩原","kana":"ハギワラ","en":"Hagiwara","alt":425,"kind":"四","place":"下呂市萩原町羽根","start":1976,"startRaw":"#昭51.3.3","windH":10.1,"tempH":1.5,"elemNote":null,"sites":null,"type":"C","elems":"11112010"}},{"type":"Feature","geometry":{"type":"Point","coordinates":[136.7833333,35.7233333]},"properties":{"id":"52321","name":"関市板取","kana":"セキシイタドリ","en":"Itadori, Seki City","alt":351,"kind":"雨","place":"関市板取","start":2005,"startRaw":"平17.12.5","windH":null,"tempH":null,"elemNote":null,"sites":null,"type":"C","elems":"01000000"}},{"type":"Feature","geometry":{"type":"Point","coordinates":[136.9783333,35.7566667]},"properties":{"id":"52331","name":"八幡","kana":"ハチマン","en":"Hachiman","alt":271,"kind":"四","place":"郡上市八幡町旭田尻","start":1978,"startRaw":"#昭53.11.16","windH":9.9,"tempH":1.5,"elemNote":null,"sites":null,"type":"C","elems":"11112010"}},{"type":"Feature","geometry":{"type":"Point","coordinates":[137.2883333,35.7633333]},"properties":{"id":"52346","name":"宮地","kana":"ミヤジ","en":"Miyaji","alt":450,"kind":"四","place":"下呂市宮地","start":1978,"startRaw":"(昭50.6.1)昭53.11.21","windH":9.9,"tempH":1.5,"elemNote":null,"sites":null,"type":"C","elems":"11112010"}},{"type":"Feature","geometry":{"type":"Point","coordinates":[136.6016667,35.6383333]},"properties":{"id":"52381","name":"樽見","kana":"タルミ","en":"Tarumi","alt":190,"kind":"四","place":"本巣市根尾神所","start":1978,"startRaw":"#昭53.11.14","windH":9.9,"tempH":2,"elemNote":null,"sites":null,"type":"C","elems":"11112110"}},{"type":"Feature","geometry":{"type":"Point","coordinates":[137.16,35.6616667]},"properties":{"id":"52406","name":"金山","kana":"カナヤマ","en":"Kanayama","alt":233,"kind":"四","place":"下呂市金山町大船渡","start":1978,"startRaw":"#昭53.11.22","windH":9.9,"tempH":1.5,"elemNote":null,"sites":null,"type":"C","elems":"11112010"}},{"type":"Feature","geometry":{"type":"Point","coordinates":[137.4266667,35.6616667]},"properties":{"id":"52421","name":"付知","kana":"ツケチ","en":"Tsukechi","alt":461,"kind":"雨","place":"中津川市付知町","start":1982,"startRaw":"昭57.6.11","windH":null,"tempH":null,"elemNote":null,"sites":null,"type":"C","elems":"01000000"}},{"type":"Feature","geometry":{"type":"Point","coordinates":[136.91,35.555]},"properties":{"id":"52461","name":"美濃","kana":"ミノ","en":"Mino","alt":68,"kind":"四","place":"美濃市前野中川原","start":1978,"startRaw":"(昭50.5.29)昭53.11.15","windH":9.9,"tempH":1.5,"elemNote":null,"sites":null,"type":"C","elems":"11112010"}},{"type":"Feature","geometry":{"type":"Point","coordinates":[137.23,35.515]},"properties":{"id":"52476","name":"伽藍","kana":"ガラン","en":"Garan","alt":650,"kind":"雨","place":"加茂郡八百津町伽藍谷","start":null,"startRaw":"#","windH":null,"tempH":null,"elemNote":null,"sites":null,"type":"C","elems":"01000000"}},{"type":"Feature","geometry":{"type":"Point","coordinates":[137.3183333,35.5983333]},"properties":{"id":"52482","name":"黒川","kana":"クロカワ","en":"Kurokawa","alt":517,"kind":"四","place":"加茂郡白川町黒川","start":1998,"startRaw":"平10.9.29","windH":9.3,"tempH":1.5,"elemNote":null,"sites":null,"type":"C","elems":"11112010"}},{"type":"Feature","geometry":{"type":"Point","coordinates":[136.5666667,35.485]},"properties":{"id":"52511","name":"揖斐川","kana":"イビガワ","en":"Ibigawa","alt":45,"kind":"四","place":"揖斐郡揖斐川町三輪","start":1978,"startRaw":"昭53.11.14","windH":9.9,"tempH":1.5,"elemNote":null,"sites":null,"type":"C","elems":"11112010"}},{"type":"Feature","geometry":{"type":"Point","coordinates":[137.005,35.445]},"properties":{"id":"52536","name":"美濃加茂","kana":"ミノカモ","en":"Minokamo","alt":74,"kind":"四","place":"美濃加茂市西町","start":1978,"startRaw":"#昭53.11.15","windH":9.9,"tempH":1.5,"elemNote":null,"sites":null,"type":"C","elems":"11112010"}},{"type":"Feature","geometry":{"type":"Point","coordinates":[137.4033333,35.4466667]},"properties":{"id":"52556","name":"恵那","kana":"エナ","en":"Ena","alt":315,"kind":"四","place":"恵那市長島町永田大洞","start":1976,"startRaw":"#昭51.3.8","windH":9.9,"tempH":1.5,"elemNote":null,"sites":null,"type":"C","elems":"11112010"}},{"type":"Feature","geometry":{"type":"Point","coordinates":[137.4866667,35.4766667]},"properties":{"id":"52557","name":"中津川","kana":"ナカツガワ","en":"Nakatsugawa","alt":378,"kind":"四","place":"中津川市手賀野","start":2010,"startRaw":"平22.3.25","windH":9.9,"tempH":1.5,"elemNote":null,"sites":null,"type":"C","elems":"11112010"}},{"type":"Feature","geometry":{"type":"Point","coordinates":[136.4666667,35.3633333]},"properties":{"id":"52571","name":"関ケ原","kana":"セキガハラ","en":"Sekigahara","alt":130,"kind":"四","place":"不破郡関ケ原町関ケ原","start":1978,"startRaw":"#昭53.11.13","windH":10.1,"tempH":1.5,"elemNote":null,"sites":null,"type":"C","elems":"11112110"}},{"type":"Feature","geometry":{"type":"Point","coordinates":[136.62,35.3466667]},"properties":{"id":"52581","name":"大垣","kana":"オオガキ","en":"Ogaki","alt":6,"kind":"四","place":"大垣市禾森町","start":1978,"startRaw":"#昭53.11.13","windH":9.9,"tempH":1.5,"elemNote":null,"sites":null,"type":"C","elems":"11112010"}},{"type":"Feature","geometry":{"type":"Point","coordinates":[136.7616667,35.4]},"properties":{"id":"52586","name":"岐阜","kana":"ギフ","en":"Gifu","alt":13,"kind":"官","place":"岐阜市加納二之丸　岐阜地方気象台","start":1975,"startRaw":"#昭50.4.1","windH":23,"tempH":null,"elemNote":null,"sites":null,"type":"A","elems":"11111111"}},{"type":"Feature","geometry":{"type":"Point","coordinates":[137.1083333,35.3466667]},"properties":{"id":"52606","name":"多治見","kana":"タジミ","en":"Tajimi","alt":120,"kind":"四","place":"多治見市光ケ丘","start":1978,"startRaw":"(昭50.5.29)昭53.11.24","windH":9.9,"tempH":1.5,"elemNote":null,"sites":null,"type":"C","elems":"11112010"}},{"type":"Feature","geometry":{"type":"Point","coordinates":[136.4583333,35.2466667]},"properties":{"id":"52642","name":"上石津","kana":"カミイシヅ","en":"Kamiishizu","alt":193,"kind":"雨","place":"大垣市上石津町堂之上","start":2016,"startRaw":"平28.3.29","windH":null,"tempH":null,"elemNote":null,"sites":null,"type":"C","elems":"01000000"}},{"type":"Feature","geometry":{"type":"Point","coordinates":[136.5383333,35.1433333]},"properties":{"id":"53016","name":"北勢","kana":"ホクセイ","en":"Hokusei","alt":125,"kind":"雨","place":"いなべ市北勢町其原","start":null,"startRaw":"#","windH":null,"tempH":null,"elemNote":null,"sites":null,"type":"C","elems":"01000000"}},{"type":"Feature","geometry":{"type":"Point","coordinates":[136.6933333,35.05]},"properties":{"id":"53041","name":"桑名","kana":"クワナ","en":"Kuwana","alt":3,"kind":"四","place":"桑名市大字江場字正金縄","start":1979,"startRaw":"#昭54.1.12","windH":9.9,"tempH":1.5,"elemNote":null,"sites":null,"type":"C","elems":"11112010"}},{"type":"Feature","geometry":{"type":"Point","coordinates":[136.58,34.94]},"properties":{"id":"53061","name":"四日市","kana":"ヨッカイチ","en":"Yokkaichi","alt":55,"kind":"官","place":"四日市市日永　四日市特別地域気象観測所","start":1975,"startRaw":"#昭50.12.13","windH":10.7,"tempH":null,"elemNote":null,"sites":null,"type":"B","elems":"11111011"}},{"type":"Feature","geometry":{"type":"Point","coordinates":[136.4533333,34.87]},"properties":{"id":"53091","name":"亀山","kana":"カメヤマ","en":"Kameyama","alt":70,"kind":"四","place":"亀山市椿世町","start":1979,"startRaw":"#昭54.1.12","windH":10,"tempH":1.5,"elemNote":null,"sites":null,"type":"C","elems":"11112010"}},{"type":"Feature","geometry":{"type":"Point","coordinates":[136.1416667,34.7616667]},"properties":{"id":"53112","name":"上野","kana":"ウエノ","en":"Ueno","alt":159,"kind":"官","place":"伊賀市緑ケ丘本町　上野特別地域気象観測所","start":1985,"startRaw":"昭60.1.30","windH":22.1,"tempH":null,"elemNote":null,"sites":null,"type":"B","elems":"11111011"}},{"type":"Feature","geometry":{"type":"Point","coordinates":[136.3083333,34.725]},"properties":{"id":"53121","name":"笠取山","kana":"カサトリヤマ","en":"Mt. Kasatori","alt":810,"kind":"雨","place":"津市榊原町","start":null,"startRaw":"#","windH":null,"tempH":null,"elemNote":null,"sites":null,"type":"C","elems":"01000000"}},{"type":"Feature","geometry":{"type":"Point","coordinates":[136.5183333,34.7333333]},"properties":{"id":"53133","name":"津","kana":"ツ","en":"Tsu","alt":3,"kind":"官","place":"津市島崎町　津地方気象台","start":2011,"startRaw":"平23.10.20","windH":null,"tempH":null,"elemNote":"気温、雨 ／ 風、日照","sites":2,"type":"A","elems":"11111111"}},{"type":"Feature","geometry":{"type":"Point","coordinates":[136.1083333,34.6266667]},"properties":{"id":"53141","name":"名張","kana":"ナバリ","en":"Nabari","alt":226,"kind":"雨","place":"名張市鴻之台1番町","start":null,"startRaw":"#","windH":null,"tempH":null,"elemNote":null,"sites":null,"type":"C","elems":"01000000"}},{"type":"Feature","geometry":{"type":"Point","coordinates":[136.3216667,34.625]},"properties":{"id":"53151","name":"白山","kana":"ハクサン","en":"Hakusan","alt":60,"kind":"雨","place":"津市白山町南家城","start":1979,"startRaw":"昭54.3.30","windH":null,"tempH":null,"elemNote":null,"sites":null,"type":"C","elems":"01000000"}},{"type":"Feature","geometry":{"type":"Point","coordinates":[136.665,34.5283333]},"properties":{"id":"53196","name":"小俣","kana":"オバタ","en":"Obata","alt":10,"kind":"四","place":"伊勢市小俣町明野","start":1979,"startRaw":"#昭54.1.16","windH":10,"tempH":1.5,"elemNote":null,"sites":null,"type":"C","elems":"11112010"}},{"type":"Feature","geometry":{"type":"Point","coordinates":[136.39,34.4483333]},"properties":{"id":"53231","name":"粥見","kana":"カユミ","en":"Kayumi","alt":120,"kind":"四","place":"松阪市飯南町粥見","start":1979,"startRaw":"#昭54.1.16","windH":10,"tempH":1.5,"elemNote":null,"sites":null,"type":"C","elems":"11112010"}},{"type":"Feature","geometry":{"type":"Point","coordinates":[136.825,34.4816667]},"properties":{"id":"53257","name":"鳥羽","kana":"トバ","en":"Toba","alt":2,"kind":"四","place":"鳥羽市鳥羽","start":1994,"startRaw":"平6.2.7","windH":9,"tempH":1.5,"elemNote":null,"sites":null,"type":"C","elems":"11112010"}},{"type":"Feature","geometry":{"type":"Point","coordinates":[136.4883333,34.3233333]},"properties":{"id":"53287","name":"藤坂峠","kana":"フジサカトウゲ","en":"Fujisaka Pass","alt":560,"kind":"雨","place":"度会郡大紀町永会字中河内","start":null,"startRaw":"#","windH":null,"tempH":null,"elemNote":null,"sites":null,"type":"C","elems":"01000000"}},{"type":"Feature","geometry":{"type":"Point","coordinates":[136.6816667,34.345]},"properties":{"id":"53296","name":"南伊勢","kana":"ミナミイセ","en":"Minami-Ise","alt":6,"kind":"四","place":"度会郡南伊勢町船越","start":1979,"startRaw":"(昭53.6.15)昭54.1.17","windH":10,"tempH":1.5,"elemNote":null,"sites":null,"type":"C","elems":"11112010"}},{"type":"Feature","geometry":{"type":"Point","coordinates":[136.8733333,34.3083333]},"properties":{"id":"53307","name":"阿児","kana":"アゴ","en":"Ago","alt":31,"kind":"雨","place":"志摩市阿児町甲賀字浅野","start":1982,"startRaw":"昭57.6.1","windH":null,"tempH":null,"elemNote":null,"sites":null,"type":"C","elems":"01000000"}},{"type":"Feature","geometry":{"type":"Point","coordinates":[136.2083333,34.2783333]},"properties":{"id":"53321","name":"宮川","kana":"ミヤガワ","en":"Miyagawa","alt":205,"kind":"雨","place":"多気郡大台町久豆","start":1978,"startRaw":"昭53.6.1","windH":null,"tempH":null,"elemNote":null,"sites":null,"type":"C","elems":"01000000"}},{"type":"Feature","geometry":{"type":"Point","coordinates":[136.3266667,34.2083333]},"properties":{"id":"53326","name":"紀伊長島","kana":"キイナガシマ","en":"Kii-Nagashima","alt":3,"kind":"四","place":"北牟婁郡紀北町長島","start":1979,"startRaw":"昭54.1.17","windH":9.9,"tempH":1.5,"elemNote":null,"sites":null,"type":"C","elems":"11112010"}},{"type":"Feature","geometry":{"type":"Point","coordinates":[136.1933333,34.0683333]},"properties":{"id":"53378","name":"尾鷲","kana":"オワセ","en":"Owase","alt":15,"kind":"官","place":"尾鷲市南陽町　尾鷲特別地域気象観測所","start":1985,"startRaw":"昭60.5.29","windH":28.4,"tempH":null,"elemNote":null,"sites":null,"type":"B","elems":"11111011"}},{"type":"Feature","geometry":{"type":"Point","coordinates":[136.1383333,33.9316667]},"properties":{"id":"53401","name":"熊野新鹿","kana":"クマノアタシカ","en":"Kumano-Atashika","alt":23,"kind":"四","place":"熊野市新鹿町","start":2001,"startRaw":"平13.12.18","windH":6.4,"tempH":1.5,"elemNote":null,"sites":null,"type":"C","elems":"11112010"}},{"type":"Feature","geometry":{"type":"Point","coordinates":[135.98,33.8516667]},"properties":{"id":"53416","name":"御浜","kana":"ミハマ","en":"Mihama","alt":130,"kind":"雨","place":"南牟婁郡御浜町大字上野","start":1985,"startRaw":"昭60.6.11","windH":null,"tempH":null,"elemNote":null,"sites":null,"type":"C","elems":"01000000"}},{"type":"Feature","geometry":{"type":"Point","coordinates":[139.2533333,38.465]},"properties":{"id":"54012","name":"粟島","kana":"アワシマ","en":"Awashima Island","alt":4,"kind":"四","place":"岩船郡粟島浦村字内浦","start":2016,"startRaw":"平28.5.31","windH":10.3,"tempH":1.5,"elemNote":null,"sites":null,"type":"C","elems":"11112010"}},{"type":"Feature","geometry":{"type":"Point","coordinates":[138.5116667,38.33]},"properties":{"id":"54041","name":"弾崎","kana":"ハジキザキ","en":"Hajikizaki","alt":58,"kind":"四","place":"佐渡市鷲崎字弾崎","start":1997,"startRaw":"平9.4.4","windH":8,"tempH":1.5,"elemNote":null,"sites":null,"type":"C","elems":"11112010"}},{"type":"Feature","geometry":{"type":"Point","coordinates":[139.6033333,38.33]},"properties":{"id":"54056","name":"高根","kana":"タカネ","en":"Takane","alt":85,"kind":"雨","place":"村上市高根","start":1978,"startRaw":"昭53.6.1","windH":null,"tempH":null,"elemNote":null,"sites":null,"type":"C","elems":"01000000"}},{"type":"Feature","geometry":{"type":"Point","coordinates":[139.4783333,38.2266667]},"properties":{"id":"54086","name":"村上","kana":"ムラカミ","en":"Murakami","alt":10,"kind":"四","place":"村上市三之町","start":1978,"startRaw":"#昭53.11.28","windH":8.3,"tempH":2.7,"elemNote":null,"sites":null,"type":"C","elems":"11112010"}},{"type":"Feature","geometry":{"type":"Point","coordinates":[139.605,38.2466667]},"properties":{"id":"54097","name":"三面","kana":"ミオモテ","en":"Miomote","alt":45,"kind":"雨","place":"村上市茎太","start":1981,"startRaw":"昭56.6.1","windH":null,"tempH":null,"elemNote":null,"sites":null,"type":"C","elems":"01000000"}},{"type":"Feature","geometry":{"type":"Point","coordinates":[138.24,38.0283333]},"properties":{"id":"54157","name":"相川","kana":"アイカワ","en":"Aikawa","alt":6,"kind":"官","place":"佐渡市相川三町目新浜町　相川特別地域気象観測所","start":1995,"startRaw":"平7.7.7","windH":33.8,"tempH":null,"elemNote":null,"sites":null,"type":"B","elems":"11111111"}},{"type":"Feature","geometry":{"type":"Point","coordinates":[138.44,38.0733333]},"properties":{"id":"54166","name":"両津","kana":"リョウツ","en":"Ryotsu","alt":2,"kind":"四","place":"佐渡市両津湊","start":1978,"startRaw":"#昭53.11.24","windH":18.8,"tempH":1.5,"elemNote":null,"sites":null,"type":"C","elems":"11112010"}},{"type":"Feature","geometry":{"type":"Point","coordinates":[139.3883333,38.0766667]},"properties":{"id":"54181","name":"中条","kana":"ナカジョウ","en":"Nakajo","alt":14,"kind":"四","place":"胎内市清水","start":1978,"startRaw":"昭53.11.28","windH":9.9,"tempH":2.5,"elemNote":null,"sites":null,"type":"C","elems":"11112010"}},{"type":"Feature","geometry":{"type":"Point","coordinates":[139.5633333,38.0916667]},"properties":{"id":"54191","name":"下関","kana":"シモセキ","en":"Shimoseki","alt":33,"kind":"四","place":"岩船郡関川村下関","start":1978,"startRaw":"(昭50.5.29)昭53.11.27","windH":9.9,"tempH":2.8,"elemNote":null,"sites":null,"type":"C","elems":"11112110"}},{"type":"Feature","geometry":{"type":"Point","coordinates":[139.0183333,37.8933333]},"properties":{"id":"54232","name":"新潟","kana":"ニイガタ","en":"Niigata","alt":4,"kind":"官","place":"新潟市中央区美咲町　新潟地方気象台","start":1981,"startRaw":"昭56.4.1","windH":null,"tempH":null,"elemNote":"気温、雨 ／ 風、日照","sites":2,"type":"A","elems":"11111111"}},{"type":"Feature","geometry":{"type":"Point","coordinates":[139.1116667,37.955]},"properties":{"id":"54236","name":"松浜","kana":"マツハマ：新潟空港","en":"Matsuhama","alt":1,"kind":"官","place":"新潟市東区松浜町　新潟航空気象観測所","start":2003,"startRaw":"平15.1.1","windH":10,"tempH":null,"elemNote":"日照・湿度・気圧を除く","sites":null,"type":"C","elems":"11110100"}},{"type":"Feature","geometry":{"type":"Point","coordinates":[138.3133333,37.8416667]},"properties":{"id":"54271","name":"羽茂","kana":"ハモチ","en":"Hamochi","alt":11,"kind":"四","place":"佐渡市羽茂本郷","start":1978,"startRaw":"(昭50.5.14)昭53.11.24","windH":9.9,"tempH":1.5,"elemNote":null,"sites":null,"type":"C","elems":"11112010"}},{"type":"Feature","geometry":{"type":"Point","coordinates":[139.0866667,37.7916667]},"properties":{"id":"54296","name":"新津","kana":"ニイツ","en":"Niitsu","alt":3,"kind":"四","place":"新潟市秋葉区小戸上組","start":1978,"startRaw":"#昭53.11.21","windH":10,"tempH":2.5,"elemNote":null,"sites":null,"type":"C","elems":"11112110"}},{"type":"Feature","geometry":{"type":"Point","coordinates":[139.2366667,37.8333333]},"properties":{"id":"54301","name":"瓢湖","kana":"ヒョウコ","en":"Hyoko","alt":9,"kind":"雨","place":"阿賀野市中島字諏訪前","start":2014,"startRaw":"平26.7.23","windH":null,"tempH":null,"elemNote":null,"sites":null,"type":"C","elems":"01000000"}},{"type":"Feature","geometry":{"type":"Point","coordinates":[139.415,37.835]},"properties":{"id":"54311","name":"赤谷","kana":"アカダニ","en":"Akadani","alt":135,"kind":"雨","place":"新発田市上赤谷字大檀原","start":1976,"startRaw":"昭51.7.30","windH":null,"tempH":null,"elemNote":null,"sites":null,"type":"C","elems":"01000000"}},{"type":"Feature","geometry":{"type":"Point","coordinates":[138.9133333,37.7683333]},"properties":{"id":"54341","name":"巻","kana":"マキ","en":"Maki","alt":2,"kind":"四","place":"新潟市西蒲区巻甲","start":1978,"startRaw":"#昭53.11.22","windH":9.9,"tempH":2.4,"elemNote":null,"sites":null,"type":"C","elems":"11112010"}},{"type":"Feature","geometry":{"type":"Point","coordinates":[138.7666667,37.64]},"properties":{"id":"54387","name":"寺泊","kana":"テラドマリ","en":"Teradomari","alt":44,"kind":"四","place":"長岡市寺泊二の関","start":2001,"startRaw":"平13.8.10","windH":7.8,"tempH":1.5,"elemNote":null,"sites":null,"type":"C","elems":"11112010"}},{"type":"Feature","geometry":{"type":"Point","coordinates":[138.955,37.64]},"properties":{"id":"54396","name":"三条","kana":"サンジョウ","en":"Sanjo","alt":9,"kind":"四","place":"三条市西裏館","start":1978,"startRaw":"#昭53.11.20","windH":12.4,"tempH":2.5,"elemNote":null,"sites":null,"type":"C","elems":"11112010"}},{"type":"Feature","geometry":{"type":"Point","coordinates":[139.1883333,37.6966667]},"properties":{"id":"54406","name":"村松","kana":"ムラマツ","en":"Muramatsu","alt":25,"kind":"雨","place":"五泉市愛宕","start":null,"startRaw":"#","windH":null,"tempH":null,"elemNote":null,"sites":null,"type":"C","elems":"01000000"}},{"type":"Feature","geometry":{"type":"Point","coordinates":[139.4466667,37.6716667]},"properties":{"id":"54421","name":"津川","kana":"ツガワ","en":"Tsugawa","alt":100,"kind":"四","place":"東蒲原郡阿賀町津川","start":1978,"startRaw":"#昭53.11.21","windH":9.5,"tempH":3.2,"elemNote":null,"sites":null,"type":"C","elems":"11112110"}},{"type":"Feature","geometry":{"type":"Point","coordinates":[139.14,37.58]},"properties":{"id":"54462","name":"宮寄上","kana":"ミヤヨリカミ","en":"Miyayorikami","alt":125,"kind":"雨","place":"加茂市宮寄上","start":1983,"startRaw":"昭58.6.29","windH":null,"tempH":null,"elemNote":null,"sites":null,"type":"C","elems":"01000000"}},{"type":"Feature","geometry":{"type":"Point","coordinates":[139.37,37.55]},"properties":{"id":"54472","name":"室谷","kana":"ムロヤ","en":"Muroya","alt":200,"kind":"雨","place":"東蒲原郡阿賀町神谷丙","start":1993,"startRaw":"平5.1.2","windH":null,"tempH":null,"elemNote":null,"sites":null,"type":"C","elems":"01000000"}},{"type":"Feature","geometry":{"type":"Point","coordinates":[138.8233333,37.45]},"properties":{"id":"54501","name":"長岡","kana":"ナガオカ","en":"Nagaoka","alt":23,"kind":"四","place":"長岡市緑町","start":1976,"startRaw":"#昭51.2.24","windH":9.4,"tempH":3,"elemNote":null,"sites":null,"type":"C","elems":"11112110"}},{"type":"Feature","geometry":{"type":"Point","coordinates":[138.9916667,37.4783333]},"properties":{"id":"54506","name":"栃尾","kana":"トチオ","en":"Tochio","alt":61,"kind":"雨","place":"長岡市中央公園","start":null,"startRaw":"#","windH":null,"tempH":null,"elemNote":null,"sites":null,"type":"C","elems":"01000000"}},{"type":"Feature","geometry":{"type":"Point","coordinates":[138.5533333,37.3516667]},"properties":{"id":"54541","name":"柏崎","kana":"カシワザキ","en":"Kashiwazaki","alt":7,"kind":"四","place":"柏崎市元城町","start":1978,"startRaw":"#昭53.11.15","windH":10,"tempH":2.5,"elemNote":null,"sites":null,"type":"C","elems":"11112110"}},{"type":"Feature","geometry":{"type":"Point","coordinates":[139.0433333,37.3466667]},"properties":{"id":"54566","name":"守門","kana":"スモン","en":"Sumon","alt":222,"kind":"四","place":"魚沼市西名","start":1978,"startRaw":"(昭50.5.14)昭53.11.17","windH":9.9,"tempH":5.4,"elemNote":null,"sites":null,"type":"C","elems":"11112110"}},{"type":"Feature","geometry":{"type":"Point","coordinates":[138.325,37.225]},"properties":{"id":"54586","name":"大潟","kana":"オオガタ","en":"Ogata","alt":13,"kind":"四","place":"上越市大潟区土底浜","start":1978,"startRaw":"昭53.11.14","windH":10,"tempH":2.5,"elemNote":null,"sites":null,"type":"C","elems":"11112010"}},{"type":"Feature","geometry":{"type":"Point","coordinates":[138.7016667,37.2916667]},"properties":{"id":"54606","name":"小国","kana":"オグニ","en":"Oguni","alt":83,"kind":"雨","place":"長岡市小国町新町","start":1977,"startRaw":"昭52.6.21","windH":null,"tempH":null,"elemNote":null,"sites":null,"type":"C","elems":"01000000"}},{"type":"Feature","geometry":{"type":"Point","coordinates":[138.9633333,37.2266667]},"properties":{"id":"54616","name":"小出","kana":"コイデ","en":"Koide","alt":98,"kind":"四","place":"魚沼市佐梨","start":1978,"startRaw":"#昭53.11.17","windH":9.9,"tempH":4,"elemNote":null,"sites":null,"type":"C","elems":"11112110"}},{"type":"Feature","geometry":{"type":"Point","coordinates":[139.0616667,37.205]},"properties":{"id":"54621","name":"大湯","kana":"オオユ","en":"Oyu","alt":240,"kind":"雨","place":"魚沼市下折立","start":1981,"startRaw":"昭56.6.1","windH":null,"tempH":null,"elemNote":null,"sites":null,"type":"C","elems":"01000000"}},{"type":"Feature","geometry":{"type":"Point","coordinates":[138.2466667,37.1066667]},"properties":{"id":"54651","name":"高田","kana":"タカダ","en":"Takada","alt":13,"kind":"官","place":"上越市大手町　高田特別地域気象観測所","start":1975,"startRaw":"#昭50.3.11","windH":18,"tempH":null,"elemNote":null,"sites":null,"type":"B","elems":"11111111"}},{"type":"Feature","geometry":{"type":"Point","coordinates":[138.4566667,37.1066667]},"properties":{"id":"54661","name":"安塚","kana":"ヤスヅカ","en":"Yasuzuka","alt":126,"kind":"四","place":"上越市安塚区和田","start":1978,"startRaw":"#昭53.11.15","windH":6.4,"tempH":4,"elemNote":null,"sites":null,"type":"C","elems":"11112110"}},{"type":"Feature","geometry":{"type":"Point","coordinates":[138.5166667,37.2]},"properties":{"id":"54666","name":"川谷","kana":"カワダニ","en":"Kawadani","alt":206,"kind":"雨","place":"上越市吉川区川谷字宮田","start":1985,"startRaw":"昭60.6.14","windH":null,"tempH":null,"elemNote":null,"sites":null,"type":"C","elems":"01000000"}},{"type":"Feature","geometry":{"type":"Point","coordinates":[138.6066667,37.1316667]},"properties":{"id":"54671","name":"松代","kana":"マツダイ","en":"Matsudai","alt":210,"kind":"雨","place":"十日町市松代","start":1977,"startRaw":"昭52.6.21","windH":null,"tempH":null,"elemNote":null,"sites":null,"type":"C","elems":"01000000"}},{"type":"Feature","geometry":{"type":"Point","coordinates":[138.7266667,37.1433333]},"properties":{"id":"54676","name":"十日町","kana":"トオカマチ","en":"Tokamachi","alt":170,"kind":"四","place":"十日町市小泉字北原","start":1978,"startRaw":"#昭53.11.16","windH":9.9,"tempH":4.5,"elemNote":null,"sites":null,"type":"C","elems":"11112110"}},{"type":"Feature","geometry":{"type":"Point","coordinates":[137.875,37.0433333]},"properties":{"id":"54711","name":"糸魚川","kana":"イトイガワ","en":"Itoigawa","alt":8,"kind":"四","place":"糸魚川市東寺町","start":1978,"startRaw":"#昭53.11.13","windH":9.9,"tempH":2.6,"elemNote":null,"sites":null,"type":"C","elems":"11112010"}},{"type":"Feature","geometry":{"type":"Point","coordinates":[138.0233333,37.0833333]},"properties":{"id":"54721","name":"能生","kana":"ノウ","en":"Nou","alt":55,"kind":"四","place":"糸魚川市大字平","start":1978,"startRaw":"#昭53.11.13","windH":10.1,"tempH":3.5,"elemNote":null,"sites":null,"type":"C","elems":"11112110"}},{"type":"Feature","geometry":{"type":"Point","coordinates":[138.3433333,37.03]},"properties":{"id":"54737","name":"筒方","kana":"ドウガタ","en":"Dogata","alt":255,"kind":"雨","place":"上越市板倉区筒方","start":1985,"startRaw":"昭60.6.14","windH":null,"tempH":null,"elemNote":null,"sites":null,"type":"C","elems":"01000000"}},{"type":"Feature","geometry":{"type":"Point","coordinates":[138.8466667,37.0383333]},"properties":{"id":"54761","name":"塩沢","kana":"シオザワ","en":"Shiozawa","alt":195,"kind":"雨","place":"南魚沼市塩沢","start":1983,"startRaw":"昭58.6.14","windH":null,"tempH":null,"elemNote":null,"sites":null,"type":"C","elems":"01000000"}},{"type":"Feature","geometry":{"type":"Point","coordinates":[138.2216667,36.9333333]},"properties":{"id":"54816","name":"関山","kana":"セキヤマ","en":"Sekiyama","alt":350,"kind":"四","place":"妙高市大字関山字原田","start":1978,"startRaw":"(昭50.5.14)昭53.11.14","windH":9.9,"tempH":4.3,"elemNote":null,"sites":null,"type":"C","elems":"11112110"}},{"type":"Feature","geometry":{"type":"Point","coordinates":[138.6833333,36.9966667]},"properties":{"id":"54836","name":"津南","kana":"ツナン","en":"Tsunan","alt":452,"kind":"四","place":"中魚沼郡津南町中深見乙","start":1978,"startRaw":"#昭53.11.16","windH":9.9,"tempH":4.9,"elemNote":null,"sites":null,"type":"C","elems":"11112110"}},{"type":"Feature","geometry":{"type":"Point","coordinates":[138.81,36.9416667]},"properties":{"id":"54841","name":"湯沢","kana":"ユザワ","en":"Yuzawa","alt":340,"kind":"四","place":"南魚沼郡湯沢町湯沢字中島川原","start":1978,"startRaw":"#昭53.11.18","windH":9.9,"tempH":4,"elemNote":null,"sites":null,"type":"C","elems":"11112110"}},{"type":"Feature","geometry":{"type":"Point","coordinates":[137.8666667,36.88]},"properties":{"id":"54876","name":"平岩","kana":"ヒライワ","en":"Hiraiwa","alt":281,"kind":"雨","place":"糸魚川市大所","start":1978,"startRaw":"昭53.11.10","windH":null,"tempH":null,"elemNote":null,"sites":null,"type":"C","elems":"01000000"}},{"type":"Feature","geometry":{"type":"Point","coordinates":[138.275,36.89]},"properties":{"id":"54892","name":"樽本","kana":"タルモト","en":"Tarumoto","alt":633,"kind":"雨","place":"妙高市大字樽本乙","start":1985,"startRaw":"昭60.6.13","windH":null,"tempH":null,"elemNote":null,"sites":null,"type":"C","elems":"01000000"}},{"type":"Feature","geometry":{"type":"Point","coordinates":[137.5633333,36.9366667]},"properties":{"id":"55022","name":"朝日","kana":"アサヒ","en":"Asahi","alt":43,"kind":"四","place":"下新川郡朝日町南保町","start":2017,"startRaw":"平29.9.27","windH":10.1,"tempH":2,"elemNote":null,"sites":null,"type":"C","elems":"11112110"}},{"type":"Feature","geometry":{"type":"Point","coordinates":[136.9683333,36.825]},"properties":{"id":"55041","name":"氷見","kana":"ヒミ","en":"Himi","alt":1,"kind":"四","place":"氷見市大浦","start":1978,"startRaw":"昭53.11.18","windH":10.1,"tempH":1.6,"elemNote":null,"sites":null,"type":"C","elems":"11112110"}},{"type":"Feature","geometry":{"type":"Point","coordinates":[137.4283333,36.8216667]},"properties":{"id":"55056","name":"魚津","kana":"ウオヅ","en":"Uozu","alt":48,"kind":"四","place":"魚津市六郎丸","start":1978,"startRaw":"#昭53.11.16","windH":10.2,"tempH":1.8,"elemNote":null,"sites":null,"type":"C","elems":"11112110"}},{"type":"Feature","geometry":{"type":"Point","coordinates":[137.5566667,36.8466667]},"properties":{"id":"55063","name":"宇奈月","kana":"ウナヅキ","en":"Unazuki","alt":160,"kind":"雨","place":"黒部市宇奈月町内山","start":1984,"startRaw":"昭59.6.21","windH":null,"tempH":null,"elemNote":null,"sites":null,"type":"C","elems":"01000000"}},{"type":"Feature","geometry":{"type":"Point","coordinates":[137.055,36.7916667]},"properties":{"id":"55091","name":"伏木","kana":"フシキ","en":"Fushiki","alt":12,"kind":"官","place":"高岡市伏木古国府　伏木特別地域気象観測所","start":1975,"startRaw":"#昭50.12.12","windH":15.3,"tempH":null,"elemNote":null,"sites":null,"type":"B","elems":"11111111"}},{"type":"Feature","geometry":{"type":"Point","coordinates":[137.2016667,36.7083333]},"properties":{"id":"55102","name":"富山","kana":"トヤマ","en":"Toyama","alt":9,"kind":"官","place":"富山市石坂　富山地方気象台","start":1986,"startRaw":"昭61.1.30","windH":20,"tempH":null,"elemNote":null,"sites":null,"type":"A","elems":"11111111"}},{"type":"Feature","geometry":{"type":"Point","coordinates":[136.955,36.61]},"properties":{"id":"55141","name":"砺波","kana":"トナミ","en":"Tonami","alt":69,"kind":"四","place":"砺波市五郎丸","start":1976,"startRaw":"#昭51.2.28","windH":6.5,"tempH":2.1,"elemNote":null,"sites":null,"type":"C","elems":"11112110"}},{"type":"Feature","geometry":{"type":"Point","coordinates":[137.1866667,36.6483333]},"properties":{"id":"55151","name":"秋ヶ島","kana":"アキガシマ：富山空港","en":"Akigashima","alt":24,"kind":"官","place":"富山市秋ヶ島　富山航空気象観測所","start":2003,"startRaw":"平15.1.1","windH":10,"tempH":null,"elemNote":"日照・湿度・気圧を除く","sites":null,"type":"C","elems":"11110100"}},{"type":"Feature","geometry":{"type":"Point","coordinates":[137.2833333,36.6083333]},"properties":{"id":"55156","name":"大山","kana":"オオヤマ","en":"Oyama","alt":128,"kind":"雨","place":"富山市花崎","start":1984,"startRaw":"昭59.6.28","windH":null,"tempH":null,"elemNote":null,"sites":null,"type":"C","elems":"01000000"}},{"type":"Feature","geometry":{"type":"Point","coordinates":[137.4233333,36.67]},"properties":{"id":"55166","name":"上市","kana":"カミイチ","en":"Kamiichi","alt":296,"kind":"四","place":"中新川郡上市町東種","start":1978,"startRaw":"昭53.11.15","windH":9.9,"tempH":2.8,"elemNote":null,"sites":null,"type":"C","elems":"11112010"}},{"type":"Feature","geometry":{"type":"Point","coordinates":[136.8716667,36.545]},"properties":{"id":"55191","name":"南砺高宮","kana":"ナントタカミヤ","en":"Nanto-Takamiya","alt":91,"kind":"四","place":"南砺市高宮","start":1978,"startRaw":"#昭53.11.17","windH":9.9,"tempH":2.4,"elemNote":null,"sites":null,"type":"C","elems":"11112010"}},{"type":"Feature","geometry":{"type":"Point","coordinates":[137.1583333,36.57]},"properties":{"id":"55206","name":"八尾","kana":"ヤツオ","en":"Yatsuo","alt":124,"kind":"四","place":"富山市八尾町樫尾","start":1976,"startRaw":"#昭51.2.27","windH":10,"tempH":2.4,"elemNote":null,"sites":null,"type":"C","elems":"11112010"}},{"type":"Feature","geometry":{"type":"Point","coordinates":[137.385,36.5766667]},"properties":{"id":"55217","name":"立山芦峅","kana":"タテヤマアシクラ","en":"Tateyama-Ashikura","alt":379,"kind":"雨","place":"中新川郡立山町芦峅寺","start":2010,"startRaw":"平22.3.29","windH":null,"tempH":null,"elemNote":null,"sites":null,"type":"C","elems":"01000000"}},{"type":"Feature","geometry":{"type":"Point","coordinates":[136.9416667,36.43]},"properties":{"id":"55252","name":"五箇山","kana":"ゴカヤマ","en":"Gokayama","alt":357,"kind":"雨","place":"南砺市下梨中の平","start":2004,"startRaw":"平16.10.19","windH":null,"tempH":null,"elemNote":null,"sites":null,"type":"C","elems":"01000000"}},{"type":"Feature","geometry":{"type":"Point","coordinates":[137.2366667,36.4733333]},"properties":{"id":"55267","name":"猪谷","kana":"イノタニ","en":"Inotani","alt":215,"kind":"雨","place":"富山市猪谷","start":1996,"startRaw":"平8.10.28","windH":null,"tempH":null,"elemNote":null,"sites":null,"type":"C","elems":"01000100"}},{"type":"Feature","geometry":{"type":"Point","coordinates":[137.2866667,37.4466667]},"properties":{"id":"56036","name":"珠洲","kana":"スズ","en":"Suzu","alt":4,"kind":"四","place":"珠洲市正院町正院","start":1978,"startRaw":"#昭53.11.20","windH":7.5,"tempH":2.1,"elemNote":null,"sites":null,"type":"C","elems":"11112110"}},{"type":"Feature","geometry":{"type":"Point","coordinates":[136.895,37.39]},"properties":{"id":"56052","name":"輪島","kana":"ワジマ","en":"Wajima","alt":5,"kind":"官","place":"輪島市鳳至町畠田　輪島特別地域気象観測所","start":1986,"startRaw":"昭61.6.20","windH":28.1,"tempH":null,"elemNote":null,"sites":null,"type":"B","elems":"11111111"}},{"type":"Feature","geometry":{"type":"Point","coordinates":[136.7283333,37.2616667]},"properties":{"id":"56081","name":"門前","kana":"モンゼン","en":"Monzen","alt":11,"kind":"雨","place":"輪島市門前町北川","start":null,"startRaw":"#","windH":null,"tempH":null,"elemNote":null,"sites":null,"type":"C","elems":"01000000"}},{"type":"Feature","geometry":{"type":"Point","coordinates":[136.9616667,37.2933333]},"properties":{"id":"56093","name":"三井","kana":"ミイ：能登空港","en":"Mii","alt":219,"kind":"官","place":"輪島市三井町洲衛　能登航空気象観測所","start":2003,"startRaw":"平15.7.7","windH":10,"tempH":null,"elemNote":"日照・湿度・気圧を除く","sites":null,"type":"C","elems":"11110000"}},{"type":"Feature","geometry":{"type":"Point","coordinates":[136.725,37.1433333]},"properties":{"id":"56116","name":"志賀","kana":"シカ","en":"Shika","alt":6,"kind":"四","place":"羽咋郡志賀町富来領家町甲","start":1978,"startRaw":"#昭53.11.21","windH":8.5,"tempH":2.1,"elemNote":null,"sites":null,"type":"C","elems":"11112010"}},{"type":"Feature","geometry":{"type":"Point","coordinates":[136.9916667,37.03]},"properties":{"id":"56146","name":"七尾","kana":"ナナオ","en":"Nanao","alt":58,"kind":"四","place":"七尾市万行町43の部","start":1978,"startRaw":"#昭53.11.21","windH":10,"tempH":2,"elemNote":null,"sites":null,"type":"C","elems":"11112110"}},{"type":"Feature","geometry":{"type":"Point","coordinates":[136.7766667,36.8933333]},"properties":{"id":"56176","name":"羽咋","kana":"ハクイ","en":"Hakui","alt":15,"kind":"四","place":"羽咋市旭町","start":1978,"startRaw":"#昭53.11.21","windH":19.5,"tempH":2.1,"elemNote":null,"sites":null,"type":"C","elems":"11112010"}},{"type":"Feature","geometry":{"type":"Point","coordinates":[136.6916667,36.7116667]},"properties":{"id":"56186","name":"かほく","kana":"カホク","en":"Kahoku","alt":42,"kind":"四","place":"かほく市内日角井","start":1978,"startRaw":"#昭53.11.22","windH":9.9,"tempH":2,"elemNote":null,"sites":null,"type":"C","elems":"11112010"}},{"type":"Feature","geometry":{"type":"Point","coordinates":[136.7683333,36.7883333]},"properties":{"id":"56192","name":"宝達志水","kana":"ホウダツシミズ","en":"Hodatsu-Shimizu","alt":90,"kind":"雨","place":"羽咋郡宝達志水町坪山","start":2003,"startRaw":"平15.8.12","windH":null,"tempH":null,"elemNote":null,"sites":null,"type":"C","elems":"01000000"}},{"type":"Feature","geometry":{"type":"Point","coordinates":[136.6333333,36.5883333]},"properties":{"id":"56227","name":"金沢","kana":"カナザワ","en":"Kanazawa","alt":6,"kind":"官","place":"金沢市西念　金沢地方気象台","start":1991,"startRaw":"平3.10.23","windH":48.4,"tempH":null,"elemNote":null,"sites":null,"type":"A","elems":"11111111"}},{"type":"Feature","geometry":{"type":"Point","coordinates":[136.745,36.52]},"properties":{"id":"56232","name":"医王山","kana":"イオウゼン","en":"Mt. Io","alt":420,"kind":"雨","place":"金沢市平等本町","start":2003,"startRaw":"平15.7.29","windH":null,"tempH":null,"elemNote":null,"sites":null,"type":"C","elems":"01000000"}},{"type":"Feature","geometry":{"type":"Point","coordinates":[136.435,36.3816667]},"properties":{"id":"56276","name":"小松","kana":"コマツ","en":"Komatsu","alt":3,"kind":"四","place":"小松市今江町","start":1978,"startRaw":"昭53.12.1","windH":9.9,"tempH":2,"elemNote":null,"sites":null,"type":"C","elems":"11112010"}},{"type":"Feature","geometry":{"type":"Point","coordinates":[136.62,36.3966667]},"properties":{"id":"56286","name":"白山河内","kana":"ハクサンカワチ","en":"Hakusan-kawachi","alt":136,"kind":"四","place":"白山市河内町福岡","start":1978,"startRaw":"(昭50.5.7)昭53.11.24","windH":9.9,"tempH":2.5,"elemNote":null,"sites":null,"type":"C","elems":"11112110"}},{"type":"Feature","geometry":{"type":"Point","coordinates":[136.3966667,36.2616667]},"properties":{"id":"56301","name":"加賀中津原","kana":"カガナカツハラ","en":"Kaga-Nakatsuhara","alt":65,"kind":"四","place":"加賀市山中温泉中津原町","start":1978,"startRaw":"#昭53.11.27","windH":9.9,"tempH":2,"elemNote":null,"sites":null,"type":"C","elems":"11112110"}},{"type":"Feature","geometry":{"type":"Point","coordinates":[136.625,36.18]},"properties":{"id":"56346","name":"白山白峰","kana":"ハクサンシラミネ","en":"Hakusan-Shiramine","alt":470,"kind":"雨","place":"白山市白峰","start":1977,"startRaw":"昭52.7.13","windH":null,"tempH":null,"elemNote":null,"sites":null,"type":"C","elems":"01000000"}},{"type":"Feature","geometry":{"type":"Point","coordinates":[136.9183333,37.85]},"properties":{"id":"56401","name":"舳倉島","kana":"ヘグラジマ","en":"Hegurajima Island","alt":8,"kind":"雨","place":"輪島市海士町所属舳倉島高見","start":2014,"startRaw":"平26.8.19","windH":null,"tempH":null,"elemNote":null,"sites":null,"type":"C","elems":"01000000"}},{"type":"Feature","geometry":{"type":"Point","coordinates":[136.1733333,36.2433333]},"properties":{"id":"57001","name":"三国","kana":"ミクニ","en":"Mikuni","alt":34,"kind":"四","place":"坂井市三国町平山","start":1978,"startRaw":"(昭50.6.27)昭53.11.17","windH":9.8,"tempH":1.5,"elemNote":null,"sites":null,"type":"C","elems":"11112010"}},{"type":"Feature","geometry":{"type":"Point","coordinates":[136.2233333,36.1416667]},"properties":{"id":"57026","name":"春江","kana":"ハルエ：福井空港","en":"Harue","alt":5,"kind":"官","place":"坂井市春江町江留中　福井航空気象観測所","start":2003,"startRaw":"平15.1.1","windH":10,"tempH":null,"elemNote":"日照・湿度・気圧を除く","sites":null,"type":"C","elems":"11110000"}},{"type":"Feature","geometry":{"type":"Point","coordinates":[135.99,36.0116667]},"properties":{"id":"57051","name":"越廼","kana":"コシノ","en":"Koshino","alt":30,"kind":"四","place":"福井市居倉町","start":1978,"startRaw":"昭53.11.27","windH":9.9,"tempH":1.5,"elemNote":null,"sites":null,"type":"C","elems":"11112010"}},{"type":"Feature","geometry":{"type":"Point","coordinates":[136.2216667,36.055]},"properties":{"id":"57066","name":"福井","kana":"フクイ","en":"Fukui","alt":9,"kind":"官","place":"福井市豊島　福井地方気象台","start":1975,"startRaw":"#昭50.3.15","windH":26.1,"tempH":null,"elemNote":null,"sites":null,"type":"A","elems":"11111111"}},{"type":"Feature","geometry":{"type":"Point","coordinates":[136.3583333,35.9983333]},"properties":{"id":"57071","name":"美山","kana":"ミヤマ","en":"Miyama","alt":70,"kind":"雨","place":"福井市美山町","start":1975,"startRaw":"昭50.5.7","windH":null,"tempH":null,"elemNote":null,"sites":null,"type":"C","elems":"01000000"}},{"type":"Feature","geometry":{"type":"Point","coordinates":[136.5216667,36.0383333]},"properties":{"id":"57082","name":"勝山","kana":"カツヤマ","en":"Katsuyama","alt":196,"kind":"四","place":"勝山市平泉寺町平泉寺86字岡道北","start":1993,"startRaw":"平5.10.18","windH":8.9,"tempH":3,"elemNote":null,"sites":null,"type":"C","elems":"11112010"}},{"type":"Feature","geometry":{"type":"Point","coordinates":[136.1733333,35.905]},"properties":{"id":"57106","name":"武生","kana":"タケフ","en":"Takefu","alt":32,"kind":"雨","place":"越前市村国","start":2005,"startRaw":"平17.10.27","windH":null,"tempH":null,"elemNote":null,"sites":null,"type":"C","elems":"01000100"}},{"type":"Feature","geometry":{"type":"Point","coordinates":[136.4966667,35.9716667]},"properties":{"id":"57121","name":"大野","kana":"オオノ","en":"Ono","alt":182,"kind":"四","place":"大野市93字蛇塚四","start":1976,"startRaw":"#昭51.3.2","windH":10.1,"tempH":2.8,"elemNote":null,"sites":null,"type":"C","elems":"11112110"}},{"type":"Feature","geometry":{"type":"Point","coordinates":[136.6683333,35.9083333]},"properties":{"id":"57176","name":"九頭竜","kana":"クズリュウ","en":"Kuzuryu","alt":436,"kind":"雨","place":"大野市貝皿","start":1982,"startRaw":"昭57.6.1","windH":null,"tempH":null,"elemNote":null,"sites":null,"type":"C","elems":"01000100"}},{"type":"Feature","geometry":{"type":"Point","coordinates":[136.2,35.7666667]},"properties":{"id":"57206","name":"今庄","kana":"イマジョウ","en":"Imajo","alt":128,"kind":"四","place":"南条郡南越前町今庄","start":1978,"startRaw":"#昭53.11.28","windH":9.9,"tempH":2.8,"elemNote":null,"sites":null,"type":"C","elems":"11112110"}},{"type":"Feature","geometry":{"type":"Point","coordinates":[136.0616667,35.6533333]},"properties":{"id":"57248","name":"敦賀","kana":"ツルガ","en":"Tsuruga","alt":2,"kind":"官","place":"敦賀市松栄町　敦賀特別地域気象観測所","start":1988,"startRaw":"昭63.2.13","windH":28,"tempH":null,"elemNote":null,"sites":null,"type":"B","elems":"11111111"}},{"type":"Feature","geometry":{"type":"Point","coordinates":[135.9166667,35.6]},"properties":{"id":"57286","name":"美浜","kana":"ミハマ","en":"Mihama","alt":10,"kind":"四","place":"三方郡美浜町久々子","start":1978,"startRaw":"(昭50.5.19)昭53.11.28","windH":9.9,"tempH":1.5,"elemNote":null,"sites":null,"type":"C","elems":"11112010"}},{"type":"Feature","geometry":{"type":"Point","coordinates":[135.6166667,35.48]},"properties":{"id":"57311","name":"大飯","kana":"オオイ","en":"Oi","alt":3,"kind":"雨","place":"大飯郡おおい町本郷","start":1995,"startRaw":"平7.11.10","windH":null,"tempH":null,"elemNote":null,"sites":null,"type":"C","elems":"01000000"}},{"type":"Feature","geometry":{"type":"Point","coordinates":[135.7816667,35.4833333]},"properties":{"id":"57317","name":"小浜","kana":"オバマ","en":"Obama","alt":10,"kind":"四","place":"小浜市遠敷","start":1992,"startRaw":"平4.11.2","windH":24.9,"tempH":1.5,"elemNote":null,"sites":null,"type":"C","elems":"11112110"}},{"type":"Feature","geometry":{"type":"Point","coordinates":[136.1883333,35.5816667]},"properties":{"id":"60026","name":"柳ケ瀬","kana":"ヤナガセ","en":"Yanagase","alt":220,"kind":"雨","place":"長浜市余呉町柳ケ瀬字大門","start":1976,"startRaw":"昭51.4.27","windH":null,"tempH":null,"elemNote":null,"sites":null,"type":"C","elems":"01000100"}},{"type":"Feature","geometry":{"type":"Point","coordinates":[136.0283333,35.4116667]},"properties":{"id":"60051","name":"今津","kana":"イマヅ","en":"Imazu","alt":88,"kind":"四","place":"高島市今津町弘川","start":1978,"startRaw":"#昭53.11.16","windH":9.9,"tempH":1.5,"elemNote":null,"sites":null,"type":"C","elems":"11112110"}},{"type":"Feature","geometry":{"type":"Point","coordinates":[136.2416667,35.4233333]},"properties":{"id":"60061","name":"長浜","kana":"ナガハマ","en":"Nagahama","alt":95,"kind":"四","place":"長浜市唐国町","start":1978,"startRaw":"(昭50.5.7)昭53.11.17","windH":9.9,"tempH":1.5,"elemNote":null,"sites":null,"type":"C","elems":"11112010"}},{"type":"Feature","geometry":{"type":"Point","coordinates":[135.83,35.3083333]},"properties":{"id":"60081","name":"朽木平良","kana":"クツキヘラ","en":"Kutsuki-Hera","alt":380,"kind":"雨","place":"高島市朽木平良","start":2005,"startRaw":"平17.12.6","windH":null,"tempH":null,"elemNote":null,"sites":null,"type":"C","elems":"01000000"}},{"type":"Feature","geometry":{"type":"Point","coordinates":[136.3433333,35.3833333]},"properties":{"id":"60102","name":"米原","kana":"マイバラ","en":"Maibara","alt":147,"kind":"四","place":"米原市朝日","start":2001,"startRaw":"平13.3.30","windH":6.4,"tempH":1.5,"elemNote":null,"sites":null,"type":"C","elems":"11112110"}},{"type":"Feature","geometry":{"type":"Point","coordinates":[135.9566667,35.235]},"properties":{"id":"60116","name":"南小松","kana":"ミナミコマツ","en":"Minami-Komatsu","alt":90,"kind":"四","place":"大津市南小松","start":1978,"startRaw":"#昭53.11.16","windH":9.9,"tempH":1.5,"elemNote":null,"sites":null,"type":"C","elems":"11112010"}},{"type":"Feature","geometry":{"type":"Point","coordinates":[136.2433333,35.275]},"properties":{"id":"60131","name":"彦根","kana":"ヒコネ","en":"Hikone","alt":87,"kind":"官","place":"彦根市城町　彦根地方気象台","start":1975,"startRaw":"#昭50.3.14","windH":19.7,"tempH":null,"elemNote":null,"sites":null,"type":"A","elems":"11111111"}},{"type":"Feature","geometry":{"type":"Point","coordinates":[136.075,35.1116667]},"properties":{"id":"60161","name":"近江八幡","kana":"オウミハチマン","en":"Omi-Hachiman","alt":90,"kind":"雨","place":"近江八幡市森尻町","start":null,"startRaw":"#","windH":null,"tempH":null,"elemNote":null,"sites":null,"type":"C","elems":"01000000"}},{"type":"Feature","geometry":{"type":"Point","coordinates":[136.19,35.0616667]},"properties":{"id":"60196","name":"東近江","kana":"ヒガシオウミ","en":"Higashi-Omi","alt":128,"kind":"四","place":"東近江市桜川東町","start":1978,"startRaw":"(昭50.5.2)昭53.12.20","windH":12.1,"tempH":1.5,"elemNote":null,"sites":null,"type":"C","elems":"11112010"}},{"type":"Feature","geometry":{"type":"Point","coordinates":[135.9116667,34.9916667]},"properties":{"id":"60216","name":"大津","kana":"オオツ","en":"Otsu","alt":86,"kind":"四","place":"大津市萱野浦","start":1977,"startRaw":"昭52.12.22","windH":9.9,"tempH":1.5,"elemNote":null,"sites":null,"type":"C","elems":"11112110"}},{"type":"Feature","geometry":{"type":"Point","coordinates":[136.08,34.9133333]},"properties":{"id":"60226","name":"信楽","kana":"シガラキ","en":"Shigaraki","alt":265,"kind":"四","place":"甲賀市信楽町牧","start":1978,"startRaw":"(昭50.5.2)昭53.12.20","windH":9.9,"tempH":1.5,"elemNote":null,"sites":null,"type":"C","elems":"11112010"}},{"type":"Feature","geometry":{"type":"Point","coordinates":[136.2783333,34.9383333]},"properties":{"id":"60236","name":"土山","kana":"ツチヤマ","en":"Tsuchiyama","alt":248,"kind":"四","place":"甲賀市土山町北土山","start":1978,"startRaw":"#昭53.12.21","windH":9.9,"tempH":1.5,"elemNote":null,"sites":null,"type":"C","elems":"11112010"}},{"type":"Feature","geometry":{"type":"Point","coordinates":[135.0866667,35.7366667]},"properties":{"id":"61001","name":"間人","kana":"タイザ","en":"Taiza","alt":42,"kind":"四","place":"京丹後市丹後町間人小字新ヶ皿","start":1977,"startRaw":"(昭50.5.2)昭52.2.28","windH":11.1,"tempH":1.5,"elemNote":null,"sites":null,"type":"C","elems":"11112010"}},{"type":"Feature","geometry":{"type":"Point","coordinates":[135.0716667,35.6183333]},"properties":{"id":"61031","name":"峰山","kana":"ミネヤマ","en":"Mineyama","alt":23,"kind":"雨","place":"京丹後市峰山町荒山","start":null,"startRaw":"#","windH":null,"tempH":null,"elemNote":null,"sites":null,"type":"C","elems":"01000100"}},{"type":"Feature","geometry":{"type":"Point","coordinates":[135.235,35.55]},"properties":{"id":"61076","name":"宮津","kana":"ミヤヅ","en":"Miyazu","alt":2,"kind":"四","place":"宮津市字上司","start":1978,"startRaw":"#昭53.11.15","windH":10.4,"tempH":1.5,"elemNote":null,"sites":null,"type":"C","elems":"11112010"}},{"type":"Feature","geometry":{"type":"Point","coordinates":[135.0866667,35.4183333]},"properties":{"id":"61096","name":"坂浦","kana":"サカウラ","en":"Sakaura","alt":223,"kind":"雨","place":"福知山市下野条","start":2013,"startRaw":"平25.5.29","windH":null,"tempH":null,"elemNote":null,"sites":null,"type":"C","elems":"01000000"}},{"type":"Feature","geometry":{"type":"Point","coordinates":[135.3166667,35.45]},"properties":{"id":"61111","name":"舞鶴","kana":"マイヅル","en":"Maizuru","alt":2,"kind":"官","place":"舞鶴市字下福井　舞鶴特別地域気象観測所","start":1975,"startRaw":"#昭50.3.26","windH":41.6,"tempH":null,"elemNote":null,"sites":null,"type":"B","elems":"11111111"}},{"type":"Feature","geometry":{"type":"Point","coordinates":[135.4533333,35.3816667]},"properties":{"id":"61151","name":"睦寄","kana":"ムツヨリ","en":"Mutsuyori","alt":175,"kind":"雨","place":"綾部市睦寄町狸岩","start":1977,"startRaw":"昭52.6.28","windH":null,"tempH":null,"elemNote":null,"sites":null,"type":"C","elems":"01000000"}},{"type":"Feature","geometry":{"type":"Point","coordinates":[135.1133333,35.3116667]},"properties":{"id":"61187","name":"福知山","kana":"フクチヤマ","en":"Fukuchiyama","alt":17,"kind":"四","place":"福知山市字荒河","start":2005,"startRaw":"平17.12.8","windH":9.5,"tempH":1.5,"elemNote":null,"sites":null,"type":"C","elems":"11112010"}},{"type":"Feature","geometry":{"type":"Point","coordinates":[135.2316667,35.2166667]},"properties":{"id":"61192","name":"三和","kana":"ミワ","en":"Miwa","alt":105,"kind":"雨","place":"福知山市三和町千束","start":1982,"startRaw":"昭57.6.2","windH":null,"tempH":null,"elemNote":null,"sites":null,"type":"C","elems":"01000000"}},{"type":"Feature","geometry":{"type":"Point","coordinates":[135.315,35.2966667]},"properties":{"id":"61196","name":"綾部山家","kana":"アヤベヤマガ","en":"Ayabe-Yamaga","alt":87,"kind":"雨","place":"綾部市東山町山家","start":2021,"startRaw":"令3.3.4","windH":null,"tempH":null,"elemNote":null,"sites":null,"type":"C","elems":"01000000"}},{"type":"Feature","geometry":{"type":"Point","coordinates":[135.395,35.26]},"properties":{"id":"61201","name":"本庄","kana":"ホンジョウ","en":"Honjo","alt":95,"kind":"雨","place":"船井郡京丹波町本庄西畑","start":1975,"startRaw":"昭50.5.2","windH":null,"tempH":null,"elemNote":null,"sites":null,"type":"C","elems":"01000000"}},{"type":"Feature","geometry":{"type":"Point","coordinates":[135.55,35.275]},"properties":{"id":"61206","name":"美山","kana":"ミヤマ","en":"Miyama","alt":200,"kind":"四","place":"南丹市美山町静原桧野","start":1978,"startRaw":"昭53.11.15","windH":9.9,"tempH":1.5,"elemNote":null,"sites":null,"type":"C","elems":"11112110"}},{"type":"Feature","geometry":{"type":"Point","coordinates":[135.42,35.1766667]},"properties":{"id":"61241","name":"須知","kana":"シュウチ","en":"Shuchi","alt":150,"kind":"雨","place":"船井郡京丹波町富田蒲生野","start":1982,"startRaw":"昭57.5.26","windH":null,"tempH":null,"elemNote":null,"sites":null,"type":"C","elems":"01000000"}},{"type":"Feature","geometry":{"type":"Point","coordinates":[135.455,35.1083333]},"properties":{"id":"61242","name":"園部","kana":"ソノベ","en":"Sonobe","alt":134,"kind":"四","place":"南丹市園部町黒田","start":2002,"startRaw":"平14.3.6","windH":9.2,"tempH":1.5,"elemNote":null,"sites":null,"type":"C","elems":"11112010"}},{"type":"Feature","geometry":{"type":"Point","coordinates":[135.6616667,35.1816667]},"properties":{"id":"61251","name":"京北","kana":"ケイホク","en":"Keihoku","alt":260,"kind":"雨","place":"京都市右京区京北比賀江町院谷","start":1975,"startRaw":"昭50.4.24","windH":null,"tempH":null,"elemNote":null,"sites":null,"type":"C","elems":"01000000"}},{"type":"Feature","geometry":{"type":"Point","coordinates":[135.7316667,35.0133333]},"properties":{"id":"61286","name":"京都","kana":"キョウト","en":"Kyoto","alt":41,"kind":"官","place":"京都市中京区西ノ京笠殿町　京都地方気象台","start":1975,"startRaw":"#昭50.4.1","windH":null,"tempH":null,"elemNote":"気温、雨、日照 ／ 風","sites":2,"type":"A","elems":"11111111"}},{"type":"Feature","geometry":{"type":"Point","coordinates":[135.6783333,34.93]},"properties":{"id":"61306","name":"長岡京","kana":"ナガオカキョウ","en":"Nagaokakyo","alt":71,"kind":"雨","place":"長岡京市光風台","start":1975,"startRaw":"昭50.5.20","windH":null,"tempH":null,"elemNote":null,"sites":null,"type":"C","elems":"01000000"}},{"type":"Feature","geometry":{"type":"Point","coordinates":[135.76,34.83]},"properties":{"id":"61326","name":"京田辺","kana":"キョウタナベ","en":"Kyotanabe","alt":20,"kind":"四","place":"京田辺市薪西浜","start":1978,"startRaw":"#昭53.12.19","windH":9.9,"tempH":1.5,"elemNote":null,"sites":null,"type":"C","elems":"11112010"}},{"type":"Feature","geometry":{"type":"Point","coordinates":[135.455,34.9483333]},"properties":{"id":"62016","name":"能勢","kana":"ノセ","en":"Nose","alt":235,"kind":"四","place":"豊能郡能勢町地黄","start":1977,"startRaw":"#昭52.3.7","windH":9.9,"tempH":1.5,"elemNote":null,"sites":null,"type":"C","elems":"11112010"}},{"type":"Feature","geometry":{"type":"Point","coordinates":[135.56,34.86]},"properties":{"id":"62037","name":"茨木","kana":"イバラキ","en":"Ibaraki","alt":78,"kind":"雨","place":"茨木市大字桑原","start":2009,"startRaw":"平21.12.18","windH":null,"tempH":null,"elemNote":null,"sites":null,"type":"C","elems":"01000000"}},{"type":"Feature","geometry":{"type":"Point","coordinates":[135.6716667,34.8083333]},"properties":{"id":"62046","name":"枚方","kana":"ヒラカタ","en":"Hirakata","alt":26,"kind":"四","place":"枚方市星丘","start":1977,"startRaw":"(昭50.5.31)昭52.3.2","windH":9.9,"tempH":1.5,"elemNote":null,"sites":null,"type":"C","elems":"11112010"}},{"type":"Feature","geometry":{"type":"Point","coordinates":[135.4383333,34.7833333]},"properties":{"id":"62051","name":"豊中","kana":"トヨナカ：大阪国際空港","en":"Toyonaka","alt":12,"kind":"官","place":"豊中市蛍池西町　大阪航空気象観測所","start":1977,"startRaw":"#昭52.3.9","windH":10,"tempH":null,"elemNote":"日照・湿度・気圧を除く","sites":null,"type":"C","elems":"11110000"}},{"type":"Feature","geometry":{"type":"Point","coordinates":[135.5183333,34.6816667]},"properties":{"id":"62078","name":"大阪","kana":"オオサカ","en":"Osaka","alt":23,"kind":"官","place":"大阪市中央区大手前　大阪管区気象台","start":1999,"startRaw":"平11.2.24","windH":null,"tempH":null,"elemNote":"気温、雨、日照 ／ 風","sites":2,"type":"A","elems":"11111111"}},{"type":"Feature","geometry":{"type":"Point","coordinates":[135.6766667,34.675]},"properties":{"id":"62081","name":"生駒山","kana":"イコマヤマ","en":"Mt. Ikoma","alt":626,"kind":"四","place":"東大阪市山手町","start":1976,"startRaw":"#昭51.2.12","windH":9.2,"tempH":1.5,"elemNote":null,"sites":null,"type":"C","elems":"11112010"}},{"type":"Feature","geometry":{"type":"Point","coordinates":[135.485,34.555]},"properties":{"id":"62091","name":"堺","kana":"サカイ","en":"Sakai","alt":20,"kind":"四","place":"堺市堺区百舌鳥夕雲町","start":1977,"startRaw":"(昭50.5.30)昭52.3.3","windH":10,"tempH":1.5,"elemNote":null,"sites":null,"type":"C","elems":"11112010"}},{"type":"Feature","geometry":{"type":"Point","coordinates":[135.6,34.5966667]},"properties":{"id":"62096","name":"八尾","kana":"ヤオ：八尾空港","en":"Yao","alt":10,"kind":"官","place":"八尾市空港　八尾航空気象観測所","start":2003,"startRaw":"平15.1.1","windH":10.2,"tempH":null,"elemNote":"日照・湿度・気圧を除く","sites":null,"type":"C","elems":"11110000"}},{"type":"Feature","geometry":{"type":"Point","coordinates":[135.2316667,34.4333333]},"properties":{"id":"62101","name":"関空島","kana":"カンクウジマ：関西国際空港","en":"Kanku Island","alt":5,"kind":"官","place":"泉南郡田尻町泉州空港中　関西航空地方気象台","start":2003,"startRaw":"平15.1.1","windH":10,"tempH":null,"elemNote":"日照・湿度・気圧を除く","sites":null,"type":"C","elems":"11110000"}},{"type":"Feature","geometry":{"type":"Point","coordinates":[135.5433333,34.4233333]},"properties":{"id":"62111","name":"河内長野","kana":"カワチナガノ","en":"Kawachi-Nagano","alt":160,"kind":"雨","place":"河内長野市日野","start":null,"startRaw":"#","windH":null,"tempH":null,"elemNote":null,"sites":null,"type":"C","elems":"01000000"}},{"type":"Feature","geometry":{"type":"Point","coordinates":[135.35,34.385]},"properties":{"id":"62131","name":"熊取","kana":"クマトリ","en":"Kumatori","alt":68,"kind":"四","place":"泉南郡熊取町朝代西","start":1977,"startRaw":"#昭52.3.4","windH":9.9,"tempH":1.5,"elemNote":null,"sites":null,"type":"C","elems":"11112010"}},{"type":"Feature","geometry":{"type":"Point","coordinates":[134.6266667,35.625]},"properties":{"id":"63016","name":"香住","kana":"カスミ","en":"Kasumi","alt":5,"kind":"四","place":"美方郡香美町香住区森","start":1976,"startRaw":"#昭51.2.27","windH":9.2,"tempH":2,"elemNote":null,"sites":null,"type":"C","elems":"11112110"}},{"type":"Feature","geometry":{"type":"Point","coordinates":[134.48,35.5283333]},"properties":{"id":"63032","name":"温泉","kana":"オンセン","en":"Onsen","alt":233,"kind":"雨","place":"美方郡新温泉町桐岡字穴町","start":2006,"startRaw":"平18.12.5","windH":null,"tempH":null,"elemNote":null,"sites":null,"type":"C","elems":"01000000"}},{"type":"Feature","geometry":{"type":"Point","coordinates":[134.8216667,35.535]},"properties":{"id":"63051","name":"豊岡","kana":"トヨオカ","en":"Toyooka","alt":3,"kind":"官","place":"豊岡市桜町　豊岡特別地域気象観測所","start":1975,"startRaw":"#昭50.3.29","windH":16,"tempH":null,"elemNote":null,"sites":null,"type":"B","elems":"11111111"}},{"type":"Feature","geometry":{"type":"Point","coordinates":[134.5833333,35.4316667]},"properties":{"id":"63071","name":"兎和野高原","kana":"ウワノコウゲン","en":"Uwano Highlands","alt":540,"kind":"四","place":"美方郡香美町村岡区宿字菟臥野","start":2005,"startRaw":"平17.12.14","windH":6.4,"tempH":2.5,"elemNote":null,"sites":null,"type":"C","elems":"11112110"}},{"type":"Feature","geometry":{"type":"Point","coordinates":[134.665,35.3316667]},"properties":{"id":"63111","name":"大屋","kana":"オオヤ","en":"Oya","alt":150,"kind":"雨","place":"養父市大屋町山路","start":1975,"startRaw":"昭50.5.2","windH":null,"tempH":null,"elemNote":null,"sites":null,"type":"C","elems":"01000000"}},{"type":"Feature","geometry":{"type":"Point","coordinates":[134.74,35.3983333]},"properties":{"id":"63116","name":"八鹿","kana":"ヨウカ","en":"Yoka","alt":183,"kind":"雨","place":"養父市八鹿町高柳字篠尾","start":2005,"startRaw":"平17.7.4","windH":null,"tempH":null,"elemNote":null,"sites":null,"type":"C","elems":"01000000"}},{"type":"Feature","geometry":{"type":"Point","coordinates":[134.8483333,35.3233333]},"properties":{"id":"63121","name":"和田山","kana":"ワダヤマ","en":"Wadayama","alt":80,"kind":"四","place":"朝来市和田山町枚田","start":1977,"startRaw":"#昭52.12.20","windH":9.9,"tempH":1.5,"elemNote":null,"sites":null,"type":"C","elems":"11112110"}},{"type":"Feature","geometry":{"type":"Point","coordinates":[134.7916667,35.1666667]},"properties":{"id":"63201","name":"生野","kana":"イクノ","en":"Ikuno","alt":320,"kind":"四","place":"朝来市生野町口銀谷","start":1978,"startRaw":"#昭53.11.13","windH":10.7,"tempH":1.5,"elemNote":null,"sites":null,"type":"C","elems":"11112010"}},{"type":"Feature","geometry":{"type":"Point","coordinates":[135.065,35.1366667]},"properties":{"id":"63216","name":"柏原","kana":"カイバラ","en":"Kaibara","alt":98,"kind":"四","place":"丹波市柏原町柏原","start":1978,"startRaw":"#昭53.12.20","windH":10,"tempH":1.5,"elemNote":null,"sites":null,"type":"C","elems":"11112010"}},{"type":"Feature","geometry":{"type":"Point","coordinates":[134.3683333,35.0166667]},"properties":{"id":"63241","name":"佐用","kana":"サヨウ","en":"Sayo","alt":120,"kind":"雨","place":"佐用郡佐用町円応寺","start":1976,"startRaw":"昭51.12.21","windH":null,"tempH":null,"elemNote":null,"sites":null,"type":"C","elems":"01000000"}},{"type":"Feature","geometry":{"type":"Point","coordinates":[134.585,35.0966667]},"properties":{"id":"63251","name":"一宮","kana":"イチノミヤ","en":"Ichinomiya","alt":195,"kind":"四","place":"宍粟市一宮町東市場","start":1978,"startRaw":"#昭53.11.13","windH":9.9,"tempH":1.5,"elemNote":null,"sites":null,"type":"C","elems":"11112010"}},{"type":"Feature","geometry":{"type":"Point","coordinates":[134.7483333,34.95]},"properties":{"id":"63321","name":"福崎","kana":"フクサキ","en":"Fukusaki","alt":72,"kind":"四","place":"神崎郡福崎町福崎新","start":1977,"startRaw":"(昭50.5.2)昭52.12.20","windH":13.8,"tempH":1.5,"elemNote":null,"sites":null,"type":"C","elems":"11112010"}},{"type":"Feature","geometry":{"type":"Point","coordinates":[134.9966667,34.9983333]},"properties":{"id":"63331","name":"西脇","kana":"ニシワキ","en":"Nishiwaki","alt":72,"kind":"四","place":"西脇市上比延町","start":1978,"startRaw":"(昭50.5.1)昭53.12.21","windH":6.4,"tempH":1.5,"elemNote":null,"sites":null,"type":"C","elems":"11112010"}},{"type":"Feature","geometry":{"type":"Point","coordinates":[135.2933333,35.025]},"properties":{"id":"63346","name":"後川","kana":"シツカワ","en":"Shitsukawa","alt":330,"kind":"雨","place":"丹波篠山市後川上","start":null,"startRaw":"#","windH":null,"tempH":null,"elemNote":null,"sites":null,"type":"C","elems":"01000000"}},{"type":"Feature","geometry":{"type":"Point","coordinates":[134.3733333,34.8583333]},"properties":{"id":"63366","name":"上郡","kana":"カミゴオリ","en":"Kamigori","alt":20,"kind":"四","place":"赤穂郡上郡町与井","start":1978,"startRaw":"#昭53.12.26","windH":13.1,"tempH":1.5,"elemNote":null,"sites":null,"type":"C","elems":"11112010"}},{"type":"Feature","geometry":{"type":"Point","coordinates":[134.67,34.8383333]},"properties":{"id":"63383","name":"姫路","kana":"ヒメジ","en":"Himeji","alt":38,"kind":"官","place":"姫路市神子岡前　姫路特別地域気象観測所","start":2008,"startRaw":"平20.11.21","windH":16.2,"tempH":null,"elemNote":null,"sites":null,"type":"B","elems":"11111011"}},{"type":"Feature","geometry":{"type":"Point","coordinates":[135.2116667,34.895]},"properties":{"id":"63411","name":"三田","kana":"サンダ","en":"Sanda","alt":150,"kind":"四","place":"三田市下深田","start":1978,"startRaw":"(昭50.5.2)昭53.12.20","windH":21.5,"tempH":1.5,"elemNote":null,"sites":null,"type":"C","elems":"11112010"}},{"type":"Feature","geometry":{"type":"Point","coordinates":[135.0133333,34.7766667]},"properties":{"id":"63461","name":"三木","kana":"ミキ","en":"Miki","alt":145,"kind":"四","place":"三木市志染町広野","start":1977,"startRaw":"昭52.12.20","windH":9.9,"tempH":1.5,"elemNote":null,"sites":null,"type":"C","elems":"11112010"}},{"type":"Feature","geometry":{"type":"Point","coordinates":[135.335,34.75]},"properties":{"id":"63477","name":"西宮","kana":"ニシノミヤ","en":"Nishinomiya","alt":38,"kind":"雨","place":"西宮市奥畑","start":null,"startRaw":"平.18.3.6","windH":null,"tempH":null,"elemNote":null,"sites":null,"type":"C","elems":"01000000"}},{"type":"Feature","geometry":{"type":"Point","coordinates":[134.5266667,34.6716667]},"properties":{"id":"63491","name":"家島","kana":"イエシマ","en":"Ieshima","alt":88,"kind":"四","place":"姫路市家島町真浦字御室寺","start":1978,"startRaw":"#昭53.12.25","windH":6.4,"tempH":1.5,"elemNote":null,"sites":null,"type":"C","elems":"11112010"}},{"type":"Feature","geometry":{"type":"Point","coordinates":[134.8766667,34.6866667]},"properties":{"id":"63496","name":"明石","kana":"アカシ","en":"Akashi","alt":3,"kind":"四","place":"明石市二見町南二見","start":1992,"startRaw":"平4.5.29","windH":28.5,"tempH":1.5,"elemNote":null,"sites":null,"type":"C","elems":"11112010"}},{"type":"Feature","geometry":{"type":"Point","coordinates":[135.2233333,34.6316667]},"properties":{"id":"63517","name":"神戸空港","kana":"コウベクウコウ：神戸空港","en":"Kobe Airport","alt":5,"kind":"官","place":"神戸市中央区神戸空港　神戸航空気象観測所","start":2006,"startRaw":"平18.2.16","windH":10.2,"tempH":null,"elemNote":"日照・湿度・気圧を除く","sites":null,"type":"C","elems":"11110000"}},{"type":"Feature","geometry":{"type":"Point","coordinates":[135.2116667,34.6966667]},"properties":{"id":"63518","name":"神戸","kana":"コウベ","en":"Kobe","alt":5,"kind":"官","place":"神戸市中央区脇浜海岸通　神戸地方気象台","start":2007,"startRaw":"平19.3.28","windH":null,"tempH":null,"elemNote":"気温、雨 ／ 風、日照","sites":2,"type":"A","elems":"11111111"}},{"type":"Feature","geometry":{"type":"Point","coordinates":[134.8483333,34.4666667]},"properties":{"id":"63551","name":"郡家","kana":"グンゲ","en":"Gunge","alt":5,"kind":"四","place":"淡路市多賀","start":1978,"startRaw":"(昭50.5.2)昭53.12.22","windH":9.2,"tempH":1.5,"elemNote":null,"sites":null,"type":"C","elems":"11112010"}},{"type":"Feature","geometry":{"type":"Point","coordinates":[134.8483333,34.31]},"properties":{"id":"63571","name":"洲本","kana":"スモト","en":"Sumoto","alt":69,"kind":"官","place":"洲本市木戸　洲本特別地域気象観測所","start":2017,"startRaw":"平29.11.30","windH":14.6,"tempH":null,"elemNote":null,"sites":null,"type":"B","elems":"11111011"}},{"type":"Feature","geometry":{"type":"Point","coordinates":[134.72,34.2183333]},"properties":{"id":"63588","name":"南淡","kana":"ナンダン","en":"Nandan","alt":5,"kind":"四","place":"南あわじ市阿万塩屋町","start":2004,"startRaw":"平16.1.30","windH":9.5,"tempH":1.5,"elemNote":null,"sites":null,"type":"C","elems":"11112010"}},{"type":"Feature","geometry":{"type":"Point","coordinates":[135.8366667,34.6733333]},"properties":{"id":"64036","name":"奈良","kana":"ナラ","en":"Nara","alt":102,"kind":"官","place":"奈良市東紀寺町　奈良地方気象台","start":1975,"startRaw":"#昭50.3.19","windH":null,"tempH":null,"elemNote":"気温、雨 ／ 風、日照","sites":2,"type":"A","elems":"11111111"}},{"type":"Feature","geometry":{"type":"Point","coordinates":[135.9516667,34.605]},"properties":{"id":"64041","name":"針","kana":"ハリ","en":"Hari","alt":468,"kind":"四","place":"奈良市都祁友田町","start":1978,"startRaw":"#昭53.12.22","windH":9.9,"tempH":1.5,"elemNote":null,"sites":null,"type":"C","elems":"11112010"}},{"type":"Feature","geometry":{"type":"Point","coordinates":[135.785,34.555]},"properties":{"id":"64056","name":"田原本","kana":"タワラモト","en":"Tawaramoto","alt":50,"kind":"雨","place":"磯城郡田原本町","start":null,"startRaw":"#","windH":null,"tempH":null,"elemNote":null,"sites":null,"type":"C","elems":"01000000"}},{"type":"Feature","geometry":{"type":"Point","coordinates":[136.1583333,34.5216667]},"properties":{"id":"64076","name":"曽爾","kana":"ソニ","en":"Soni","alt":610,"kind":"雨","place":"宇陀郡曽爾村太良路","start":null,"startRaw":"#","windH":null,"tempH":null,"elemNote":null,"sites":null,"type":"C","elems":"01000000"}},{"type":"Feature","geometry":{"type":"Point","coordinates":[135.7033333,34.4883333]},"properties":{"id":"64091","name":"葛城","kana":"カツラギ","en":"Katsuragi","alt":141,"kind":"雨","place":"葛城市寺口","start":1981,"startRaw":"昭56.8.24","windH":null,"tempH":null,"elemNote":null,"sites":null,"type":"C","elems":"01000000"}},{"type":"Feature","geometry":{"type":"Point","coordinates":[135.9316667,34.4883333]},"properties":{"id":"64101","name":"大宇陀","kana":"オオウダ","en":"Ouda","alt":349,"kind":"四","place":"宇陀市大宇陀下竹","start":1978,"startRaw":"#昭53.12.22","windH":9.9,"tempH":1.5,"elemNote":null,"sites":null,"type":"C","elems":"11112010"}},{"type":"Feature","geometry":{"type":"Point","coordinates":[135.73,34.38]},"properties":{"id":"64127","name":"五條","kana":"ゴジョウ","en":"Gojo","alt":190,"kind":"四","place":"五條市三在町","start":2005,"startRaw":"平17.12.19","windH":9.4,"tempH":1.5,"elemNote":null,"sites":null,"type":"C","elems":"11112010"}},{"type":"Feature","geometry":{"type":"Point","coordinates":[135.9,34.3783333]},"properties":{"id":"64136","name":"吉野","kana":"ヨシノ","en":"Yoshino","alt":188,"kind":"雨","place":"吉野郡吉野町宮滝","start":1991,"startRaw":"平3.1.16","windH":null,"tempH":null,"elemNote":null,"sites":null,"type":"C","elems":"01000000"}},{"type":"Feature","geometry":{"type":"Point","coordinates":[135.8833333,34.27]},"properties":{"id":"64161","name":"天川","kana":"テンカワ","en":"Tenkawa","alt":840,"kind":"雨","place":"吉野郡天川村大字洞川","start":2010,"startRaw":"平22.3.25","windH":null,"tempH":null,"elemNote":null,"sites":null,"type":"C","elems":"01000000"}},{"type":"Feature","geometry":{"type":"Point","coordinates":[136.005,34.1366667]},"properties":{"id":"64206","name":"上北山","kana":"カミキタヤマ","en":"Kamikitayama","alt":334,"kind":"四","place":"吉野郡上北山村小橡","start":1978,"startRaw":"(昭50.5.1)昭53.12.26","windH":9.9,"tempH":1.5,"elemNote":null,"sites":null,"type":"C","elems":"11112010"}},{"type":"Feature","geometry":{"type":"Point","coordinates":[135.7866667,34.045]},"properties":{"id":"64227","name":"風屋","kana":"カゼヤ","en":"Kazeya","alt":301,"kind":"四","place":"吉野郡十津川村風屋","start":1977,"startRaw":"昭52.12.20","windH":6.4,"tempH":1.5,"elemNote":null,"sites":null,"type":"C","elems":"11112010"}},{"type":"Feature","geometry":{"type":"Point","coordinates":[135.9666667,34.0033333]},"properties":{"id":"64236","name":"下北山","kana":"シモキタヤマ","en":"Shimokitayama","alt":249,"kind":"雨","place":"吉野郡下北山村佐田","start":2014,"startRaw":"平26.7.31","windH":null,"tempH":null,"elemNote":null,"sites":null,"type":"C","elems":"01000000"}},{"type":"Feature","geometry":{"type":"Point","coordinates":[135.8566667,33.9533333]},"properties":{"id":"64262","name":"葛川","kana":"クズカワ","en":"Kuzukawa","alt":396,"kind":"雨","place":"吉野郡十津川村大字東中","start":2021,"startRaw":"令3.1.20","windH":null,"tempH":null,"elemNote":null,"sites":null,"type":"C","elems":"01000000"}},{"type":"Feature","geometry":{"type":"Point","coordinates":[135.4366667,34.3466667]},"properties":{"id":"65021","name":"葛城山","kana":"カツラギサン","en":"Mt. Katsuragi","alt":840,"kind":"雨","place":"紀の川市切畑","start":null,"startRaw":"#","windH":null,"tempH":null,"elemNote":null,"sites":null,"type":"C","elems":"01000000"}},{"type":"Feature","geometry":{"type":"Point","coordinates":[135.5283333,34.31]},"properties":{"id":"65026","name":"かつらぎ","kana":"カツラギ","en":"Katsuragi","alt":142,"kind":"四","place":"伊都郡かつらぎ町妙寺","start":1979,"startRaw":"昭54.1.9","windH":9.3,"tempH":1.5,"elemNote":null,"sites":null,"type":"C","elems":"11112010"}},{"type":"Feature","geometry":{"type":"Point","coordinates":[134.9983333,34.28]},"properties":{"id":"65036","name":"友ケ島","kana":"トモガシマ","en":"Tomogashima Island","alt":44,"kind":"四","place":"和歌山市加太苫ケ沖島","start":1998,"startRaw":"平10.3.24","windH":9.3,"tempH":1.5,"elemNote":null,"sites":null,"type":"C","elems":"11112010"}},{"type":"Feature","geometry":{"type":"Point","coordinates":[135.1633333,34.2283333]},"properties":{"id":"65042","name":"和歌山","kana":"ワカヤマ","en":"Wakayama","alt":14,"kind":"官","place":"和歌山市男野芝丁　和歌山地方気象台","start":1993,"startRaw":"平5.12.1","windH":null,"tempH":null,"elemNote":"気温、雨 ／ 風、日照","sites":2,"type":"A","elems":"11111111"}},{"type":"Feature","geometry":{"type":"Point","coordinates":[135.59,34.2216667]},"properties":{"id":"65061","name":"高野山","kana":"コウヤサン","en":"Koyasan","alt":801,"kind":"四","place":"伊都郡高野町高野山","start":1979,"startRaw":"#昭54.1.9","windH":12.9,"tempH":1.5,"elemNote":null,"sites":null,"type":"C","elems":"11112010"}},{"type":"Feature","geometry":{"type":"Point","coordinates":[135.1816667,34.035]},"properties":{"id":"65106","name":"湯浅","kana":"ユアサ","en":"Yuasa","alt":8,"kind":"雨","place":"有田郡湯浅町湯浅","start":1975,"startRaw":"昭50.5.8","windH":null,"tempH":null,"elemNote":null,"sites":null,"type":"C","elems":"01000000"}},{"type":"Feature","geometry":{"type":"Point","coordinates":[135.425,34.0866667]},"properties":{"id":"65121","name":"清水","kana":"シミズ","en":"Shimizu","alt":240,"kind":"四","place":"有田郡有田川町清水","start":1979,"startRaw":"(昭50.5.30)昭54.1.9","windH":6.4,"tempH":1.5,"elemNote":null,"sites":null,"type":"C","elems":"11112010"}},{"type":"Feature","geometry":{"type":"Point","coordinates":[135.5666667,34.04]},"properties":{"id":"65127","name":"護摩壇山","kana":"ゴマダンザン","en":"Mt. Goma-Danzan","alt":1130,"kind":"雨","place":"田辺市龍神村龍神","start":2010,"startRaw":"平22.3.25","windH":null,"tempH":null,"elemNote":null,"sites":null,"type":"C","elems":"01000000"}},{"type":"Feature","geometry":{"type":"Point","coordinates":[135.5566667,33.945]},"properties":{"id":"65162","name":"龍神","kana":"リュウジン","en":"Ryujin","alt":410,"kind":"四","place":"田辺市龍神村湯ノ又","start":1994,"startRaw":"平6.3.8","windH":6.4,"tempH":1.5,"elemNote":null,"sites":null,"type":"C","elems":"11112010"}},{"type":"Feature","geometry":{"type":"Point","coordinates":[135.2166667,33.8933333]},"properties":{"id":"65201","name":"川辺","kana":"カワベ","en":"Kawabe","alt":84,"kind":"四","place":"日高郡日高川町和佐","start":1999,"startRaw":"平11.3.4","windH":9.3,"tempH":1.5,"elemNote":null,"sites":null,"type":"C","elems":"11112010"}},{"type":"Feature","geometry":{"type":"Point","coordinates":[135.7733333,33.8366667]},"properties":{"id":"65226","name":"本宮","kana":"ホングウ","en":"Hongu","alt":60,"kind":"雨","place":"田辺市本宮町本宮","start":1975,"startRaw":"昭50.8.18","windH":null,"tempH":null,"elemNote":null,"sites":null,"type":"C","elems":"01000000"}},{"type":"Feature","geometry":{"type":"Point","coordinates":[135.5133333,33.7916667]},"properties":{"id":"65256","name":"栗栖川","kana":"クリスガワ","en":"Kurisugawa","alt":160,"kind":"四","place":"田辺市中辺路町栗栖川","start":1979,"startRaw":"(昭50.5.2)昭54.1.11","windH":9.9,"tempH":1.5,"elemNote":null,"sites":null,"type":"C","elems":"11112010"}},{"type":"Feature","geometry":{"type":"Point","coordinates":[135.97,33.6866667]},"properties":{"id":"65276","name":"新宮","kana":"シングウ","en":"Shingu","alt":18,"kind":"四","place":"新宮市佐野","start":1979,"startRaw":"#昭54.3.13","windH":9.3,"tempH":1.5,"elemNote":null,"sites":null,"type":"C","elems":"11112010"}},{"type":"Feature","geometry":{"type":"Point","coordinates":[135.3633333,33.6616667]},"properties":{"id":"65288","name":"南紀白浜","kana":"ナンキシラハマ：南紀白浜空港","en":"Nanki-Shirahama","alt":89,"kind":"官","place":"西牟婁郡白浜町　南紀白浜航空気象観測所","start":2006,"startRaw":"平18.3.16","windH":9.9,"tempH":null,"elemNote":"日照・湿度・気圧を除く","sites":null,"type":"C","elems":"11110000"}},{"type":"Feature","geometry":{"type":"Point","coordinates":[135.71,33.6383333]},"properties":{"id":"65306","name":"西川","kana":"ニシカワ","en":"Nishikawa","alt":150,"kind":"四","place":"東牟婁郡古座川町西川","start":1979,"startRaw":"昭54.1.12","windH":9.9,"tempH":1.5,"elemNote":null,"sites":null,"type":"C","elems":"11112010"}},{"type":"Feature","geometry":{"type":"Point","coordinates":[135.8483333,33.675]},"properties":{"id":"65311","name":"色川","kana":"イロカワ","en":"Irokawa","alt":275,"kind":"雨","place":"東牟婁郡那智勝浦町大野","start":1977,"startRaw":"昭52.7.14","windH":null,"tempH":null,"elemNote":null,"sites":null,"type":"C","elems":"01000000"}},{"type":"Feature","geometry":{"type":"Point","coordinates":[135.48,33.605]},"properties":{"id":"65321","name":"日置川","kana":"ヒキガワ","en":"Hikigawa","alt":17,"kind":"雨","place":"西牟婁郡白浜町安居","start":null,"startRaw":"#","windH":null,"tempH":null,"elemNote":null,"sites":null,"type":"C","elems":"01000000"}},{"type":"Feature","geometry":{"type":"Point","coordinates":[135.7566667,33.45]},"properties":{"id":"65356","name":"潮岬","kana":"シオノミサキ","en":"Cape Shiono","alt":68,"kind":"官","place":"東牟婁郡串本町潮岬　潮岬特別地域気象観測所","start":1975,"startRaw":"#昭50.3.13","windH":14.9,"tempH":null,"elemNote":null,"sites":null,"type":"B","elems":"11111011"}},{"type":"Feature","geometry":{"type":"Point","coordinates":[133.725,35.2966667]},"properties":{"id":"66046","name":"上長田","kana":"カミナガタ","en":"Kaminagata","alt":430,"kind":"四","place":"真庭市蒜山上長田","start":1978,"startRaw":"昭53.12.6","windH":6.4,"tempH":2,"elemNote":null,"sites":null,"type":"C","elems":"11112110"}},{"type":"Feature","geometry":{"type":"Point","coordinates":[133.9866667,35.3]},"properties":{"id":"66056","name":"恩原","kana":"オンバラ","en":"Onbara","alt":734,"kind":"雨","place":"苫田郡鏡野町上斎原","start":1981,"startRaw":"昭56.6.2","windH":null,"tempH":null,"elemNote":null,"sites":null,"type":"C","elems":"01000000"}},{"type":"Feature","geometry":{"type":"Point","coordinates":[133.435,35.1033333]},"properties":{"id":"66091","name":"千屋","kana":"チヤ","en":"Chiya","alt":525,"kind":"四","place":"新見市千屋","start":1978,"startRaw":"昭53.12.8","windH":9.9,"tempH":1.5,"elemNote":null,"sites":null,"type":"C","elems":"11112110"}},{"type":"Feature","geometry":{"type":"Point","coordinates":[133.805,35.1783333]},"properties":{"id":"66112","name":"富","kana":"トミ","en":"Tomi","alt":480,"kind":"雨","place":"苫田郡鏡野町富西谷","start":2005,"startRaw":"平17.12.10","windH":null,"tempH":null,"elemNote":null,"sites":null,"type":"C","elems":"01000000"}},{"type":"Feature","geometry":{"type":"Point","coordinates":[134.17,35.1116667]},"properties":{"id":"66127","name":"奈義","kana":"ナギ","en":"Nagi","alt":212,"kind":"四","place":"勝田郡奈義町荒内西字大池","start":1977,"startRaw":"昭52.2.25","windH":6.4,"tempH":1.5,"elemNote":null,"sites":null,"type":"C","elems":"11112010"}},{"type":"Feature","geometry":{"type":"Point","coordinates":[134.325,35.0983333]},"properties":{"id":"66136","name":"今岡","kana":"イマオカ","en":"Imaoka","alt":207,"kind":"四","place":"美作市今岡","start":1978,"startRaw":"#昭53.11.16","windH":6.4,"tempH":1.5,"elemNote":null,"sites":null,"type":"C","elems":"11112110"}},{"type":"Feature","geometry":{"type":"Point","coordinates":[133.7533333,35.0683333]},"properties":{"id":"66171","name":"久世","kana":"クセ","en":"Kuse","alt":144,"kind":"四","place":"真庭市中島","start":1978,"startRaw":"#昭53.11.17","windH":9.9,"tempH":1.5,"elemNote":null,"sites":null,"type":"C","elems":"11112010"}},{"type":"Feature","geometry":{"type":"Point","coordinates":[134.0083333,35.0633333]},"properties":{"id":"66186","name":"津山","kana":"ツヤマ","en":"Tsuyama","alt":146,"kind":"官","place":"津山市林田　津山特別地域気象観測所","start":1975,"startRaw":"#昭50.12.15","windH":12.4,"tempH":null,"elemNote":null,"sites":null,"type":"B","elems":"11111111"}},{"type":"Feature","geometry":{"type":"Point","coordinates":[133.5183333,34.9433333]},"properties":{"id":"66221","name":"新見","kana":"ニイミ","en":"Niimi","alt":393,"kind":"四","place":"新見市足見堂の下","start":1978,"startRaw":"昭53.11.20","windH":9.9,"tempH":1.5,"elemNote":null,"sites":null,"type":"C","elems":"11112010"}},{"type":"Feature","geometry":{"type":"Point","coordinates":[133.6283333,34.965]},"properties":{"id":"66226","name":"下呰部","kana":"シモアザエ","en":"Shimoazae","alt":180,"kind":"雨","place":"真庭市下呰部","start":1975,"startRaw":"昭50.4.24","windH":null,"tempH":null,"elemNote":null,"sites":null,"type":"C","elems":"01000000"}},{"type":"Feature","geometry":{"type":"Point","coordinates":[133.8116667,34.9616667]},"properties":{"id":"66237","name":"旭西","kana":"アサヒニシ","en":"Asahinishi","alt":230,"kind":"雨","place":"久米郡美咲町西","start":2010,"startRaw":"平22.3.18","windH":null,"tempH":null,"elemNote":null,"sites":null,"type":"C","elems":"01000000"}},{"type":"Feature","geometry":{"type":"Point","coordinates":[134.0816667,34.9183333]},"properties":{"id":"66251","name":"赤磐","kana":"アカイワ","en":"Akaiwa","alt":56,"kind":"雨","place":"赤磐市黒本","start":null,"startRaw":"#","windH":null,"tempH":null,"elemNote":null,"sites":null,"type":"C","elems":"01000000"}},{"type":"Feature","geometry":{"type":"Point","coordinates":[133.5233333,34.8283333]},"properties":{"id":"66276","name":"陣山","kana":"ジンヤマ","en":"Mt. Jinyama","alt":529,"kind":"雨","place":"高梁市松原町字松岡陣山","start":null,"startRaw":"#","windH":null,"tempH":null,"elemNote":null,"sites":null,"type":"C","elems":"01000000"}},{"type":"Feature","geometry":{"type":"Point","coordinates":[133.705,34.8166667]},"properties":{"id":"66287","name":"吉備中央","kana":"キビチュウオウ","en":"Kibi-Chuo","alt":340,"kind":"雨","place":"加賀郡吉備中央町北","start":2005,"startRaw":"平17.12.14","windH":null,"tempH":null,"elemNote":null,"sites":null,"type":"C","elems":"01000000"}},{"type":"Feature","geometry":{"type":"Point","coordinates":[133.9033333,34.8666667]},"properties":{"id":"66296","name":"福渡","kana":"フクワタリ","en":"Fukuwatari","alt":63,"kind":"四","place":"岡山市北区建部町福渡","start":1979,"startRaw":"#昭54.1.9","windH":7.8,"tempH":1.5,"elemNote":null,"sites":null,"type":"C","elems":"11112010"}},{"type":"Feature","geometry":{"type":"Point","coordinates":[134.1833333,34.815]},"properties":{"id":"66306","name":"和気","kana":"ワケ","en":"Wake","alt":35,"kind":"四","place":"和気郡和気町吉田","start":1979,"startRaw":"#昭54.1.9","windH":9.9,"tempH":1.5,"elemNote":null,"sites":null,"type":"C","elems":"11112010"}},{"type":"Feature","geometry":{"type":"Point","coordinates":[133.61,34.7916667]},"properties":{"id":"66336","name":"高梁","kana":"タカハシ","en":"Takahashi","alt":60,"kind":"四","place":"高梁市落合町近似","start":1979,"startRaw":"(昭50.4.24)昭54.1.10","windH":9.9,"tempH":1.5,"elemNote":null,"sites":null,"type":"C","elems":"11112010"}},{"type":"Feature","geometry":{"type":"Point","coordinates":[133.855,34.7566667]},"properties":{"id":"66346","name":"日応寺","kana":"ニチオウジ：岡山空港","en":"Nichioji","alt":239,"kind":"官","place":"岡山市北区日応寺　岡山航空気象観測所","start":2003,"startRaw":"平15.1.1","windH":9.9,"tempH":null,"elemNote":"日照・湿度・気圧を除く","sites":null,"type":"C","elems":"11110000"}},{"type":"Feature","geometry":{"type":"Point","coordinates":[133.445,34.685]},"properties":{"id":"66381","name":"佐屋","kana":"サヤ","en":"Saya","alt":390,"kind":"雨","place":"井原市芳井町佐屋","start":null,"startRaw":"#","windH":null,"tempH":null,"elemNote":null,"sites":null,"type":"C","elems":"01000000"}},{"type":"Feature","geometry":{"type":"Point","coordinates":[133.6183333,34.6166667]},"properties":{"id":"66391","name":"矢掛","kana":"ヤカゲ","en":"Yakage","alt":18,"kind":"雨","place":"小田郡矢掛町東三成","start":null,"startRaw":"#","windH":null,"tempH":null,"elemNote":null,"sites":null,"type":"C","elems":"01000000"}},{"type":"Feature","geometry":{"type":"Point","coordinates":[133.925,34.685]},"properties":{"id":"66408","name":"岡山","kana":"オカヤマ","en":"Okayama","alt":5,"kind":"官","place":"岡山市北区津島中　岡山地方気象台","start":1996,"startRaw":"平8.3.25","windH":null,"tempH":null,"elemNote":"気温、雨 ／ 風、日照","sites":2,"type":"A","elems":"11111111"}},{"type":"Feature","geometry":{"type":"Point","coordinates":[134.2066667,34.6816667]},"properties":{"id":"66421","name":"虫明","kana":"ムシアゲ","en":"Mushiage","alt":10,"kind":"四","place":"瀬戸内市邑久町虫明","start":1979,"startRaw":"#昭54.1.19","windH":9.9,"tempH":1.5,"elemNote":null,"sites":null,"type":"C","elems":"11112010"}},{"type":"Feature","geometry":{"type":"Point","coordinates":[133.7683333,34.59]},"properties":{"id":"66446","name":"倉敷","kana":"クラシキ","en":"Kurashiki","alt":3,"kind":"四","place":"倉敷市中央","start":1979,"startRaw":"#昭54.1.9","windH":9.9,"tempH":1.5,"elemNote":null,"sites":null,"type":"C","elems":"11112010"}},{"type":"Feature","geometry":{"type":"Point","coordinates":[133.495,34.5016667]},"properties":{"id":"66481","name":"笠岡","kana":"カサオカ","en":"Kasaoka","alt":0,"kind":"四","place":"笠岡市カブト東町","start":1979,"startRaw":"(昭51.9.16)昭54.1.10","windH":6.4,"tempH":1.5,"elemNote":null,"sites":null,"type":"C","elems":"11112010"}},{"type":"Feature","geometry":{"type":"Point","coordinates":[133.95,34.4866667]},"properties":{"id":"66501","name":"玉野","kana":"タマノ","en":"Tamano","alt":2,"kind":"四","place":"玉野市宇野","start":1976,"startRaw":"#昭51.2.25","windH":6.4,"tempH":1.5,"elemNote":null,"sites":null,"type":"C","elems":"11112010"}},{"type":"Feature","geometry":{"type":"Point","coordinates":[132.9016667,35.0333333]},"properties":{"id":"67016","name":"高野","kana":"タカノ","en":"Takano","alt":570,"kind":"四","place":"庄原市高野町新市","start":1978,"startRaw":"(昭50.4.28)昭53.11.22","windH":10,"tempH":2.8,"elemNote":null,"sites":null,"type":"C","elems":"11112110"}},{"type":"Feature","geometry":{"type":"Point","coordinates":[133.1883333,35.0566667]},"properties":{"id":"67026","name":"道後山","kana":"ドウゴヤマ","en":"Mt. Dogo","alt":729,"kind":"雨","place":"庄原市西城町三坂","start":2005,"startRaw":"平17.11.29","windH":null,"tempH":null,"elemNote":null,"sites":null,"type":"C","elems":"01000000"}},{"type":"Feature","geometry":{"type":"Point","coordinates":[132.83,34.9283333]},"properties":{"id":"67052","name":"君田","kana":"キミタ","en":"Kimita","alt":304,"kind":"雨","place":"三次市君田町櫃田字市井谷","start":2005,"startRaw":"平17.12.5","windH":null,"tempH":null,"elemNote":null,"sites":null,"type":"C","elems":"01000000"}},{"type":"Feature","geometry":{"type":"Point","coordinates":[132.85,34.8116667]},"properties":{"id":"67106","name":"三次","kana":"ミヨシ","en":"Miyoshi","alt":159,"kind":"四","place":"三次市三次町","start":1978,"startRaw":"#昭53.11.22","windH":9.9,"tempH":1.5,"elemNote":null,"sites":null,"type":"C","elems":"11112010"}},{"type":"Feature","geometry":{"type":"Point","coordinates":[133.0233333,34.86]},"properties":{"id":"67116","name":"庄原","kana":"ショウバラ","en":"Shobara","alt":300,"kind":"四","place":"庄原市東本町","start":1976,"startRaw":"#昭51.2.23","windH":10.5,"tempH":1.5,"elemNote":null,"sites":null,"type":"C","elems":"11112010"}},{"type":"Feature","geometry":{"type":"Point","coordinates":[133.2766667,34.895]},"properties":{"id":"67126","name":"東城","kana":"トウジョウ","en":"Tojo","alt":310,"kind":"雨","place":"庄原市東城町川東","start":1975,"startRaw":"昭50.4.28","windH":null,"tempH":null,"elemNote":null,"sites":null,"type":"C","elems":"01000000"}},{"type":"Feature","geometry":{"type":"Point","coordinates":[132.1733333,34.7083333]},"properties":{"id":"67136","name":"八幡","kana":"ヤワタ","en":"Yawata","alt":774,"kind":"雨","place":"山県郡北広島町東八幡原","start":1978,"startRaw":"昭53.7.5","windH":null,"tempH":null,"elemNote":null,"sites":null,"type":"C","elems":"01000100"}},{"type":"Feature","geometry":{"type":"Point","coordinates":[132.4633333,34.7683333]},"properties":{"id":"67151","name":"大朝","kana":"オオアサ","en":"Oasa","alt":399,"kind":"四","place":"山県郡北広島町大朝字大坪","start":1977,"startRaw":"#昭52.12.23","windH":9.9,"tempH":2,"elemNote":null,"sites":null,"type":"C","elems":"11112110"}},{"type":"Feature","geometry":{"type":"Point","coordinates":[132.655,34.7216667]},"properties":{"id":"67161","name":"美土里","kana":"ミドリ","en":"Midori","alt":318,"kind":"雨","place":"安芸高田市美土里町横田","start":2005,"startRaw":"平17.12.8","windH":null,"tempH":null,"elemNote":null,"sites":null,"type":"C","elems":"01000000"}},{"type":"Feature","geometry":{"type":"Point","coordinates":[133.2783333,34.7633333]},"properties":{"id":"67191","name":"油木","kana":"ユキ","en":"Yuki","alt":510,"kind":"四","place":"神石郡神石高原町安田伊ノ平谷","start":1978,"startRaw":"昭53.12.1","windH":9.9,"tempH":1.5,"elemNote":null,"sites":null,"type":"C","elems":"11112010"}},{"type":"Feature","geometry":{"type":"Point","coordinates":[132.3116667,34.6983333]},"properties":{"id":"67211","name":"王泊","kana":"オオドマリ","en":"Odomari","alt":525,"kind":"雨","place":"山県郡北広島町細見","start":1978,"startRaw":"昭53.6.7","windH":null,"tempH":null,"elemNote":null,"sites":null,"type":"C","elems":"01000000"}},{"type":"Feature","geometry":{"type":"Point","coordinates":[132.32,34.61]},"properties":{"id":"67212","name":"加計","kana":"カケ","en":"Kake","alt":210,"kind":"四","place":"山県郡安芸太田町加計字神田","start":1978,"startRaw":"#昭53.11.24","windH":9.9,"tempH":1.5,"elemNote":null,"sites":null,"type":"C","elems":"11112010"}},{"type":"Feature","geometry":{"type":"Point","coordinates":[132.4433333,34.6466667]},"properties":{"id":"67217","name":"都志見","kana":"ツシミ","en":"Tsushimi","alt":400,"kind":"雨","place":"山県郡北広島町都志見","start":2005,"startRaw":"平17.12.6","windH":null,"tempH":null,"elemNote":null,"sites":null,"type":"C","elems":"01000000"}},{"type":"Feature","geometry":{"type":"Point","coordinates":[132.76,34.695]},"properties":{"id":"67231","name":"甲田","kana":"コウダ","en":"Koda","alt":185,"kind":"雨","place":"安芸高田市甲田町高田原","start":1975,"startRaw":"昭50.4.28","windH":null,"tempH":null,"elemNote":null,"sites":null,"type":"C","elems":"01000000"}},{"type":"Feature","geometry":{"type":"Point","coordinates":[133.1166667,34.6933333]},"properties":{"id":"67251","name":"上下","kana":"ジョウゲ","en":"Joge","alt":384,"kind":"雨","place":"府中市上下町上下","start":null,"startRaw":"#","windH":null,"tempH":null,"elemNote":null,"sites":null,"type":"C","elems":"01000000"}},{"type":"Feature","geometry":{"type":"Point","coordinates":[132.1766667,34.5966667]},"properties":{"id":"67271","name":"内黒山","kana":"ウチグロヤマ","en":"Mt. Uchiguro","alt":987,"kind":"雨","place":"山県郡安芸太田町大字横川字横川東平","start":null,"startRaw":"#","windH":null,"tempH":null,"elemNote":null,"sites":null,"type":"C","elems":"01000000"}},{"type":"Feature","geometry":{"type":"Point","coordinates":[132.53,34.545]},"properties":{"id":"67292","name":"三入","kana":"ミイリ","en":"Miiri","alt":70,"kind":"四","place":"広島市安佐北区三入","start":2001,"startRaw":"平13.12.20","windH":6.3,"tempH":1.5,"elemNote":null,"sites":null,"type":"C","elems":"11112010"}},{"type":"Feature","geometry":{"type":"Point","coordinates":[132.8383333,34.5666667]},"properties":{"id":"67306","name":"安宿","kana":"アスカ","en":"Asuka","alt":363,"kind":"雨","place":"東広島市豊栄町安宿","start":2010,"startRaw":"平22.1.28","windH":null,"tempH":null,"elemNote":null,"sites":null,"type":"C","elems":"01000000"}},{"type":"Feature","geometry":{"type":"Point","coordinates":[133.05,34.5833333]},"properties":{"id":"67316","name":"世羅","kana":"セラ","en":"Sera","alt":350,"kind":"四","place":"世羅郡世羅町大字東神崎字大田","start":1977,"startRaw":"#昭52.2.23","windH":7.9,"tempH":1.5,"elemNote":null,"sites":null,"type":"C","elems":"11112010"}},{"type":"Feature","geometry":{"type":"Point","coordinates":[133.2316667,34.5616667]},"properties":{"id":"67326","name":"府中","kana":"フチュウ","en":"Fuchu","alt":70,"kind":"四","place":"府中市土生町","start":1979,"startRaw":"(昭50.4.28)昭54.1.11","windH":9.4,"tempH":1.5,"elemNote":null,"sites":null,"type":"C","elems":"11112010"}},{"type":"Feature","geometry":{"type":"Point","coordinates":[132.29,34.4983333]},"properties":{"id":"67351","name":"佐伯湯来","kana":"サエキユキ","en":"Saeki-Yuki","alt":206,"kind":"雨","place":"広島市佐伯区湯来町大字和田字中須賀","start":2005,"startRaw":"平17.12.2","windH":null,"tempH":null,"elemNote":null,"sites":null,"type":"C","elems":"01000000"}},{"type":"Feature","geometry":{"type":"Point","coordinates":[132.66,34.4983333]},"properties":{"id":"67371","name":"志和","kana":"シワ","en":"Shiwa","alt":215,"kind":"雨","place":"東広島市志和町志和堀","start":1977,"startRaw":"昭52.6.30","windH":null,"tempH":null,"elemNote":null,"sites":null,"type":"C","elems":"01000000"}},{"type":"Feature","geometry":{"type":"Point","coordinates":[132.7,34.4166667]},"properties":{"id":"67376","name":"東広島","kana":"ヒガシヒロシマ","en":"Higashi-Hiroshima","alt":224,"kind":"四","place":"東広島市八本松町原","start":1979,"startRaw":"#昭54.1.17","windH":9.9,"tempH":1.5,"elemNote":null,"sites":null,"type":"C","elems":"11112010"}},{"type":"Feature","geometry":{"type":"Point","coordinates":[132.9183333,34.435]},"properties":{"id":"67386","name":"本郷","kana":"ホンゴウ：広島空港","en":"Hongo","alt":331,"kind":"官","place":"三原市本郷町善入寺平岩　広島航空気象観測所","start":2003,"startRaw":"平15.1.1","windH":10,"tempH":null,"elemNote":"日照・湿度・気圧を除く","sites":null,"type":"C","elems":"11110000"}},{"type":"Feature","geometry":{"type":"Point","coordinates":[133.2466667,34.4466667]},"properties":{"id":"67401","name":"福山","kana":"フクヤマ","en":"Fukuyama","alt":2,"kind":"官","place":"福山市松永町　福山特別地域気象観測所","start":1975,"startRaw":"#昭50.12.16","windH":14.4,"tempH":null,"elemNote":null,"sites":null,"type":"B","elems":"11111011"}},{"type":"Feature","geometry":{"type":"Point","coordinates":[132.19,34.365]},"properties":{"id":"67421","name":"廿日市津田","kana":"ハツカイチツタ","en":"Hatsukaichi-Tsuta","alt":317,"kind":"四","place":"廿日市市津田","start":1978,"startRaw":"昭53.12.1","windH":9.9,"tempH":1.5,"elemNote":null,"sites":null,"type":"C","elems":"11112010"}},{"type":"Feature","geometry":{"type":"Point","coordinates":[132.4616667,34.3983333]},"properties":{"id":"67437","name":"広島","kana":"ヒロシマ","en":"Hiroshima","alt":4,"kind":"官","place":"広島市中区上八丁堀　広島地方気象台","start":1988,"startRaw":"昭63.1.1","windH":95.4,"tempH":null,"elemNote":"気温、風、雨 ／ 日照","sites":2,"type":"A","elems":"11111111"}},{"type":"Feature","geometry":{"type":"Point","coordinates":[132.9816667,34.33]},"properties":{"id":"67461","name":"竹原","kana":"タケハラ","en":"Takehara","alt":5,"kind":"四","place":"竹原市忠海床浦","start":1979,"startRaw":"#昭54.1.12","windH":9.9,"tempH":1.5,"elemNote":null,"sites":null,"type":"C","elems":"11112010"}},{"type":"Feature","geometry":{"type":"Point","coordinates":[133.1233333,34.2783333]},"properties":{"id":"67471","name":"生口島","kana":"イクチジマ","en":"Ikuchijima  Island","alt":3,"kind":"四","place":"尾道市瀬戸田町御寺","start":1979,"startRaw":"#昭54.1.12","windH":9.9,"tempH":1.5,"elemNote":null,"sites":null,"type":"C","elems":"11112010"}},{"type":"Feature","geometry":{"type":"Point","coordinates":[132.22,34.2216667]},"properties":{"id":"67496","name":"大竹","kana":"オオタケ","en":"Otake","alt":1,"kind":"四","place":"大竹市立戸","start":1979,"startRaw":"#昭54.1.16","windH":25,"tempH":1.5,"elemNote":null,"sites":null,"type":"C","elems":"11112010"}},{"type":"Feature","geometry":{"type":"Point","coordinates":[132.55,34.24]},"properties":{"id":"67511","name":"呉","kana":"クレ","en":"Kure","alt":4,"kind":"官","place":"呉市宝町　呉特別地域気象観測所","start":1975,"startRaw":"#昭50.12.10","windH":27.3,"tempH":null,"elemNote":null,"sites":null,"type":"B","elems":"11111011"}},{"type":"Feature","geometry":{"type":"Point","coordinates":[132.4883333,34.0916667]},"properties":{"id":"67566","name":"倉橋","kana":"クラハシ","en":"Kurahashi","alt":3,"kind":"雨","place":"呉市倉橋町須川","start":null,"startRaw":"#","windH":null,"tempH":null,"elemNote":null,"sites":null,"type":"C","elems":"01000000"}},{"type":"Feature","geometry":{"type":"Point","coordinates":[132.7483333,34.165]},"properties":{"id":"67576","name":"呉市蒲刈","kana":"クレシカマガリ","en":"Kamagari, Kure City","alt":48,"kind":"四","place":"呉市蒲刈町大浦字前沖浦","start":2009,"startRaw":"平21.2.25","windH":9.9,"tempH":1.5,"elemNote":null,"sites":null,"type":"C","elems":"11112010"}},{"type":"Feature","geometry":{"type":"Point","coordinates":[133.3333333,36.2033333]},"properties":{"id":"68022","name":"西郷","kana":"サイゴウ","en":"Saigo","alt":27,"kind":"官","place":"隠岐郡隠岐の島町西町大城ノ一　西郷特別地域気象観測所","start":1987,"startRaw":"昭62.10.14","windH":17,"tempH":null,"elemNote":null,"sites":null,"type":"B","elems":"11111111"}},{"type":"Feature","geometry":{"type":"Point","coordinates":[133.3233333,36.1783333]},"properties":{"id":"68046","name":"西郷岬","kana":"サイゴウミサキ：隠岐空港","en":"Cape Saigo","alt":80,"kind":"官","place":"隠岐郡隠岐の島町岬町　隠岐航空気象観測所","start":2003,"startRaw":"平15.1.1","windH":10.2,"tempH":null,"elemNote":"日照・湿度・気圧を除く","sites":null,"type":"C","elems":"11110000"}},{"type":"Feature","geometry":{"type":"Point","coordinates":[133.0966667,36.0966667]},"properties":{"id":"68056","name":"海士","kana":"アマ","en":"Ama","alt":3,"kind":"四","place":"隠岐郡海士町海士","start":1978,"startRaw":"昭53.11.17","windH":9.5,"tempH":1.5,"elemNote":null,"sites":null,"type":"C","elems":"11112010"}},{"type":"Feature","geometry":{"type":"Point","coordinates":[132.9833333,35.52]},"properties":{"id":"68091","name":"鹿島","kana":"カシマ","en":"Kashima","alt":3,"kind":"四","place":"松江市鹿島町佐陀本郷","start":1978,"startRaw":"#昭53.12.1","windH":9.9,"tempH":1.5,"elemNote":null,"sites":null,"type":"C","elems":"11112010"}},{"type":"Feature","geometry":{"type":"Point","coordinates":[132.89,35.4133333]},"properties":{"id":"68121","name":"斐川","kana":"ヒカワ：出雲空港","en":"Hikawa","alt":2,"kind":"官","place":"出雲市斐川町沖洲　出雲航空気象観測所","start":2003,"startRaw":"#平15.1.1","windH":10.2,"tempH":null,"elemNote":"日照・湿度・気圧を除く","sites":null,"type":"C","elems":"11110100"}},{"type":"Feature","geometry":{"type":"Point","coordinates":[133.065,35.4566667]},"properties":{"id":"68132","name":"松江","kana":"マツエ","en":"Matsue","alt":17,"kind":"官","place":"松江市西津田　松江地方気象台","start":1979,"startRaw":"昭54.11.1","windH":26.8,"tempH":null,"elemNote":null,"sites":null,"type":"A","elems":"11111111"}},{"type":"Feature","geometry":{"type":"Point","coordinates":[132.73,35.3316667]},"properties":{"id":"68156","name":"出雲","kana":"イズモ","en":"Izumo","alt":20,"kind":"四","place":"出雲市芦渡町","start":1978,"startRaw":"昭53.11.20","windH":9.9,"tempH":1.5,"elemNote":null,"sites":null,"type":"C","elems":"11112010"}},{"type":"Feature","geometry":{"type":"Point","coordinates":[132.965,35.3183333]},"properties":{"id":"68166","name":"大東","kana":"ダイトウ","en":"Daito","alt":56,"kind":"雨","place":"雲南市大東町下阿用","start":null,"startRaw":"#","windH":null,"tempH":null,"elemNote":null,"sites":null,"type":"C","elems":"01000000"}},{"type":"Feature","geometry":{"type":"Point","coordinates":[133.2733333,35.35]},"properties":{"id":"68181","name":"伯太","kana":"ハクタ","en":"Hakuta","alt":23,"kind":"雨","place":"安来市伯太町西母里","start":1976,"startRaw":"昭51.5.20","windH":null,"tempH":null,"elemNote":null,"sites":null,"type":"C","elems":"01000000"}},{"type":"Feature","geometry":{"type":"Point","coordinates":[132.7233333,35.2216667]},"properties":{"id":"68206","name":"佐田","kana":"サダ","en":"Sada","alt":100,"kind":"雨","place":"出雲市佐田町大呂","start":1975,"startRaw":"昭50.4.28","windH":null,"tempH":null,"elemNote":null,"sites":null,"type":"C","elems":"01000000"}},{"type":"Feature","geometry":{"type":"Point","coordinates":[132.4966667,35.19]},"properties":{"id":"68246","name":"大田","kana":"オオダ","en":"Oda","alt":30,"kind":"四","place":"大田市大田町大田","start":1978,"startRaw":"#昭53.11.21","windH":10.1,"tempH":1.5,"elemNote":null,"sites":null,"type":"C","elems":"11112010"}},{"type":"Feature","geometry":{"type":"Point","coordinates":[132.815,35.1966667]},"properties":{"id":"68261","name":"掛合","kana":"カケヤ","en":"Kakeya","alt":215,"kind":"四","place":"雲南市掛合町掛合","start":1978,"startRaw":"#昭53.11.16","windH":7.8,"tempH":1.5,"elemNote":null,"sites":null,"type":"C","elems":"11112010"}},{"type":"Feature","geometry":{"type":"Point","coordinates":[133.1033333,35.1733333]},"properties":{"id":"68276","name":"横田","kana":"ヨコタ","en":"Yokota","alt":369,"kind":"四","place":"仁多郡奥出雲町稲原","start":1978,"startRaw":"#昭53.11.16","windH":9.9,"tempH":1.5,"elemNote":null,"sites":null,"type":"C","elems":"11112110"}},{"type":"Feature","geometry":{"type":"Point","coordinates":[132.3333333,35.07]},"properties":{"id":"68286","name":"福光","kana":"フクミツ","en":"Fukumitsu","alt":8,"kind":"雨","place":"大田市温泉津町福光","start":1978,"startRaw":"昭53.12.21","windH":null,"tempH":null,"elemNote":null,"sites":null,"type":"C","elems":"01000000"}},{"type":"Feature","geometry":{"type":"Point","coordinates":[132.7116667,35.0016667]},"properties":{"id":"68306","name":"赤名","kana":"アカナ","en":"Akana","alt":444,"kind":"四","place":"飯石郡飯南町下赤名","start":1978,"startRaw":"昭53.11.30","windH":9.9,"tempH":1.5,"elemNote":null,"sites":null,"type":"C","elems":"11112110"}},{"type":"Feature","geometry":{"type":"Point","coordinates":[132.3333333,34.9533333]},"properties":{"id":"68346","name":"桜江","kana":"サクラエ","en":"Sakurae","alt":32,"kind":"雨","place":"江津市桜江町川戸","start":1976,"startRaw":"昭51.5.18","windH":null,"tempH":null,"elemNote":null,"sites":null,"type":"C","elems":"01000000"}},{"type":"Feature","geometry":{"type":"Point","coordinates":[132.4916667,34.9766667]},"properties":{"id":"68351","name":"川本","kana":"カワモト","en":"Kawamoto","alt":132,"kind":"四","place":"邑智郡川本町川本","start":1978,"startRaw":"#昭53.11.22","windH":9.9,"tempH":1.5,"elemNote":null,"sites":null,"type":"C","elems":"11112010"}},{"type":"Feature","geometry":{"type":"Point","coordinates":[132.07,34.8966667]},"properties":{"id":"68376","name":"浜田","kana":"ハマダ","en":"Hamada","alt":19,"kind":"官","place":"浜田市大辻町　浜田特別地域気象観測所","start":1975,"startRaw":"#昭50.3.20","windH":14.8,"tempH":null,"elemNote":null,"sites":null,"type":"B","elems":"11111011"}},{"type":"Feature","geometry":{"type":"Point","coordinates":[132.53,34.8533333]},"properties":{"id":"68401","name":"瑞穂","kana":"ミズホ","en":"Mizuho","alt":327,"kind":"四","place":"邑智郡邑南町淀原","start":1978,"startRaw":"(昭51.5.19)昭53.11.22","windH":9.9,"tempH":1.5,"elemNote":null,"sites":null,"type":"C","elems":"11112110"}},{"type":"Feature","geometry":{"type":"Point","coordinates":[131.9483333,34.795]},"properties":{"id":"68421","name":"三隅","kana":"ミスミ","en":"Misumi","alt":9,"kind":"雨","place":"浜田市三隅町西河内","start":null,"startRaw":"#","windH":null,"tempH":null,"elemNote":null,"sites":null,"type":"C","elems":"01000000"}},{"type":"Feature","geometry":{"type":"Point","coordinates":[132.1083333,34.7766667]},"properties":{"id":"68431","name":"弥栄","kana":"ヤサカ","en":"Yasaka","alt":380,"kind":"四","place":"浜田市弥栄町長安本郷","start":1978,"startRaw":"昭53.11.30","windH":9.4,"tempH":1.5,"elemNote":null,"sites":null,"type":"C","elems":"11112110"}},{"type":"Feature","geometry":{"type":"Point","coordinates":[132.1966667,34.78]},"properties":{"id":"68436","name":"波佐","kana":"ハザ","en":"Haza","alt":370,"kind":"雨","place":"浜田市金城町波佐","start":1977,"startRaw":"昭52.7.21","windH":null,"tempH":null,"elemNote":null,"sites":null,"type":"C","elems":"01000000"}},{"type":"Feature","geometry":{"type":"Point","coordinates":[131.79,34.675]},"properties":{"id":"68456","name":"高津","kana":"タカツ：石見空港","en":"Takatsu","alt":54,"kind":"官","place":"益田市内田町　石見航空気象観測所","start":2003,"startRaw":"平15.1.1","windH":10,"tempH":null,"elemNote":"日照・湿度・気圧を除く","sites":null,"type":"C","elems":"11110000"}},{"type":"Feature","geometry":{"type":"Point","coordinates":[131.85,34.6866667]},"properties":{"id":"68462","name":"益田","kana":"マスダ","en":"Masuda","alt":22,"kind":"四","place":"益田市乙吉町","start":1978,"startRaw":"昭53.11.24","windH":10.1,"tempH":1.5,"elemNote":null,"sites":null,"type":"C","elems":"11112010"}},{"type":"Feature","geometry":{"type":"Point","coordinates":[132.0166667,34.5716667]},"properties":{"id":"68501","name":"匹見","kana":"ヒキミ","en":"Hikimi","alt":259,"kind":"雨","place":"益田市匹見町匹見","start":1977,"startRaw":"昭52.7.26","windH":null,"tempH":null,"elemNote":null,"sites":null,"type":"C","elems":"01000000"}},{"type":"Feature","geometry":{"type":"Point","coordinates":[131.77,34.4616667]},"properties":{"id":"68516","name":"津和野","kana":"ツワノ","en":"Tsuwano","alt":165,"kind":"四","place":"鹿足郡津和野町森村ロ","start":1978,"startRaw":"#昭53.11.24","windH":9.9,"tempH":1.5,"elemNote":null,"sites":null,"type":"C","elems":"11112010"}},{"type":"Feature","geometry":{"type":"Point","coordinates":[131.8933333,34.3916667]},"properties":{"id":"68541","name":"吉賀","kana":"ヨシカ","en":"Yoshika","alt":250,"kind":"四","place":"鹿足郡吉賀町七日市","start":2006,"startRaw":"平18.10.31","windH":9.9,"tempH":1.5,"elemNote":null,"sites":null,"type":"C","elems":"11112010"}},{"type":"Feature","geometry":{"type":"Point","coordinates":[133.235,35.5433333]},"properties":{"id":"69006","name":"境","kana":"サカイ","en":"Sakai","alt":2,"kind":"官","place":"境港市東本町　境特別地域気象観測所","start":1975,"startRaw":"#昭50.12.18","windH":11.7,"tempH":null,"elemNote":null,"sites":null,"type":"B","elems":"11111111"}},{"type":"Feature","geometry":{"type":"Point","coordinates":[133.5666667,35.5233333]},"properties":{"id":"69021","name":"塩津","kana":"シオツ","en":"Shiotsu","alt":15,"kind":"四","place":"西伯郡大山町塩津","start":1977,"startRaw":"昭52.12.21","windH":9.9,"tempH":1.5,"elemNote":null,"sites":null,"type":"C","elems":"11112010"}},{"type":"Feature","geometry":{"type":"Point","coordinates":[133.9966667,35.52]},"properties":{"id":"69041","name":"青谷","kana":"アオヤ","en":"Aoya","alt":13,"kind":"四","place":"鳥取市青谷町青谷","start":1978,"startRaw":"#昭53.11.14","windH":9.9,"tempH":1.5,"elemNote":null,"sites":null,"type":"C","elems":"11112010"}},{"type":"Feature","geometry":{"type":"Point","coordinates":[134.165,35.53]},"properties":{"id":"69052","name":"湖山","kana":"コヤマ：鳥取空港","en":"Koyama","alt":15,"kind":"官","place":"鳥取市湖山町西　鳥取航空気象観測所","start":2003,"startRaw":"平15.1.1","windH":10.2,"tempH":null,"elemNote":"日照・湿度・気圧を除く","sites":null,"type":"C","elems":"11110000"}},{"type":"Feature","geometry":{"type":"Point","coordinates":[134.36,35.5583333]},"properties":{"id":"69061","name":"岩井","kana":"イワイ","en":"Iwai","alt":19,"kind":"四","place":"岩美郡岩美町宇治字前田","start":1978,"startRaw":"#昭53.11.13","windH":9.9,"tempH":1.5,"elemNote":null,"sites":null,"type":"C","elems":"11112010"}},{"type":"Feature","geometry":{"type":"Point","coordinates":[133.3383333,35.4333333]},"properties":{"id":"69076","name":"米子","kana":"ヨナゴ","en":"Yonago","alt":7,"kind":"官","place":"米子市博労町　米子特別地域気象観測所","start":1975,"startRaw":"#昭50.3.13","windH":18.1,"tempH":null,"elemNote":null,"sites":null,"type":"B","elems":"11111111"}},{"type":"Feature","geometry":{"type":"Point","coordinates":[133.8383333,35.4733333]},"properties":{"id":"69101","name":"倉吉","kana":"クラヨシ","en":"Kurayoshi","alt":8,"kind":"四","place":"倉吉市大塚字隈ヶ坪","start":1978,"startRaw":"#昭53.11.14","windH":9.9,"tempH":1.5,"elemNote":null,"sites":null,"type":"C","elems":"11112110"}},{"type":"Feature","geometry":{"type":"Point","coordinates":[134.0166667,35.4133333]},"properties":{"id":"69111","name":"鹿野","kana":"シカノ","en":"Shikano","alt":210,"kind":"雨","place":"鳥取市鹿野町河内","start":1982,"startRaw":"昭57.7.1","windH":null,"tempH":null,"elemNote":null,"sites":null,"type":"C","elems":"01000000"}},{"type":"Feature","geometry":{"type":"Point","coordinates":[134.2383333,35.4866667]},"properties":{"id":"69122","name":"鳥取","kana":"トットリ","en":"Tottori","alt":7,"kind":"官","place":"鳥取市吉方　鳥取地方気象台","start":1977,"startRaw":"昭52.11.1","windH":33.2,"tempH":null,"elemNote":null,"sites":null,"type":"A","elems":"11111111"}},{"type":"Feature","geometry":{"type":"Point","coordinates":[133.5366667,35.3933333]},"properties":{"id":"69152","name":"大山","kana":"ダイセン","en":"Mt. Daisen","alt":875,"kind":"雨","place":"西伯郡大山町大山字立の坂上","start":1982,"startRaw":"昭57.6.17","windH":null,"tempH":null,"elemNote":null,"sites":null,"type":"C","elems":"01000100"}},{"type":"Feature","geometry":{"type":"Point","coordinates":[133.7566667,35.3783333]},"properties":{"id":"69161","name":"関金","kana":"セキガネ","en":"Sekigane","alt":150,"kind":"雨","place":"倉吉市関金町安歩","start":1977,"startRaw":"昭52.7.26","windH":null,"tempH":null,"elemNote":null,"sites":null,"type":"C","elems":"01000000"}},{"type":"Feature","geometry":{"type":"Point","coordinates":[134.1133333,35.3283333]},"properties":{"id":"69181","name":"佐治","kana":"サジ","en":"Saji","alt":210,"kind":"雨","place":"鳥取市佐治町加瀬木","start":1982,"startRaw":"昭57.6.11","windH":null,"tempH":null,"elemNote":null,"sites":null,"type":"C","elems":"01000000"}},{"type":"Feature","geometry":{"type":"Point","coordinates":[134.405,35.3333333]},"properties":{"id":"69196","name":"若桜","kana":"ワカサ","en":"Wakasa","alt":231,"kind":"雨","place":"八頭郡若桜町大字大炊","start":1977,"startRaw":"昭52.7.26","windH":null,"tempH":null,"elemNote":null,"sites":null,"type":"C","elems":"01000000"}},{"type":"Feature","geometry":{"type":"Point","coordinates":[133.4833333,35.2883333]},"properties":{"id":"69222","name":"江尾","kana":"エビ","en":"Ebi","alt":155,"kind":"雨","place":"日野郡江府町小江尾","start":1982,"startRaw":"昭57.6.23","windH":null,"tempH":null,"elemNote":null,"sites":null,"type":"C","elems":"01000000"}},{"type":"Feature","geometry":{"type":"Point","coordinates":[134.24,35.2633333]},"properties":{"id":"69246","name":"智頭","kana":"チズ","en":"Chizu","alt":182,"kind":"四","place":"八頭郡智頭町智頭沖代","start":1978,"startRaw":"#昭53.11.13","windH":6.4,"tempH":1.5,"elemNote":null,"sites":null,"type":"C","elems":"11112110"}},{"type":"Feature","geometry":{"type":"Point","coordinates":[133.23,35.1866667]},"properties":{"id":"69271","name":"茶屋","kana":"チャヤ","en":"Chaya","alt":490,"kind":"四","place":"日野郡日南町茶屋大ジャフ田","start":1978,"startRaw":"昭53.11.15","windH":9.9,"tempH":1.5,"elemNote":null,"sites":null,"type":"C","elems":"11112010"}},{"type":"Feature","geometry":{"type":"Point","coordinates":[133.795,34.0233333]},"properties":{"id":"71066","name":"池田","kana":"イケダ","en":"Ikeda","alt":214,"kind":"四","place":"三好市池田町シンヤマ","start":1978,"startRaw":"#昭53.1.26","windH":9.9,"tempH":1.5,"elemNote":null,"sites":null,"type":"C","elems":"11112010"}},{"type":"Feature","geometry":{"type":"Point","coordinates":[134.1566667,34.04]},"properties":{"id":"71087","name":"穴吹","kana":"アナブキ","en":"Anabuki","alt":160,"kind":"四","place":"美馬市穴吹町口山初草","start":2001,"startRaw":"平13.3.13","windH":9.3,"tempH":1.5,"elemNote":null,"sites":null,"type":"C","elems":"11112010"}},{"type":"Feature","geometry":{"type":"Point","coordinates":[134.5733333,34.0666667]},"properties":{"id":"71106","name":"徳島","kana":"トクシマ","en":"Tokushima","alt":2,"kind":"官","place":"徳島市大和町　徳島地方気象台","start":1975,"startRaw":"#昭50.4.1","windH":17.8,"tempH":null,"elemNote":"気温、風、雨 ／ 日照","sites":2,"type":"A","elems":"11111111"}},{"type":"Feature","geometry":{"type":"Point","coordinates":[134.0366667,33.99]},"properties":{"id":"71136","name":"半田","kana":"ハンダ","en":"Handa","alt":228,"kind":"雨","place":"美馬郡つるぎ町半田字下尾尻","start":1978,"startRaw":"昭53.12.1","windH":null,"tempH":null,"elemNote":null,"sites":null,"type":"C","elems":"01000000"}},{"type":"Feature","geometry":{"type":"Point","coordinates":[133.9783333,33.87]},"properties":{"id":"71192","name":"東祖谷","kana":"ヒガシイヤ","en":"Higashiiya","alt":781,"kind":"四","place":"三好市東祖谷菅生","start":2025,"startRaw":"令7.9.4","windH":9.9,"tempH":1.5,"elemNote":null,"sites":null,"type":"C","elems":"11112010"}},{"type":"Feature","geometry":{"type":"Point","coordinates":[134.3883333,33.8783333]},"properties":{"id":"71211","name":"福原旭","kana":"フクハラアサヒ","en":"Fukuhara-Asahi","alt":290,"kind":"雨","place":"勝浦郡上勝町大字旭字蔭","start":1976,"startRaw":"昭51.5.27","windH":null,"tempH":null,"elemNote":null,"sites":null,"type":"C","elems":"01000000"}},{"type":"Feature","geometry":{"type":"Point","coordinates":[134.7416667,33.8366667]},"properties":{"id":"71231","name":"蒲生田","kana":"カモダ","en":"Kamoda","alt":10,"kind":"四","place":"阿南市椿町蒲生田","start":1978,"startRaw":"昭53.1.13","windH":9.9,"tempH":1.5,"elemNote":null,"sites":null,"type":"C","elems":"11112010"}},{"type":"Feature","geometry":{"type":"Point","coordinates":[134.1983333,33.7716667]},"properties":{"id":"71251","name":"木頭","kana":"キトウ","en":"Kito","alt":363,"kind":"四","place":"那賀郡那賀町木頭和無田ヨシノ","start":1979,"startRaw":"昭54.1.24","windH":9.9,"tempH":1.5,"elemNote":null,"sites":null,"type":"C","elems":"11112010"}},{"type":"Feature","geometry":{"type":"Point","coordinates":[134.5383333,33.7316667]},"properties":{"id":"71266","name":"日和佐","kana":"ヒワサ","en":"Hiwasa","alt":3,"kind":"四","place":"海部郡美波町日和佐浦","start":1976,"startRaw":"#昭51.2.14","windH":15.3,"tempH":1.5,"elemNote":null,"sites":null,"type":"C","elems":"11112010"}},{"type":"Feature","geometry":{"type":"Point","coordinates":[134.355,33.6116667]},"properties":{"id":"71291","name":"海陽","kana":"カイヨウ","en":"Kaiyo","alt":5,"kind":"四","place":"海部郡海陽町四方原字杉谷","start":2009,"startRaw":"平21.2.19","windH":9.9,"tempH":1.5,"elemNote":null,"sites":null,"type":"C","elems":"11112010"}},{"type":"Feature","geometry":{"type":"Point","coordinates":[134.2733333,34.4716667]},"properties":{"id":"72061","name":"内海","kana":"ウチノミ","en":"Uchinomi","alt":20,"kind":"四","place":"小豆郡小豆島町西村甲","start":1978,"startRaw":"#昭53.1.10","windH":9.3,"tempH":1.5,"elemNote":null,"sites":null,"type":"C","elems":"11112010"}},{"type":"Feature","geometry":{"type":"Point","coordinates":[134.0533333,34.3183333]},"properties":{"id":"72086","name":"高松","kana":"タカマツ","en":"Takamatsu","alt":9,"kind":"官","place":"高松市伏石町　高松地方気象台","start":1975,"startRaw":"#昭50.4.1","windH":17.5,"tempH":null,"elemNote":null,"sites":null,"type":"A","elems":"11111111"}},{"type":"Feature","geometry":{"type":"Point","coordinates":[133.7516667,34.275]},"properties":{"id":"72111","name":"多度津","kana":"タドツ","en":"Tadotsu","alt":4,"kind":"官","place":"仲多度郡多度津町家中　多度津特別地域気象観測所","start":1975,"startRaw":"#昭50.12.18","windH":12.1,"tempH":null,"elemNote":null,"sites":null,"type":"B","elems":"11111011"}},{"type":"Feature","geometry":{"type":"Point","coordinates":[133.9233333,34.2366667]},"properties":{"id":"72121","name":"滝宮","kana":"タキノミヤ","en":"Takinomiya","alt":60,"kind":"四","place":"綾歌郡綾川町滝宮字山田","start":1978,"startRaw":"#昭53.1.11","windH":9.9,"tempH":1.5,"elemNote":null,"sites":null,"type":"C","elems":"11112010"}},{"type":"Feature","geometry":{"type":"Point","coordinates":[134.015,34.2133333]},"properties":{"id":"72126","name":"香南","kana":"コウナン：高松空港","en":"Konan","alt":185,"kind":"官","place":"高松市香南町由佐　高松航空気象観測所","start":2003,"startRaw":"平15.1.1","windH":10.2,"tempH":null,"elemNote":"日照・湿度・気圧を除く","sites":null,"type":"C","elems":"11110000"}},{"type":"Feature","geometry":{"type":"Point","coordinates":[134.4066667,34.2133333]},"properties":{"id":"72146","name":"引田","kana":"ヒケタ","en":"Hiketa","alt":12,"kind":"四","place":"東かがわ市南野","start":1978,"startRaw":"#昭53.1.12","windH":10,"tempH":1.5,"elemNote":null,"sites":null,"type":"C","elems":"11112010"}},{"type":"Feature","geometry":{"type":"Point","coordinates":[133.7716667,34.12]},"properties":{"id":"72161","name":"財田","kana":"サイタ","en":"Saita","alt":65,"kind":"四","place":"三豊市財田町財田上","start":1978,"startRaw":"昭53.1.11","windH":9.2,"tempH":1.5,"elemNote":null,"sites":null,"type":"C","elems":"11112010"}},{"type":"Feature","geometry":{"type":"Point","coordinates":[134.05,34.1133333]},"properties":{"id":"72176","name":"竜王山","kana":"リュウオウザン","en":"Mt. Ryuo","alt":1040,"kind":"雨","place":"徳島県美馬市美馬町字入倉","start":null,"startRaw":"#","windH":null,"tempH":null,"elemNote":null,"sites":null,"type":"C","elems":"01000000"}},{"type":"Feature","geometry":{"type":"Point","coordinates":[133.0066667,34.25]},"properties":{"id":"73001","name":"大三島","kana":"オオミシマ","en":"Omishima","alt":9,"kind":"四","place":"今治市大三島町宮浦地先","start":1978,"startRaw":"#昭53.1.19","windH":9.8,"tempH":1.5,"elemNote":null,"sites":null,"type":"C","elems":"11112010"}},{"type":"Feature","geometry":{"type":"Point","coordinates":[132.94,34.0183333]},"properties":{"id":"73071","name":"玉川","kana":"タマガワ","en":"Tamagawa","alt":67,"kind":"雨","place":"今治市玉川町三反地甲","start":null,"startRaw":"#","windH":null,"tempH":null,"elemNote":null,"sites":null,"type":"C","elems":"01000000"}},{"type":"Feature","geometry":{"type":"Point","coordinates":[132.975,34.0533333]},"properties":{"id":"73076","name":"今治","kana":"イマバリ","en":"Imabari","alt":27,"kind":"四","place":"今治市山路","start":1976,"startRaw":"(昭50.10.1)昭51.2.18","windH":10,"tempH":1.5,"elemNote":null,"sites":null,"type":"C","elems":"11112010"}},{"type":"Feature","geometry":{"type":"Point","coordinates":[133.08,33.915]},"properties":{"id":"73126","name":"西条","kana":"サイジョウ","en":"Saijo","alt":4,"kind":"四","place":"西条市周布","start":1978,"startRaw":"(昭50.5.1)昭53.1.18","windH":10.1,"tempH":1.5,"elemNote":null,"sites":null,"type":"C","elems":"11112010"}},{"type":"Feature","geometry":{"type":"Point","coordinates":[133.3383333,33.9366667]},"properties":{"id":"73141","name":"新居浜","kana":"ニイハマ","en":"Niihama","alt":90,"kind":"四","place":"新居浜市船木甲","start":2016,"startRaw":"平28.8.24","windH":10,"tempH":1.5,"elemNote":null,"sites":null,"type":"C","elems":"11112010"}},{"type":"Feature","geometry":{"type":"Point","coordinates":[133.5816667,33.9816667]},"properties":{"id":"73151","name":"四国中央","kana":"シコクチュウオウ","en":"Shikoku-Chuo","alt":75,"kind":"四","place":"四国中央市妻鳥町乙","start":1978,"startRaw":"#昭53.1.17","windH":10,"tempH":1.5,"elemNote":null,"sites":null,"type":"C","elems":"11112010"}},{"type":"Feature","geometry":{"type":"Point","coordinates":[133.51,33.915]},"properties":{"id":"73152","name":"富郷","kana":"トミサト","en":"Tomisato","alt":310,"kind":"雨","place":"四国中央市富郷町寒川山","start":1978,"startRaw":"昭53.6.29","windH":null,"tempH":null,"elemNote":null,"sites":null,"type":"C","elems":"01000000"}},{"type":"Feature","geometry":{"type":"Point","coordinates":[132.7766667,33.8433333]},"properties":{"id":"73166","name":"松山","kana":"マツヤマ","en":"Matsuyama","alt":32,"kind":"官","place":"松山市北持田町　松山地方気象台","start":1975,"startRaw":"#昭50.4.1","windH":null,"tempH":null,"elemNote":"気温、雨 ／ 風、日照","sites":2,"type":"A","elems":"11111111"}},{"type":"Feature","geometry":{"type":"Point","coordinates":[132.6983333,33.8266667]},"properties":{"id":"73168","name":"松山南吉田","kana":"マツヤマミナミヨシダ：松山空港","en":"Matsuyama-Minamiyoshida","alt":4,"kind":"官","place":"松山市南吉田町　松山航空気象観測所","start":2003,"startRaw":"平15.1.1","windH":9.9,"tempH":null,"elemNote":"日照・湿度・気圧を除く","sites":null,"type":"C","elems":"11110000"}},{"type":"Feature","geometry":{"type":"Point","coordinates":[132.89,33.7383333]},"properties":{"id":"73231","name":"上林","kana":"カミハヤシ","en":"Kamihayashi","alt":460,"kind":"雨","place":"東温市上林甲","start":null,"startRaw":"#","windH":null,"tempH":null,"elemNote":null,"sites":null,"type":"C","elems":"01000000"}},{"type":"Feature","geometry":{"type":"Point","coordinates":[133.1316667,33.795]},"properties":{"id":"73247","name":"成就社","kana":"ジョウジュシャ","en":"Jojusha","alt":1280,"kind":"雨","place":"西条市西之川野地国有林","start":1980,"startRaw":"昭55.5.16","windH":null,"tempH":null,"elemNote":null,"sites":null,"type":"C","elems":"01000000"}},{"type":"Feature","geometry":{"type":"Point","coordinates":[132.48,33.6166667]},"properties":{"id":"73256","name":"長浜","kana":"ナガハマ","en":"Nagahama","alt":4,"kind":"四","place":"大洲市長浜甲","start":1978,"startRaw":"#昭53.1.31","windH":10.1,"tempH":1.6,"elemNote":null,"sites":null,"type":"C","elems":"11112010"}},{"type":"Feature","geometry":{"type":"Point","coordinates":[132.7083333,33.6383333]},"properties":{"id":"73271","name":"中山","kana":"ナカヤマ","en":"Nakayama","alt":163,"kind":"雨","place":"伊予市中山町中山丑","start":null,"startRaw":"#","windH":null,"tempH":null,"elemNote":null,"sites":null,"type":"C","elems":"01000000"}},{"type":"Feature","geometry":{"type":"Point","coordinates":[132.895,33.6633333]},"properties":{"id":"73276","name":"久万","kana":"クマ","en":"Kuma","alt":511,"kind":"四","place":"上浮穴郡久万高原町入野","start":1978,"startRaw":"#昭53.1.20","windH":10.1,"tempH":1.5,"elemNote":null,"sites":null,"type":"C","elems":"11112010"}},{"type":"Feature","geometry":{"type":"Point","coordinates":[132.535,33.5083333]},"properties":{"id":"73306","name":"大洲","kana":"オオズ","en":"Ozu","alt":20,"kind":"四","place":"大洲市阿蔵字フルカワ甲","start":1978,"startRaw":"(昭50.5.1)昭53.1.31","windH":10,"tempH":1.5,"elemNote":null,"sites":null,"type":"C","elems":"11112010"}},{"type":"Feature","geometry":{"type":"Point","coordinates":[132.8316667,33.5433333]},"properties":{"id":"73321","name":"獅子越峠","kana":"シシゴエトウゲ","en":"Shishigoe Pass","alt":1000,"kind":"雨","place":"喜多郡内子町本川","start":null,"startRaw":"#","windH":null,"tempH":null,"elemNote":null,"sites":null,"type":"C","elems":"01000000"}},{"type":"Feature","geometry":{"type":"Point","coordinates":[132.2566667,33.4466667]},"properties":{"id":"73341","name":"瀬戸","kana":"セト","en":"Seto","alt":143,"kind":"四","place":"西宇和郡伊方町塩成","start":1997,"startRaw":"平9.8.8","windH":12.1,"tempH":1.5,"elemNote":null,"sites":null,"type":"C","elems":"11112010"}},{"type":"Feature","geometry":{"type":"Point","coordinates":[132.4333333,33.4483333]},"properties":{"id":"73351","name":"八幡浜","kana":"ヤワタハマ","en":"Yawatahama","alt":8,"kind":"雨","place":"八幡浜市五反田","start":null,"startRaw":"#","windH":null,"tempH":null,"elemNote":null,"sites":null,"type":"C","elems":"01000000"}},{"type":"Feature","geometry":{"type":"Point","coordinates":[132.5033333,33.3666667]},"properties":{"id":"73406","name":"宇和","kana":"ウワ","en":"Uwa","alt":200,"kind":"四","place":"西予市宇和町神領","start":1978,"startRaw":"(昭50.5.1)昭53.1.23","windH":10.1,"tempH":1.5,"elemNote":null,"sites":null,"type":"C","elems":"11112010"}},{"type":"Feature","geometry":{"type":"Point","coordinates":[132.5516667,33.2266667]},"properties":{"id":"73442","name":"宇和島","kana":"ウワジマ","en":"Uwajima","alt":2,"kind":"官","place":"宇和島市住吉町　宇和島特別地域気象観測所","start":1993,"startRaw":"平5.2.1","windH":33.2,"tempH":null,"elemNote":null,"sites":null,"type":"B","elems":"11111011"}},{"type":"Feature","geometry":{"type":"Point","coordinates":[132.675,33.2533333]},"properties":{"id":"73446","name":"近永","kana":"チカナガ","en":"Chikanaga","alt":129,"kind":"四","place":"北宇和郡鬼北町近永","start":1979,"startRaw":"昭54.1.17","windH":8,"tempH":1.5,"elemNote":null,"sites":null,"type":"C","elems":"11112010"}},{"type":"Feature","geometry":{"type":"Point","coordinates":[132.57,32.9633333]},"properties":{"id":"73516","name":"御荘","kana":"ミショウ","en":"Misho","alt":12,"kind":"四","place":"南宇和郡愛南町御荘平城","start":1978,"startRaw":"#昭53.1.23","windH":10,"tempH":1.5,"elemNote":null,"sites":null,"type":"C","elems":"11112010"}},{"type":"Feature","geometry":{"type":"Point","coordinates":[133.3383333,33.765]},"properties":{"id":"74056","name":"本川","kana":"ホンガワ","en":"Hongawa","alt":605,"kind":"四","place":"吾川郡いの町脇ノ山字根藤","start":1979,"startRaw":"昭54.1.18","windH":10.3,"tempH":1.5,"elemNote":null,"sites":null,"type":"C","elems":"11112010"}},{"type":"Feature","geometry":{"type":"Point","coordinates":[133.575,33.7533333]},"properties":{"id":"74071","name":"本山","kana":"モトヤマ","en":"Motoyama","alt":252,"kind":"四","place":"長岡郡本山町本山","start":1977,"startRaw":"#昭52.12.24","windH":9.3,"tempH":1.5,"elemNote":null,"sites":null,"type":"C","elems":"11112010"}},{"type":"Feature","geometry":{"type":"Point","coordinates":[133.17,33.6066667]},"properties":{"id":"74101","name":"池川","kana":"イケガワ","en":"Ikegawa","alt":141,"kind":"雨","place":"吾川郡仁淀川町土居甲","start":1977,"startRaw":"昭52.7.28","windH":null,"tempH":null,"elemNote":null,"sites":null,"type":"C","elems":"01000000"}},{"type":"Feature","geometry":{"type":"Point","coordinates":[133.685,33.6783333]},"properties":{"id":"74126","name":"繁藤","kana":"シゲトウ","en":"Shigeto","alt":346,"kind":"雨","place":"香美市土佐山田町繁藤","start":null,"startRaw":"#","windH":null,"tempH":null,"elemNote":null,"sites":null,"type":"C","elems":"01000000"}},{"type":"Feature","geometry":{"type":"Point","coordinates":[133.875,33.6983333]},"properties":{"id":"74136","name":"大栃","kana":"オオドチ","en":"Odochi","alt":210,"kind":"四","place":"香美市物部町大栃上西の川","start":1977,"startRaw":"昭52.12.20","windH":6.4,"tempH":1.5,"elemNote":null,"sites":null,"type":"C","elems":"11112010"}},{"type":"Feature","geometry":{"type":"Point","coordinates":[134.1083333,33.615]},"properties":{"id":"74151","name":"魚梁瀬","kana":"ヤナセ","en":"Yanase","alt":450,"kind":"雨","place":"安芸郡馬路村魚梁瀬","start":1978,"startRaw":"昭53.10.25","windH":null,"tempH":null,"elemNote":null,"sites":null,"type":"C","elems":"01000000"}},{"type":"Feature","geometry":{"type":"Point","coordinates":[133.2716667,33.5116667]},"properties":{"id":"74166","name":"佐川","kana":"サカワ","en":"Sakawa","alt":80,"kind":"雨","place":"高岡郡佐川町丙","start":null,"startRaw":"#","windH":null,"tempH":null,"elemNote":null,"sites":null,"type":"C","elems":"01000000"}},{"type":"Feature","geometry":{"type":"Point","coordinates":[133.5483333,33.5666667]},"properties":{"id":"74182","name":"高知","kana":"コウチ","en":"Kochi","alt":1,"kind":"官","place":"高知市比島町　高知地方気象台","start":2023,"startRaw":"令5.3.2","windH":null,"tempH":null,"elemNote":"気温、雨 ／ 風、日照","sites":2,"type":"A","elems":"11111111"}},{"type":"Feature","geometry":{"type":"Point","coordinates":[133.6433333,33.59]},"properties":{"id":"74187","name":"後免","kana":"ゴメン","en":"Gomen","alt":12,"kind":"四","place":"南国市廿枝","start":1978,"startRaw":"昭53.3.13","windH":6.4,"tempH":1.5,"elemNote":null,"sites":null,"type":"C","elems":"11112010"}},{"type":"Feature","geometry":{"type":"Point","coordinates":[133.6683333,33.545]},"properties":{"id":"74188","name":"南国日章","kana":"ナンコクニッショウ：高知空港","en":"Nankoku-Nissho","alt":9,"kind":"官","place":"南国市物部国有　高知航空気象観測所","start":2003,"startRaw":"平15.1.1","windH":10.2,"tempH":null,"elemNote":"日照・湿度・気圧を除く","sites":null,"type":"C","elems":"11110000"}},{"type":"Feature","geometry":{"type":"Point","coordinates":[133.0883333,33.4166667]},"properties":{"id":"74237","name":"船戸","kana":"フナト","en":"Funato","alt":425,"kind":"雨","place":"高岡郡津野町船戸","start":null,"startRaw":"#","windH":null,"tempH":null,"elemNote":null,"sites":null,"type":"C","elems":"01000000"}},{"type":"Feature","geometry":{"type":"Point","coordinates":[133.0833333,33.48]},"properties":{"id":"74238","name":"鳥形山","kana":"トリガタヤマ","en":"Mt. Torigata","alt":835,"kind":"雨","place":"吾川郡仁淀川町大植","start":2010,"startRaw":"平22.3.17","windH":null,"tempH":null,"elemNote":null,"sites":null,"type":"C","elems":"01000000"}},{"type":"Feature","geometry":{"type":"Point","coordinates":[133.9333333,33.4883333]},"properties":{"id":"74271","name":"安芸","kana":"アキ","en":"Aki","alt":6,"kind":"四","place":"安芸市伊尾木","start":1977,"startRaw":"#昭52.12.20","windH":6.4,"tempH":1.5,"elemNote":null,"sites":null,"type":"C","elems":"11112010"}},{"type":"Feature","geometry":{"type":"Point","coordinates":[134.0066667,33.4266667]},"properties":{"id":"74276","name":"田野","kana":"タノ","en":"Tano","alt":17,"kind":"雨","place":"安芸郡田野町","start":1975,"startRaw":"昭50.4.28","windH":null,"tempH":null,"elemNote":null,"sites":null,"type":"C","elems":"01000000"}},{"type":"Feature","geometry":{"type":"Point","coordinates":[132.9216667,33.39]},"properties":{"id":"74296","name":"梼原","kana":"ユスハラ","en":"Yusuhara","alt":415,"kind":"四","place":"高岡郡梼原町川西路","start":1977,"startRaw":"(昭50.4.23)昭52.12.22","windH":6.4,"tempH":1.5,"elemNote":null,"sites":null,"type":"C","elems":"11112010"}},{"type":"Feature","geometry":{"type":"Point","coordinates":[133.2766667,33.385]},"properties":{"id":"74311","name":"須崎","kana":"スサキ","en":"Susaki","alt":4,"kind":"四","place":"須崎市西町","start":1977,"startRaw":"#昭52.12.22","windH":6.4,"tempH":1.5,"elemNote":null,"sites":null,"type":"C","elems":"11112010"}},{"type":"Feature","geometry":{"type":"Point","coordinates":[134.1983333,33.4116667]},"properties":{"id":"74336","name":"佐喜浜","kana":"サキハマ","en":"Sakihama","alt":26,"kind":"雨","place":"室戸市佐喜浜町","start":null,"startRaw":"#","windH":null,"tempH":null,"elemNote":null,"sites":null,"type":"C","elems":"01000000"}},{"type":"Feature","geometry":{"type":"Point","coordinates":[133.1283333,33.2066667]},"properties":{"id":"74361","name":"窪川","kana":"クボカワ","en":"Kubokawa","alt":205,"kind":"四","place":"高岡郡四万十町新開町","start":1977,"startRaw":"#昭52.12.23","windH":6.4,"tempH":1.5,"elemNote":null,"sites":null,"type":"C","elems":"11112010"}},{"type":"Feature","geometry":{"type":"Point","coordinates":[134.1766667,33.2516667]},"properties":{"id":"74372","name":"室戸岬","kana":"ムロトミサキ","en":"Cape Muroto","alt":185,"kind":"官","place":"室戸市室戸岬町　室戸岬特別地域気象観測所","start":2006,"startRaw":"平18.11.28","windH":null,"tempH":null,"elemNote":"気温、雨、日照 ／ 風","sites":2,"type":"B","elems":"11111011"}},{"type":"Feature","geometry":{"type":"Point","coordinates":[132.7916667,33.17]},"properties":{"id":"74381","name":"江川崎","kana":"エカワサキ","en":"Ekawasaki","alt":72,"kind":"四","place":"四万十市西土佐用井","start":1977,"startRaw":"昭52.12.26","windH":9.9,"tempH":1.5,"elemNote":null,"sites":null,"type":"C","elems":"11112010"}},{"type":"Feature","geometry":{"type":"Point","coordinates":[132.9716667,33.1933333]},"properties":{"id":"74391","name":"大正","kana":"タイショウ","en":"Taisho","alt":150,"kind":"雨","place":"高岡郡四万十町大正","start":null,"startRaw":"#","windH":null,"tempH":null,"elemNote":null,"sites":null,"type":"C","elems":"01000000"}},{"type":"Feature","geometry":{"type":"Point","coordinates":[133.1016667,33.0783333]},"properties":{"id":"74436","name":"佐賀","kana":"サガ","en":"Saga","alt":3,"kind":"四","place":"幡多郡黒潮町佐賀","start":1977,"startRaw":"昭52.12.23","windH":6.4,"tempH":1.5,"elemNote":null,"sites":null,"type":"C","elems":"11112010"}},{"type":"Feature","geometry":{"type":"Point","coordinates":[132.7166667,32.905]},"properties":{"id":"74447","name":"宿毛","kana":"スクモ","en":"Sukumo","alt":21,"kind":"官","place":"宿毛市小筑紫町田ノ浦　宿毛特別地域気象観測所","start":1982,"startRaw":"昭57.4.1","windH":17.5,"tempH":null,"elemNote":null,"sites":null,"type":"B","elems":"11111011"}},{"type":"Feature","geometry":{"type":"Point","coordinates":[132.92,32.99]},"properties":{"id":"74456","name":"中村","kana":"ナカムラ","en":"Nakamura","alt":8,"kind":"四","place":"四万十市入田字長善寺前","start":1976,"startRaw":"#昭51.2.17","windH":6.4,"tempH":1.5,"elemNote":null,"sites":null,"type":"C","elems":"11112010"}},{"type":"Feature","geometry":{"type":"Point","coordinates":[132.8716667,32.795]},"properties":{"id":"74506","name":"三崎","kana":"ミサキ","en":"Misaki","alt":9,"kind":"雨","place":"土佐清水市三崎","start":2005,"startRaw":"平17.10.17","windH":null,"tempH":null,"elemNote":null,"sites":null,"type":"C","elems":"01000000"}},{"type":"Feature","geometry":{"type":"Point","coordinates":[133.01,32.7216667]},"properties":{"id":"74516","name":"清水","kana":"シミズ","en":"Shimizu","alt":31,"kind":"官","place":"土佐清水市足摺岬　清水特別地域気象観測所","start":1975,"startRaw":"#昭50.3.20","windH":14.7,"tempH":null,"elemNote":null,"sites":null,"type":"B","elems":"11111011"}},{"type":"Feature","geometry":{"type":"Point","coordinates":[131.6233333,34.615]},"properties":{"id":"81011","name":"須佐","kana":"スサ","en":"Susa","alt":50,"kind":"四","place":"萩市須佐字野中","start":1977,"startRaw":"#昭52.3.7","windH":6.4,"tempH":1.5,"elemNote":null,"sites":null,"type":"C","elems":"11112010"}},{"type":"Feature","geometry":{"type":"Point","coordinates":[131.405,34.41]},"properties":{"id":"81071","name":"萩","kana":"ハギ","en":"Hagi","alt":2,"kind":"官","place":"萩市大字土原字川島沖田　萩特別地域気象観測所","start":1975,"startRaw":"#昭50.4.1","windH":11.1,"tempH":null,"elemNote":null,"sites":null,"type":"B","elems":"11111011"}},{"type":"Feature","geometry":{"type":"Point","coordinates":[131.055,34.37]},"properties":{"id":"81116","name":"油谷","kana":"ユヤ","en":"Yuya","alt":20,"kind":"四","place":"長門市油谷新別名","start":1977,"startRaw":"(昭50.4.25)昭52.3.8","windH":9.9,"tempH":1.5,"elemNote":null,"sites":null,"type":"C","elems":"11112010"}},{"type":"Feature","geometry":{"type":"Point","coordinates":[131.6266667,34.3383333]},"properties":{"id":"81146","name":"篠生","kana":"シノブ","en":"Shinobu","alt":264,"kind":"雨","place":"山口市阿東地福下","start":2021,"startRaw":"令3.12.7","windH":null,"tempH":null,"elemNote":null,"sites":null,"type":"C","elems":"01000000"}},{"type":"Feature","geometry":{"type":"Point","coordinates":[131.725,34.3983333]},"properties":{"id":"81151","name":"徳佐","kana":"トクサ","en":"Tokusa","alt":310,"kind":"四","place":"山口市阿東徳佐中","start":1977,"startRaw":"#昭52.3.4","windH":10.2,"tempH":1.5,"elemNote":null,"sites":null,"type":"C","elems":"11112010"}},{"type":"Feature","geometry":{"type":"Point","coordinates":[132.0633333,34.35]},"properties":{"id":"81167","name":"羅漢山","kana":"ラカンザン","en":"Mt. Rakanzan","alt":945,"kind":"雨","place":"岩国市美和町秋掛字羅漢山","start":1976,"startRaw":"昭51.6.3","windH":null,"tempH":null,"elemNote":null,"sites":null,"type":"C","elems":"01000000"}},{"type":"Feature","geometry":{"type":"Point","coordinates":[131.3066667,34.235]},"properties":{"id":"81196","name":"秋吉台","kana":"アキヨシダイ","en":"Akiyoshidai","alt":240,"kind":"四","place":"美祢市秋芳町秋吉","start":1977,"startRaw":"#昭52.3.10","windH":9.9,"tempH":1.5,"elemNote":null,"sites":null,"type":"C","elems":"11112010"}},{"type":"Feature","geometry":{"type":"Point","coordinates":[131.815,34.225]},"properties":{"id":"81228","name":"鹿野","kana":"カノ","en":"Kano","alt":368,"kind":"雨","place":"周南市大字鹿野下字サヤ段","start":2010,"startRaw":"平22.3.9","windH":null,"tempH":null,"elemNote":null,"sites":null,"type":"C","elems":"01000000"}},{"type":"Feature","geometry":{"type":"Point","coordinates":[131.9516667,34.2616667]},"properties":{"id":"81231","name":"広瀬","kana":"ヒロセ","en":"Hirose","alt":97,"kind":"四","place":"岩国市錦町広瀬","start":1976,"startRaw":"#昭51.2.24","windH":10.1,"tempH":1.5,"elemNote":null,"sites":null,"type":"C","elems":"11112010"}},{"type":"Feature","geometry":{"type":"Point","coordinates":[131.0766667,34.1866667]},"properties":{"id":"81266","name":"豊田","kana":"トヨタ","en":"Toyota","alt":40,"kind":"四","place":"下関市豊田町大字稲光字土橋","start":1977,"startRaw":"#昭52.3.11","windH":10,"tempH":1.5,"elemNote":null,"sites":null,"type":"C","elems":"11112010"}},{"type":"Feature","geometry":{"type":"Point","coordinates":[131.1816667,34.1183333]},"properties":{"id":"81271","name":"東厚保","kana":"ヒガシアツ","en":"Higashiatsu","alt":56,"kind":"雨","place":"美祢市東厚保町山中","start":2010,"startRaw":"平22.3.26","windH":null,"tempH":null,"elemNote":null,"sites":null,"type":"C","elems":"01000000"}},{"type":"Feature","geometry":{"type":"Point","coordinates":[131.4616667,34.1616667]},"properties":{"id":"81286","name":"山口","kana":"ヤマグチ","en":"Yamaguchi","alt":18,"kind":"官","place":"山口市前町　山口特別地域気象観測所","start":1975,"startRaw":"#昭50.12.18","windH":15.4,"tempH":null,"elemNote":null,"sites":null,"type":"B","elems":"11111111"}},{"type":"Feature","geometry":{"type":"Point","coordinates":[131.7533333,34.17]},"properties":{"id":"81301","name":"和田","kana":"ワダ","en":"Wada","alt":154,"kind":"雨","place":"周南市大字高瀬","start":1978,"startRaw":"昭53.6.29","windH":null,"tempH":null,"elemNote":null,"sites":null,"type":"C","elems":"01000000"}},{"type":"Feature","geometry":{"type":"Point","coordinates":[132.1783333,34.155]},"properties":{"id":"81321","name":"岩国","kana":"イワクニ","en":"Iwakuni","alt":41,"kind":"四","place":"岩国市川西","start":1977,"startRaw":"昭52.2.22","windH":10.2,"tempH":1.5,"elemNote":null,"sites":null,"type":"C","elems":"11112010"}},{"type":"Feature","geometry":{"type":"Point","coordinates":[131.5333333,34.04]},"properties":{"id":"81371","name":"防府","kana":"ホウフ","en":"Hofu","alt":4,"kind":"四","place":"防府市大字植松","start":1977,"startRaw":"#昭52.3.2","windH":9.9,"tempH":1.5,"elemNote":null,"sites":null,"type":"C","elems":"11112010"}},{"type":"Feature","geometry":{"type":"Point","coordinates":[131.8716667,34.01]},"properties":{"id":"81386","name":"下松","kana":"クダマツ","en":"Kudamatsu","alt":27,"kind":"四","place":"下松市西豊井","start":1977,"startRaw":"#昭52.3.1","windH":10.1,"tempH":1.5,"elemNote":null,"sites":null,"type":"C","elems":"11112010"}},{"type":"Feature","geometry":{"type":"Point","coordinates":[132.075,34.095]},"properties":{"id":"81397","name":"玖珂","kana":"クガ","en":"Kuga","alt":68,"kind":"四","place":"岩国市玖珂町","start":1977,"startRaw":"昭52.2.28","windH":7.4,"tempH":1.5,"elemNote":null,"sites":null,"type":"C","elems":"11112010"}},{"type":"Feature","geometry":{"type":"Point","coordinates":[130.925,33.9483333]},"properties":{"id":"81428","name":"下関","kana":"シモノセキ","en":"Shimonoseki","alt":3,"kind":"官","place":"下関市竹崎町　下関地方気象台","start":1996,"startRaw":"平8.6.27","windH":null,"tempH":null,"elemNote":"気温、雨 ／ 風、日照","sites":2,"type":"A","elems":"11111111"}},{"type":"Feature","geometry":{"type":"Point","coordinates":[131.2783333,33.93]},"properties":{"id":"81436","name":"宇部","kana":"ウベ：山口宇部空港","en":"Ube","alt":5,"kind":"官","place":"宇部市沖宇部地先　山口宇部航空気象観測所","start":2001,"startRaw":"#平13.12.12","windH":10,"tempH":null,"elemNote":"日照・湿度・気圧を除く","sites":null,"type":"C","elems":"11110000"}},{"type":"Feature","geometry":{"type":"Point","coordinates":[132.1133333,33.9583333]},"properties":{"id":"81481","name":"柳井","kana":"ヤナイ","en":"Yanai","alt":3,"kind":"四","place":"柳井市南浜","start":1977,"startRaw":"(昭50.4.25)昭52.2.25","windH":10.1,"tempH":1.5,"elemNote":null,"sites":null,"type":"C","elems":"11112010"}},{"type":"Feature","geometry":{"type":"Point","coordinates":[132.2933333,33.9033333]},"properties":{"id":"81486","name":"安下庄","kana":"アゲノショウ","en":"Agenosho","alt":5,"kind":"四","place":"大島郡周防大島町東安下庄","start":1977,"startRaw":"#昭52.2.24","windH":9.9,"tempH":1.5,"elemNote":null,"sites":null,"type":"C","elems":"11112010"}},{"type":"Feature","geometry":{"type":"Point","coordinates":[130.035,33.8633333]},"properties":{"id":"82036","name":"小呂島","kana":"オロノシマ","en":"Oronoshima","alt":49,"kind":"雨","place":"福岡市西区大字小呂島","start":2014,"startRaw":"平26.9.11","windH":null,"tempH":null,"elemNote":null,"sites":null,"type":"C","elems":"01000000"}},{"type":"Feature","geometry":{"type":"Point","coordinates":[130.5383333,33.8083333]},"properties":{"id":"82046","name":"宗像","kana":"ムナカタ","en":"Munakata","alt":7,"kind":"四","place":"宗像市田熊","start":1977,"startRaw":"(昭50.4.25)昭52.2.15","windH":10.3,"tempH":1.5,"elemNote":null,"sites":null,"type":"C","elems":"11112010"}},{"type":"Feature","geometry":{"type":"Point","coordinates":[130.7433333,33.8516667]},"properties":{"id":"82056","name":"八幡","kana":"ヤハタ","en":"Yahata","alt":20,"kind":"四","place":"北九州市八幡西区鷹の巣","start":1977,"startRaw":"#昭52.2.17","windH":9.9,"tempH":1.5,"elemNote":null,"sites":null,"type":"C","elems":"11112010"}},{"type":"Feature","geometry":{"type":"Point","coordinates":[131.035,33.845]},"properties":{"id":"82068","name":"空港北町","kana":"クウコウキタマチ：北九州空港","en":"Kukokitamachi","alt":7,"kind":"官","place":"北九州市小倉南区空港北町　北九州航空気象観測所","start":2006,"startRaw":"平18.3.16","windH":10,"tempH":null,"elemNote":"日照・湿度・気圧を除く","sites":null,"type":"C","elems":"11110000"}},{"type":"Feature","geometry":{"type":"Point","coordinates":[130.865,33.7783333]},"properties":{"id":"82097","name":"東谷","kana":"ヒガシタニ","en":"Higashitani","alt":55,"kind":"雨","place":"北九州市小倉南区大字木下","start":2012,"startRaw":"平24.2.15","windH":null,"tempH":null,"elemNote":null,"sites":null,"type":"C","elems":"01000000"}},{"type":"Feature","geometry":{"type":"Point","coordinates":[130.975,33.7133333]},"properties":{"id":"82101","name":"行橋","kana":"ユクハシ","en":"Yukuhashi","alt":9,"kind":"四","place":"行橋市西泉","start":1977,"startRaw":"#昭52.2.18","windH":9.9,"tempH":1.5,"elemNote":null,"sites":null,"type":"C","elems":"11112010"}},{"type":"Feature","geometry":{"type":"Point","coordinates":[130.6933333,33.6516667]},"properties":{"id":"82136","name":"飯塚","kana":"イイヅカ","en":"Iizuka","alt":37,"kind":"官","place":"飯塚市川島字甘木　飯塚特別地域気象観測所","start":1975,"startRaw":"#昭50.12.16","windH":12.1,"tempH":null,"elemNote":null,"sites":null,"type":"B","elems":"11111011"}},{"type":"Feature","geometry":{"type":"Point","coordinates":[130.19,33.56]},"properties":{"id":"82171","name":"前原","kana":"マエバル","en":"Maebaru","alt":5,"kind":"四","place":"糸島市前原西","start":1977,"startRaw":"#昭52.3.4","windH":9.9,"tempH":1.5,"elemNote":null,"sites":null,"type":"C","elems":"11112010"}},{"type":"Feature","geometry":{"type":"Point","coordinates":[130.375,33.5816667]},"properties":{"id":"82182","name":"福岡","kana":"フクオカ","en":"Fukuoka","alt":3,"kind":"官","place":"福岡市中央区大濠　福岡管区気象台","start":2010,"startRaw":"平22.2.18","windH":null,"tempH":null,"elemNote":"気温、雨、日照 ／ 風","sites":2,"type":"A","elems":"11111111"}},{"type":"Feature","geometry":{"type":"Point","coordinates":[130.4516667,33.5833333]},"properties":{"id":"82186","name":"博多","kana":"ハカタ：福岡空港","en":"Hakata","alt":9,"kind":"官","place":"福岡市博多区大字雀居　福岡航空地方気象台","start":2003,"startRaw":"平15.1.1","windH":10,"tempH":null,"elemNote":"日照・湿度・気圧を除く","sites":null,"type":"C","elems":"11110000"}},{"type":"Feature","geometry":{"type":"Point","coordinates":[130.49,33.4966667]},"properties":{"id":"82191","name":"太宰府","kana":"ダザイフ","en":"Dazaifu","alt":52,"kind":"四","place":"太宰府市大佐野","start":1977,"startRaw":"昭52.3.2","windH":10.1,"tempH":1.5,"elemNote":null,"sites":null,"type":"C","elems":"11112010"}},{"type":"Feature","geometry":{"type":"Point","coordinates":[130.855,33.5583333]},"properties":{"id":"82206","name":"添田","kana":"ソエダ","en":"Soeda","alt":92,"kind":"四","place":"田川郡添田町大字野田字大野ノ原","start":1977,"startRaw":"(昭50.5.25)昭52.2.21","windH":10.1,"tempH":1.5,"elemNote":null,"sites":null,"type":"C","elems":"11112010"}},{"type":"Feature","geometry":{"type":"Point","coordinates":[130.3533333,33.4883333]},"properties":{"id":"82241","name":"早良脇山","kana":"サワラワキヤマ","en":"Sawara-Wakiyama","alt":83,"kind":"雨","place":"福岡市早良区脇山","start":2010,"startRaw":"平22.3.2","windH":null,"tempH":null,"elemNote":null,"sites":null,"type":"C","elems":"01000000"}},{"type":"Feature","geometry":{"type":"Point","coordinates":[130.695,33.4066667]},"properties":{"id":"82261","name":"朝倉","kana":"アサクラ","en":"Asakura","alt":38,"kind":"四","place":"朝倉市三奈木","start":1977,"startRaw":"#昭52.2.18","windH":10,"tempH":1.5,"elemNote":null,"sites":null,"type":"C","elems":"11112010"}},{"type":"Feature","geometry":{"type":"Point","coordinates":[130.9233333,33.4883333]},"properties":{"id":"82272","name":"英彦山","kana":"ヒコサン","en":"Mt. Hikosan","alt":823,"kind":"雨","place":"田川郡添田町大字英彦山","start":1988,"startRaw":"昭63.7.31","windH":null,"tempH":null,"elemNote":null,"sites":null,"type":"C","elems":"01000000"}},{"type":"Feature","geometry":{"type":"Point","coordinates":[130.4933333,33.3033333]},"properties":{"id":"82306","name":"久留米","kana":"クルメ","en":"Kurume","alt":7,"kind":"四","place":"久留米市津福本町","start":1977,"startRaw":"昭52.3.1","windH":12.9,"tempH":1.5,"elemNote":null,"sites":null,"type":"C","elems":"11112010"}},{"type":"Feature","geometry":{"type":"Point","coordinates":[130.625,33.2916667]},"properties":{"id":"82316","name":"耳納山","kana":"ミノウサン","en":"Mt. Mino","alt":607,"kind":"雨","place":"久留米市草野町字吉木","start":null,"startRaw":"#","windH":null,"tempH":null,"elemNote":null,"sites":null,"type":"C","elems":"01000000"}},{"type":"Feature","geometry":{"type":"Point","coordinates":[130.645,33.225]},"properties":{"id":"82317","name":"黒木","kana":"クロギ","en":"Kurogi","alt":144,"kind":"四","place":"八女市黒木町本分","start":1977,"startRaw":"#昭52.2.25","windH":10,"tempH":1.5,"elemNote":null,"sites":null,"type":"C","elems":"11112010"}},{"type":"Feature","geometry":{"type":"Point","coordinates":[130.4033333,33.16]},"properties":{"id":"82331","name":"柳川","kana":"ヤナガワ","en":"Yanagawa","alt":7,"kind":"雨","place":"柳川市本城町","start":1975,"startRaw":"昭50.4.25","windH":null,"tempH":null,"elemNote":null,"sites":null,"type":"C","elems":"01000000"}},{"type":"Feature","geometry":{"type":"Point","coordinates":[130.4666667,33.0066667]},"properties":{"id":"82361","name":"大牟田","kana":"オオムタ","en":"Omuta","alt":40,"kind":"四","place":"大牟田市笹原町","start":1977,"startRaw":"#昭52.2.23","windH":9.9,"tempH":1.5,"elemNote":null,"sites":null,"type":"C","elems":"11112010"}},{"type":"Feature","geometry":{"type":"Point","coordinates":[131.575,33.6783333]},"properties":{"id":"83021","name":"国見","kana":"クニミ","en":"Kunimi","alt":53,"kind":"四","place":"国東市国見町中字浜手","start":1977,"startRaw":"昭52.2.15","windH":10,"tempH":1.5,"elemNote":null,"sites":null,"type":"C","elems":"11112010"}},{"type":"Feature","geometry":{"type":"Point","coordinates":[131.245,33.5866667]},"properties":{"id":"83051","name":"中津","kana":"ナカツ","en":"Nakatsu","alt":12,"kind":"四","place":"中津市大字定留","start":2011,"startRaw":"平23.3.15","windH":10.1,"tempH":1.5,"elemNote":null,"sites":null,"type":"C","elems":"11112010"}},{"type":"Feature","geometry":{"type":"Point","coordinates":[131.4333333,33.57]},"properties":{"id":"83061","name":"豊後高田","kana":"ブンゴタカダ","en":"Bungo-Takada","alt":5,"kind":"四","place":"豊後高田市呉崎","start":1977,"startRaw":"#昭52.2.16","windH":9.8,"tempH":1.5,"elemNote":null,"sites":null,"type":"C","elems":"11112010"}},{"type":"Feature","geometry":{"type":"Point","coordinates":[131.115,33.445]},"properties":{"id":"83096","name":"耶馬渓","kana":"ヤバケイ","en":"Yabakei","alt":100,"kind":"雨","place":"中津市耶馬渓町大島","start":1975,"startRaw":"昭50.5.8","windH":null,"tempH":null,"elemNote":null,"sites":null,"type":"C","elems":"01000000"}},{"type":"Feature","geometry":{"type":"Point","coordinates":[131.3166667,33.42]},"properties":{"id":"83106","name":"院内","kana":"インナイ","en":"Innai","alt":90,"kind":"四","place":"宇佐市院内町山城","start":1977,"startRaw":"(昭50.4.24)昭52.2.21","windH":13.1,"tempH":1.5,"elemNote":null,"sites":null,"type":"C","elems":"11112010"}},{"type":"Feature","geometry":{"type":"Point","coordinates":[131.5966667,33.4166667]},"properties":{"id":"83121","name":"杵築","kana":"キツキ","en":"Kitsuki","alt":5,"kind":"四","place":"杵築市大字本庄","start":1978,"startRaw":"昭53.1.10","windH":9.6,"tempH":1.5,"elemNote":null,"sites":null,"type":"C","elems":"11112010"}},{"type":"Feature","geometry":{"type":"Point","coordinates":[131.7366667,33.4783333]},"properties":{"id":"83126","name":"武蔵","kana":"ムサシ：大分空港","en":"Musashi","alt":5,"kind":"官","place":"国東市武蔵町大字糸原字大海田　大分航空気象観測所","start":2003,"startRaw":"#平15.1.1","windH":10,"tempH":null,"elemNote":"日照・湿度・気圧を除く","sites":null,"type":"C","elems":"11110000"}},{"type":"Feature","geometry":{"type":"Point","coordinates":[130.9283333,33.3216667]},"properties":{"id":"83137","name":"日田","kana":"ヒタ","en":"Hita","alt":83,"kind":"官","place":"日田市三本松　日田特別地域気象観測所","start":1975,"startRaw":"#昭50.12.13","windH":22.1,"tempH":null,"elemNote":null,"sites":null,"type":"B","elems":"11111011"}},{"type":"Feature","geometry":{"type":"Point","coordinates":[131.155,33.2916667]},"properties":{"id":"83191","name":"玖珠","kana":"クス","en":"Kusu","alt":331,"kind":"四","place":"玖珠郡玖珠町大字帆足","start":1977,"startRaw":"(昭50.4.24)昭52.2.22","windH":9.6,"tempH":1.5,"elemNote":null,"sites":null,"type":"C","elems":"11112010"}},{"type":"Feature","geometry":{"type":"Point","coordinates":[131.3466667,33.2533333]},"properties":{"id":"83201","name":"湯布院","kana":"ユフイン","en":"Yufuin","alt":435,"kind":"四","place":"由布市湯布院町川南","start":1977,"startRaw":"#昭52.2.24","windH":9.6,"tempH":1.5,"elemNote":null,"sites":null,"type":"C","elems":"11112010"}},{"type":"Feature","geometry":{"type":"Point","coordinates":[131.6183333,33.235]},"properties":{"id":"83216","name":"大分","kana":"オオイタ","en":"Oita","alt":5,"kind":"官","place":"大分市長浜町　大分地方気象台","start":1975,"startRaw":"#昭50.3.21","windH":19.8,"tempH":null,"elemNote":null,"sites":null,"type":"A","elems":"11111111"}},{"type":"Feature","geometry":{"type":"Point","coordinates":[131.865,33.2483333]},"properties":{"id":"83226","name":"佐賀関","kana":"サガノセキ","en":"Saganoseki","alt":1,"kind":"雨","place":"大分市大字佐賀関字太田","start":null,"startRaw":"#","windH":null,"tempH":null,"elemNote":null,"sites":null,"type":"C","elems":"01000000"}},{"type":"Feature","geometry":{"type":"Point","coordinates":[130.915,33.19]},"properties":{"id":"83242","name":"椿ヶ鼻","kana":"ツバキガハナ","en":"Tsubakigahana","alt":843,"kind":"雨","place":"日田市前津江町大野字ウスギ","start":2004,"startRaw":"平16.11.4","windH":null,"tempH":null,"elemNote":null,"sites":null,"type":"C","elems":"01000000"}},{"type":"Feature","geometry":{"type":"Point","coordinates":[131.7966667,33.1316667]},"properties":{"id":"83286","name":"臼杵","kana":"ウスキ","en":"Usuki","alt":30,"kind":"雨","place":"臼杵市大字諏訪字北ヶ迫","start":1975,"startRaw":"昭50.4.24","windH":null,"tempH":null,"elemNote":null,"sites":null,"type":"C","elems":"01000000"}},{"type":"Feature","geometry":{"type":"Point","coordinates":[131.6316667,33.065]},"properties":{"id":"83341","name":"犬飼","kana":"イヌカイ","en":"Inukai","alt":121,"kind":"四","place":"豊後大野市犬飼町田原","start":1977,"startRaw":"#昭52.3.3","windH":10.1,"tempH":1.5,"elemNote":null,"sites":null,"type":"C","elems":"11112010"}},{"type":"Feature","geometry":{"type":"Point","coordinates":[131.3983333,32.9733333]},"properties":{"id":"83371","name":"竹田","kana":"タケタ","en":"Taketa","alt":261,"kind":"四","place":"竹田市大字会々","start":1977,"startRaw":"#昭52.3.2","windH":10.1,"tempH":1.5,"elemNote":null,"sites":null,"type":"C","elems":"11112010"}},{"type":"Feature","geometry":{"type":"Point","coordinates":[131.9016667,32.95]},"properties":{"id":"83401","name":"佐伯","kana":"サイキ","en":"Saiki","alt":2,"kind":"四","place":"佐伯市字剣崎","start":1977,"startRaw":"#昭52.3.1","windH":9.7,"tempH":1.5,"elemNote":null,"sites":null,"type":"C","elems":"11112010"}},{"type":"Feature","geometry":{"type":"Point","coordinates":[131.675,32.845]},"properties":{"id":"83431","name":"宇目","kana":"ウメ","en":"Ume","alt":200,"kind":"四","place":"佐伯市宇目大字重岡","start":1977,"startRaw":"昭52.3.2","windH":9.9,"tempH":1.5,"elemNote":null,"sites":null,"type":"C","elems":"11112010"}},{"type":"Feature","geometry":{"type":"Point","coordinates":[131.9233333,32.795]},"properties":{"id":"83476","name":"蒲江","kana":"カマエ","en":"Kamae","alt":2,"kind":"四","place":"佐伯市蒲江大字蒲江浦","start":1977,"startRaw":"#昭52.2.28","windH":9.6,"tempH":1.5,"elemNote":null,"sites":null,"type":"C","elems":"11112010"}},{"type":"Feature","geometry":{"type":"Point","coordinates":[129.445,34.6983333]},"properties":{"id":"84012","name":"鰐浦","kana":"ワニウラ","en":"Waniura","alt":63,"kind":"四","place":"対馬市上対馬町鰐浦字カキセ","start":1995,"startRaw":"平7.8.2","windH":8,"tempH":1.5,"elemNote":null,"sites":null,"type":"C","elems":"11112010"}},{"type":"Feature","geometry":{"type":"Point","coordinates":[129.2916667,34.1966667]},"properties":{"id":"84072","name":"厳原","kana":"イヅハラ","en":"Izuhara","alt":5,"kind":"官","place":"対馬市厳原町東里　厳原特別地域気象観測所","start":1991,"startRaw":"平3.9.1","windH":36.1,"tempH":null,"elemNote":null,"sites":null,"type":"B","elems":"11111011"}},{"type":"Feature","geometry":{"type":"Point","coordinates":[129.33,34.285]},"properties":{"id":"84076","name":"美津島","kana":"ミツシマ：対馬空港","en":"Mitsushima","alt":63,"kind":"官","place":"対馬市美津島町鶏知乙　対馬航空気象観測所","start":2003,"startRaw":"平15.1.1","windH":10.1,"tempH":null,"elemNote":"日照・湿度・気圧を除く","sites":null,"type":"C","elems":"11110000"}},{"type":"Feature","geometry":{"type":"Point","coordinates":[129.7216667,33.8]},"properties":{"id":"84121","name":"芦辺","kana":"アシベ","en":"Ashibe","alt":97,"kind":"四","place":"壱岐市芦辺町国分東触","start":1977,"startRaw":"昭52.3.9","windH":9.9,"tempH":1.5,"elemNote":null,"sites":null,"type":"C","elems":"11112010"}},{"type":"Feature","geometry":{"type":"Point","coordinates":[129.785,33.7483333]},"properties":{"id":"84122","name":"石田","kana":"イシダ：壱岐空港","en":"Ishida","alt":12,"kind":"官","place":"壱岐市石田町筒城東触　壱岐航空気象観測所","start":2003,"startRaw":"平15.1.1","windH":10,"tempH":null,"elemNote":"日照・湿度・気圧を除く","sites":null,"type":"C","elems":"11110000"}},{"type":"Feature","geometry":{"type":"Point","coordinates":[129.55,33.36]},"properties":{"id":"84171","name":"平戸","kana":"ヒラド","en":"Hirado","alt":58,"kind":"官","place":"平戸市岩の上町　平戸特別地域気象観測所","start":1975,"startRaw":"#昭50.12.11","windH":12.5,"tempH":null,"elemNote":null,"sites":null,"type":"B","elems":"11111011"}},{"type":"Feature","geometry":{"type":"Point","coordinates":[129.7116667,33.3416667]},"properties":{"id":"84183","name":"松浦","kana":"マツウラ","en":"Matsuura","alt":14,"kind":"四","place":"松浦市志佐町里免字辻ノ尾台","start":2011,"startRaw":"平23.3.15","windH":9.9,"tempH":1.5,"elemNote":null,"sites":null,"type":"C","elems":"11112010"}},{"type":"Feature","geometry":{"type":"Point","coordinates":[129.7266667,33.1583333]},"properties":{"id":"84266","name":"佐世保","kana":"サセボ","en":"Sasebo","alt":4,"kind":"官","place":"佐世保市干尽町　佐世保特別地域気象観測所","start":2002,"startRaw":"平14.3.27","windH":35,"tempH":null,"elemNote":null,"sites":null,"type":"B","elems":"11111011"}},{"type":"Feature","geometry":{"type":"Point","coordinates":[129.6516667,33.0133333]},"properties":{"id":"84306","name":"西海","kana":"サイカイ","en":"Saikai","alt":18,"kind":"四","place":"西海市西海町中浦南郷","start":2021,"startRaw":"令3.3.5","windH":9.9,"tempH":1.5,"elemNote":null,"sites":null,"type":"C","elems":"11112010"}},{"type":"Feature","geometry":{"type":"Point","coordinates":[129.1183333,32.9816667]},"properties":{"id":"84341","name":"有川","kana":"アリカワ","en":"Arikawa","alt":11,"kind":"四","place":"南松浦郡新上五島町有川郷字上原","start":1999,"startRaw":"平11.12.22","windH":9.9,"tempH":1.5,"elemNote":null,"sites":null,"type":"C","elems":"11112010"}},{"type":"Feature","geometry":{"type":"Point","coordinates":[129.7383333,32.9083333]},"properties":{"id":"84361","name":"長浦岳","kana":"ナガウラダケ","en":"Mt. Nagaura","alt":510,"kind":"雨","place":"長崎市神浦北大中尾町上アマサキ","start":null,"startRaw":"#","windH":null,"tempH":null,"elemNote":null,"sites":null,"type":"C","elems":"01000000"}},{"type":"Feature","geometry":{"type":"Point","coordinates":[129.9133333,32.9166667]},"properties":{"id":"84371","name":"大村","kana":"オオムラ：長崎空港","en":"Omura","alt":3,"kind":"官","place":"大村市箕島町　長崎航空気象観測所","start":1996,"startRaw":"(昭51.4.22)平8.3.25","windH":10,"tempH":null,"elemNote":"日照・湿度・気圧を除く","sites":null,"type":"C","elems":"11110000"}},{"type":"Feature","geometry":{"type":"Point","coordinates":[130.025,32.8433333]},"properties":{"id":"84441","name":"諫早","kana":"イサハヤ","en":"Isahaya","alt":15,"kind":"雨","place":"諫早市馬渡町","start":null,"startRaw":"#","windH":null,"tempH":null,"elemNote":null,"sites":null,"type":"C","elems":"01000000"}},{"type":"Feature","geometry":{"type":"Point","coordinates":[129.8666667,32.7333333]},"properties":{"id":"84496","name":"長崎","kana":"ナガサキ","en":"Nagasaki","alt":27,"kind":"官","place":"長崎市南山手町　長崎地方気象台","start":1975,"startRaw":"#昭50.3.21","windH":18.6,"tempH":null,"elemNote":null,"sites":null,"type":"A","elems":"11111111"}},{"type":"Feature","geometry":{"type":"Point","coordinates":[130.2616667,32.7366667]},"properties":{"id":"84519","name":"雲仙岳","kana":"ウンゼンダケ","en":"Mt. Unzen","alt":678,"kind":"官","place":"雲仙市小浜町雲仙　雲仙岳特別地域気象観測所","start":2002,"startRaw":"平14.11.26","windH":null,"tempH":null,"elemNote":"気温、雨、日照 ／ 風","sites":2,"type":"B","elems":"11111011"}},{"type":"Feature","geometry":{"type":"Point","coordinates":[130.3616667,32.76]},"properties":{"id":"84523","name":"島原","kana":"シマバラ","en":"Shimabara","alt":14,"kind":"四","place":"島原市新湊","start":null,"startRaw":"平.18.3.15","windH":9.9,"tempH":1.5,"elemNote":null,"sites":null,"type":"C","elems":"11112010"}},{"type":"Feature","geometry":{"type":"Point","coordinates":[128.8266667,32.6933333]},"properties":{"id":"84536","name":"福江","kana":"フクエ","en":"Fukue","alt":25,"kind":"官","place":"五島市木場町　福江特別地域気象観測所","start":1975,"startRaw":"#昭50.3.18","windH":10.1,"tempH":null,"elemNote":null,"sites":null,"type":"B","elems":"11111011"}},{"type":"Feature","geometry":{"type":"Point","coordinates":[128.8316667,32.665]},"properties":{"id":"84537","name":"上大津","kana":"カミオオヅ：福江空港","en":"Kami-Ozu","alt":77,"kind":"官","place":"五島市上大津町　福江航空気象観測所","start":2003,"startRaw":"平15.1.1","windH":10.1,"tempH":null,"elemNote":"日照・湿度・気圧を除く","sites":null,"type":"C","elems":"11110000"}},{"type":"Feature","geometry":{"type":"Point","coordinates":[130.1933333,32.6116667]},"properties":{"id":"84561","name":"口之津","kana":"クチノツ","en":"Kuchinotsu","alt":13,"kind":"四","place":"南島原市口之津町丁","start":1976,"startRaw":"(昭50.4.23)昭51.3.4","windH":9.9,"tempH":1.5,"elemNote":null,"sites":null,"type":"C","elems":"11112010"}},{"type":"Feature","geometry":{"type":"Point","coordinates":[129.7766667,32.5816667]},"properties":{"id":"84597","name":"脇岬","kana":"ワキミサキ","en":"Wakimisaki","alt":4,"kind":"四","place":"長崎市脇岬町","start":2021,"startRaw":"令3.1.20","windH":9.9,"tempH":1.5,"elemNote":null,"sites":null,"type":"C","elems":"11112010"}},{"type":"Feature","geometry":{"type":"Point","coordinates":[129.955,33.4583333]},"properties":{"id":"85033","name":"唐津","kana":"カラツ","en":"Karatsu","alt":23,"kind":"四","place":"唐津市二夕子","start":2010,"startRaw":"平22.2.25","windH":9.9,"tempH":1.5,"elemNote":null,"sites":null,"type":"C","elems":"11112010"}},{"type":"Feature","geometry":{"type":"Point","coordinates":[130.22,33.4133333]},"properties":{"id":"85046","name":"北山","kana":"ホクザン","en":"Hokuzan","alt":339,"kind":"雨","place":"佐賀市富士町大字関屋字中島","start":2010,"startRaw":"平22.3.17","windH":null,"tempH":null,"elemNote":null,"sites":null,"type":"C","elems":"01000000"}},{"type":"Feature","geometry":{"type":"Point","coordinates":[130.5166667,33.385]},"properties":{"id":"85106","name":"鳥栖","kana":"トス","en":"Tosu","alt":25,"kind":"雨","place":"鳥栖市田代外町","start":2010,"startRaw":"平22.3.4","windH":null,"tempH":null,"elemNote":null,"sites":null,"type":"C","elems":"01000000"}},{"type":"Feature","geometry":{"type":"Point","coordinates":[129.8783333,33.2666667]},"properties":{"id":"85116","name":"伊万里","kana":"イマリ","en":"Imari","alt":25,"kind":"四","place":"伊万里市立花町","start":1977,"startRaw":"(昭50.9.1)昭52.3.3","windH":9.9,"tempH":1.5,"elemNote":null,"sites":null,"type":"C","elems":"11112010"}},{"type":"Feature","geometry":{"type":"Point","coordinates":[130.305,33.265]},"properties":{"id":"85142","name":"佐賀","kana":"サガ","en":"Saga","alt":6,"kind":"官","place":"佐賀市駅前中央　佐賀地方気象台","start":1995,"startRaw":"平7.10.19","windH":56.1,"tempH":null,"elemNote":null,"sites":null,"type":"A","elems":"11111111"}},{"type":"Feature","geometry":{"type":"Point","coordinates":[129.995,33.1166667]},"properties":{"id":"85161","name":"嬉野","kana":"ウレシノ","en":"Ureshino","alt":81,"kind":"四","place":"嬉野市嬉野町大字下野丙","start":1977,"startRaw":"昭52.2.24","windH":9.9,"tempH":1.5,"elemNote":null,"sites":null,"type":"C","elems":"11112010"}},{"type":"Feature","geometry":{"type":"Point","coordinates":[130.1483333,33.1833333]},"properties":{"id":"85166","name":"白石","kana":"シロイシ","en":"Shiroishi","alt":2,"kind":"四","place":"杵島郡白石町大字福田","start":1977,"startRaw":"#昭52.3.2","windH":9.8,"tempH":1.5,"elemNote":null,"sites":null,"type":"C","elems":"11112010"}},{"type":"Feature","geometry":{"type":"Point","coordinates":[130.3016667,33.1483333]},"properties":{"id":"85176","name":"川副","kana":"カワソエ：佐賀空港","en":"Kawasoe","alt":2,"kind":"官","place":"佐賀市川副町大字犬井道字国造搦　佐賀航空気象観測所","start":2003,"startRaw":"平15.1.1","windH":10.1,"tempH":null,"elemNote":"日照・湿度・気圧を除く","sites":null,"type":"C","elems":"11110000"}},{"type":"Feature","geometry":{"type":"Point","coordinates":[130.6916667,33.115]},"properties":{"id":"86006","name":"鹿北","kana":"カホク","en":"Kahoku","alt":119,"kind":"四","place":"山鹿市鹿北町岩野","start":1977,"startRaw":"#昭52.2.9","windH":10,"tempH":1.5,"elemNote":null,"sites":null,"type":"C","elems":"11112010"}},{"type":"Feature","geometry":{"type":"Point","coordinates":[131.0666667,33.1033333]},"properties":{"id":"86066","name":"南小国","kana":"ミナミオグニ","en":"Minami-Oguni","alt":448,"kind":"四","place":"阿蘇郡南小国町赤馬場","start":1977,"startRaw":"#昭52.2.14","windH":10.1,"tempH":1.5,"elemNote":null,"sites":null,"type":"C","elems":"11112010"}},{"type":"Feature","geometry":{"type":"Point","coordinates":[130.5116667,32.915]},"properties":{"id":"86086","name":"岱明","kana":"タイメイ","en":"Taimei","alt":15,"kind":"四","place":"玉名市岱明町中土","start":1977,"startRaw":"#昭52.2.10","windH":10,"tempH":1.5,"elemNote":null,"sites":null,"type":"C","elems":"11112010"}},{"type":"Feature","geometry":{"type":"Point","coordinates":[130.7816667,32.945]},"properties":{"id":"86101","name":"菊池","kana":"キクチ","en":"Kikuchi","alt":83,"kind":"四","place":"菊池市木柑子字上辻","start":1977,"startRaw":"#昭52.2.10","windH":10.1,"tempH":1.5,"elemNote":null,"sites":null,"type":"C","elems":"11112010"}},{"type":"Feature","geometry":{"type":"Point","coordinates":[131.04,32.9466667]},"properties":{"id":"86111","name":"阿蘇乙姫","kana":"アソオトヒメ","en":"Aso-Otohime","alt":487,"kind":"四","place":"阿蘇市乙姫","start":1978,"startRaw":"昭53.1.11","windH":10,"tempH":1.5,"elemNote":null,"sites":null,"type":"C","elems":"11112010"}},{"type":"Feature","geometry":{"type":"Point","coordinates":[130.7066667,32.8133333]},"properties":{"id":"86141","name":"熊本","kana":"クマモト","en":"Kumamoto","alt":38,"kind":"官","place":"熊本市中央区京町　熊本地方気象台","start":1975,"startRaw":"#昭50.3.26","windH":null,"tempH":null,"elemNote":"気温、雨、日照 ／ 風","sites":2,"type":"A","elems":"11111111"}},{"type":"Feature","geometry":{"type":"Point","coordinates":[130.855,32.8366667]},"properties":{"id":"86146","name":"益城","kana":"マシキ：熊本空港","en":"Mashiki","alt":193,"kind":"官","place":"上益城郡益城町大字小谷字上大道　熊本航空気象観測所","start":2003,"startRaw":"(昭50.4.23)平15.1.1","windH":10,"tempH":null,"elemNote":"日照・湿度・気圧を除く","sites":null,"type":"C","elems":"11110000"}},{"type":"Feature","geometry":{"type":"Point","coordinates":[131.0133333,32.8316667]},"properties":{"id":"86157","name":"南阿蘇","kana":"ミナミアソ","en":"Minami-Aso","alt":394,"kind":"四","place":"阿蘇郡南阿蘇村河陰","start":2015,"startRaw":"平27.1.16","windH":10,"tempH":1.5,"elemNote":null,"sites":null,"type":"C","elems":"11112110"}},{"type":"Feature","geometry":{"type":"Point","coordinates":[131.125,32.8216667]},"properties":{"id":"86161","name":"高森","kana":"タカモリ","en":"Takamori","alt":555,"kind":"四","place":"阿蘇郡高森町大字高森","start":1977,"startRaw":"#昭52.2.15","windH":9.8,"tempH":1.5,"elemNote":null,"sites":null,"type":"C","elems":"11112010"}},{"type":"Feature","geometry":{"type":"Point","coordinates":[130.6566667,32.7]},"properties":{"id":"86181","name":"宇土","kana":"ウト","en":"Uto","alt":6,"kind":"雨","place":"宇土市馬之瀬町","start":2005,"startRaw":"平17.12.6","windH":null,"tempH":null,"elemNote":null,"sites":null,"type":"C","elems":"01000000"}},{"type":"Feature","geometry":{"type":"Point","coordinates":[130.9583333,32.7116667]},"properties":{"id":"86197","name":"山都","kana":"ヤマト","en":"Yamato","alt":574,"kind":"雨","place":"上益城郡山都町原突角","start":2010,"startRaw":"平22.3.4","windH":null,"tempH":null,"elemNote":null,"sites":null,"type":"C","elems":"01000000"}},{"type":"Feature","geometry":{"type":"Point","coordinates":[130.4783333,32.6116667]},"properties":{"id":"86216","name":"三角","kana":"ミスミ","en":"Misumi","alt":60,"kind":"四","place":"宇城市三角町波多","start":1977,"startRaw":"(昭51.1.1)昭52.2.23","windH":10,"tempH":1.5,"elemNote":null,"sites":null,"type":"C","elems":"11112010"}},{"type":"Feature","geometry":{"type":"Point","coordinates":[130.8166667,32.6716667]},"properties":{"id":"86236","name":"甲佐","kana":"コウサ","en":"Kosa","alt":52,"kind":"四","place":"上益城郡甲佐町大字上早川字尾ノ上","start":1977,"startRaw":"#昭52.2.16","windH":10.1,"tempH":1.5,"elemNote":null,"sites":null,"type":"C","elems":"11112010"}},{"type":"Feature","geometry":{"type":"Point","coordinates":[130.4466667,32.515]},"properties":{"id":"86271","name":"松島","kana":"マツシマ","en":"Matsushima","alt":2,"kind":"四","place":"上天草市松島町阿村","start":1977,"startRaw":"#昭52.2.24","windH":10.1,"tempH":1.5,"elemNote":null,"sites":null,"type":"C","elems":"11112010"}},{"type":"Feature","geometry":{"type":"Point","coordinates":[130.18,32.4683333]},"properties":{"id":"86316","name":"本渡","kana":"ホンド","en":"Hondo","alt":30,"kind":"四","place":"天草市本渡町本戸馬場","start":1977,"startRaw":"#昭52.2.25","windH":10,"tempH":1.5,"elemNote":null,"sites":null,"type":"C","elems":"11112010"}},{"type":"Feature","geometry":{"type":"Point","coordinates":[130.6066667,32.4733333]},"properties":{"id":"86336","name":"八代","kana":"ヤツシロ","en":"Yatsushiro","alt":8,"kind":"四","place":"八代市平山新町","start":1977,"startRaw":"#昭52.2.22","windH":10,"tempH":1.5,"elemNote":null,"sites":null,"type":"C","elems":"11112010"}},{"type":"Feature","geometry":{"type":"Point","coordinates":[130.5083333,32.3633333]},"properties":{"id":"86396","name":"田浦","kana":"タノウラ","en":"Tanoura","alt":3,"kind":"雨","place":"葦北郡芦北町大字田浦町字八幡の元","start":1975,"startRaw":"昭50.4.25","windH":null,"tempH":null,"elemNote":null,"sites":null,"type":"C","elems":"01000000"}},{"type":"Feature","geometry":{"type":"Point","coordinates":[130.7466667,32.3016667]},"properties":{"id":"86407","name":"山江","kana":"ヤマエ","en":"Yamae","alt":218,"kind":"雨","place":"球磨郡山江村大字万江字屋形","start":1990,"startRaw":"平2.12.7","windH":null,"tempH":null,"elemNote":null,"sites":null,"type":"C","elems":"01000000"}},{"type":"Feature","geometry":{"type":"Point","coordinates":[130.8266667,32.395]},"properties":{"id":"86411","name":"五木","kana":"イツキ","en":"Itsuki","alt":310,"kind":"雨","place":"球磨郡五木村甲字下手","start":2012,"startRaw":"平24.3.7","windH":null,"tempH":null,"elemNote":null,"sites":null,"type":"C","elems":"01000000"}},{"type":"Feature","geometry":{"type":"Point","coordinates":[130.4066667,32.205]},"properties":{"id":"86451","name":"水俣","kana":"ミナマタ","en":"Minamata","alt":6,"kind":"四","place":"水俣市南福寺","start":1977,"startRaw":"(昭50.4.23)昭52.2.21","windH":10.1,"tempH":1.5,"elemNote":null,"sites":null,"type":"C","elems":"11112010"}},{"type":"Feature","geometry":{"type":"Point","coordinates":[130.645,32.245]},"properties":{"id":"86461","name":"一勝地","kana":"イッショウチ","en":"Isshochi","alt":120,"kind":"雨","place":"球磨郡球磨村大字一勝地丙字永崎","start":2005,"startRaw":"平17.12.7","windH":null,"tempH":null,"elemNote":null,"sites":null,"type":"C","elems":"01000000"}},{"type":"Feature","geometry":{"type":"Point","coordinates":[130.755,32.2166667]},"properties":{"id":"86467","name":"人吉","kana":"ヒトヨシ","en":"Hitoyoshi","alt":146,"kind":"官","place":"人吉市城本町　人吉特別地域気象観測所","start":1975,"startRaw":"#昭50.12.13","windH":14.7,"tempH":null,"elemNote":null,"sites":null,"type":"B","elems":"11111011"}},{"type":"Feature","geometry":{"type":"Point","coordinates":[130.905,32.225]},"properties":{"id":"86477","name":"上","kana":"ウエ","en":"Ue","alt":166,"kind":"四","place":"球磨郡あさぎり町上北","start":1977,"startRaw":"(昭50.4.23)昭52.3.22","windH":10,"tempH":1.5,"elemNote":null,"sites":null,"type":"C","elems":"11112010"}},{"type":"Feature","geometry":{"type":"Point","coordinates":[130.95,32.295]},"properties":{"id":"86478","name":"多良木","kana":"タラギ","en":"Taragi","alt":210,"kind":"雨","place":"球磨郡多良木町大字黒肥地字祓川","start":2005,"startRaw":"平17.12.8","windH":null,"tempH":null,"elemNote":null,"sites":null,"type":"C","elems":"01000000"}},{"type":"Feature","geometry":{"type":"Point","coordinates":[131.0433333,32.2633333]},"properties":{"id":"86481","name":"湯前横谷","kana":"ユノマエヨコタニ","en":"Yunomae-Yokotani","alt":665,"kind":"雨","place":"球磨郡湯前町猪鹿倉山","start":1976,"startRaw":"昭51.4.26","windH":null,"tempH":null,"elemNote":null,"sites":null,"type":"C","elems":"01000000"}},{"type":"Feature","geometry":{"type":"Point","coordinates":[130.0266667,32.1966667]},"properties":{"id":"86491","name":"牛深","kana":"ウシブカ","en":"Ushibuka","alt":3,"kind":"官","place":"天草市牛深町　牛深特別地域気象観測所","start":1975,"startRaw":"#昭50.12.19","windH":20.5,"tempH":null,"elemNote":null,"sites":null,"type":"B","elems":"11111011"}},{"type":"Feature","geometry":{"type":"Point","coordinates":[131.29,32.7116667]},"properties":{"id":"87041","name":"高千穂","kana":"タカチホ","en":"Takachiho","alt":350,"kind":"四","place":"西臼杵郡高千穂町大字押方字宮野原","start":1977,"startRaw":"#昭52.2.7","windH":10.1,"tempH":1.5,"elemNote":null,"sites":null,"type":"C","elems":"11112010"}},{"type":"Feature","geometry":{"type":"Point","coordinates":[131.82,32.7116667]},"properties":{"id":"87066","name":"古江","kana":"フルエ","en":"Furue","alt":14,"kind":"四","place":"延岡市北浦町古江","start":1977,"startRaw":"昭52.2.8","windH":10.1,"tempH":1.5,"elemNote":null,"sites":null,"type":"C","elems":"11112010"}},{"type":"Feature","geometry":{"type":"Point","coordinates":[131.1566667,32.6433333]},"properties":{"id":"87071","name":"鞍岡","kana":"クラオカ","en":"Kuraoka","alt":590,"kind":"四","place":"西臼杵郡五ヶ瀬町大字鞍岡","start":1979,"startRaw":"昭54.1.12","windH":10.1,"tempH":1.5,"elemNote":null,"sites":null,"type":"C","elems":"11112010"}},{"type":"Feature","geometry":{"type":"Point","coordinates":[131.4066667,32.6816667]},"properties":{"id":"87086","name":"日之影","kana":"ヒノカゲ","en":"Hinokage","alt":262,"kind":"雨","place":"西臼杵郡日之影町大字七折字滝上下","start":2010,"startRaw":"平22.2.18","windH":null,"tempH":null,"elemNote":null,"sites":null,"type":"C","elems":"01000000"}},{"type":"Feature","geometry":{"type":"Point","coordinates":[131.335,32.5166667]},"properties":{"id":"87127","name":"諸塚","kana":"モロツカ","en":"Morotsuka","alt":150,"kind":"雨","place":"東臼杵郡諸塚村大字家代","start":1979,"startRaw":"昭54.1.9","windH":null,"tempH":null,"elemNote":null,"sites":null,"type":"C","elems":"01000000"}},{"type":"Feature","geometry":{"type":"Point","coordinates":[131.525,32.5616667]},"properties":{"id":"87136","name":"北方","kana":"キタカタ","en":"Kitakata","alt":30,"kind":"雨","place":"延岡市北方町川水流卯","start":1987,"startRaw":"昭62.2.26","windH":null,"tempH":null,"elemNote":null,"sites":null,"type":"C","elems":"01000000"}},{"type":"Feature","geometry":{"type":"Point","coordinates":[131.6566667,32.5816667]},"properties":{"id":"87141","name":"延岡","kana":"ノベオカ","en":"Nobeoka","alt":19,"kind":"官","place":"延岡市天神小路　延岡特別地域気象観測所","start":1975,"startRaw":"#昭50.12.11","windH":null,"tempH":null,"elemNote":"気温、雨 ／ 風、日照","sites":2,"type":"B","elems":"11111011"}},{"type":"Feature","geometry":{"type":"Point","coordinates":[131.1033333,32.475]},"properties":{"id":"87157","name":"椎葉","kana":"シイバ","en":"Shiiba","alt":517,"kind":"雨","place":"東臼杵郡椎葉村大字下福良","start":2011,"startRaw":"平23.12.20","windH":null,"tempH":null,"elemNote":null,"sites":null,"type":"C","elems":"01000000"}},{"type":"Feature","geometry":{"type":"Point","coordinates":[131.6,32.4083333]},"properties":{"id":"87181","name":"日向","kana":"ヒュウガ","en":"Hyuga","alt":20,"kind":"四","place":"日向市大字塩見","start":1977,"startRaw":"#昭52.2.9","windH":9.6,"tempH":1.5,"elemNote":null,"sites":null,"type":"C","elems":"11112010"}},{"type":"Feature","geometry":{"type":"Point","coordinates":[131.3316667,32.385]},"properties":{"id":"87206","name":"神門","kana":"ミカド","en":"Mikado","alt":250,"kind":"四","place":"東臼杵郡美郷町南郷区神門","start":1979,"startRaw":"昭54.2.1","windH":6.3,"tempH":1.5,"elemNote":null,"sites":null,"type":"C","elems":"11112010"}},{"type":"Feature","geometry":{"type":"Point","coordinates":[131.1516667,32.24]},"properties":{"id":"87231","name":"西米良","kana":"ニシメラ","en":"Nishimera","alt":260,"kind":"四","place":"児湯郡西米良村大字竹原","start":1979,"startRaw":"昭54.1.10","windH":9.9,"tempH":1.5,"elemNote":null,"sites":null,"type":"C","elems":"11112010"}},{"type":"Feature","geometry":{"type":"Point","coordinates":[131.5416667,32.2833333]},"properties":{"id":"87251","name":"都農","kana":"ツノ","en":"Tsuno","alt":61,"kind":"雨","place":"児湯郡都農町大字川北","start":2010,"startRaw":"平22.2.17","windH":null,"tempH":null,"elemNote":null,"sites":null,"type":"C","elems":"01000000"}},{"type":"Feature","geometry":{"type":"Point","coordinates":[131.475,32.1233333]},"properties":{"id":"87293","name":"高鍋","kana":"タカナベ","en":"Takanabe","alt":57,"kind":"四","place":"児湯郡高鍋町上江","start":2017,"startRaw":"平29.3.10","windH":10,"tempH":1.5,"elemNote":null,"sites":null,"type":"C","elems":"11112010"}},{"type":"Feature","geometry":{"type":"Point","coordinates":[130.81,32.0466667]},"properties":{"id":"87301","name":"加久藤","kana":"カクトウ","en":"Kakuto","alt":228,"kind":"四","place":"えびの市大字永山","start":1977,"startRaw":"#昭52.2.2","windH":10,"tempH":1.5,"elemNote":null,"sites":null,"type":"C","elems":"11112010"}},{"type":"Feature","geometry":{"type":"Point","coordinates":[131.4133333,32.0633333]},"properties":{"id":"87331","name":"西都","kana":"サイト","en":"Saito","alt":8,"kind":"四","place":"西都市大字黒生野","start":1977,"startRaw":"#昭52.2.10","windH":10,"tempH":1.5,"elemNote":null,"sites":null,"type":"C","elems":"11112010"}},{"type":"Feature","geometry":{"type":"Point","coordinates":[130.84,31.945]},"properties":{"id":"87346","name":"えびの高原","kana":"エビノコウゲン","en":"Ebino-kogen","alt":1150,"kind":"雨","place":"えびの市大字末永","start":null,"startRaw":"#","windH":null,"tempH":null,"elemNote":null,"sites":null,"type":"C","elems":"01000000"}},{"type":"Feature","geometry":{"type":"Point","coordinates":[130.9533333,32]},"properties":{"id":"87352","name":"小林","kana":"コバヤシ","en":"Kobayashi","alt":276,"kind":"四","place":"小林市南西方","start":2000,"startRaw":"平12.9.26","windH":9.5,"tempH":1.5,"elemNote":null,"sites":null,"type":"C","elems":"11112010"}},{"type":"Feature","geometry":{"type":"Point","coordinates":[131.1566667,31.9566667]},"properties":{"id":"87361","name":"野尻","kana":"ノジリ","en":"Nojiri","alt":182,"kind":"雨","place":"小林市野尻町大字紙屋","start":null,"startRaw":"#","windH":null,"tempH":null,"elemNote":null,"sites":null,"type":"C","elems":"01000000"}},{"type":"Feature","geometry":{"type":"Point","coordinates":[131.2966667,32.0066667]},"properties":{"id":"87371","name":"国富","kana":"クニトミ","en":"Kunitomi","alt":66,"kind":"雨","place":"東諸県郡国富町大字須志田","start":null,"startRaw":"#","windH":null,"tempH":null,"elemNote":null,"sites":null,"type":"C","elems":"01000000"}},{"type":"Feature","geometry":{"type":"Point","coordinates":[131.4133333,31.9383333]},"properties":{"id":"87376","name":"宮崎","kana":"ミヤザキ","en":"Miyazaki","alt":9,"kind":"官","place":"宮崎市霧島　宮崎地方気象台","start":1975,"startRaw":"#昭50.3.31","windH":25.5,"tempH":null,"elemNote":null,"sites":null,"type":"A","elems":"11111111"}},{"type":"Feature","geometry":{"type":"Point","coordinates":[131.3083333,31.8433333]},"properties":{"id":"87406","name":"田野","kana":"タノ","en":"Tano","alt":134,"kind":"四","place":"宮崎市田野町甲","start":2017,"startRaw":"平29.2.17","windH":9.9,"tempH":1.5,"elemNote":null,"sites":null,"type":"C","elems":"11112010"}},{"type":"Feature","geometry":{"type":"Point","coordinates":[131.4483333,31.8766667]},"properties":{"id":"87412","name":"赤江","kana":"アカエ：宮崎空港","en":"Akae","alt":6,"kind":"官","place":"宮崎市大字赤江　宮崎航空気象観測所","start":2003,"startRaw":"平15.1.1","windH":10,"tempH":null,"elemNote":"日照・湿度・気圧を除く","sites":null,"type":"C","elems":"11110000"}},{"type":"Feature","geometry":{"type":"Point","coordinates":[131.0816667,31.73]},"properties":{"id":"87426","name":"都城","kana":"ミヤコノジョウ","en":"Miyakonojo","alt":154,"kind":"官","place":"都城市菖蒲原町　都城特別地域気象観測所","start":1975,"startRaw":"#昭50.12.16","windH":12.3,"tempH":null,"elemNote":null,"sites":null,"type":"B","elems":"11111011"}},{"type":"Feature","geometry":{"type":"Point","coordinates":[131.2666667,31.6416667]},"properties":{"id":"87461","name":"酒谷","kana":"サカタニ","en":"Sakatani","alt":160,"kind":"雨","place":"日南市大字酒谷","start":1977,"startRaw":"昭52.6.30","windH":null,"tempH":null,"elemNote":null,"sites":null,"type":"C","elems":"01000000"}},{"type":"Feature","geometry":{"type":"Point","coordinates":[131.4066667,31.5783333]},"properties":{"id":"87492","name":"油津","kana":"アブラツ","en":"Aburatsu","alt":3,"kind":"官","place":"日南市油津　油津特別地域気象観測所","start":2009,"startRaw":"平21.3.10","windH":null,"tempH":null,"elemNote":"気温、雨、日照 ／ 風","sites":2,"type":"B","elems":"11111011"}},{"type":"Feature","geometry":{"type":"Point","coordinates":[131.22,31.465]},"properties":{"id":"87501","name":"串間","kana":"クシマ","en":"Kushima","alt":20,"kind":"四","place":"串間市大字西方字平山","start":1977,"startRaw":"#昭52.2.3","windH":10.1,"tempH":1.5,"elemNote":null,"sites":null,"type":"C","elems":"11112010"}},{"type":"Feature","geometry":{"type":"Point","coordinates":[130.2,32.0266667]},"properties":{"id":"88061","name":"阿久根","kana":"アクネ","en":"Akune","alt":40,"kind":"官","place":"阿久根市赤瀬川　阿久根特別地域気象観測所","start":1975,"startRaw":"#昭50.12.10","windH":12.6,"tempH":null,"elemNote":null,"sites":null,"type":"B","elems":"11111011"}},{"type":"Feature","geometry":{"type":"Point","coordinates":[130.3516667,32.0933333]},"properties":{"id":"88066","name":"出水","kana":"イズミ","en":"Izumi","alt":11,"kind":"雨","place":"出水市緑町","start":1975,"startRaw":"昭50.4.24","windH":null,"tempH":null,"elemNote":null,"sites":null,"type":"C","elems":"01000000"}},{"type":"Feature","geometry":{"type":"Point","coordinates":[130.6266667,32.0466667]},"properties":{"id":"88081","name":"大口","kana":"オオクチ","en":"Okuchi","alt":175,"kind":"四","place":"伊佐市大口原田","start":1977,"startRaw":"#昭52.2.14","windH":10.1,"tempH":1.5,"elemNote":null,"sites":null,"type":"C","elems":"11112010"}},{"type":"Feature","geometry":{"type":"Point","coordinates":[130.3666667,31.98]},"properties":{"id":"88101","name":"紫尾山","kana":"シビサン","en":"Mt. Shibisan","alt":1060,"kind":"雨","place":"薩摩郡さつま町平川大洞国有林","start":null,"startRaw":"#","windH":null,"tempH":null,"elemNote":null,"sites":null,"type":"C","elems":"01000000"}},{"type":"Feature","geometry":{"type":"Point","coordinates":[130.455,31.9166667]},"properties":{"id":"88107","name":"さつま柏原","kana":"サツマカシワバル","en":"Satsuma-Kashiwabaru","alt":59,"kind":"四","place":"薩摩郡さつま町柏原","start":1976,"startRaw":"昭51.4.1","windH":10.1,"tempH":1.5,"elemNote":null,"sites":null,"type":"C","elems":"11112010"}},{"type":"Feature","geometry":{"type":"Point","coordinates":[129.8666667,31.835]},"properties":{"id":"88131","name":"中甑","kana":"ナカコシキ","en":"Nakakoshiki","alt":10,"kind":"四","place":"薩摩川内市上甑町中甑","start":1977,"startRaw":"#昭52.2.19","windH":10.1,"tempH":1.5,"elemNote":null,"sites":null,"type":"C","elems":"11112010"}},{"type":"Feature","geometry":{"type":"Point","coordinates":[130.315,31.8333333]},"properties":{"id":"88151","name":"川内","kana":"センダイ","en":"Sendai","alt":5,"kind":"四","place":"薩摩川内市中郷","start":1977,"startRaw":"昭52.2.15","windH":10.1,"tempH":1.5,"elemNote":null,"sites":null,"type":"C","elems":"11112010"}},{"type":"Feature","geometry":{"type":"Point","coordinates":[130.7183333,31.8033333]},"properties":{"id":"88166","name":"溝辺","kana":"ミゾベ：鹿児島空港","en":"Mizobe","alt":272,"kind":"官","place":"霧島市溝辺町麓　鹿児島航空気象観測所","start":1995,"startRaw":"#平7.3.22","windH":10,"tempH":null,"elemNote":"日照・湿度・気圧を除く","sites":null,"type":"C","elems":"11110000"}},{"type":"Feature","geometry":{"type":"Point","coordinates":[130.4383333,31.7466667]},"properties":{"id":"88211","name":"八重山","kana":"ヤエヤマ","en":"Yaeyama","alt":533,"kind":"雨","place":"薩摩川内市入来町浦之名字大谷","start":null,"startRaw":"#","windH":null,"tempH":null,"elemNote":null,"sites":null,"type":"C","elems":"01000000"}},{"type":"Feature","geometry":{"type":"Point","coordinates":[130.3283333,31.6683333]},"properties":{"id":"88261","name":"東市来","kana":"ヒガシイチキ","en":"Higashi-Ichiki","alt":40,"kind":"四","place":"日置市東市来町湯田","start":1977,"startRaw":"#昭52.2.16","windH":10.1,"tempH":1.5,"elemNote":null,"sites":null,"type":"C","elems":"11112010"}},{"type":"Feature","geometry":{"type":"Point","coordinates":[130.8433333,31.6616667]},"properties":{"id":"88286","name":"牧之原","kana":"マキノハラ","en":"Makinohara","alt":387,"kind":"四","place":"霧島市福山町福山","start":1977,"startRaw":"(昭50.4.24)昭52.2.9","windH":9.9,"tempH":1.5,"elemNote":null,"sites":null,"type":"C","elems":"11112010"}},{"type":"Feature","geometry":{"type":"Point","coordinates":[130.5466667,31.555]},"properties":{"id":"88317","name":"鹿児島","kana":"カゴシマ","en":"Kagoshima","alt":4,"kind":"官","place":"鹿児島市東郡元町　鹿児島地方気象台","start":1994,"startRaw":"平6.2.25","windH":44.9,"tempH":null,"elemNote":null,"sites":null,"type":"A","elems":"11111111"}},{"type":"Feature","geometry":{"type":"Point","coordinates":[130.855,31.5883333]},"properties":{"id":"88331","name":"輝北","kana":"キホク","en":"Kihoku","alt":360,"kind":"四","place":"鹿屋市輝北町市成","start":1977,"startRaw":"昭52.3.10","windH":10.1,"tempH":1.5,"elemNote":null,"sites":null,"type":"C","elems":"11112010"}},{"type":"Feature","geometry":{"type":"Point","coordinates":[131.005,31.58]},"properties":{"id":"88341","name":"大隅","kana":"オオスミ","en":"Osumi","alt":170,"kind":"雨","place":"曽於市大隅町境木町","start":1977,"startRaw":"昭52.3.17","windH":null,"tempH":null,"elemNote":null,"sites":null,"type":"C","elems":"01000000"}},{"type":"Feature","geometry":{"type":"Point","coordinates":[130.325,31.415]},"properties":{"id":"88371","name":"加世田","kana":"カセダ","en":"Kaseda","alt":9,"kind":"四","place":"南さつま市加世田東本町","start":1977,"startRaw":"#昭52.2.21","windH":9.5,"tempH":1.5,"elemNote":null,"sites":null,"type":"C","elems":"11112010"}},{"type":"Feature","geometry":{"type":"Point","coordinates":[130.8616667,31.4583333]},"properties":{"id":"88392","name":"吉ケ別府","kana":"ヨシガベップ","en":"Yoshigabeppu","alt":89,"kind":"雨","place":"鹿屋市下高隈町","start":1977,"startRaw":"昭52.6.6","windH":null,"tempH":null,"elemNote":null,"sites":null,"type":"C","elems":"01000000"}},{"type":"Feature","geometry":{"type":"Point","coordinates":[131.095,31.4783333]},"properties":{"id":"88406","name":"志布志","kana":"シブシ","en":"Shibushi","alt":70,"kind":"四","place":"志布志市志布志町志布志字杉の下","start":1977,"startRaw":"(昭50.4.24)昭52.2.16","windH":10,"tempH":1.5,"elemNote":null,"sites":null,"type":"C","elems":"11112010"}},{"type":"Feature","geometry":{"type":"Point","coordinates":[130.54,31.3866667]},"properties":{"id":"88432","name":"喜入","kana":"キイレ","en":"Kiire","alt":4,"kind":"四","place":"鹿児島市喜入中名町","start":1977,"startRaw":"昭52.2.23","windH":7.9,"tempH":1.5,"elemNote":null,"sites":null,"type":"C","elems":"11112010"}},{"type":"Feature","geometry":{"type":"Point","coordinates":[130.8633333,31.3916667]},"properties":{"id":"88442","name":"鹿屋","kana":"カノヤ","en":"Kanoya","alt":63,"kind":"四","place":"鹿屋市寿","start":1977,"startRaw":"昭52.2.25","windH":10.2,"tempH":1.5,"elemNote":null,"sites":null,"type":"C","elems":"11112010"}},{"type":"Feature","geometry":{"type":"Point","coordinates":[130.9383333,31.34]},"properties":{"id":"88447","name":"肝付前田","kana":"キモツキマエダ","en":"Kimotsuki-Maeda","alt":31,"kind":"四","place":"肝属郡肝付町前田","start":1977,"startRaw":"昭52.8.10","windH":9.3,"tempH":1.5,"elemNote":null,"sites":null,"type":"C","elems":"11112010"}},{"type":"Feature","geometry":{"type":"Point","coordinates":[130.2916667,31.2716667]},"properties":{"id":"88466","name":"枕崎","kana":"マクラザキ","en":"Makurazaki","alt":30,"kind":"官","place":"枕崎市高見町　枕崎特別地域気象観測所","start":1975,"startRaw":"#昭50.3.24","windH":11,"tempH":null,"elemNote":null,"sites":null,"type":"B","elems":"11111011"}},{"type":"Feature","geometry":{"type":"Point","coordinates":[130.6366667,31.25]},"properties":{"id":"88486","name":"指宿","kana":"イブスキ","en":"Ibusuki","alt":5,"kind":"四","place":"指宿市十町","start":1977,"startRaw":"#昭52.2.24","windH":10,"tempH":1.5,"elemNote":null,"sites":null,"type":"C","elems":"11112010"}},{"type":"Feature","geometry":{"type":"Point","coordinates":[131.055,31.2766667]},"properties":{"id":"88506","name":"内之浦","kana":"ウチノウラ","en":"Uchinoura","alt":8,"kind":"四","place":"肝属郡肝付町北方","start":1977,"startRaw":"#昭52.2.15","windH":9.9,"tempH":1.5,"elemNote":null,"sites":null,"type":"C","elems":"11112010"}},{"type":"Feature","geometry":{"type":"Point","coordinates":[130.8433333,31.1983333]},"properties":{"id":"88536","name":"田代","kana":"タシロ","en":"Tashiro","alt":182,"kind":"四","place":"肝属郡錦江町田代麓","start":1977,"startRaw":"昭52.2.14","windH":10.1,"tempH":1.5,"elemNote":null,"sites":null,"type":"C","elems":"11112010"}},{"type":"Feature","geometry":{"type":"Point","coordinates":[130.69,31.0933333]},"properties":{"id":"88551","name":"佐多","kana":"サタ","en":"Sata","alt":27,"kind":"雨","place":"肝属郡南大隅町佐多伊座敷","start":1977,"startRaw":"昭52.6.28","windH":null,"tempH":null,"elemNote":null,"sites":null,"type":"C","elems":"01000000"}},{"type":"Feature","geometry":{"type":"Point","coordinates":[130.9816667,30.72]},"properties":{"id":"88612","name":"種子島","kana":"タネガシマ","en":"Tanegashima Island","alt":25,"kind":"官","place":"西之表市西之表　種子島特別地域気象観測所","start":2004,"startRaw":"平16.12.1","windH":29.8,"tempH":null,"elemNote":null,"sites":null,"type":"B","elems":"11111011"}},{"type":"Feature","geometry":{"type":"Point","coordinates":[130.9916667,30.605]},"properties":{"id":"88621","name":"中種子","kana":"ナカタネ：種子島空港","en":"Nakatane","alt":234,"kind":"官","place":"熊毛郡中種子町砂中　種子島航空気象観測所","start":2006,"startRaw":"平18.3.16","windH":10,"tempH":null,"elemNote":"日照・湿度・気圧を除く","sites":null,"type":"C","elems":"11110000"}},{"type":"Feature","geometry":{"type":"Point","coordinates":[130.9016667,30.4066667]},"properties":{"id":"88666","name":"上中","kana":"カミナカ","en":"Kaminaka","alt":150,"kind":"四","place":"熊毛郡南種子町中之下","start":1977,"startRaw":"#昭52.2.19","windH":10.1,"tempH":1.5,"elemNote":null,"sites":null,"type":"C","elems":"11112010"}},{"type":"Feature","geometry":{"type":"Point","coordinates":[130.6583333,30.385]},"properties":{"id":"88686","name":"屋久島","kana":"ヤクシマ：屋久島空港","en":"Yakushima Island","alt":37,"kind":"官","place":"熊毛郡屋久島町小瀬田　屋久島特別地域気象観測所","start":1975,"startRaw":"(昭50.4.1)昭50.12.19","windH":10,"tempH":null,"elemNote":null,"sites":null,"type":"B","elems":"11111011"}},{"type":"Feature","geometry":{"type":"Point","coordinates":[130.555,30.235]},"properties":{"id":"88706","name":"尾之間","kana":"オノアイダ","en":"Onoaida","alt":60,"kind":"四","place":"熊毛郡屋久島町尾之間字井出ノ尻","start":1977,"startRaw":"#昭52.3.4","windH":10.2,"tempH":1.5,"elemNote":null,"sites":null,"type":"C","elems":"11112010"}},{"type":"Feature","geometry":{"type":"Point","coordinates":[129.8666667,29.84]},"properties":{"id":"88736","name":"中之島","kana":"ナカノシマ","en":"Nakanoshima Island","alt":220,"kind":"四","place":"鹿児島郡十島村中之島","start":2002,"startRaw":"平14.12.18","windH":10,"tempH":1.5,"elemNote":null,"sites":null,"type":"C","elems":"11112010"}},{"type":"Feature","geometry":{"type":"Point","coordinates":[129.5283333,29.6833333]},"properties":{"id":"88746","name":"平島","kana":"タイラジマ","en":"Tairajima Island","alt":97,"kind":"雨","place":"鹿児島郡十島村平島","start":2014,"startRaw":"平26.9.17","windH":null,"tempH":null,"elemNote":null,"sites":null,"type":"C","elems":"01000000"}},{"type":"Feature","geometry":{"type":"Point","coordinates":[129.705,29.61]},"properties":{"id":"88756","name":"諏訪之瀬島","kana":"スワノセジマ","en":"Suwanosejima Island","alt":111,"kind":"雨","place":"鹿児島郡十島村諏訪之瀬島","start":2014,"startRaw":"平26.9.3","windH":null,"tempH":null,"elemNote":null,"sites":null,"type":"C","elems":"01000000"}},{"type":"Feature","geometry":{"type":"Point","coordinates":[129.3283333,29.225]},"properties":{"id":"88776","name":"小宝島","kana":"コダカラジマ","en":"Kodakarajima Island","alt":10,"kind":"雨","place":"鹿児島郡十島村小宝島","start":2014,"startRaw":"平26.9.3","windH":null,"tempH":null,"elemNote":null,"sites":null,"type":"C","elems":"01000000"}},{"type":"Feature","geometry":{"type":"Point","coordinates":[129.2016667,29.1516667]},"properties":{"id":"88781","name":"宝島","kana":"タカラジマ","en":"Takarajima Island","alt":33,"kind":"雨","place":"鹿児島郡十島村宝島","start":2014,"startRaw":"平26.7.30","windH":null,"tempH":null,"elemNote":null,"sites":null,"type":"C","elems":"01000000"}},{"type":"Feature","geometry":{"type":"Point","coordinates":[129.7116667,28.43]},"properties":{"id":"88821","name":"笠利","kana":"カサリ：奄美空港","en":"Kasari","alt":4,"kind":"官","place":"奄美市笠利町大字和野字長浜金久　奄美航空気象観測所","start":2003,"startRaw":"平15.1.1","windH":10,"tempH":null,"elemNote":"日照・湿度・気圧を除く","sites":null,"type":"C","elems":"11110000"}},{"type":"Feature","geometry":{"type":"Point","coordinates":[129.4933333,28.385]},"properties":{"id":"88837","name":"名瀬","kana":"ナゼ","en":"Naze","alt":3,"kind":"官","place":"奄美市名瀬矢之脇町　名瀬測候所","start":2024,"startRaw":"令6.11.27","windH":35.3,"tempH":null,"elemNote":null,"sites":null,"type":"B","elems":"11111011"}},{"type":"Feature","geometry":{"type":"Point","coordinates":[129.9266667,28.32]},"properties":{"id":"88851","name":"喜界島","kana":"キカイジマ：喜界空港","en":"Kikaijima Island","alt":5,"kind":"官","place":"大島郡喜界町大字中里西牧　喜界航空気象観測所","start":2000,"startRaw":"(昭53.11.9)平12.3.16","windH":10,"tempH":null,"elemNote":"日照・湿度・気圧を除く","sites":null,"type":"C","elems":"11110000"}},{"type":"Feature","geometry":{"type":"Point","coordinates":[129.315,28.1433333]},"properties":{"id":"88901","name":"古仁屋","kana":"コニヤ","en":"Koniya","alt":2,"kind":"四","place":"大島郡瀬戸内町古仁屋船津","start":1977,"startRaw":"(昭50.5.9)昭52.2.21","windH":10.2,"tempH":1.5,"elemNote":null,"sites":null,"type":"C","elems":"11112010"}},{"type":"Feature","geometry":{"type":"Point","coordinates":[128.88,27.835]},"properties":{"id":"88931","name":"天城","kana":"アマギ：徳之島空港","en":"Amagi","alt":2,"kind":"官","place":"大島郡天城町大字浅間字湾屋　徳之島航空気象観測所","start":2003,"startRaw":"平15.3.1","windH":10,"tempH":null,"elemNote":"日照・湿度・気圧を除く","sites":null,"type":"C","elems":"11110000"}},{"type":"Feature","geometry":{"type":"Point","coordinates":[128.9733333,27.6766667]},"properties":{"id":"88956","name":"伊仙","kana":"イセン","en":"Isen","alt":44,"kind":"四","place":"大島郡伊仙町面縄","start":1977,"startRaw":"昭52.2.24","windH":10.1,"tempH":1.5,"elemNote":null,"sites":null,"type":"C","elems":"11112010"}},{"type":"Feature","geometry":{"type":"Point","coordinates":[128.705,27.4316667]},"properties":{"id":"88971","name":"沖永良部","kana":"オキノエラブ：沖永良部空港","en":"Okinoerabu","alt":27,"kind":"官","place":"大島郡和泊町国頭字手付　沖永良部特別地域気象観測所","start":1975,"startRaw":"昭50.4.10","windH":10,"tempH":null,"elemNote":null,"sites":null,"type":"B","elems":"11111011"}},{"type":"Feature","geometry":{"type":"Point","coordinates":[128.4016667,27.0433333]},"properties":{"id":"88986","name":"与論島","kana":"ヨロンジマ：与論空港","en":"Yoronjima Island","alt":14,"kind":"官","place":"大島郡与論町立長　与論航空気象観測所","start":2000,"startRaw":"(昭53.10.3)平12.3.16","windH":10.1,"tempH":null,"elemNote":"日照・湿度・気圧を除く","sites":null,"type":"C","elems":"11110000"}},{"type":"Feature","geometry":{"type":"Point","coordinates":[127.94,26.9483333]},"properties":{"id":"91011","name":"伊是名","kana":"イゼナ","en":"Izena","alt":14,"kind":"四","place":"島尻郡伊是名村字内花","start":1977,"startRaw":"昭52.3.15","windH":10,"tempH":1.5,"elemNote":null,"sites":null,"type":"C","elems":"11112010"}},{"type":"Feature","geometry":{"type":"Point","coordinates":[128.2716667,26.835]},"properties":{"id":"91021","name":"奥","kana":"オク","en":"Oku","alt":232,"kind":"四","place":"国頭郡国頭村奥","start":1977,"startRaw":"#昭52.2.28","windH":10,"tempH":1.5,"elemNote":null,"sites":null,"type":"C","elems":"11112010"}},{"type":"Feature","geometry":{"type":"Point","coordinates":[128.1783333,26.7283333]},"properties":{"id":"91046","name":"国頭","kana":"クニガミ","en":"Kunigami","alt":8,"kind":"雨","place":"国頭郡国頭村比地","start":2005,"startRaw":"平17.12.20","windH":null,"tempH":null,"elemNote":null,"sites":null,"type":"C","elems":"01000000"}},{"type":"Feature","geometry":{"type":"Point","coordinates":[127.8983333,26.685]},"properties":{"id":"91066","name":"本部","kana":"モトブ","en":"Motobu","alt":25,"kind":"雨","place":"国頭郡本部町謝花","start":1981,"startRaw":"昭56.7.1","windH":null,"tempH":null,"elemNote":null,"sites":null,"type":"C","elems":"01000000"}},{"type":"Feature","geometry":{"type":"Point","coordinates":[128.1533333,26.6316667]},"properties":{"id":"91081","name":"東","kana":"ヒガシ","en":"Higashi","alt":24,"kind":"雨","place":"国頭郡東村字平良","start":1981,"startRaw":"昭56.7.1","windH":null,"tempH":null,"elemNote":null,"sites":null,"type":"C","elems":"01000000"}},{"type":"Feature","geometry":{"type":"Point","coordinates":[127.2383333,26.5916667]},"properties":{"id":"91096","name":"粟国","kana":"アグニ","en":"Aguni","alt":14,"kind":"雨","place":"島尻郡粟国村字浜","start":2003,"startRaw":"平15.1.1","windH":null,"tempH":null,"elemNote":null,"sites":null,"type":"C","elems":"01000000"}},{"type":"Feature","geometry":{"type":"Point","coordinates":[127.965,26.5933333]},"properties":{"id":"91107","name":"名護","kana":"ナゴ","en":"Nago","alt":6,"kind":"官","place":"名護市宮里　名護特別地域気象観測所","start":1987,"startRaw":"昭62.7.1","windH":25.6,"tempH":null,"elemNote":null,"sites":null,"type":"B","elems":"11111011"}},{"type":"Feature","geometry":{"type":"Point","coordinates":[127.7333333,26.4066667]},"properties":{"id":"91121","name":"読谷","kana":"ヨミタン","en":"Yomitan","alt":90,"kind":"雨","place":"中頭郡読谷村字波平","start":null,"startRaw":"#","windH":null,"tempH":null,"elemNote":null,"sites":null,"type":"C","elems":"01000000"}},{"type":"Feature","geometry":{"type":"Point","coordinates":[126.7133333,26.3633333]},"properties":{"id":"91141","name":"北原","kana":"キタハラ：久米島空港","en":"Kitahara","alt":7,"kind":"官","place":"島尻郡久米島町字北原　久米島航空気象観測所","start":2003,"startRaw":"平15.1.1","windH":10,"tempH":null,"elemNote":"日照・湿度・気圧を除く","sites":null,"type":"C","elems":"11110000"}},{"type":"Feature","geometry":{"type":"Point","coordinates":[126.8033333,26.3366667]},"properties":{"id":"91146","name":"久米島","kana":"クメジマ","en":"Kumejima Island","alt":5,"kind":"官","place":"島尻郡久米島町字謝名堂　久米島特別地域気象観測所","start":1977,"startRaw":"昭52.3.23","windH":15,"tempH":null,"elemNote":null,"sites":null,"type":"B","elems":"11111011"}},{"type":"Feature","geometry":{"type":"Point","coordinates":[127.1416667,26.3733333]},"properties":{"id":"91151","name":"渡名喜","kana":"トナキ","en":"Tonaki","alt":7,"kind":"雨","place":"島尻郡渡名喜村","start":2014,"startRaw":"平26.8.26","windH":null,"tempH":null,"elemNote":null,"sites":null,"type":"C","elems":"01000000"}},{"type":"Feature","geometry":{"type":"Point","coordinates":[127.8033333,26.3266667]},"properties":{"id":"91161","name":"胡屋","kana":"ゴヤ","en":"Goya","alt":105,"kind":"雨","place":"沖縄市胡屋","start":null,"startRaw":"#","windH":null,"tempH":null,"elemNote":null,"sites":null,"type":"C","elems":"01000000"}},{"type":"Feature","geometry":{"type":"Point","coordinates":[127.9716667,26.3633333]},"properties":{"id":"91166","name":"宮城島","kana":"ミヤギジマ","en":"Miyagijima Island","alt":100,"kind":"四","place":"うるま市与那城上原阪上","start":2007,"startRaw":"平19.12.19","windH":10,"tempH":1.5,"elemNote":null,"sites":null,"type":"C","elems":"11112010"}},{"type":"Feature","geometry":{"type":"Point","coordinates":[127.3633333,26.21]},"properties":{"id":"91181","name":"渡嘉敷","kana":"トカシキ","en":"Tokashiki","alt":220,"kind":"四","place":"島尻郡渡嘉敷村渡嘉敷","start":1977,"startRaw":"昭52.3.23","windH":9.6,"tempH":1.5,"elemNote":null,"sites":null,"type":"C","elems":"11112010"}},{"type":"Feature","geometry":{"type":"Point","coordinates":[127.6866667,26.2066667]},"properties":{"id":"91197","name":"那覇","kana":"ナハ","en":"Naha","alt":28,"kind":"官","place":"那覇市樋川　沖縄気象台","start":1987,"startRaw":"昭62.6.10","windH":47.8,"tempH":null,"elemNote":null,"sites":null,"type":"A","elems":"11111011"}},{"type":"Feature","geometry":{"type":"Point","coordinates":[127.6383333,26.1933333]},"properties":{"id":"91236","name":"安次嶺","kana":"アシミネ：那覇空港","en":"Ashimine","alt":3,"kind":"官","place":"那覇市字安次嶺　那覇航空測候所","start":2003,"startRaw":"平15.1.1","windH":10,"tempH":null,"elemNote":"日照・湿度・気圧を除く","sites":null,"type":"C","elems":"11110000"}},{"type":"Feature","geometry":{"type":"Point","coordinates":[127.765,26.1533333]},"properties":{"id":"91241","name":"糸数","kana":"イトカズ","en":"Itokazu","alt":186,"kind":"四","place":"南城市玉城字糸数西赤津川原","start":1977,"startRaw":"#昭52.3.2","windH":10,"tempH":1.5,"elemNote":null,"sites":null,"type":"C","elems":"11112010"}},{"type":"Feature","geometry":{"type":"Point","coordinates":[131.3266667,25.9433333]},"properties":{"id":"92006","name":"北大東","kana":"キタダイトウ：北大東空港","en":"Kita-Daito","alt":22,"kind":"官","place":"島尻郡北大東村字南　北大東航空気象観測所","start":2003,"startRaw":"平15.1.1","windH":9.8,"tempH":null,"elemNote":"日照・湿度・気圧を除く","sites":null,"type":"C","elems":"11110000"}},{"type":"Feature","geometry":{"type":"Point","coordinates":[131.2283333,25.8283333]},"properties":{"id":"92011","name":"南大東","kana":"ミナミダイトウ","en":"Minami-Daito","alt":15,"kind":"官","place":"島尻郡南大東村在所　南大東島地方気象台","start":1979,"startRaw":"昭54.3.14","windH":18.7,"tempH":null,"elemNote":null,"sites":null,"type":"A","elems":"11111011"}},{"type":"Feature","geometry":{"type":"Point","coordinates":[131.2633333,25.8466667]},"properties":{"id":"92012","name":"旧東","kana":"キュウトウ：南大東空港","en":"Kyuto","alt":48,"kind":"官","place":"島尻郡南大東村字旧東　南大東航空気象観測所","start":2003,"startRaw":"平15.1.1","windH":9.8,"tempH":null,"elemNote":"日照・湿度・気圧を除く","sites":null,"type":"C","elems":"11110000"}},{"type":"Feature","geometry":{"type":"Point","coordinates":[125.1433333,24.8266667]},"properties":{"id":"93012","name":"下地島","kana":"シモジシマ：下地島空港","en":"Shimojishima Island","alt":8,"kind":"官","place":"宮古島市伊良部字佐和田　下地島航空気象観測所","start":2003,"startRaw":"平15.1.1","windH":10,"tempH":null,"elemNote":"日照・湿度・気圧を除く","sites":null,"type":"C","elems":"11110000"}},{"type":"Feature","geometry":{"type":"Point","coordinates":[125.2783333,24.7933333]},"properties":{"id":"93041","name":"宮古島","kana":"ミヤコジマ","en":"Miyakojima Island","alt":39,"kind":"官","place":"宮古島市平良字下里　宮古島地方気象台","start":1977,"startRaw":"昭52.3.16","windH":17.2,"tempH":null,"elemNote":null,"sites":null,"type":"A","elems":"11111011"}},{"type":"Feature","geometry":{"type":"Point","coordinates":[125.295,24.7816667]},"properties":{"id":"93042","name":"鏡原","kana":"カガミハラ：宮古空港","en":"Kagamihara","alt":43,"kind":"官","place":"宮古島市平良字下里　宮古航空気象観測所","start":2003,"startRaw":"平15.1.1","windH":10,"tempH":null,"elemNote":"日照・湿度・気圧を除く","sites":null,"type":"C","elems":"11110000"}},{"type":"Feature","geometry":{"type":"Point","coordinates":[125.41,24.7433333]},"properties":{"id":"93051","name":"城辺","kana":"グスクベ","en":"Gusukube","alt":55,"kind":"雨","place":"宮古島市城辺字新城","start":1978,"startRaw":"昭53.2.8","windH":null,"tempH":null,"elemNote":null,"sites":null,"type":"C","elems":"01000000"}},{"type":"Feature","geometry":{"type":"Point","coordinates":[124.675,24.6533333]},"properties":{"id":"93062","name":"仲筋","kana":"ナカスジ：多良間空港","en":"Nakasuji","alt":10,"kind":"官","place":"宮古郡多良間村仲筋　多良間航空気象観測所","start":2003,"startRaw":"平15.1.1","windH":10,"tempH":null,"elemNote":"日照・湿度・気圧を除く","sites":null,"type":"C","elems":"11110000"}},{"type":"Feature","geometry":{"type":"Point","coordinates":[124.28,24.5066667]},"properties":{"id":"94001","name":"伊原間","kana":"イバルマ","en":"Ibaruma","alt":11,"kind":"四","place":"石垣市伊原間","start":1977,"startRaw":"昭52.3.9","windH":10,"tempH":1.5,"elemNote":null,"sites":null,"type":"C","elems":"11112010"}},{"type":"Feature","geometry":{"type":"Point","coordinates":[122.9783333,24.4666667]},"properties":{"id":"94011","name":"所野","kana":"トコロノ：与那国空港","en":"Tokorono","alt":15,"kind":"官","place":"八重山郡与那国町字与那国　与那国航空気象観測所","start":2003,"startRaw":"平15.1.1","windH":9.8,"tempH":null,"elemNote":"日照・湿度・気圧を除く","sites":null,"type":"C","elems":"11110000"}},{"type":"Feature","geometry":{"type":"Point","coordinates":[123.01,24.4666667]},"properties":{"id":"94017","name":"与那国島","kana":"ヨナグニジマ","en":"Yonagunijima Island","alt":30,"kind":"官","place":"八重山郡与那国町与那国　与那国島特別地域気象観測所","start":1981,"startRaw":"昭56.3.25","windH":14.4,"tempH":null,"elemNote":null,"sites":null,"type":"B","elems":"11111011"}},{"type":"Feature","geometry":{"type":"Point","coordinates":[124.14,24.4666667]},"properties":{"id":"94036","name":"川平","kana":"カビラ","en":"Kabira","alt":7,"kind":"雨","place":"石垣市川平","start":1978,"startRaw":"昭53.3.13","windH":null,"tempH":null,"elemNote":null,"sites":null,"type":"C","elems":"01000000"}},{"type":"Feature","geometry":{"type":"Point","coordinates":[123.765,24.4266667]},"properties":{"id":"94062","name":"西表島","kana":"イリオモテジマ","en":"Iriomotejima Island","alt":10,"kind":"官","place":"八重山郡竹富町字上原宇那利崎　西表島特別地域気象観測所","start":2003,"startRaw":"平15.3.12","windH":10.1,"tempH":null,"elemNote":null,"sites":null,"type":"B","elems":"11111011"}},{"type":"Feature","geometry":{"type":"Point","coordinates":[124.1633333,24.3366667]},"properties":{"id":"94081","name":"石垣島","kana":"イシガキジマ","en":"Ishigakijima Island","alt":6,"kind":"官","place":"石垣市登野城　石垣島地方気象台","start":1977,"startRaw":"昭52.3.8","windH":28.9,"tempH":null,"elemNote":null,"sites":null,"type":"A","elems":"11111011"}},{"type":"Feature","geometry":{"type":"Point","coordinates":[124.245,24.395]},"properties":{"id":"94086","name":"盛山","kana":"モリヤマ：石垣空港","en":"Moriyama","alt":31,"kind":"官","place":"石垣市字盛山東牛種子　石垣航空気象観測所","start":2013,"startRaw":"平25.3.7","windH":10,"tempH":null,"elemNote":"日照・湿度・気圧を除く","sites":null,"type":"C","elems":"11110000"}},{"type":"Feature","geometry":{"type":"Point","coordinates":[123.8716667,24.265]},"properties":{"id":"94101","name":"大原","kana":"オオハラ","en":"Ohara","alt":33,"kind":"四","place":"八重山郡竹富町南風見","start":1978,"startRaw":"昭53.3.14","windH":10,"tempH":1.5,"elemNote":null,"sites":null,"type":"C","elems":"11112010"}},{"type":"Feature","geometry":{"type":"Point","coordinates":[123.7666667,24.055]},"properties":{"id":"94116","name":"波照間","kana":"ハテルマ","en":"Hateruma","alt":38,"kind":"四","place":"八重山郡竹富町波照間","start":1979,"startRaw":"昭54.3.2","windH":10,"tempH":1.5,"elemNote":null,"sites":null,"type":"C","elems":"11112010"}}]}