code,pref,city,prefKana,cityKana,status,changeDate,newCode,newName,newNameKana,changeReason
01000,北海道,,ほっかいどう,,,,01000,,,
01100,北海道,札幌市,ほっかいどう,さっぽろし,,,01100,,,
01101,北海道,札幌市中央区,ほっかいどう,さっぽろしちゅうおうく,,,01101,,,
01102,北海道,札幌市北区,ほっかいどう,さっぽろしきたく,,,01102,,,
01103,北海道,札幌市東区,ほっかいどう,さっぽろしひがしく,,,01103,,,
01104,北海道,札幌市白石区,ほっかいどう,さっぽろししろいしく,,,01104,,,
01105,北海道,札幌市豊平区,ほっかいどう,さっぽろしとよひらく,,,01105,,,
01106,北海道,札幌市南区,ほっかいどう,さっぽろしみなみく,,,01106,,,
01107,北海道,札幌市西区,ほっかいどう,さっぽろしにしく,,,01107,,,
01108,北海道,札幌市厚別区,ほっかいどう,さっぽろしあつべつく,,,01108,,,
01109,北海道,札幌市手稲区,ほっかいどう,さっぽろしていねく,,,01109,,,
01110,北海道,札幌市清田区,ほっかいどう,さっぽろしきよたく,,,01110,,,
01202,北海道,函館市,ほっかいどう,はこだてし,,,01202,,,
01203,北海道,小樽市,ほっかいどう,おたるし,,,01203,,,
01204,北海道,旭川市,ほっかいどう,あさひかわし,,,01204,,,
01205,北海道,室蘭市,ほっかいどう,むろらんし,,,01205,,,
01206,北海道,釧路市,ほっかいどう,くしろし,,,01206,,,
01207,北海道,帯広市,ほっかいどう,おびひろし,,,01207,,,
01208,北海道,北見市,ほっかいどう,きたみし,,,01208,,,
01209,北海道,夕張市,ほっかいどう,ゆうばりし,,,01209,,,
01210,北海道,岩見沢市,ほっかいどう,いわみざわし,,,01210,,,
01211,北海道,網走市,ほっかいどう,あばしりし,,,01211,,,
01212,北海道,留萌市,ほっかいどう,るもいし,,,01212,,,
01213,北海道,苫小牧市,ほっかいどう,とまこまいし,,,01213,,,
01214,北海道,稚内市,ほっかいどう,わっかないし,,,01214,,,
01215,北海道,美唄市,ほっかいどう,びばいし,,,01215,,,
01216,北海道,芦別市,ほっかいどう,あしべつし,,,01216,,,
01217,北海道,江別市,ほっかいどう,えべつし,,,01217,,,
01218,北海道,赤平市,ほっかいどう,あかびらし,,,01218,,,
01219,北海道,紋別市,ほっかいどう,もんべつし,,,01219,,,
01220,北海道,士別市,ほっかいどう,しべつし,,,01220,,,
01221,北海道,名寄市,ほっかいどう,なよろし,,,01221,,,
01222,北海道,三笠市,ほっかいどう,みかさし,,,01222,,,
01223,北海道,根室市,ほっかいどう,ねむろし,,,01223,,,
01224,北海道,千歳市,ほっかいどう,ちとせし,,,01224,,,
01225,北海道,滝川市,ほっかいどう,たきかわし,,,01225,,,
01226,北海道,砂川市,ほっかいどう,すながわし,,,01226,,,
01227,北海道,歌志内市,ほっかいどう,うたしないし,,,01227,,,
01228,北海道,深川市,ほっかいどう,ふかがわし,,,01228,,,
01229,北海道,富良野市,ほっかいどう,ふらのし,,,01229,,,
01230,北海道,登別市,ほっかいどう,のぼりべつし,,,01230,,,
01231,北海道,恵庭市,ほっかいどう,えにわし,,,01231,,,
01233,北海道,伊達市,ほっかいどう,だてし,,,01233,,,
01234,北海道,北広島市,ほっかいどう,きたひろしまし,,,01234,,,
01235,北海道,石狩市,ほっかいどう,いしかりし,,,01235,,,
01236,北海道,北斗市,ほっかいどう,ほくとし,,,01236,,,
01303,北海道,当別町,ほっかいどう,とうべつちょう,,,01303,,,
01304,北海道,新篠津村,ほっかいどう,しんしのつむら,,,01304,,,
01305,北海道,厚田村,ほっかいどう,あつたむら,欠番,2005-10-01,01235,石狩市,いしかりし,合併後は石狩市
01306,北海道,浜益村,ほっかいどう,はまますむら,欠番,2005-10-01,01235,石狩市,いしかりし,合併後は石狩市
01331,北海道,松前町,ほっかいどう,まつまえちょう,,,01331,,,
01332,北海道,福島町,ほっかいどう,ふくしまちょう,,,01332,,,
01333,北海道,知内町,ほっかいどう,しりうちちょう,,,01333,,,
01334,北海道,木古内町,ほっかいどう,きこないちょう,,,01334,,,
01335,北海道,上磯町,ほっかいどう,かみいそちょう,欠番,2006-02-01,01236,北斗市,ほくとし,合併後は北斗市
01336,北海道,大野町,ほっかいどう,おおのちょう,欠番,2006-02-01,01236,北斗市,ほくとし,合併後は北斗市
01337,北海道,七飯町,ほっかいどう,ななえちょう,,,01337,,,
01343,北海道,鹿部町,ほっかいどう,しかべちょう,,,01343,,,
01344,北海道,砂原町,ほっかいどう,さわらちょう,欠番,2005-04-01,01345,森町,もりまち,合併後は森町
01345,北海道,森町,ほっかいどう,もりまち,,,01345,,,
01346,北海道,八雲町,ほっかいどう,やくもちょう,,,01346,,,
01347,北海道,長万部町,ほっかいどう,おしゃまんべちょう,,,01347,,,
01361,北海道,江差町,ほっかいどう,えさしちょう,,,01361,,,
01362,北海道,上ノ国町,ほっかいどう,かみのくにちょう,,,01362,,,
01363,北海道,厚沢部町,ほっかいどう,あっさぶちょう,,,01363,,,
01364,北海道,乙部町,ほっかいどう,おとべちょう,,,01364,,,
01365,北海道,熊石町,ほっかいどう,くまいしちょう,欠番,2005-10-01,01346,八雲町,やくもちょう,合併後は八雲町
01366,北海道,大成町,ほっかいどう,たいせいちょう,欠番,2005-09-01,01371,せたな町,せたなちょう,合併後はせたな町
01367,北海道,奥尻町,ほっかいどう,おくしりちょう,,,01367,,,
01368,北海道,瀬棚町,ほっかいどう,せたなちょう,欠番,2005-09-01,01371,せたな町,せたなちょう,合併後はせたな町
01369,北海道,北檜山町,ほっかいどう,きたひやまちょう,欠番,2005-09-01,01371,せたな町,せたなちょう,合併後はせたな町
01370,北海道,今金町,ほっかいどう,いまかねちょう,,,01370,,,
01371,北海道,せたな町,ほっかいどう,せたなちょう,,,01371,,,
01391,北海道,島牧村,ほっかいどう,しままきむら,,,01391,,,
01392,北海道,寿都町,ほっかいどう,すっつちょう,,,01392,,,
01393,北海道,黒松内町,ほっかいどう,くろまつないちょう,,,01393,,,
01394,北海道,蘭越町,ほっかいどう,らんこしちょう,,,01394,,,
01395,北海道,ニセコ町,ほっかいどう,にせこちょう,,,01395,,,
01396,北海道,真狩村,ほっかいどう,まっかりむら,,,01396,,,
01397,北海道,留寿都村,ほっかいどう,るすつむら,,,01397,,,
01398,北海道,喜茂別町,ほっかいどう,きもべつちょう,,,01398,,,
01399,北海道,京極町,ほっかいどう,きょうごくちょう,,,01399,,,
01400,北海道,倶知安町,ほっかいどう,くっちゃんちょう,,,01400,,,
01401,北海道,共和町,ほっかいどう,きょうわちょう,,,01401,,,
01402,北海道,岩内町,ほっかいどう,いわないちょう,,,01402,,,
01403,北海道,泊村,ほっかいどう,とまりむら,,,01403,,,
01404,北海道,神恵内村,ほっかいどう,かもえないむら,,,01404,,,
01405,北海道,積丹町,ほっかいどう,しゃこたんちょう,,,01405,,,
01406,北海道,古平町,ほっかいどう,ふるびらちょう,,,01406,,,
01407,北海道,仁木町,ほっかいどう,にきちょう,,,01407,,,
01408,北海道,余市町,ほっかいどう,よいちちょう,,,01408,,,
01409,北海道,赤井川村,ほっかいどう,あかいがわむら,,,01409,,,
01421,北海道,北村,ほっかいどう,きたむら,欠番,2006-03-27,01210,岩見沢市,いわみざわし,合併後は岩見沢市
01422,北海道,栗沢町,ほっかいどう,くりさわちょう,欠番,2006-03-27,01210,岩見沢市,いわみざわし,合併後は岩見沢市
01423,北海道,南幌町,ほっかいどう,なんぽろちょう,,,01423,,,
01424,北海道,奈井江町,ほっかいどう,ないえちょう,,,01424,,,
01425,北海道,上砂川町,ほっかいどう,かみすながわちょう,,,01425,,,
01427,北海道,由仁町,ほっかいどう,ゆにちょう,,,01427,,,
01428,北海道,長沼町,ほっかいどう,ながぬまちょう,,,01428,,,
01429,北海道,栗山町,ほっかいどう,くりやまちょう,,,01429,,,
01430,北海道,月形町,ほっかいどう,つきがたちょう,,,01430,,,
01431,北海道,浦臼町,ほっかいどう,うらうすちょう,,,01431,,,
01432,北海道,新十津川町,ほっかいどう,しんとつかわちょう,,,01432,,,
01433,北海道,妹背牛町,ほっかいどう,もせうしちょう,,,01433,,,
01434,北海道,秩父別町,ほっかいどう,ちっぷべつちょう,,,01434,,,
01436,北海道,雨竜町,ほっかいどう,うりゅうちょう,,,01436,,,
01437,北海道,北竜町,ほっかいどう,ほくりゅうちょう,,,01437,,,
01438,北海道,沼田町,ほっかいどう,ぬまたちょう,,,01438,,,
01439,北海道,幌加内町 （空知支庁）,ほっかいどう,ほろかないちょう,欠番,2010-04-01,01472,幌加内町 （上川総合振興局）,ほろかないちょう,北海道における支庁制度改革に伴う所管区域の変更
01452,北海道,鷹栖町,ほっかいどう,たかすちょう,,,01452,,,
01453,北海道,東神楽町,ほっかいどう,ひがしかぐらちょう,,,01453,,,
01454,北海道,当麻町,ほっかいどう,とうまちょう,,,01454,,,
01455,北海道,比布町,ほっかいどう,ぴっぷちょう,,,01455,,,
01456,北海道,愛別町,ほっかいどう,あいべつちょう,,,01456,,,
01457,北海道,上川町,ほっかいどう,かみかわちょう,,,01457,,,
01458,北海道,東川町,ほっかいどう,ひがしかわちょう,,,01458,,,
01459,北海道,美瑛町,ほっかいどう,びえいちょう,,,01459,,,
01460,北海道,上富良野町,ほっかいどう,かみふらのちょう,,,01460,,,
01461,北海道,中富良野町,ほっかいどう,なかふらのちょう,,,01461,,,
01462,北海道,南富良野町,ほっかいどう,みなみふらのちょう,,,01462,,,
01463,北海道,占冠村,ほっかいどう,しむかっぷむら,,,01463,,,
01464,北海道,和寒町,ほっかいどう,わっさむちょう,,,01464,,,
01465,北海道,剣淵町,ほっかいどう,けんぶちちょう,,,01465,,,
01466,北海道,朝日町,ほっかいどう,あさひちょう,欠番,2005-09-01,01220,士別市,しべつし,合併後は士別市
01467,北海道,風連町,ほっかいどう,ふうれんちょう,欠番,2006-03-27,01221,名寄市,なよろし,合併後は名寄市
01468,北海道,下川町,ほっかいどう,しもかわちょう,,,01468,,,
01469,北海道,美深町,ほっかいどう,びふかちょう,,,01469,,,
01470,北海道,音威子府村,ほっかいどう,おといねっぷむら,,,01470,,,
01471,北海道,中川町,ほっかいどう,なかがわちょう,,,01471,,,
01472,北海道,幌加内町,ほっかいどう,ほろかないちょう,,,01472,,,
01481,北海道,増毛町,ほっかいどう,ましけちょう,,,01481,,,
01482,北海道,小平町,ほっかいどう,おびらちょう,,,01482,,,
01483,北海道,苫前町,ほっかいどう,とままえちょう,,,01483,,,
01484,北海道,羽幌町,ほっかいどう,はぼろちょう,,,01484,,,
01485,北海道,初山別村,ほっかいどう,しょさんべつむら,,,01485,,,
01486,北海道,遠別町,ほっかいどう,えんべつちょう,,,01486,,,
01487,北海道,天塩町,ほっかいどう,てしおちょう,,,01487,,,
01488,北海道,幌延町 （留萌支庁）,ほっかいどう,ほろのべちょう,欠番,2010-04-01,01520,幌延町 （宗谷総合振興局）,ほろのべちょう,北海道における支庁制度改革に伴う所管区域の変更
01511,北海道,猿払村,ほっかいどう,さるふつむら,,,01511,,,
01512,北海道,浜頓別町,ほっかいどう,はまとんべつちょう,,,01512,,,
01513,北海道,中頓別町,ほっかいどう,なかとんべつちょう,,,01513,,,
01514,北海道,枝幸町,ほっかいどう,えさしちょう,,,01514,,,
01515,北海道,歌登町,ほっかいどう,うたのぼりちょう,欠番,2006-03-20,01514,枝幸町,えさしちょう,合併後は枝幸町
01516,北海道,豊富町,ほっかいどう,とよとみちょう,,,01516,,,
01517,北海道,礼文町,ほっかいどう,れぶんちょう,,,01517,,,
01518,北海道,利尻町,ほっかいどう,りしりちょう,,,01518,,,
01519,北海道,利尻富士町,ほっかいどう,りしりふじちょう,,,01519,,,
01520,北海道,幌延町,ほっかいどう,ほろのべちょう,,,01520,,,
01541,北海道,東藻琴村,ほっかいどう,ひがしもことむら,欠番,2006-03-31,01564,大空町,おおぞらちょう,合併後は大空町
01542,北海道,女満別町,ほっかいどう,めまんべつちょう,欠番,2006-03-31,01564,大空町,おおぞらちょう,合併後は大空町
01543,北海道,美幌町,ほっかいどう,びほろちょう,,,01543,,,
01544,北海道,津別町,ほっかいどう,つべつちょう,,,01544,,,
01545,北海道,斜里町,ほっかいどう,しゃりちょう,,,01545,,,
01546,北海道,清里町,ほっかいどう,きよさとちょう,,,01546,,,
01547,北海道,小清水町,ほっかいどう,こしみずちょう,,,01547,,,
01548,北海道,端野町,ほっかいどう,たんのちょう,欠番,2006-03-05,01208,北見市,きたみし,合併後は北見市
01549,北海道,訓子府町,ほっかいどう,くんねっぷちょう,,,01549,,,
01550,北海道,置戸町,ほっかいどう,おけとちょう,,,01550,,,
01551,北海道,留辺蘂町,ほっかいどう,るべしべちょう,欠番,2006-03-05,01208,北見市,きたみし,合併後は北見市
01552,北海道,佐呂間町,ほっかいどう,さろまちょう,,,01552,,,
01553,北海道,常呂町,ほっかいどう,ところちょう,欠番,2006-03-05,01208,北見市,きたみし,合併後は北見市
01554,北海道,生田原町,ほっかいどう,いくたはらちょう,欠番,2005-10-01,01555,遠軽町,えんがるちょう,合併後は遠軽町
01555,北海道,遠軽町,ほっかいどう,えんがるちょう,,,01555,,,
01556,北海道,丸瀬布町,ほっかいどう,まるせっぷちょう,欠番,2005-10-01,01555,遠軽町,えんがるちょう,合併後は遠軽町
01557,北海道,白滝村,ほっかいどう,しらたきむら,欠番,2005-10-01,01555,遠軽町,えんがるちょう,合併後は遠軽町
01558,北海道,上湧別町,ほっかいどう,かみゆうべつちょう,欠番,2009-10-05,01559,湧別町,ゆうべつちょう,合併後は湧別町
01559,北海道,湧別町,ほっかいどう,ゆうべつちょう,,,01559,,,
01560,北海道,滝上町,ほっかいどう,たきのうえちょう,,,01560,,,
01561,北海道,興部町,ほっかいどう,おこっぺちょう,,,01561,,,
01562,北海道,西興部村,ほっかいどう,にしおこっぺむら,,,01562,,,
01563,北海道,雄武町,ほっかいどう,おうむちょう,,,01563,,,
01564,北海道,大空町,ほっかいどう,おおぞらちょう,,,01564,,,
01571,北海道,豊浦町,ほっかいどう,とようらちょう,,,01571,,,
01572,北海道,虻田町,ほっかいどう,あぶたちょう,欠番,2006-03-27,01584,洞爺湖町,とうやこちょう,合併後は洞爺湖町
01573,北海道,洞爺村,ほっかいどう,とうやむら,欠番,2006-03-27,01584,洞爺湖町,とうやこちょう,合併後は洞爺湖町
01574,北海道,大滝村,ほっかいどう,おおたきむら,欠番,2006-03-01,01233,伊達市,だてし,合併後は伊達市
01575,北海道,壮瞥町,ほっかいどう,そうべつちょう,,,01575,,,
01578,北海道,白老町,ほっかいどう,しらおいちょう,,,01578,,,
01579,北海道,早来町,ほっかいどう,はやきたちょう,欠番,2006-03-27,01585,安平町,あびらちょう,合併後は安平町
01580,北海道,追分町,ほっかいどう,おいわけちょう,欠番,2006-03-27,01585,安平町,あびらちょう,合併後は安平町
01581,北海道,厚真町,ほっかいどう,あつまちょう,,,01581,,,
01582,北海道,鵡川町,ほっかいどう,むかわちょう,欠番,2006-03-27,01586,むかわ町,むかわちょう,合併後はむかわ町
01583,北海道,穂別町,ほっかいどう,ほべつちょう,欠番,2006-03-27,01586,むかわ町,むかわちょう,合併後はむかわ町
01584,北海道,洞爺湖町,ほっかいどう,とうやこちょう,,,01584,,,
01585,北海道,安平町,ほっかいどう,あびらちょう,,,01585,,,
01586,北海道,むかわ町,ほっかいどう,むかわちょう,,,01586,,,
01601,北海道,日高町,ほっかいどう,ひだかちょう,,,01601,,,
01602,北海道,平取町,ほっかいどう,びらとりちょう,,,01602,,,
01603,北海道,門別町,ほっかいどう,もんべつちょう,欠番,2006-03-01,01601,日高町,ひだかちょう,合併後は日高町
01604,北海道,新冠町,ほっかいどう,にいかっぷちょう,,,01604,,,
01605,北海道,静内町,ほっかいどう,しずないちょう,欠番,2006-03-31,01610,新ひだか町,しんひだかちょう,合併後は新ひだか町
01606,北海道,三石町,ほっかいどう,みついしちょう,欠番,2006-03-31,01610,新ひだか町,しんひだかちょう,合併後は新ひだか町
01607,北海道,浦河町,ほっかいどう,うらかわちょう,,,01607,,,
01608,北海道,様似町,ほっかいどう,さまにちょう,,,01608,,,
01609,北海道,えりも町,ほっかいどう,えりもちょう,,,01609,,,
01610,北海道,新ひだか町,ほっかいどう,しんひだかちょう,,,01610,,,
01631,北海道,音更町,ほっかいどう,おとふけちょう,,,01631,,,
01632,北海道,士幌町,ほっかいどう,しほろちょう,,,01632,,,
01633,北海道,上士幌町,ほっかいどう,かみしほろちょう,,,01633,,,
01634,北海道,鹿追町,ほっかいどう,しかおいちょう,,,01634,,,
01635,北海道,新得町,ほっかいどう,しんとくちょう,,,01635,,,
01636,北海道,清水町,ほっかいどう,しみずちょう,,,01636,,,
01637,北海道,芽室町,ほっかいどう,めむろちょう,,,01637,,,
01638,北海道,中札内村,ほっかいどう,なかさつないむら,,,01638,,,
01639,北海道,更別村,ほっかいどう,さらべつむら,,,01639,,,
01640,北海道,忠類村,ほっかいどう,ちゅうるいむら,欠番,2006-02-06,01643,幕別町,まくべつちょう,合併後は幕別町
01641,北海道,大樹町,ほっかいどう,たいきちょう,,,01641,,,
01642,北海道,広尾町,ほっかいどう,ひろおちょう,,,01642,,,
01643,北海道,幕別町,ほっかいどう,まくべつちょう,,,01643,,,
01644,北海道,池田町,ほっかいどう,いけだちょう,,,01644,,,
01645,北海道,豊頃町,ほっかいどう,とよころちょう,,,01645,,,
01646,北海道,本別町,ほっかいどう,ほんべつちょう,,,01646,,,
01647,北海道,足寄町,ほっかいどう,あしょろちょう,,,01647,,,
01648,北海道,陸別町,ほっかいどう,りくべつちょう,,,01648,,,
01649,北海道,浦幌町,ほっかいどう,うらほろちょう,,,01649,,,
01661,北海道,釧路町,ほっかいどう,くしろちょう,,,01661,,,
01662,北海道,厚岸町,ほっかいどう,あっけしちょう,,,01662,,,
01663,北海道,浜中町,ほっかいどう,はまなかちょう,,,01663,,,
01664,北海道,標茶町,ほっかいどう,しべちゃちょう,,,01664,,,
01665,北海道,弟子屈町,ほっかいどう,てしかがちょう,,,01665,,,
01666,北海道,阿寒町,ほっかいどう,あかんちょう,欠番,2005-10-11,01206,釧路市,くしろし,合併後は釧路市
01667,北海道,鶴居村,ほっかいどう,つるいむら,,,01667,,,
01668,北海道,白糠町,ほっかいどう,しらぬかちょう,,,01668,,,
01669,北海道,音別町,ほっかいどう,おんべつちょう,欠番,2005-10-11,01206,釧路市,くしろし,合併後は釧路市
01691,北海道,別海町,ほっかいどう,べつかいちょう,,,01691,,,
01692,北海道,中標津町,ほっかいどう,なかしべつちょう,,,01692,,,
01693,北海道,標津町,ほっかいどう,しべつちょう,,,01693,,,
01694,北海道,羅臼町,ほっかいどう,らうすちょう,,,01694,,,
01695,北海道,色丹村,ほっかいどう,しこたんむら,,,01695,,,
01696,北海道,泊村,ほっかいどう,とまりむら,,,01696,,,
01697,北海道,留夜別村,ほっかいどう,るやべつむら,,,01697,,,
01698,北海道,留別村,ほっかいどう,るべつむら,,,01698,,,
01699,北海道,紗那村,ほっかいどう,しゃなむら,,,01699,,,
01700,北海道,蘂取村,ほっかいどう,しべとろむら,,,01700,,,
02000,青森県,,あおもりけん,,,,02000,,,
02201,青森県,青森市,あおもりけん,あおもりし,,,02201,,,
02202,青森県,弘前市,あおもりけん,ひろさきし,,,02202,,,
02203,青森県,八戸市,あおもりけん,はちのへし,,,02203,,,
02204,青森県,黒石市,あおもりけん,くろいしし,,,02204,,,
02205,青森県,五所川原市,あおもりけん,ごしょがわらし,,,02205,,,
02206,青森県,十和田市,あおもりけん,とわだし,,,02206,,,
02207,青森県,三沢市,あおもりけん,みさわし,,,02207,,,
02208,青森県,むつ市,あおもりけん,むつし,,,02208,,,
02209,青森県,つがる市,あおもりけん,つがるし,,,02209,,,
02210,青森県,平川市,あおもりけん,ひらかわし,,,02210,,,
02301,青森県,平内町,あおもりけん,ひらないまち,,,02301,,,
02303,青森県,今別町,あおもりけん,いまべつまち,,,02303,,,
02304,青森県,蓬田村,あおもりけん,よもぎたむら,,,02304,,,
02307,青森県,外ヶ浜町,あおもりけん,そとがはままち,,,02307,,,
02321,青森県,鰺ヶ沢町,あおもりけん,あじがさわまち,,,02321,,,
02323,青森県,深浦町,あおもりけん,ふかうらまち,,,02323,,,
02341,青森県,岩木町,あおもりけん,いわきまち,欠番,2006-02-27,02202,弘前市,ひろさきし,合併後は弘前市
02342,青森県,相馬村,あおもりけん,そうまむら,欠番,2006-02-27,02202,弘前市,ひろさきし,合併後は弘前市
02343,青森県,西目屋村,あおもりけん,にしめやむら,,,02343,,,
02361,青森県,藤崎町,あおもりけん,ふじさきまち,,,02361,,,
02362,青森県,大鰐町,あおもりけん,おおわにまち,,,02362,,,
02363,青森県,尾上町,あおもりけん,おのえまち,欠番,2006-01-01,02210,平川市,ひらかわし,合併後は平川市
02364,青森県,浪岡町,あおもりけん,なみおかまち,欠番,2005-04-01,02201,青森市,あおもりし,合併後は青森市
02365,青森県,平賀町,あおもりけん,ひらかまち,欠番,2006-01-01,02210,平川市,ひらかわし,合併後は平川市
02367,青森県,田舎館村,あおもりけん,いなかだてむら,,,02367,,,
02368,青森県,碇ヶ関村,あおもりけん,いかりがせきむら,欠番,2006-01-01,02210,平川市,ひらかわし,合併後は平川市
02381,青森県,板柳町,あおもりけん,いたやなぎまち,,,02381,,,
02384,青森県,鶴田町,あおもりけん,つるたまち,,,02384,,,
02387,青森県,中泊町,あおもりけん,なかどまりまち,,,02387,,,
02401,青森県,野辺地町,あおもりけん,のへじまち,,,02401,,,
02402,青森県,七戸町,あおもりけん,しちのへまち,,,02402,,,
02403,青森県,百石町,あおもりけん,ももいしまち,欠番,2006-03-01,02412,おいらせ町,おいらせちょう,合併後はおいらせ町
02405,青森県,六戸町,あおもりけん,ろくのへまち,,,02405,,,
02406,青森県,横浜町,あおもりけん,よこはままち,,,02406,,,
02408,青森県,東北町,あおもりけん,とうほくまち,,,02408,,,
02410,青森県,下田町,あおもりけん,しもだまち,欠番,2006-03-01,02412,おいらせ町,おいらせちょう,合併後はおいらせ町
02411,青森県,六ヶ所村,あおもりけん,ろっかしょむら,,,02411,,,
02412,青森県,おいらせ町,あおもりけん,おいらせちょう,,,02412,,,
02423,青森県,大間町,あおもりけん,おおままち,,,02423,,,
02424,青森県,東通村,あおもりけん,ひがしどおりむら,,,02424,,,
02425,青森県,風間浦村,あおもりけん,かざまうらむら,,,02425,,,
02426,青森県,佐井村,あおもりけん,さいむら,,,02426,,,
02441,青森県,三戸町,あおもりけん,さんのへまち,,,02441,,,
02442,青森県,五戸町,あおもりけん,ごのへまち,,,02442,,,
02443,青森県,田子町,あおもりけん,たっこまち,,,02443,,,
02444,青森県,名川町,あおもりけん,ながわまち,欠番,2006-01-01,02445,南部町,なんぶちょう,合併後は南部町
02445,青森県,南部町,あおもりけん,なんぶちょう,,,02445,,,
02446,青森県,階上町,あおもりけん,はしかみちょう,,,02446,,,
02447,青森県,福地村,あおもりけん,ふくちむら,欠番,2006-01-01,02445,南部町,なんぶちょう,合併後は南部町
02450,青森県,新郷村,あおもりけん,しんごうむら,,,02450,,,
03000,岩手県,,いわてけん,,,,03000,,,
03201,岩手県,盛岡市,いわてけん,もりおかし,,,03201,,,
03202,岩手県,宮古市,いわてけん,みやこし,,,03202,,,
03203,岩手県,大船渡市,いわてけん,おおふなとし,,,03203,,,
03204,岩手県,水沢市,いわてけん,みずさわし,欠番,2006-02-20,03215,奥州市,おうしゅうし,合併後は奥州市
03205,岩手県,花巻市,いわてけん,はなまきし,,,03205,,,
03206,岩手県,北上市,いわてけん,きたかみし,,,03206,,,
03207,岩手県,久慈市,いわてけん,くじし,,,03207,,,
03208,岩手県,遠野市,いわてけん,とおのし,,,03208,,,
03209,岩手県,一関市,いわてけん,いちのせきし,,,03209,,,
03210,岩手県,陸前高田市,いわてけん,りくぜんたかたし,,,03210,,,
03211,岩手県,釜石市,いわてけん,かまいしし,,,03211,,,
03212,岩手県,江刺市,いわてけん,えさしし,欠番,2006-02-20,03215,奥州市,おうしゅうし,合併後は奥州市
03213,岩手県,二戸市,いわてけん,にのへし,,,03213,,,
03214,岩手県,八幡平市,いわてけん,はちまんたいし,,,03214,,,
03215,岩手県,奥州市,いわてけん,おうしゅうし,,,03215,,,
03216,岩手県,滝沢市,いわてけん,たきざわし,,,03216,,,
03301,岩手県,雫石町,いわてけん,しずくいしちょう,,,03301,,,
03302,岩手県,葛巻町,いわてけん,くずまきまち,,,03302,,,
03303,岩手県,岩手町,いわてけん,いわてまち,,,03303,,,
03304,岩手県,西根町,いわてけん,にしねちょう,欠番,2005-09-01,03214,八幡平市,はちまんたいし,合併後は八幡平市
03305,岩手県,滝沢村,いわてけん,たきざわむら,欠番,,03216,滝沢市,たきざわし,市制施行
03306,岩手県,松尾村,いわてけん,まつおむら,欠番,2005-09-01,03214,八幡平市,はちまんたいし,合併後は八幡平市
03307,岩手県,玉山村,いわてけん,たまやまむら,欠番,2006-01-10,03201,盛岡市,もりおかし,合併後は盛岡市
03308,岩手県,安代町,いわてけん,あしろちょう,欠番,2005-09-01,03214,八幡平市,はちまんたいし,合併後は八幡平市
03321,岩手県,紫波町,いわてけん,しわちょう,,,03321,,,
03322,岩手県,矢巾町,いわてけん,やはばちょう,,,03322,,,
03341,岩手県,大迫町,いわてけん,おおはさままち,欠番,2006-01-01,03205,花巻市,はなまきし,合併後は花巻市
03342,岩手県,石鳥谷町,いわてけん,いしどりやちょう,欠番,2006-01-01,03205,花巻市,はなまきし,合併後は花巻市
03361,岩手県,東和町,いわてけん,とうわちょう,欠番,2006-01-01,03205,花巻市,はなまきし,合併後は花巻市
03363,岩手県,湯田町,いわてけん,ゆだまち,欠番,2005-11-01,03366,西和賀町,にしわがまち,合併後は西和賀町
03365,岩手県,沢内村,いわてけん,さわうちむら,欠番,2005-11-01,03366,西和賀町,にしわがまち,合併後は西和賀町
03366,岩手県,西和賀町,いわてけん,にしわがまち,,,03366,,,
03381,岩手県,金ケ崎町,いわてけん,かねがさきちょう,,,03381,,,
03382,岩手県,前沢町,いわてけん,まえさわちょう,欠番,2006-02-20,03215,奥州市,おうしゅうし,合併後は奥州市
03383,岩手県,胆沢町,いわてけん,いさわちょう,欠番,2006-02-20,03215,奥州市,おうしゅうし,合併後は奥州市
03384,岩手県,衣川村,いわてけん,ころもがわむら,欠番,2006-02-20,03215,奥州市,おうしゅうし,合併後は奥州市
03401,岩手県,花泉町,いわてけん,はないずみまち,欠番,2005-09-20,03209,一関市,いちのせきし,合併後は一関市
03402,岩手県,平泉町,いわてけん,ひらいずみちょう,,,03402,,,
03421,岩手県,大東町,いわてけん,だいとうちょう,欠番,2005-09-20,03209,一関市,いちのせきし,合併後は一関市
03422,岩手県,藤沢町,いわてけん,ふじさわちょう,欠番,,03209,一関市,いちのせきし,合併後は一関市
03423,岩手県,千厩町,いわてけん,せんまやちょう,欠番,2005-09-20,03209,一関市,いちのせきし,合併後は一関市
03424,岩手県,東山町,いわてけん,ひがしやまちょう,欠番,2005-09-20,03209,一関市,いちのせきし,合併後は一関市
03425,岩手県,室根村,いわてけん,むろねむら,欠番,2005-09-20,03209,一関市,いちのせきし,合併後は一関市
03426,岩手県,川崎村,いわてけん,かわさきむら,欠番,2005-09-20,03209,一関市,いちのせきし,合併後は一関市
03441,岩手県,住田町,いわてけん,すみたちょう,,,03441,,,
03461,岩手県,大槌町,いわてけん,おおつちちょう,,,03461,,,
03462,岩手県,宮守村,いわてけん,みやもりむら,欠番,2005-10-01,03208,遠野市,とおのし,合併後は遠野市
03481,岩手県,田老町,いわてけん,たろうちょう,欠番,2005-06-06,03202,宮古市,みやこし,合併後は宮古市
03482,岩手県,山田町,いわてけん,やまだまち,,,03482,,,
03483,岩手県,岩泉町,いわてけん,いわいずみちょう,,,03483,,,
03484,岩手県,田野畑村,いわてけん,たのはたむら,,,03484,,,
03485,岩手県,普代村,いわてけん,ふだいむら,,,03485,,,
03486,岩手県,新里村,いわてけん,にいさとむら,欠番,2005-06-06,03202,宮古市,みやこし,合併後は宮古市
03487,岩手県,川井村,いわてけん,かわいむら,欠番,2010-01-01,03202,宮古市,みやこし,合併後は宮古市
03501,岩手県,軽米町,いわてけん,かるまいまち,,,03501,,,
03502,岩手県,種市町,いわてけん,たねいちまち,欠番,2006-01-01,03507,洋野町,ひろのちょう,合併後は洋野町
03503,岩手県,野田村,いわてけん,のだむら,,,03503,,,
03504,岩手県,山形村,いわてけん,やまがたむら,欠番,2006-03-06,03207,久慈市,くじし,合併後は久慈市
03505,岩手県,大野村,いわてけん,おおのむら,欠番,2006-01-01,03507,洋野町,ひろのちょう,合併後は洋野町
03506,岩手県,九戸村,いわてけん,くのへむら,,,03506,,,
03507,岩手県,洋野町,いわてけん,ひろのちょう,,,03507,,,
03521,岩手県,浄法寺町,いわてけん,じょうぼうじまち,欠番,2006-01-01,03213,二戸市,にのへし,合併後は二戸市
03524,岩手県,一戸町,いわてけん,いちのへまち,,,03524,,,
04000,宮城県,,みやぎけん,,,,04000,,,
04100,宮城県,仙台市,みやぎけん,せんだいし,,,04100,,,
04101,宮城県,仙台市青葉区,みやぎけん,せんだいしあおばく,,,04101,,,
04102,宮城県,仙台市宮城野区,みやぎけん,せんだいしみやぎのく,,,04102,,,
04103,宮城県,仙台市若林区,みやぎけん,せんだいしわかばやしく,,,04103,,,
04104,宮城県,仙台市太白区,みやぎけん,せんだいしたいはくく,,,04104,,,
04105,宮城県,仙台市泉区,みやぎけん,せんだいしいずみく,,,04105,,,
04202,宮城県,石巻市,みやぎけん,いしのまきし,,,04202,,,
04203,宮城県,塩竈市,みやぎけん,しおがまし,,,04203,,,
04204,宮城県,古川市,みやぎけん,ふるかわし,欠番,2006-03-31,04215,大崎市,おおさきし,合併後は大崎市
04205,宮城県,気仙沼市,みやぎけん,けせんぬまし,,,04205,,,
04206,宮城県,白石市,みやぎけん,しろいしし,,,04206,,,
04207,宮城県,名取市,みやぎけん,なとりし,,,04207,,,
04208,宮城県,角田市,みやぎけん,かくだし,,,04208,,,
04209,宮城県,多賀城市,みやぎけん,たがじょうし,,,04209,,,
04211,宮城県,岩沼市,みやぎけん,いわぬまし,,,04211,,,
04212,宮城県,登米市,みやぎけん,とめし,,,04212,,,
04213,宮城県,栗原市,みやぎけん,くりはらし,,,04213,,,
04214,宮城県,東松島市,みやぎけん,ひがしまつしまし,,,04214,,,
04215,宮城県,大崎市,みやぎけん,おおさきし,,,04215,,,
04216,宮城県,富谷市,みやぎけん,とみやし,,,04216,,,
04301,宮城県,蔵王町,みやぎけん,ざおうまち,,,04301,,,
04302,宮城県,七ヶ宿町,みやぎけん,しちかしゅくまち,,,04302,,,
04321,宮城県,大河原町,みやぎけん,おおがわらまち,,,04321,,,
04322,宮城県,村田町,みやぎけん,むらたまち,,,04322,,,
04323,宮城県,柴田町,みやぎけん,しばたまち,,,04323,,,
04324,宮城県,川崎町,みやぎけん,かわさきまち,,,04324,,,
04341,宮城県,丸森町,みやぎけん,まるもりまち,,,04341,,,
04361,宮城県,亘理町,みやぎけん,わたりちょう,,,04361,,,
04362,宮城県,山元町,みやぎけん,やまもとちょう,,,04362,,,
04401,宮城県,松島町,みやぎけん,まつしままち,,,04401,,,
04404,宮城県,七ヶ浜町,みやぎけん,しちがはままち,,,04404,,,
04406,宮城県,利府町,みやぎけん,りふちょう,,,04406,,,
04421,宮城県,大和町,みやぎけん,たいわちょう,,,04421,,,
04422,宮城県,大郷町,みやぎけん,おおさとちょう,,,04422,,,
04423,宮城県,富谷町,みやぎけん,とみやまち,欠番,,04216,富谷市,とみやし,市制施行
04424,宮城県,大衡村,みやぎけん,おおひらむら,,,04424,,,
04444,宮城県,色麻町,みやぎけん,しかまちょう,,,04444,,,
04445,宮城県,加美町,みやぎけん,かみまち,,,04445,,,
04461,宮城県,松山町,みやぎけん,まつやままち,欠番,2006-03-31,04215,大崎市,おおさきし,合併後は大崎市
04462,宮城県,三本木町,みやぎけん,さんぼんぎちょう,欠番,2006-03-31,04215,大崎市,おおさきし,合併後は大崎市
04463,宮城県,鹿島台町,みやぎけん,かしまだいまち,欠番,2006-03-31,04215,大崎市,おおさきし,合併後は大崎市
04481,宮城県,岩出山町,みやぎけん,いわでやままち,欠番,2006-03-31,04215,大崎市,おおさきし,合併後は大崎市
04482,宮城県,鳴子町,みやぎけん,なるこちょう,欠番,2006-03-31,04215,大崎市,おおさきし,合併後は大崎市
04501,宮城県,涌谷町,みやぎけん,わくやちょう,,,04501,,,
04502,宮城県,田尻町,みやぎけん,たじりちょう,欠番,2006-03-31,04215,大崎市,おおさきし,合併後は大崎市
04503,宮城県,小牛田町,みやぎけん,こごたちょう,欠番,2006-01-01,04505,美里町,みさとまち,合併後は美里町
04504,宮城県,南郷町,みやぎけん,なんごうちょう,欠番,2006-01-01,04505,美里町,みさとまち,合併後は美里町
04505,宮城県,美里町,みやぎけん,みさとまち,,,04505,,,
04521,宮城県,築館町,みやぎけん,つきだてちょう,欠番,2005-04-01,04213,栗原市,くりはらし,合併後は栗原市
04522,宮城県,若柳町,みやぎけん,わかやなぎちょう,欠番,2005-04-01,04213,栗原市,くりはらし,合併後は栗原市
04523,宮城県,栗駒町,みやぎけん,くりこままち,欠番,2005-04-01,04213,栗原市,くりはらし,合併後は栗原市
04524,宮城県,高清水町,みやぎけん,たかしみずまち,欠番,2005-04-01,04213,栗原市,くりはらし,合併後は栗原市
04525,宮城県,一迫町,みやぎけん,いちはさまちょう,欠番,2005-04-01,04213,栗原市,くりはらし,合併後は栗原市
04526,宮城県,瀬峰町,みやぎけん,せみねちょう,欠番,2005-04-01,04213,栗原市,くりはらし,合併後は栗原市
04527,宮城県,鶯沢町,みやぎけん,うぐいすざわちょう,欠番,2005-04-01,04213,栗原市,くりはらし,合併後は栗原市
04528,宮城県,金成町,みやぎけん,かんなりちょう,欠番,2005-04-01,04213,栗原市,くりはらし,合併後は栗原市
04529,宮城県,志波姫町,みやぎけん,しわひめちょう,欠番,2005-04-01,04213,栗原市,くりはらし,合併後は栗原市
04530,宮城県,花山村,みやぎけん,はなやまむら,欠番,2005-04-01,04213,栗原市,くりはらし,合併後は栗原市
04541,宮城県,迫町,みやぎけん,はさまちょう,欠番,2005-04-01,04212,登米市,とめし,合併後は登米市
04542,宮城県,登米町,みやぎけん,とよままち,欠番,2005-04-01,04212,登米市,とめし,合併後は登米市
04543,宮城県,東和町,みやぎけん,とうわちょう,欠番,2005-04-01,04212,登米市,とめし,合併後は登米市
04544,宮城県,中田町,みやぎけん,なかだちょう,欠番,2005-04-01,04212,登米市,とめし,合併後は登米市
04545,宮城県,豊里町,みやぎけん,とよさとちょう,欠番,2005-04-01,04212,登米市,とめし,合併後は登米市
04546,宮城県,米山町,みやぎけん,よねやまちょう,欠番,2005-04-01,04212,登米市,とめし,合併後は登米市
04547,宮城県,石越町,みやぎけん,いしこしまち,欠番,2005-04-01,04212,登米市,とめし,合併後は登米市
04548,宮城県,南方町,みやぎけん,みなみかたまち,欠番,2005-04-01,04212,登米市,とめし,合併後は登米市
04561,宮城県,河北町,みやぎけん,かほくちょう,欠番,2005-04-01,04202,石巻市,いしのまきし,合併後は石巻市
04562,宮城県,矢本町,みやぎけん,やもとちょう,欠番,2005-04-01,04214,東松島市,ひがしまつしまし,合併後は東松島市
04563,宮城県,雄勝町,みやぎけん,おがつちょう,欠番,2005-04-01,04202,石巻市,いしのまきし,合併後は石巻市
04564,宮城県,河南町,みやぎけん,かなんちょう,欠番,2005-04-01,04202,石巻市,いしのまきし,合併後は石巻市
04565,宮城県,桃生町,みやぎけん,ものうちょう,欠番,2005-04-01,04202,石巻市,いしのまきし,合併後は石巻市
04566,宮城県,鳴瀬町,みやぎけん,なるせちょう,欠番,2005-04-01,04214,東松島市,ひがしまつしまし,合併後は東松島市
04567,宮城県,北上町,みやぎけん,きたかみまち,欠番,2005-04-01,04202,石巻市,いしのまきし,合併後は石巻市
04581,宮城県,女川町,みやぎけん,おながわちょう,,,04581,,,
04582,宮城県,牡鹿町,みやぎけん,おしかちょう,欠番,2005-04-01,04202,石巻市,いしのまきし,合併後は石巻市
04601,宮城県,志津川町,みやぎけん,しづがわちょう,欠番,2005-10-01,04606,南三陸町,みなみさんりくちょう,合併後は南三陸町
04602,宮城県,津山町,みやぎけん,つやまちょう,欠番,2005-04-01,04212,登米市,とめし,合併後は登米市
04603,宮城県,本吉町,みやぎけん,もとよしちょう,欠番,2009-09-01,04205,気仙沼市,けせんぬまし,合併後は気仙沼市
04604,宮城県,唐桑町,みやぎけん,からくわちょう,欠番,2006-03-31,04205,気仙沼市,けせんぬまし,合併後は気仙沼市
04605,宮城県,歌津町,みやぎけん,うたつちょう,欠番,2005-10-01,04606,南三陸町,みなみさんりくちょう,合併後は南三陸町
04606,宮城県,南三陸町,みやぎけん,みなみさんりくちょう,,,04606,,,
05000,秋田県,,あきたけん,,,,05000,,,
05201,秋田県,秋田市,あきたけん,あきたし,,,05201,,,
05202,秋田県,能代市,あきたけん,のしろし,,,05202,,,
05203,秋田県,横手市,あきたけん,よこてし,,,05203,,,
05204,秋田県,大館市,あきたけん,おおだてし,,,05204,,,
05206,秋田県,男鹿市,あきたけん,おがし,,,05206,,,
05207,秋田県,湯沢市,あきたけん,ゆざわし,,,05207,,,
05209,秋田県,鹿角市,あきたけん,かづのし,,,05209,,,
05210,秋田県,由利本荘市,あきたけん,ゆりほんじょうし,,,05210,,,
05211,秋田県,潟上市,あきたけん,かたがみし,,,05211,,,
05212,秋田県,大仙市,あきたけん,だいせんし,,,05212,,,
05213,秋田県,北秋田市,あきたけん,きたあきたし,,,05213,,,
05214,秋田県,にかほ市,あきたけん,にかほし,,,05214,,,
05215,秋田県,仙北市,あきたけん,せんぼくし,,,05215,,,
05303,秋田県,小坂町,あきたけん,こさかまち,,,05303,,,
05322,秋田県,比内町,あきたけん,ひないまち,欠番,2005-06-20,05204,大館市,おおだてし,合併後は大館市
05325,秋田県,田代町,あきたけん,たしろまち,欠番,2005-06-20,05204,大館市,おおだてし,合併後は大館市
05327,秋田県,上小阿仁村,あきたけん,かみこあにむら,,,05327,,,
05341,秋田県,琴丘町,あきたけん,ことおかまち,欠番,2006-03-20,05348,三種町,みたねちょう,合併後は三種町
05342,秋田県,二ツ井町,あきたけん,ふたついまち,欠番,2006-03-21,05202,能代市,のしろし,合併後は能代市
05343,秋田県,八森町,あきたけん,はちもりまち,欠番,2006-03-27,05349,八峰町,はっぽうちょう,合併後は八峰町
05344,秋田県,山本町,あきたけん,やまもとまち,欠番,2006-03-20,05348,三種町,みたねちょう,合併後は三種町
05345,秋田県,八竜町,あきたけん,はちりゅうまち,欠番,2006-03-20,05348,三種町,みたねちょう,合併後は三種町
05346,秋田県,藤里町,あきたけん,ふじさとまち,,,05346,,,
05347,秋田県,峰浜村,あきたけん,みねはまむら,欠番,2006-03-27,05349,八峰町,はっぽうちょう,合併後は八峰町
05348,秋田県,三種町,あきたけん,みたねちょう,,,05348,,,
05349,秋田県,八峰町,あきたけん,はっぽうちょう,,,05349,,,
05361,秋田県,五城目町,あきたけん,ごじょうめまち,,,05361,,,
05363,秋田県,八郎潟町,あきたけん,はちろうがたまち,,,05363,,,
05366,秋田県,井川町,あきたけん,いかわまち,,,05366,,,
05368,秋田県,大潟村,あきたけん,おおがたむら,,,05368,,,
05401,秋田県,仁賀保町,あきたけん,にかほまち,欠番,2005-10-01,05214,にかほ市,にかほし,合併後はにかほ市
05402,秋田県,金浦町,あきたけん,このうらまち,欠番,2005-10-01,05214,にかほ市,にかほし,合併後はにかほ市
05403,秋田県,象潟町,あきたけん,きさかたまち,欠番,2005-10-01,05214,にかほ市,にかほし,合併後はにかほ市
05423,秋田県,角館町,あきたけん,かくのだてまち,欠番,2005-09-20,05215,仙北市,せんぼくし,合併後は仙北市
05426,秋田県,田沢湖町,あきたけん,たざわこまち,欠番,2005-09-20,05215,仙北市,せんぼくし,合併後は仙北市
05430,秋田県,西木村,あきたけん,にしきむら,欠番,2005-09-20,05215,仙北市,せんぼくし,合併後は仙北市
05434,秋田県,美郷町,あきたけん,みさとちょう,,,05434,,,
05441,秋田県,増田町,あきたけん,ますだまち,欠番,2005-10-01,05203,横手市,よこてし,合併後は横手市
05442,秋田県,平鹿町,あきたけん,ひらかまち,欠番,2005-10-01,05203,横手市,よこてし,合併後は横手市
05443,秋田県,雄物川町,あきたけん,おものがわまち,欠番,2005-10-01,05203,横手市,よこてし,合併後は横手市
05444,秋田県,大森町,あきたけん,おおもりまち,欠番,2005-10-01,05203,横手市,よこてし,合併後は横手市
05445,秋田県,十文字町,あきたけん,じゅうもんじまち,欠番,2005-10-01,05203,横手市,よこてし,合併後は横手市
05446,秋田県,山内村,あきたけん,さんないむら,欠番,2005-10-01,05203,横手市,よこてし,合併後は横手市
05447,秋田県,大雄村,あきたけん,たいゆうむら,欠番,2005-10-01,05203,横手市,よこてし,合併後は横手市
05463,秋田県,羽後町,あきたけん,うごまち,,,05463,,,
05464,秋田県,東成瀬村,あきたけん,ひがしなるせむら,,,05464,,,
06000,山形県,,やまがたけん,,,,06000,,,
06201,山形県,山形市,やまがたけん,やまがたし,,,06201,,,
06202,山形県,米沢市,やまがたけん,よねざわし,,,06202,,,
06203,山形県,鶴岡市,やまがたけん,つるおかし,,,06203,,,
06204,山形県,酒田市,やまがたけん,さかたし,,,06204,,,
06205,山形県,新庄市,やまがたけん,しんじょうし,,,06205,,,
06206,山形県,寒河江市,やまがたけん,さがえし,,,06206,,,
06207,山形県,上山市,やまがたけん,かみのやまし,,,06207,,,
06208,山形県,村山市,やまがたけん,むらやまし,,,06208,,,
06209,山形県,長井市,やまがたけん,ながいし,,,06209,,,
06210,山形県,天童市,やまがたけん,てんどうし,,,06210,,,
06211,山形県,東根市,やまがたけん,ひがしねし,,,06211,,,
06212,山形県,尾花沢市,やまがたけん,おばなざわし,,,06212,,,
06213,山形県,南陽市,やまがたけん,なんようし,,,06213,,,
06301,山形県,山辺町,やまがたけん,やまのべまち,,,06301,,,
06302,山形県,中山町,やまがたけん,なかやままち,,,06302,,,
06321,山形県,河北町,やまがたけん,かほくちょう,,,06321,,,
06322,山形県,西川町,やまがたけん,にしかわまち,,,06322,,,
06323,山形県,朝日町,やまがたけん,あさひまち,,,06323,,,
06324,山形県,大江町,やまがたけん,おおえまち,,,06324,,,
06341,山形県,大石田町,やまがたけん,おおいしだまち,,,06341,,,
06361,山形県,金山町,やまがたけん,かねやままち,,,06361,,,
06362,山形県,最上町,やまがたけん,もがみまち,,,06362,,,
06363,山形県,舟形町,やまがたけん,ふながたまち,,,06363,,,
06364,山形県,真室川町,やまがたけん,まむろがわまち,,,06364,,,
06365,山形県,大蔵村,やまがたけん,おおくらむら,,,06365,,,
06366,山形県,鮭川村,やまがたけん,さけがわむら,,,06366,,,
06367,山形県,戸沢村,やまがたけん,とざわむら,,,06367,,,
06381,山形県,高畠町,やまがたけん,たかはたまち,,,06381,,,
06382,山形県,川西町,やまがたけん,かわにしまち,,,06382,,,
06401,山形県,小国町,やまがたけん,おぐにまち,,,06401,,,
06402,山形県,白鷹町,やまがたけん,しらたかまち,,,06402,,,
06403,山形県,飯豊町,やまがたけん,いいでまち,,,06403,,,
06421,山形県,立川町,やまがたけん,たちかわまち,欠番,2005-07-01,06428,庄内町,しょうないまち,合併後は庄内町
06422,山形県,余目町,やまがたけん,あまるめまち,欠番,2005-07-01,06428,庄内町,しょうないまち,合併後は庄内町
06423,山形県,藤島町,やまがたけん,ふじしままち,欠番,2005-10-01,06203,鶴岡市,つるおかし,合併後は鶴岡市
06424,山形県,羽黒町,やまがたけん,はぐろまち,欠番,2005-10-01,06203,鶴岡市,つるおかし,合併後は鶴岡市
06425,山形県,櫛引町,やまがたけん,くしびきまち,欠番,2005-10-01,06203,鶴岡市,つるおかし,合併後は鶴岡市
06426,山形県,三川町,やまがたけん,みかわまち,,,06426,,,
06427,山形県,朝日村,やまがたけん,あさひむら,欠番,2005-10-01,06203,鶴岡市,つるおかし,合併後は鶴岡市
06428,山形県,庄内町,やまがたけん,しようないまち,,,06428,,,
06441,山形県,温海町,やまがたけん,あつみまち,欠番,2005-10-01,06203,鶴岡市,つるおかし,合併後は鶴岡市
06461,山形県,遊佐町,やまがたけん,ゆざまち,,,06461,,,
06462,山形県,八幡町,やまがたけん,やわたまち,欠番,2005-11-01,06204,酒田市,さかたし,合併後は酒田市
06463,山形県,松山町,やまがたけん,まつやままち,欠番,2005-11-01,06204,酒田市,さかたし,合併後は酒田市
06464,山形県,平田町,やまがたけん,ひらたまち,欠番,2005-11-01,06204,酒田市,さかたし,合併後は酒田市
07000,福島県,,ふくしまけん,,,,07000,,,
07201,福島県,福島市,ふくしまけん,ふくしまし,,,07201,,,
07202,福島県,会津若松市,ふくしまけん,あいづわかまつし,,,07202,,,
07203,福島県,郡山市,ふくしまけん,こおりやまし,,,07203,,,
07204,福島県,いわき市,ふくしまけん,いわきし,,,07204,,,
07205,福島県,白河市,ふくしまけん,しらかわし,,,07205,,,
07206,福島県,原町市,ふくしまけん,はらまちし,欠番,2006-01-01,07212,南相馬市,みなみそうまし,合併後は南相馬市
07207,福島県,須賀川市,ふくしまけん,すかがわし,,,07207,,,
07208,福島県,喜多方市,ふくしまけん,きたかたし,,,07208,,,
07209,福島県,相馬市,ふくしまけん,そうまし,,,07209,,,
07210,福島県,二本松市,ふくしまけん,にほんまつし,,,07210,,,
07211,福島県,田村市,ふくしまけん,たむらし,,,07211,,,
07212,福島県,南相馬市,ふくしまけん,みなみそうまし,,,07212,,,
07213,福島県,伊達市,ふくしまけん,だてし,,,07213,,,
07214,福島県,本宮市,ふくしまけん,もとみやし,,,07214,,,
07301,福島県,桑折町,ふくしまけん,こおりまち,,,07301,,,
07302,福島県,伊達町,ふくしまけん,だてまち,欠番,2006-01-01,07213,伊達市,だてし,合併後は伊達市
07303,福島県,国見町,ふくしまけん,くにみまち,,,07303,,,
07304,福島県,梁川町,ふくしまけん,やながわまち,欠番,2006-01-01,07213,伊達市,だてし,合併後は伊達市
07305,福島県,保原町,ふくしまけん,ほばらまち,欠番,2006-01-01,07213,伊達市,だてし,合併後は伊達市
07306,福島県,霊山町,ふくしまけん,りょうぜんまち,欠番,2006-01-01,07213,伊達市,だてし,合併後は伊達市
07307,福島県,月舘町,ふくしまけん,つきだてまち,欠番,2006-01-01,07213,伊達市,だてし,合併後は伊達市
07308,福島県,川俣町,ふくしまけん,かわまたまち,,,07308,,,
07309,福島県,飯野町,ふくしまけん,いいのまち,欠番,,07201,福島市,ふくしまし,合併後は福島市
07321,福島県,安達町,ふくしまけん,あだちまち,欠番,2005-12-01,07210,二本松市,にほんまつし,合併後は二本松市
07322,福島県,大玉村,ふくしまけん,おおたまむら,,,07322,,,
07323,福島県,本宮町,ふくしまけん,もとみやまち,欠番,2007-01-01,07214,本宮市,もとみやし,合併後は本宮市
07324,福島県,白沢村,ふくしまけん,しらさわむら,欠番,2007-01-01,07214,本宮市,もとみやし,合併後は本宮市
07325,福島県,岩代町,ふくしまけん,いわしろまち,欠番,2005-12-01,07210,二本松市,にほんまつし,合併後は二本松市
07326,福島県,東和町,ふくしまけん,とうわまち,欠番,2005-12-01,07210,二本松市,にほんまつし,合併後は二本松市
07341,福島県,長沼町,ふくしまけん,ながぬままち,欠番,2005-04-01,07207,須賀川市,すかがわし,合併後は須賀川市
07342,福島県,鏡石町,ふくしまけん,かがみいしまち,,,07342,,,
07343,福島県,岩瀬村,ふくしまけん,いわせむら,欠番,2005-04-01,07207,須賀川市,すかがわし,合併後は須賀川市
07344,福島県,天栄村,ふくしまけん,てんえいむら,,,07344,,,
07361,福島県,田島町,ふくしまけん,たじままち,欠番,2006-03-20,07368,南会津町,みなみあいづまち,合併後は南会津町
07362,福島県,下郷町,ふくしまけん,しもごうまち,,,07362,,,
07363,福島県,舘岩村,ふくしまけん,たていわむら,欠番,2006-03-20,07368,南会津町,みなみあいづまち,合併後は南会津町
07364,福島県,檜枝岐村,ふくしまけん,ひのえまたむら,,,07364,,,
07365,福島県,伊南村,ふくしまけん,いなむら,欠番,2006-03-20,07368,南会津町,みなみあいづまち,合併後は南会津町
07366,福島県,南郷村,ふくしまけん,なんごうむら,欠番,2006-03-20,07368,南会津町,みなみあいづまち,合併後は南会津町
07367,福島県,只見町,ふくしまけん,ただみまち,,,07367,,,
07368,福島県,南会津町,ふくしまけん,みなみあいづまち,,,07368,,,
07401,福島県,熱塩加納村,ふくしまけん,あつしおかのうむら,欠番,2006-01-04,07208,喜多方市,きたかたし,合併後は喜多方市
07402,福島県,北塩原村,ふくしまけん,きたしおばらむら,,,07402,,,
07403,福島県,塩川町,ふくしまけん,しおかわまち,欠番,2006-01-04,07208,喜多方市,きたかたし,合併後は喜多方市
07404,福島県,山都町,ふくしまけん,やまとまち,欠番,2006-01-04,07208,喜多方市,きたかたし,合併後は喜多方市
07405,福島県,西会津町,ふくしまけん,にしあいづまち,,,07405,,,
07406,福島県,高郷村,ふくしまけん,たかさとむら,欠番,2006-01-04,07208,喜多方市,きたかたし,合併後は喜多方市
07407,福島県,磐梯町,ふくしまけん,ばんだいまち,,,07407,,,
07408,福島県,猪苗代町,ふくしまけん,いなわしろまち,,,07408,,,
07421,福島県,会津坂下町,ふくしまけん,あいづばんげまち,,,07421,,,
07422,福島県,湯川村,ふくしまけん,ゆがわむら,,,07422,,,
07423,福島県,柳津町,ふくしまけん,やないづまち,,,07423,,,
07424,福島県,河東町,ふくしまけん,かわひがしまち,欠番,2005-11-01,07202,会津若松市,あいづわかまつし,合併後は会津若松市
07441,福島県,会津高田町,ふくしまけん,あいづたかだまち,欠番,2005-10-01,07447,会津美里町,あいづみさとまち,合併後は会津美里町
07442,福島県,会津本郷町,ふくしまけん,あいづほんごうまち,欠番,2005-10-01,07447,会津美里町,あいづみさとまち,合併後は会津美里町
07443,福島県,新鶴村,ふくしまけん,にいつるむら,欠番,2005-10-01,07447,会津美里町,あいづみさとまち,合併後は会津美里町
07444,福島県,三島町,ふくしまけん,みしままち,,,07444,,,
07445,福島県,金山町,ふくしまけん,かねやままち,,,07445,,,
07446,福島県,昭和村,ふくしまけん,しょうわむら,,,07446,,,
07447,福島県,会津美里町,ふくしまけん,あいづみさとまち,,,07447,,,
07461,福島県,西郷村,ふくしまけん,にしごうむら,,,07461,,,
07462,福島県,表郷村,ふくしまけん,おもてごうむら,欠番,2005-11-07,07205,白河市,しらかわし,合併後は白河市
07463,福島県,東村,ふくしまけん,ひがしむら,欠番,2005-11-07,07205,白河市,しらかわし,合併後は白河市
07464,福島県,泉崎村,ふくしまけん,いずみざきむら,,,07464,,,
07465,福島県,中島村,ふくしまけん,なかじまむら,,,07465,,,
07466,福島県,矢吹町,ふくしまけん,やぶきまち,,,07466,,,
07467,福島県,大信村,ふくしまけん,たいしんむら,欠番,2005-11-07,07205,白河市,しらかわし,合併後は白河市
07481,福島県,棚倉町,ふくしまけん,たなぐらまち,,,07481,,,
07482,福島県,矢祭町,ふくしまけん,やまつりまち,,,07482,,,
07483,福島県,塙町,ふくしまけん,はなわまち,,,07483,,,
07484,福島県,鮫川村,ふくしまけん,さめがわむら,,,07484,,,
07501,福島県,石川町,ふくしまけん,いしかわまち,,,07501,,,
07502,福島県,玉川村,ふくしまけん,たまかわむら,,,07502,,,
07503,福島県,平田村,ふくしまけん,ひらたむら,,,07503,,,
07504,福島県,浅川町,ふくしまけん,あさかわまち,,,07504,,,
07505,福島県,古殿町,ふくしまけん,ふるどのまち,,,07505,,,
07521,福島県,三春町,ふくしまけん,みはるまち,,,07521,,,
07522,福島県,小野町,ふくしまけん,おのまち,,,07522,,,
07541,福島県,広野町,ふくしまけん,ひろのまち,,,07541,,,
07542,福島県,楢葉町,ふくしまけん,ならはまち,,,07542,,,
07543,福島県,富岡町,ふくしまけん,とみおかまち,,,07543,,,
07544,福島県,川内村,ふくしまけん,かわうちむら,,,07544,,,
07545,福島県,大熊町,ふくしまけん,おおくままち,,,07545,,,
07546,福島県,双葉町,ふくしまけん,ふたばまち,,,07546,,,
07547,福島県,浪江町,ふくしまけん,なみえまち,,,07547,,,
07548,福島県,葛尾村,ふくしまけん,かつらおむら,,,07548,,,
07561,福島県,新地町,ふくしまけん,しんちまち,,,07561,,,
07562,福島県,鹿島町,ふくしまけん,かしままち,欠番,2006-01-01,07212,南相馬市,みなみそうまし,合併後は南相馬市
07563,福島県,小高町,ふくしまけん,おだかまち,欠番,2006-01-01,07212,南相馬市,みなみそうまし,合併後は南相馬市
07564,福島県,飯舘村,ふくしまけん,いいたてむら,,,07564,,,
08000,茨城県,,いばらきけん,,,,08000,,,
08201,茨城県,水戸市,いばらきけん,みとし,,,08201,,,
08202,茨城県,日立市,いばらきけん,ひたちし,,,08202,,,
08203,茨城県,土浦市,いばらきけん,つちうらし,,,08203,,,
08204,茨城県,古河市,いばらきけん,こがし,,,08204,,,
08205,茨城県,石岡市,いばらきけん,いしおかし,,,08205,,,
08207,茨城県,結城市,いばらきけん,ゆうきし,,,08207,,,
08208,茨城県,龍ケ崎市,いばらきけん,りゅうがさきし,,,08208,,,
08210,茨城県,下妻市,いばらきけん,しもつまし,,,08210,,,
08211,茨城県,水海道市,いばらきけん,みつかいどうし,名称変更,2006-01-01,08211,常総市,じょうそうし,名称変更
08211,茨城県,常総市,いばらきけん,じょうそうし,,,08211,,,
08212,茨城県,常陸太田市,いばらきけん,ひたちおおたし,,,08212,,,
08214,茨城県,高萩市,いばらきけん,たかはぎし,,,08214,,,
08215,茨城県,北茨城市,いばらきけん,きたいばらきし,,,08215,,,
08216,茨城県,笠間市,いばらきけん,かさまし,,,08216,,,
08217,茨城県,取手市,いばらきけん,とりでし,,,08217,,,
08219,茨城県,牛久市,いばらきけん,うしくし,,,08219,,,
08220,茨城県,つくば市,いばらきけん,つくばし,,,08220,,,
08221,茨城県,ひたちなか市,いばらきけん,ひたちなかし,,,08221,,,
08222,茨城県,鹿嶋市,いばらきけん,かしまし,,,08222,,,
08223,茨城県,潮来市,いばらきけん,いたこし,,,08223,,,
08224,茨城県,守谷市,いばらきけん,もりやし,,,08224,,,
08225,茨城県,常陸大宮市,いばらきけん,ひたちおおみやし,,,08225,,,
08226,茨城県,那珂市,いばらきけん,なかし,,,08226,,,
08227,茨城県,筑西市,いばらきけん,ちくせいし,,,08227,,,
08228,茨城県,坂東市,いばらきけん,ばんどうし,,,08228,,,
08229,茨城県,稲敷市,いばらきけん,いなしきし,,,08229,,,
08230,茨城県,かすみがうら市,いばらきけん,かすみがうらし,,,08230,,,
08231,茨城県,桜川市,いばらきけん,さくらがわし,,,08231,,,
08232,茨城県,神栖市,いばらきけん,かみすし,,,08232,,,
08233,茨城県,行方市,いばらきけん,なめがたし,,,08233,,,
08234,茨城県,鉾田市,いばらきけん,ほこたし,,,08234,,,
08235,茨城県,つくばみらい市,いばらきけん,つくばみらいし,,,08235,,,
08236,茨城県,小美玉市,いばらきけん,おみたまし,,,08236,,,
08302,茨城県,茨城町,いばらきけん,いばらきまち,,,08302,,,
08303,茨城県,小川町,いばらきけん,おがわまち,欠番,2006-03-27,08236,小美玉市,おみたまし,合併後は小美玉市
08304,茨城県,美野里町,いばらきけん,みのりまち,欠番,2006-03-27,08236,小美玉市,おみたまし,合併後は小美玉市
08309,茨城県,大洗町,いばらきけん,おおあらいまち,,,08309,,,
08310,茨城県,城里町,いばらきけん,しろさとまち,,,08310,,,
08321,茨城県,友部町,いばらきけん,ともべまち,欠番,2006-03-19,08216,笠間市,かさまし,合併後は笠間市
08322,茨城県,岩間町,いばらきけん,いわままち,欠番,2006-03-19,08216,笠間市,かさまし,合併後は笠間市
08324,茨城県,岩瀬町,いばらきけん,いわせまち,欠番,2005-10-01,08231,桜川市,さくらがわし,合併後は桜川市
08341,茨城県,東海村,いばらきけん,とうかいむら,,,08341,,,
08364,茨城県,大子町,いばらきけん,だいごまち,,,08364,,,
08401,茨城県,旭村,いばらきけん,あさひむら,欠番,2005-10-11,08234,鉾田市,ほこたし,合併後は鉾田市
08402,茨城県,鉾田町,いばらきけん,ほこたまち,欠番,2005-10-11,08234,鉾田市,ほこたし,合併後は鉾田市
08403,茨城県,大洋村,いばらきけん,たいようむら,欠番,2005-10-11,08234,鉾田市,ほこたし,合併後は鉾田市
08406,茨城県,神栖町,いばらきけん,かみすまち,欠番,2005-08-01,08232,神栖市,かみすし,市制施行
08407,茨城県,波崎町,いばらきけん,はさきまち,欠番,2005-08-01,08406,神栖町,かみすまち,合併後は神栖町
08421,茨城県,麻生町,いばらきけん,あそうまち,欠番,2005-09-02,08233,行方市,なめがたし,合併後は行方市
08424,茨城県,北浦町,いばらきけん,きたうらまち,欠番,2005-09-02,08233,行方市,なめがたし,合併後は行方市
08425,茨城県,玉造町,いばらきけん,たまつくりまち,欠番,2005-09-02,08233,行方市,なめがたし,合併後は行方市
08442,茨城県,美浦村,いばらきけん,みほむら,,,08442,,,
08443,茨城県,阿見町,いばらきけん,あみまち,,,08443,,,
08447,茨城県,河内町,いばらきけん,かわちまち,,,08447,,,
08462,茨城県,玉里村,いばらきけん,たまりむら,欠番,2006-03-27,08236,小美玉市,おみたまし,合併後は小美玉市
08463,茨城県,八郷町,いばらきけん,やさとまち,欠番,2005-10-01,08205,石岡市,いしおかし,合併後は石岡市
08465,茨城県,新治村,いばらきけん,にいはりむら,欠番,2006-02-20,08203,土浦市,つちうらし,合併後は土浦市
08482,茨城県,伊奈町,いばらきけん,いなまち,欠番,2006-03-27,08235,つくばみらい市,つくばみらいし,合併後はつくばみらい市
08483,茨城県,谷和原村,いばらきけん,やわらむら,欠番,2006-03-27,08235,つくばみらい市,つくばみらいし,合併後はつくばみらい市
08503,茨城県,真壁町,いばらきけん,まかべまち,欠番,2005-10-01,08231,桜川市,さくらがわし,合併後は桜川市
08504,茨城県,大和村,いばらきけん,やまとむら,欠番,2005-10-01,08231,桜川市,さくらがわし,合併後は桜川市
08521,茨城県,八千代町,いばらきけん,やちよまち,,,08521,,,
08522,茨城県,千代川村,いばらきけん,ちよかわむら,欠番,2006-01-01,08210,下妻市,しもつまし,合併後は下妻市
08523,茨城県,石下町,いばらきけん,いしげまち,欠番,2006-01-01,08211,常総市,じょうそうし,合併後は水海道市　水海道市は同日に常総市へ名称変更
08541,茨城県,総和町,いばらきけん,そうわまち,欠番,2005-09-12,08204,古河市,こがし,合併後は古河市
08542,茨城県,五霞町,いばらきけん,ごかまち,,,08542,,,
08543,茨城県,三和町,いばらきけん,さんわまち,欠番,2005-09-12,08204,古河市,こがし,合併後は古河市
08546,茨城県,境町,いばらきけん,さかいまち,,,08546,,,
08564,茨城県,利根町,いばらきけん,とねまち,,,08564,,,
09000,栃木県,,とちぎけん,,,,09000,,,
09201,栃木県,宇都宮市,とちぎけん,うつのみやし,,,09201,,,
09202,栃木県,足利市,とちぎけん,あしかがし,,,09202,,,
09203,栃木県,栃木市,とちぎけん,とちぎし,,,09203,,,
09204,栃木県,佐野市,とちぎけん,さのし,,,09204,,,
09205,栃木県,鹿沼市,とちぎけん,かぬまし,,,09205,,,
09206,栃木県,日光市,とちぎけん,にっこうし,,,09206,,,
09207,栃木県,今市市,とちぎけん,いまいちし,欠番,2006-03-20,09206,日光市,にっこうし,合併後は日光市
09208,栃木県,小山市,とちぎけん,おやまし,,,09208,,,
09209,栃木県,真岡市,とちぎけん,もおかし,,,09209,,,
09210,栃木県,大田原市,とちぎけん,おおたわらし,,,09210,,,
09211,栃木県,矢板市,とちぎけん,やいたし,,,09211,,,
09213,栃木県,那須塩原市,とちぎけん,なすしおばらし,,,09213,,,
09214,栃木県,さくら市,とちぎけん,さくらし,,,09214,,,
09215,栃木県,那須烏山市,とちぎけん,なすからすやまし,,,09215,,,
09216,栃木県,下野市,とちぎけん,しもつけし,,,09216,,,
09301,栃木県,上三川町,とちぎけん,かみのかわまち,,,09301,,,
09302,栃木県,南河内町,とちぎけん,みなみかわちまち,欠番,2006-01-10,09216,下野市,しもつけし,合併後は下野市
09303,栃木県,上河内町,とちぎけん,かみかわちまち,欠番,2007-03-31,09201,宇都宮市,うつのみやし,合併後は宇都宮市
09304,栃木県,河内町,とちぎけん,かわちまち,欠番,2007-03-31,09201,宇都宮市,うつのみやし,合併後は宇都宮市
09321,栃木県,西方町,とちぎけん,にしかたまち,欠番,,09203,栃木市,とちぎし,合併後は栃木市
09322,栃木県,粟野町,とちぎけん,あわのまち,欠番,2006-01-01,09205,鹿沼市,かぬまし,合併後は鹿沼市
09323,栃木県,足尾町,とちぎけん,あしおまち,欠番,2006-03-20,09206,日光市,にっこうし,合併後は日光市
09341,栃木県,二宮町,とちぎけん,にのみやまち,欠番,2009-03-23,09209,真岡市,もおかし,合併後は真岡市
09342,栃木県,益子町,とちぎけん,ましこまち,,,09342,,,
09343,栃木県,茂木町,とちぎけん,もてぎまち,,,09343,,,
09344,栃木県,市貝町,とちぎけん,いちかいまち,,,09344,,,
09345,栃木県,芳賀町,とちぎけん,はがまち,,,09345,,,
09361,栃木県,壬生町,とちぎけん,みぶまち,,,09361,,,
09362,栃木県,石橋町,とちぎけん,いしばしまち,欠番,2006-01-10,09216,下野市,しもつけし,合併後は下野市
09363,栃木県,国分寺町,とちぎけん,こくぶんじまち,欠番,2006-01-10,09216,下野市,しもつけし,合併後は下野市
09364,栃木県,野木町,とちぎけん,のぎまち,,,09364,,,
09365,栃木県,大平町,とちぎけん,おおひらまち,欠番,2010-03-29,09203,栃木市,とちぎし,合併後は栃木市
09366,栃木県,藤岡町,とちぎけん,ふじおかまち,欠番,2010-03-29,09203,栃木市,とちぎし,合併後は栃木市
09367,栃木県,岩舟町,とちぎけん,いわふねまち,欠番,2014-04-05,09203,栃木市,とちぎし,合併後は栃木市
09368,栃木県,都賀町,とちぎけん,つがまち,欠番,2010-03-29,09203,栃木市,とちぎし,合併後は栃木市
09382,栃木県,栗山村,とちぎけん,くりやまむら,欠番,2006-03-20,09206,日光市,にっこうし,合併後は日光市
09383,栃木県,藤原町,とちぎけん,ふじはらまち,欠番,2006-03-20,09206,日光市,にっこうし,合併後は日光市
09384,栃木県,塩谷町,とちぎけん,しおやまち,,,09384,,,
09386,栃木県,高根沢町,とちぎけん,たかねざわまち,,,09386,,,
09401,栃木県,南那須町,とちぎけん,みなみなすまち,欠番,2005-10-01,09215,那須烏山市,なすからすやまし,合併後は那須烏山市
09402,栃木県,烏山町,とちぎけん,からすやままち,欠番,2005-10-01,09215,那須烏山市,なすからすやまし,合併後は那須烏山市
09403,栃木県,馬頭町,とちぎけん,ばとうまち,欠番,2005-10-01,09411,那珂川町,なかがわまち,合併後は那珂川町
09404,栃木県,小川町,とちぎけん,おがわまち,欠番,2005-10-01,09411,那珂川町,なかがわまち,合併後は那珂川町
09405,栃木県,湯津上村,とちぎけん,ゆづかみむら,欠番,2005-10-01,09210,大田原市,おおたわらし,合併後は大田原市
09406,栃木県,黒羽町,とちぎけん,くろばねまち,欠番,2005-10-01,09210,大田原市,おおたわらし,合併後は大田原市
09407,栃木県,那須町,とちぎけん,なすまち,,,09407,,,
09411,栃木県,那珂川町,とちぎけん,なかがわまち,,,09411,,,
10000,群馬県,,ぐんまけん,,,,10000,,,
10201,群馬県,前橋市,ぐんまけん,まえばしし,,,10201,,,
10202,群馬県,高崎市,ぐんまけん,たかさきし,,,10202,,,
10203,群馬県,桐生市,ぐんまけん,きりゅうし,,,10203,,,
10204,群馬県,伊勢崎市,ぐんまけん,いせさきし,,,10204,,,
10205,群馬県,太田市,ぐんまけん,おおたし,,,10205,,,
10206,群馬県,沼田市,ぐんまけん,ぬまたし,,,10206,,,
10207,群馬県,館林市,ぐんまけん,たてばやしし,,,10207,,,
10208,群馬県,渋川市,ぐんまけん,しぶかわし,,,10208,,,
10209,群馬県,藤岡市,ぐんまけん,ふじおかし,,,10209,,,
10210,群馬県,富岡市,ぐんまけん,とみおかし,,,10210,,,
10211,群馬県,安中市,ぐんまけん,あんなかし,,,10211,,,
10212,群馬県,みどり市,ぐんまけん,みどりし,,,10212,,,
10301,群馬県,北橘村,ぐんまけん,きたたちばなむら,欠番,2006-02-20,10208,渋川市,しぶかわし,合併後は渋川市
10302,群馬県,赤城村,ぐんまけん,あかぎむら,欠番,2006-02-20,10208,渋川市,しぶかわし,合併後は渋川市
10303,群馬県,富士見村,ぐんまけん,ふじみむら,欠番,2009-05-05,10201,前橋市,まえばしし,合併後は前橋市
10307,群馬県,新里村,ぐんまけん,にいさとむら,欠番,2005-06-13,10203,桐生市,きりゅうし,合併後は桐生市
10308,群馬県,黒保根村,ぐんまけん,くろほねむら,欠番,2005-06-13,10203,桐生市,きりゅうし,合併後は桐生市
10309,群馬県,東村,ぐんまけん,あずまむら,欠番,2006-03-27,10212,みどり市,みどりし,合併後はみどり市
10321,群馬県,榛名町,ぐんまけん,はるなまち,欠番,2006-10-01,10202,高崎市,たかさきし,合併後は高崎市
10322,群馬県,倉渕村,ぐんまけん,くらぶちむら,欠番,2006-01-23,10202,高崎市,たかさきし,合併後は高崎市
10323,群馬県,箕郷町,ぐんまけん,みさとまち,欠番,2006-01-23,10202,高崎市,たかさきし,合併後は高崎市
10324,群馬県,群馬町,ぐんまけん,ぐんままち,欠番,2006-01-23,10202,高崎市,たかさきし,合併後は高崎市
10341,群馬県,子持村,ぐんまけん,こもちむら,欠番,2006-02-20,10208,渋川市,しぶかわし,合併後は渋川市
10342,群馬県,小野上村,ぐんまけん,おのがみむら,欠番,2006-02-20,10208,渋川市,しぶかわし,合併後は渋川市
10343,群馬県,伊香保町,ぐんまけん,いかほまち,欠番,2006-02-20,10208,渋川市,しぶかわし,合併後は渋川市
10344,群馬県,榛東村,ぐんまけん,しんとうむら,,,10344,,,
10345,群馬県,吉岡町,ぐんまけん,よしおかまち,,,10345,,,
10361,群馬県,新町,ぐんまけん,しんまち,欠番,2006-01-23,10202,高崎市,たかさきし,合併後は高崎市
10362,群馬県,鬼石町,ぐんまけん,おにしまち,欠番,2006-01-01,10209,藤岡市,ふじおかし,合併後は藤岡市
10363,群馬県,吉井町,ぐんまけん,よしいまち,欠番,2009-06-01,10202,高崎市,たかさきし,合併後は高崎市
10366,群馬県,上野村,ぐんまけん,うえのむら,,,10366,,,
10367,群馬県,神流町,ぐんまけん,かんなまち,,,10367,,,
10381,群馬県,妙義町,ぐんまけん,みょうぎまち,欠番,2006-03-27,10210,富岡市,とみおかし,合併後は富岡市
10382,群馬県,下仁田町,ぐんまけん,しもにたまち,,,10382,,,
10383,群馬県,南牧村,ぐんまけん,なんもくむら,,,10383,,,
10384,群馬県,甘楽町,ぐんまけん,かんらまち,,,10384,,,
10401,群馬県,松井田町,ぐんまけん,まついだまち,欠番,2006-03-18,10211,安中市,あんなかし,合併後は安中市
10421,群馬県,中之条町,ぐんまけん,なかのじようまち,,,10421,,,
10422,群馬県,東村,ぐんまけん,あづまむら,欠番,2006-03-27,10429,東吾妻町,ひがしあがつままち,合併後は東吾妻町
10423,群馬県,吾妻町,ぐんまけん,あがつままち,欠番,2006-03-27,10429,東吾妻町,ひがしあがつままち,合併後は東吾妻町
10424,群馬県,長野原町,ぐんまけん,ながのはらまち,,,10424,,,
10425,群馬県,嬬恋村,ぐんまけん,つまごいむら,,,10425,,,
10426,群馬県,草津町,ぐんまけん,くさつまち,,,10426,,,
10427,群馬県,六合村,ぐんまけん,くにむら,欠番,2010-03-28,10421,中之条町,なかのじょうまち,合併後は中之条町
10428,群馬県,高山村,ぐんまけん,たかやまむら,,,10428,,,
10429,群馬県,東吾妻町,ぐんまけん,ひがしあがつままち,,,10429,,,
10443,群馬県,片品村,ぐんまけん,かたしなむら,,,10443,,,
10444,群馬県,川場村,ぐんまけん,かわばむら,,,10444,,,
10445,群馬県,月夜野町,ぐんまけん,つきよのまち,欠番,2005-10-01,10449,みなかみ町,みなかみまち,合併後はみなかみ町
10446,群馬県,水上町,ぐんまけん,みなかみまち,欠番,2005-10-01,10449,みなかみ町,みなかみまち,合併後はみなかみ町
10447,群馬県,新治村,ぐんまけん,にいはるむら,欠番,2005-10-01,10449,みなかみ町,みなかみまち,合併後はみなかみ町
10448,群馬県,昭和村,ぐんまけん,しょうわむら,,,10448,,,
10449,群馬県,みなかみ町,ぐんまけん,みなかみまち,,,10449,,,
10464,群馬県,玉村町,ぐんまけん,たまむらまち,,,10464,,,
10484,群馬県,笠懸町,ぐんまけん,かさかけまち,欠番,2006-03-27,10212,みどり市,みどりし,合併後はみどり市
10501,群馬県,大間々町,ぐんまけん,おおまままち,欠番,2006-03-27,10212,みどり市,みどりし,合併後はみどり市
10521,群馬県,板倉町,ぐんまけん,いたくらまち,,,10521,,,
10522,群馬県,明和町,ぐんまけん,めいわまち,,,10522,,,
10523,群馬県,千代田町,ぐんまけん,ちよだまち,,,10523,,,
10524,群馬県,大泉町,ぐんまけん,おおいずみまち,,,10524,,,
10525,群馬県,邑楽町,ぐんまけん,おうらまち,,,10525,,,
11000,埼玉県,,さいたまけん,,,,11000,,,
11100,埼玉県,さいたま市,さいたまけん,さいたまし,,,11100,,,
11101,埼玉県,さいたま市西区,さいたまけん,さいたましにしく,,,11101,,,
11102,埼玉県,さいたま市北区,さいたまけん,さいたましきたく,,,11102,,,
11103,埼玉県,さいたま市大宮区,さいたまけん,さいたましおおみやく,,,11103,,,
11104,埼玉県,さいたま市見沼区,さいたまけん,さいたましみぬまく,,,11104,,,
11105,埼玉県,さいたま市中央区,さいたまけん,さいたましちゅうおうく,,,11105,,,
11106,埼玉県,さいたま市桜区,さいたまけん,さいたましさくらく,,,11106,,,
11107,埼玉県,さいたま市浦和区,さいたまけん,さいたましうらわく,,,11107,,,
11108,埼玉県,さいたま市南区,さいたまけん,さいたましみなみく,,,11108,,,
11109,埼玉県,さいたま市緑区,さいたまけん,さいたましみどりく,,,11109,,,
11110,埼玉県,さいたま市岩槻区,さいたまけん,さいたましいわつきく,,,11110,,,
11201,埼玉県,川越市,さいたまけん,かわごえし,,,11201,,,
11202,埼玉県,熊谷市,さいたまけん,くまがやし,,,11202,,,
11203,埼玉県,川口市,さいたまけん,かわぐちし,,,11203,,,
11206,埼玉県,行田市,さいたまけん,ぎようだし,,,11206,,,
11207,埼玉県,秩父市,さいたまけん,ちちぶし,,,11207,,,
11208,埼玉県,所沢市,さいたまけん,ところざわし,,,11208,,,
11209,埼玉県,飯能市,さいたまけん,はんのうし,,,11209,,,
11210,埼玉県,加須市,さいたまけん,かぞし,,,11210,,,
11211,埼玉県,本庄市,さいたまけん,ほんじようし,,,11211,,,
11212,埼玉県,東松山市,さいたまけん,ひがしまつやまし,,,11212,,,
11213,埼玉県,岩槻市,さいたまけん,いわつきし,欠番,2005-04-01,11100,さいたま市,さいたまし,合併後はさいたま市岩槻区
11214,埼玉県,春日部市,さいたまけん,かすかべし,,,11214,,,
11215,埼玉県,狭山市,さいたまけん,さやまし,,,11215,,,
11216,埼玉県,羽生市,さいたまけん,はにゆうし,,,11216,,,
11217,埼玉県,鴻巣市,さいたまけん,こうのすし,,,11217,,,
11218,埼玉県,深谷市,さいたまけん,ふかやし,,,11218,,,
11219,埼玉県,上尾市,さいたまけん,あげおし,,,11219,,,
11221,埼玉県,草加市,さいたまけん,そうかし,,,11221,,,
11222,埼玉県,越谷市,さいたまけん,こしがやし,,,11222,,,
11223,埼玉県,蕨市,さいたまけん,わらびし,,,11223,,,
11224,埼玉県,戸田市,さいたまけん,とだし,,,11224,,,
11225,埼玉県,入間市,さいたまけん,いるまし,,,11225,,,
11226,埼玉県,鳩ヶ谷市,さいたまけん,はとがやし,欠番,,11203,川口市,かわぐちし,合併後は川口市
11227,埼玉県,朝霞市,さいたまけん,あさかし,,,11227,,,
11228,埼玉県,志木市,さいたまけん,しきし,,,11228,,,
11229,埼玉県,和光市,さいたまけん,わこうし,,,11229,,,
11230,埼玉県,新座市,さいたまけん,にいざし,,,11230,,,
11231,埼玉県,桶川市,さいたまけん,おけがわし,,,11231,,,
11232,埼玉県,久喜市,さいたまけん,くきし,,,11232,,,
11233,埼玉県,北本市,さいたまけん,きたもとし,,,11233,,,
11234,埼玉県,八潮市,さいたまけん,やしおし,,,11234,,,
11235,埼玉県,富士見市,さいたまけん,ふじみし,,,11235,,,
11236,埼玉県,上福岡市,さいたまけん,かみふくおかし,欠番,2005-10-01,11245,ふじみ野市,ふじみのし,合併後はふじみ野市
11237,埼玉県,三郷市,さいたまけん,みさとし,,,11237,,,
11238,埼玉県,蓮田市,さいたまけん,はすだし,,,11238,,,
11239,埼玉県,坂戸市,さいたまけん,さかどし,,,11239,,,
11240,埼玉県,幸手市,さいたまけん,さってし,,,11240,,,
11241,埼玉県,鶴ヶ島市,さいたまけん,つるがしまし,,,11241,,,
11242,埼玉県,日高市,さいたまけん,ひだかし,,,11242,,,
11243,埼玉県,吉川市,さいたまけん,よしかわし,,,11243,,,
11245,埼玉県,ふじみ野市,さいたまけん,ふじみのし,,,11245,,,
11246,埼玉県,白岡市,さいたまけん,しらおかし,,,11246,,,
11301,埼玉県,伊奈町,さいたまけん,いなまち,,,11301,,,
11304,埼玉県,吹上町,さいたまけん,ふきあげまち,欠番,2005-10-01,11217,鴻巣市,こうのすし,合併後は鴻巣市
11322,埼玉県,大井町,さいたまけん,おおいまち,欠番,2005-10-01,11245,ふじみ野市,ふじみのし,合併後はふじみ野市
11324,埼玉県,三芳町,さいたまけん,みよしまち,,,11324,,,
11326,埼玉県,毛呂山町,さいたまけん,もろやままち,,,11326,,,
11327,埼玉県,越生町,さいたまけん,おごせまち,,,11327,,,
11341,埼玉県,滑川町,さいたまけん,なめがわまち,,,11341,,,
11342,埼玉県,嵐山町,さいたまけん,らんざんまち,,,11342,,,
11343,埼玉県,小川町,さいたまけん,おがわまち,,,11343,,,
11344,埼玉県,都幾川村,さいたまけん,ときがわむら,欠番,2006-02-01,11349,ときがわ町,ときがわまち,合併後はときがわ町
11345,埼玉県,玉川村,さいたまけん,たまがわむら,欠番,2006-02-01,11349,ときがわ町,ときがわまち,合併後はときがわ町
11346,埼玉県,川島町,さいたまけん,かわじままち,,,11346,,,
11347,埼玉県,吉見町,さいたまけん,よしみまち,,,11347,,,
11348,埼玉県,鳩山町,さいたまけん,はとやままち,,,11348,,,
11349,埼玉県,ときがわ町,さいたまけん,ときがわまち,,,11349,,,
11361,埼玉県,横瀬町,さいたまけん,よこぜまち,,,11361,,,
11362,埼玉県,皆野町,さいたまけん,みなのまち,,,11362,,,
11363,埼玉県,長瀞町,さいたまけん,ながとろまち,,,11363,,,
11364,埼玉県,吉田町,さいたまけん,よしだまち,欠番,2005-04-01,11207,秩父市,ちちぶし,合併後は秩父市
11365,埼玉県,小鹿野町,さいたまけん,おがのまち,,,11365,,,
11366,埼玉県,両神村,さいたまけん,りょうかみむら,欠番,2005-10-01,11365,小鹿野町,おがのまち,合併後は小鹿野町
11367,埼玉県,大滝村,さいたまけん,おおたきむら,欠番,2005-04-01,11207,秩父市,ちちぶし,合併後は秩父市
11368,埼玉県,荒川村,さいたまけん,あらかわむら,欠番,2005-04-01,11207,秩父市,ちちぶし,合併後は秩父市
11369,埼玉県,東秩父村,さいたまけん,ひがしちちぶむら,,,11369,,,
11381,埼玉県,美里町,さいたまけん,みさとまち,,,11381,,,
11382,埼玉県,児玉町,さいたまけん,こだままち,欠番,2006-01-10,11211,本庄市,ほんじょうし,合併後は本庄市
11383,埼玉県,神川町,さいたまけん,かみかわまち,,,11383,,,
11384,埼玉県,神泉村,さいたまけん,かみいずみむら,欠番,2006-01-01,11383,神川町,かみかわまち,合併後は神川町
11385,埼玉県,上里町,さいたまけん,かみさとまち,,,11385,,,
11401,埼玉県,大里町,さいたまけん,おおさとまち,欠番,2005-10-01,11202,熊谷市,くまがやし,合併後は熊谷市
11402,埼玉県,江南町,さいたまけん,こうなんまち,欠番,2007-02-13,11202,熊谷市,くまがやし,合併後は熊谷市
11403,埼玉県,妻沼町,さいたまけん,めぬままち,欠番,2005-10-01,11202,熊谷市,くまがやし,合併後は熊谷市
11405,埼玉県,岡部町,さいたまけん,おかべまち,欠番,2006-01-01,11218,深谷市,ふかやし,合併後は深谷市
11406,埼玉県,川本町,さいたまけん,かわもとまち,欠番,2006-01-01,11218,深谷市,ふかやし,合併後は深谷市
11407,埼玉県,花園町,さいたまけん,はなぞのまち,欠番,2006-01-01,11218,深谷市,ふかやし,合併後は深谷市
11408,埼玉県,寄居町,さいたまけん,よりいまち,,,11408,,,
11421,埼玉県,騎西町,さいたまけん,きさいまち,欠番,2010-03-23,11210,加須市,かぞし,合併後は加須市
11422,埼玉県,南河原村,さいたまけん,みなみかわらむら,欠番,2006-01-01,11206,行田市,ぎょうだし,合併後は行田市
11423,埼玉県,川里町,さいたまけん,かわさとまち,欠番,2005-10-01,11217,鴻巣市,こうのすし,合併後は鴻巣市
11424,埼玉県,北川辺町,さいたまけん,きたかわべまち,欠番,2010-03-23,11210,加須市,かぞし,合併後は加須市
11425,埼玉県,大利根町,さいたまけん,おおとねまち,欠番,2010-03-23,11210,加須市,かぞし,合併後は加須市
11442,埼玉県,宮代町,さいたまけん,みやしろまち,,,11442,,,
11445,埼玉県,白岡町,さいたまけん,しらおかまち,欠番,,11246,白岡市,しらおかし,市制施行
11446,埼玉県,菖蒲町,さいたまけん,しょうぶまち,欠番,2010-03-23,11232,久喜市,くきし,合併後は久喜市
11461,埼玉県,栗橋町,さいたまけん,くりはしまち,欠番,2010-03-23,11232,久喜市,くきし,合併後は久喜市
11462,埼玉県,鷲宮町,さいたまけん,わしみやまち,欠番,2010-03-23,11232,久喜市,くきし,合併後は久喜市
11464,埼玉県,杉戸町,さいたまけん,すぎとまち,,,11464,,,
11465,埼玉県,松伏町,さいたまけん,まつぶしまち,,,11465,,,
11468,埼玉県,庄和町,さいたまけん,しょうわまち,欠番,2005-10-01,11214,春日部市,かすかべし,合併後は春日部市
12000,千葉県,,ちばけん,,,,12000,,,
12100,千葉県,千葉市,ちばけん,ちばし,,,12100,,,
12101,千葉県,千葉市中央区,ちばけん,ちばしちゅうおうく,,,12101,,,
12102,千葉県,千葉市花見川区,ちばけん,ちばしはなみがわく,,,12102,,,
12103,千葉県,千葉市稲毛区,ちばけん,ちばしいなげく,,,12103,,,
12104,千葉県,千葉市若葉区,ちばけん,ちばしわかばく,,,12104,,,
12105,千葉県,千葉市緑区,ちばけん,ちばしみどりく,,,12105,,,
12106,千葉県,千葉市美浜区,ちばけん,ちばしみはまく,,,12106,,,
12202,千葉県,銚子市,ちばけん,ちょうしし,,,12202,,,
12203,千葉県,市川市,ちばけん,いちかわし,,,12203,,,
12204,千葉県,船橋市,ちばけん,ふなばしし,,,12204,,,
12205,千葉県,館山市,ちばけん,たてやまし,,,12205,,,
12206,千葉県,木更津市,ちばけん,きさらづし,,,12206,,,
12207,千葉県,松戸市,ちばけん,まつどし,,,12207,,,
12208,千葉県,野田市,ちばけん,のだし,,,12208,,,
12209,千葉県,佐原市,ちばけん,さわらし,欠番,2006-03-27,12236,香取市,かとりし,合併後は香取市
12210,千葉県,茂原市,ちばけん,もばらし,,,12210,,,
12211,千葉県,成田市,ちばけん,なりたし,,,12211,,,
12212,千葉県,佐倉市,ちばけん,さくらし,,,12212,,,
12213,千葉県,東金市,ちばけん,とうがねし,,,12213,,,
12214,千葉県,八日市場市,ちばけん,ようかいちばし,欠番,2006-01-23,12235,匝瑳市,そうさし,合併後は匝瑳市
12215,千葉県,旭市,ちばけん,あさひし,,,12215,,,
12216,千葉県,習志野市,ちばけん,ならしのし,,,12216,,,
12217,千葉県,柏市,ちばけん,かしわし,,,12217,,,
12218,千葉県,勝浦市,ちばけん,かつうらし,,,12218,,,
12219,千葉県,市原市,ちばけん,いちはらし,,,12219,,,
12220,千葉県,流山市,ちばけん,ながれやまし,,,12220,,,
12221,千葉県,八千代市,ちばけん,やちよし,,,12221,,,
12222,千葉県,我孫子市,ちばけん,あびこし,,,12222,,,
12223,千葉県,鴨川市,ちばけん,かもがわし,,,12223,,,
12224,千葉県,鎌ケ谷市,ちばけん,かまがやし,,,12224,,,
12225,千葉県,君津市,ちばけん,きみつし,,,12225,,,
12226,千葉県,富津市,ちばけん,ふっつし,,,12226,,,
12227,千葉県,浦安市,ちばけん,うらやすし,,,12227,,,
12228,千葉県,四街道市,ちばけん,よつかいどうし,,,12228,,,
12229,千葉県,袖ケ浦市,ちばけん,そでがうらし,,,12229,,,
12230,千葉県,八街市,ちばけん,やちまたし,,,12230,,,
12231,千葉県,印西市,ちばけん,いんざいし,,,12231,,,
12232,千葉県,白井市,ちばけん,しろいし,,,12232,,,
12233,千葉県,富里市,ちばけん,とみさとし,,,12233,,,
12234,千葉県,南房総市,ちばけん,みなみぼうそうし,,,12234,,,
12235,千葉県,匝瑳市,ちばけん,そうさし,,,12235,,,
12236,千葉県,香取市,ちばけん,かとりし,,,12236,,,
12237,千葉県,山武市,ちばけん,さんむし,,,12237,,,
12238,千葉県,いすみ市,ちばけん,いすみし,,,12238,,,
12239,千葉県,大網白里市,ちばけん,おおあみしらさとし,,,12239,,,
12322,千葉県,酒々井町,ちばけん,しすいまち,,,12322,,,
12325,千葉県,印旛村,ちばけん,いんばむら,欠番,2010-03-23,12231,印西市,いんざいし,合併後は印西市
12328,千葉県,本埜村,ちばけん,もとのむら,欠番,2010-03-23,12231,印西市,いんざいし,合併後は印西市
12329,千葉県,栄町,ちばけん,さかえまち,,,12329,,,
12341,千葉県,下総町,ちばけん,しもふさまち,欠番,2006-03-27,12211,成田市,なりたし,合併後は成田市
12342,千葉県,神崎町,ちばけん,こうざきまち,,,12342,,,
12343,千葉県,大栄町,ちばけん,たいえいまち,欠番,2006-03-27,12211,成田市,なりたし,合併後は成田市
12344,千葉県,小見川町,ちばけん,おみがわまち,欠番,2006-03-27,12236,香取市,かとりし,合併後は香取市
12345,千葉県,山田町,ちばけん,やまだまち,欠番,2006-03-27,12236,香取市,かとりし,合併後は香取市
12346,千葉県,栗源町,ちばけん,くりもとまち,欠番,2006-03-27,12236,香取市,かとりし,合併後は香取市
12347,千葉県,多古町,ちばけん,たこまち,,,12347,,,
12348,千葉県,干潟町,ちばけん,ひかたまち,欠番,2005-07-01,12215,旭市,あさひし,合併後は旭市
12349,千葉県,東庄町,ちばけん,とうのしょうまち,,,12349,,,
12361,千葉県,海上町,ちばけん,うなかみまち,欠番,2005-07-01,12215,旭市,あさひし,合併後は旭市
12362,千葉県,飯岡町,ちばけん,いいおかまち,欠番,2005-07-01,12215,旭市,あさひし,合併後は旭市
12381,千葉県,光町,ちばけん,ひかりまち,欠番,2006-03-27,12410,横芝光町,よこしばひかりまち,合併後は横芝光町
12382,千葉県,野栄町,ちばけん,のさかまち,欠番,2006-01-23,12235,匝瑳市,そうさし,合併後は匝瑳市
12402,千葉県,大網白里町,ちばけん,おおあみしらさとまち,欠番,,12239,大網白里市,おおあみしらさとし,市制施行
12403,千葉県,九十九里町,ちばけん,くじゆうくりまち,,,12403,,,
12404,千葉県,成東町,ちばけん,なるとうまち,欠番,2006-03-27,12237,山武市,さんむし,合併後は山武市
12405,千葉県,山武町,ちばけん,さんぶまち,欠番,2006-03-27,12237,山武市,さんむし,合併後は山武市
12406,千葉県,蓮沼村,ちばけん,はすぬまむら,欠番,2006-03-27,12237,山武市,さんむし,合併後は山武市
12407,千葉県,松尾町,ちばけん,まつおまち,欠番,2006-03-27,12237,山武市,さんむし,合併後は山武市
12408,千葉県,横芝町,ちばけん,よこしばまち,欠番,2006-03-27,12410,横芝光町,よこしばひかりまち,合併後は横芝光町
12409,千葉県,芝山町,ちばけん,しばやままち,,,12409,,,
12410,千葉県,横芝光町,ちばけん,よこしばひかりまち,,,12410,,,
12421,千葉県,一宮町,ちばけん,いちのみやまち,,,12421,,,
12422,千葉県,睦沢町,ちばけん,むつざわまち,,,12422,,,
12423,千葉県,長生村,ちばけん,ちょうせいむら,,,12423,,,
12424,千葉県,白子町,ちばけん,しらこまち,,,12424,,,
12426,千葉県,長柄町,ちばけん,ながらまち,,,12426,,,
12427,千葉県,長南町,ちばけん,ちょうなんまち,,,12427,,,
12441,千葉県,大多喜町,ちばけん,おおたきまち,,,12441,,,
12442,千葉県,夷隅町,ちばけん,いすみまち,欠番,2005-12-05,12238,いすみ市,いすみし,合併後はいすみ市
12443,千葉県,御宿町,ちばけん,おんじゆくまち,,,12443,,,
12444,千葉県,大原町,ちばけん,おおはらまち,欠番,2005-12-05,12238,いすみ市,いすみし,合併後はいすみ市
12445,千葉県,岬町,ちばけん,みさきまち,欠番,2005-12-05,12238,いすみ市,いすみし,合併後はいすみ市
12461,千葉県,富浦町,ちばけん,とみうらまち,欠番,2006-03-20,12234,南房総市,みなみぼうそうし,合併後は南房総市
12462,千葉県,富山町,ちばけん,とみやままち,欠番,2006-03-20,12234,南房総市,みなみぼうそうし,合併後は南房総市
12463,千葉県,鋸南町,ちばけん,きよなんまち,,,12463,,,
12464,千葉県,三芳村,ちばけん,みよしむら,欠番,2006-03-20,12234,南房総市,みなみぼうそうし,合併後は南房総市
12465,千葉県,白浜町,ちばけん,しらはままち,欠番,2006-03-20,12234,南房総市,みなみぼうそうし,合併後は南房総市
12466,千葉県,千倉町,ちばけん,ちくらまち,欠番,2006-03-20,12234,南房総市,みなみぼうそうし,合併後は南房総市
12467,千葉県,丸山町,ちばけん,まるやままち,欠番,2006-03-20,12234,南房総市,みなみぼうそうし,合併後は南房総市
12468,千葉県,和田町,ちばけん,わだまち,欠番,2006-03-20,12234,南房総市,みなみぼうそうし,合併後は南房総市
13000,東京都,,とうきょうと,,,,13000,,,
13101,東京都,千代田区,とうきょうと,ちよだく,,,13101,,,
13102,東京都,中央区,とうきょうと,ちゅうおうく,,,13102,,,
13103,東京都,港区,とうきょうと,みなとく,,,13103,,,
13104,東京都,新宿区,とうきょうと,しんじゅくく,,,13104,,,
13105,東京都,文京区,とうきょうと,ぶんきょうく,,,13105,,,
13106,東京都,台東区,とうきょうと,たいとうく,,,13106,,,
13107,東京都,墨田区,とうきょうと,すみだく,,,13107,,,
13108,東京都,江東区,とうきょうと,こうとうく,,,13108,,,
13109,東京都,品川区,とうきょうと,しながわく,,,13109,,,
13110,東京都,目黒区,とうきょうと,めぐろく,,,13110,,,
13111,東京都,大田区,とうきょうと,おおたく,,,13111,,,
13112,東京都,世田谷区,とうきょうと,せたがやく,,,13112,,,
13113,東京都,渋谷区,とうきょうと,しぶやく,,,13113,,,
13114,東京都,中野区,とうきょうと,なかのく,,,13114,,,
13115,東京都,杉並区,とうきょうと,すぎなみく,,,13115,,,
13116,東京都,豊島区,とうきょうと,としまく,,,13116,,,
13117,東京都,北区,とうきょうと,きたく,,,13117,,,
13118,東京都,荒川区,とうきょうと,あらかわく,,,13118,,,
13119,東京都,板橋区,とうきょうと,いたばしく,,,13119,,,
13120,東京都,練馬区,とうきょうと,ねりまく,,,13120,,,
13121,東京都,足立区,とうきょうと,あだちく,,,13121,,,
13122,東京都,葛飾区,とうきょうと,かつしかく,,,13122,,,
13123,東京都,江戸川区,とうきょうと,えどがわく,,,13123,,,
13201,東京都,八王子市,とうきょうと,はちおうじし,,,13201,,,
13202,東京都,立川市,とうきょうと,たちかわし,,,13202,,,
13203,東京都,武蔵野市,とうきょうと,むさしのし,,,13203,,,
13204,東京都,三鷹市,とうきょうと,みたかし,,,13204,,,
13205,東京都,青梅市,とうきょうと,おうめし,,,13205,,,
13206,東京都,府中市,とうきょうと,ふちゅうし,,,13206,,,
13207,東京都,昭島市,とうきょうと,あきしまし,,,13207,,,
13208,東京都,調布市,とうきょうと,ちょうふし,,,13208,,,
13209,東京都,町田市,とうきょうと,まちだし,,,13209,,,
13210,東京都,小金井市,とうきょうと,こがねいし,,,13210,,,
13211,東京都,小平市,とうきょうと,こだいらし,,,13211,,,
13212,東京都,日野市,とうきょうと,ひのし,,,13212,,,
13213,東京都,東村山市,とうきょうと,ひがしむらやまし,,,13213,,,
13214,東京都,国分寺市,とうきょうと,こくぶんじし,,,13214,,,
13215,東京都,国立市,とうきょうと,くにたちし,,,13215,,,
13218,東京都,福生市,とうきょうと,ふっさし,,,13218,,,
13219,東京都,狛江市,とうきょうと,こまえし,,,13219,,,
13220,東京都,東大和市,とうきょうと,ひがしやまとし,,,13220,,,
13221,東京都,清瀬市,とうきょうと,きよせし,,,13221,,,
13222,東京都,東久留米市,とうきょうと,ひがしくるめし,,,13222,,,
13223,東京都,武蔵村山市,とうきょうと,むさしむらやまし,,,13223,,,
13224,東京都,多摩市,とうきょうと,たまし,,,13224,,,
13225,東京都,稲城市,とうきょうと,いなぎし,,,13225,,,
13227,東京都,羽村市,とうきょうと,はむらし,,,13227,,,
13228,東京都,あきる野市,とうきょうと,あきるのし,,,13228,,,
13229,東京都,西東京市,とうきょうと,にしとうきょうし,,,13229,,,
13303,東京都,瑞穂町,とうきょうと,みずほまち,,,13303,,,
13305,東京都,日の出町,とうきょうと,ひのでまち,,,13305,,,
13307,東京都,檜原村,とうきょうと,ひのはらむら,,,13307,,,
13308,東京都,奥多摩町,とうきょうと,おくたままち,,,13308,,,
13361,東京都,大島町,とうきょうと,おおしままち,,,13361,,,
13362,東京都,利島村,とうきょうと,としまむら,,,13362,,,
13363,東京都,新島村,とうきょうと,にいじまむら,,,13363,,,
13364,東京都,神津島村,とうきょうと,こうづしまむら,,,13364,,,
13381,東京都,三宅村,とうきょうと,みやけむら,,,13381,,,
13382,東京都,御蔵島村,とうきょうと,みくらじまむら,,,13382,,,
13401,東京都,八丈町,とうきょうと,はちじょうまち,,,13401,,,
13402,東京都,青ヶ島村,とうきょうと,あおがしまむら,,,13402,,,
13421,東京都,小笠原村,とうきょうと,おがさわらむら,,,13421,,,
14000,神奈川県,,かながわけん,,,,14000,,,
14100,神奈川県,横浜市,かながわけん,よこはまし,,,14100,,,
14101,神奈川県,横浜市鶴見区,かながわけん,よこはましつるみく,,,14101,,,
14102,神奈川県,横浜市神奈川区,かながわけん,よこはましかながわく,,,14102,,,
14103,神奈川県,横浜市西区,かながわけん,よこはましにしく,,,14103,,,
14104,神奈川県,横浜市中区,かながわけん,よこはましなかく,,,14104,,,
14105,神奈川県,横浜市南区,かながわけん,よこはましみなみく,,,14105,,,
14106,神奈川県,横浜市保土ケ谷区,かながわけん,よこはましほどがやく,,,14106,,,
14107,神奈川県,横浜市磯子区,かながわけん,よこはましいそごく,,,14107,,,
14108,神奈川県,横浜市金沢区,かながわけん,よこはましかなざわく,,,14108,,,
14109,神奈川県,横浜市港北区,かながわけん,よこはましこうほくく,,,14109,,,
14110,神奈川県,横浜市戸塚区,かながわけん,よこはましとつかく,,,14110,,,
14111,神奈川県,横浜市港南区,かながわけん,よこはましこうなんく,,,14111,,,
14112,神奈川県,横浜市旭区,かながわけん,よこはましあさひく,,,14112,,,
14113,神奈川県,横浜市緑区,かながわけん,よこはましみどりく,,,14113,,,
14114,神奈川県,横浜市瀬谷区,かながわけん,よこはましせやく,,,14114,,,
14115,神奈川県,横浜市栄区,かながわけん,よこはましさかえく,,,14115,,,
14116,神奈川県,横浜市泉区,かながわけん,よこはましいずみく,,,14116,,,
14117,神奈川県,横浜市青葉区,かながわけん,よこはましあおばく,,,14117,,,
14118,神奈川県,横浜市都筑区,かながわけん,よこはましつづきく,,,14118,,,
14130,神奈川県,川崎市,かながわけん,かわさきし,,,14130,,,
14131,神奈川県,川崎市川崎区,かながわけん,かわさきしかわさきく,,,14131,,,
14132,神奈川県,川崎市幸区,かながわけん,かわさきしさいわいく,,,14132,,,
14133,神奈川県,川崎市中原区,かながわけん,かわさきしなかはらく,,,14133,,,
14134,神奈川県,川崎市高津区,かながわけん,かわさきしたかつく,,,14134,,,
14135,神奈川県,川崎市多摩区,かながわけん,かわさきしたまく,,,14135,,,
14136,神奈川県,川崎市宮前区,かながわけん,かわさきしみやまえく,,,14136,,,
14137,神奈川県,川崎市麻生区,かながわけん,かわさきしあさおく,,,14137,,,
14150,神奈川県,相模原市,かながわけん,さがみはらし,,,14150,,,
14151,神奈川県,相模原市緑区,かながわけん,さがみはらしみどりく,,,14151,,,
14152,神奈川県,相模原市中央区,かながわけん,さがみはらしちゅうおうく,,,14152,,,
14153,神奈川県,相模原市南区,かながわけん,さがみはらしみなみく,,,14153,,,
14201,神奈川県,横須賀市,かながわけん,よこすかし,,,14201,,,
14203,神奈川県,平塚市,かながわけん,ひらつかし,,,14203,,,
14204,神奈川県,鎌倉市,かながわけん,かまくらし,,,14204,,,
14205,神奈川県,藤沢市,かながわけん,ふじさわし,,,14205,,,
14206,神奈川県,小田原市,かながわけん,おだわらし,,,14206,,,
14207,神奈川県,茅ヶ崎市,かながわけん,ちがさきし,,,14207,,,
14208,神奈川県,逗子市,かながわけん,ずしし,,,14208,,,
14209,神奈川県,相模原市,かながわけん,さがみはらし,欠番,2010-04-01,14150,相模原市,さがみはらし,政令指定都市へ移行
14210,神奈川県,三浦市,かながわけん,みうらし,,,14210,,,
14211,神奈川県,秦野市,かながわけん,はだのし,,,14211,,,
14212,神奈川県,厚木市,かながわけん,あつぎし,,,14212,,,
14213,神奈川県,大和市,かながわけん,やまとし,,,14213,,,
14214,神奈川県,伊勢原市,かながわけん,いせはらし,,,14214,,,
14215,神奈川県,海老名市,かながわけん,えびなし,,,14215,,,
14216,神奈川県,座間市,かながわけん,ざまし,,,14216,,,
14217,神奈川県,南足柄市,かながわけん,みなみあしがらし,,,14217,,,
14218,神奈川県,綾瀬市,かながわけん,あやせし,,,14218,,,
14301,神奈川県,葉山町,かながわけん,はやままち,,,14301,,,
14321,神奈川県,寒川町,かながわけん,さむかわまち,,,14321,,,
14341,神奈川県,大磯町,かながわけん,おおいそまち,,,14341,,,
14342,神奈川県,二宮町,かながわけん,にのみやまち,,,14342,,,
14361,神奈川県,中井町,かながわけん,なかいまち,,,14361,,,
14362,神奈川県,大井町,かながわけん,おおいまち,,,14362,,,
14363,神奈川県,松田町,かながわけん,まつだまち,,,14363,,,
14364,神奈川県,山北町,かながわけん,やまきたまち,,,14364,,,
14366,神奈川県,開成町,かながわけん,かいせいまち,,,14366,,,
14382,神奈川県,箱根町,かながわけん,はこねまち,,,14382,,,
14383,神奈川県,真鶴町,かながわけん,まなつるまち,,,14383,,,
14384,神奈川県,湯河原町,かながわけん,ゆがわらまち,,,14384,,,
14401,神奈川県,愛川町,かながわけん,あいかわまち,,,14401,,,
14402,神奈川県,清川村,かながわけん,きよかわむら,,,14402,,,
14421,神奈川県,城山町,かながわけん,しろやままち,欠番,2007-03-11,14209,相模原市,さがみはらし,合併後は相模原市
14422,神奈川県,津久井町,かながわけん,つくいまち,欠番,2006-03-20,14209,相模原市,さがみはらし,合併後は相模原市
14423,神奈川県,相模湖町,かながわけん,さがみこまち,欠番,2006-03-20,14209,相模原市,さがみはらし,合併後は相模原市
14424,神奈川県,藤野町,かながわけん,ふじのまち,欠番,2007-03-11,14209,相模原市,さがみはらし,合併後は相模原市
15000,新潟県,,にいがたけん,,,,15000,,,
15100,新潟県,新潟市,にいがたけん,にいがたし,,,15100,,,
15101,新潟県,新潟市北区,にいがたけん,にいがたしきたく,,,15101,,,
15102,新潟県,新潟市東区,にいがたけん,にいがたしひがしく,,,15102,,,
15103,新潟県,新潟市中央区,にいがたけん,にいがたしちゅうおうく,,,15103,,,
15104,新潟県,新潟市江南区,にいがたけん,にいがたしこうなんく,,,15104,,,
15105,新潟県,新潟市秋葉区,にいがたけん,にいがたしあきはく,,,15105,,,
15106,新潟県,新潟市南区,にいがたけん,にいがたしみなみく,,,15106,,,
15107,新潟県,新潟市西区,にいがたけん,にいがたしにしく,,,15107,,,
15108,新潟県,新潟市西蒲区,にいがたけん,にいがたしにしかんく,,,15108,,,
15201,新潟県,新潟市,にいがたけん,にいがたし,欠番,2007-04-01,15100,新潟市,にいがたし,政令指定都市へ移行
15202,新潟県,長岡市,にいがたけん,ながおかし,,,15202,,,
15204,新潟県,三条市,にいがたけん,さんじょうし,,,15204,,,
15205,新潟県,柏崎市,にいがたけん,かしわざきし,,,15205,,,
15206,新潟県,新発田市,にいがたけん,しばたし,,,15206,,,
15208,新潟県,小千谷市,にいがたけん,おぢやし,,,15208,,,
15209,新潟県,加茂市,にいがたけん,かもし,,,15209,,,
15210,新潟県,十日町市,にいがたけん,とおかまちし,,,15210,,,
15211,新潟県,見附市,にいがたけん,みつけし,,,15211,,,
15212,新潟県,村上市,にいがたけん,むらかみし,,,15212,,,
15213,新潟県,燕市,にいがたけん,つばめし,,,15213,,,
15215,新潟県,栃尾市,にいがたけん,とちおし,欠番,2006-01-01,15202,長岡市,ながおかし,合併後は長岡市
15216,新潟県,糸魚川市,にいがたけん,いといがわし,,,15216,,,
15217,新潟県,新井市,にいがたけん,あらいし,名称変更,2005-04-01,15217,妙高市,みょうこうし,名称変更
15217,新潟県,妙高市,にいがたけん,みょうこうし,,,15217,,,
15218,新潟県,五泉市,にいがたけん,ごせんし,,,15218,,,
15222,新潟県,上越市,にいがたけん,じょうえつし,,,15222,,,
15223,新潟県,阿賀野市,にいがたけん,あがのし,,,15223,,,
15224,新潟県,佐渡市,にいがたけん,さどし,,,15224,,,
15225,新潟県,魚沼市,にいがたけん,うおぬまし,,,15225,,,
15226,新潟県,南魚沼市,にいがたけん,みなみうおぬまし,,,15226,,,
15227,新潟県,胎内市,にいがたけん,たいないし,,,15227,,,
15307,新潟県,聖籠町,にいがたけん,せいろうまち,,,15307,,,
15308,新潟県,加治川村,にいがたけん,かじかわむら,欠番,2005-05-01,15206,新発田市,しばたし,合併後は新発田市
15309,新潟県,紫雲寺町,にいがたけん,しうんじまち,欠番,2005-05-01,15206,新発田市,しばたし,合併後は新発田市
15310,新潟県,中条町,にいがたけん,なかじょうまち,欠番,2005-09-01,15227,胎内市,たいないし,合併後は胎内市
15311,新潟県,黒川村,にいがたけん,くろかわむら,欠番,2005-09-01,15227,胎内市,たいないし,合併後は胎内市
15322,新潟県,村松町,にいがたけん,むらまつまち,欠番,2006-01-01,15218,五泉市,ごせんし,合併後は五泉市
15342,新潟県,弥彦村,にいがたけん,やひこむら,,,15342,,,
15343,新潟県,分水町,にいがたけん,ぶんすいまち,欠番,2006-03-20,15213,燕市,つばめし,合併後は燕市
15344,新潟県,吉田町,にいがたけん,よしだまち,欠番,2006-03-20,15213,燕市,つばめし,合併後は燕市
15345,新潟県,巻町,にいがたけん,まきまち,欠番,2005-10-10,15201,新潟市,にいがたし,合併後は新潟市
15361,新潟県,田上町,にいがたけん,たがみまち,,,15361,,,
15362,新潟県,下田村,にいがたけん,しただむら,欠番,2005-05-01,15204,三条市,さんじょうし,合併後は三条市
15363,新潟県,栄町,にいがたけん,さかえまち,欠番,2005-05-01,15204,三条市,さんじょうし,合併後は三条市
15364,新潟県,中之島町,にいがたけん,なかのしままち,欠番,2005-04-01,15202,長岡市,ながおかし,合併後は長岡市
15381,新潟県,津川町,にいがたけん,つがわまち,欠番,2005-04-01,15385,阿賀町,あがまち,合併後は阿賀町
15382,新潟県,鹿瀬町,にいがたけん,かのせまち,欠番,2005-04-01,15385,阿賀町,あがまち,合併後は阿賀町
15383,新潟県,上川村,にいがたけん,かみかわむら,欠番,2005-04-01,15385,阿賀町,あがまち,合併後は阿賀町
15384,新潟県,三川村,にいがたけん,みかわむら,欠番,2005-04-01,15385,阿賀町,あがまち,合併後は阿賀町
15385,新潟県,阿賀町,にいがたけん,あがまち,,,15385,,,
15401,新潟県,越路町,にいがたけん,こしじまち,欠番,2005-04-01,15202,長岡市,ながおかし,合併後は長岡市
15402,新潟県,三島町,にいがたけん,みしままち,欠番,2005-04-01,15202,長岡市,ながおかし,合併後は長岡市
15403,新潟県,与板町,にいがたけん,よいたまち,欠番,2006-01-01,15202,長岡市,ながおかし,合併後は長岡市
15404,新潟県,和島村,にいがたけん,わしまむら,欠番,2006-01-01,15202,長岡市,ながおかし,合併後は長岡市
15405,新潟県,出雲崎町,にいがたけん,いずもざきまち,,,15405,,,
15406,新潟県,寺泊町,にいがたけん,てらどまりまち,欠番,2006-01-01,15202,長岡市,ながおかし,合併後は長岡市
15421,新潟県,山古志村,にいがたけん,やまこしむら,欠番,2005-04-01,15202,長岡市,ながおかし,合併後は長岡市
15441,新潟県,川口町,にいがたけん,かわぐちまち,欠番,2010-03-31,15202,長岡市,ながおかし,合併後は長岡市
15461,新潟県,湯沢町,にいがたけん,ゆざわまち,,,15461,,,
15462,新潟県,塩沢町,にいがたけん,しおざわまち,欠番,2005-10-01,15226,南魚沼市,みなみうおぬまし,合併後は南魚沼市
15481,新潟県,川西町,にいがたけん,かわにしまち,欠番,2005-04-01,15210,十日町市,とおかまちし,合併後は十日町市
15482,新潟県,津南町,にいがたけん,つなんまち,,,15482,,,
15483,新潟県,中里村,にいがたけん,なかさとむら,欠番,2005-04-01,15210,十日町市,とおかまちし,合併後は十日町市
15501,新潟県,高柳町,にいがたけん,たかやなぎまち,欠番,2005-05-01,15205,柏崎市,かしわざきし,合併後は柏崎市
15502,新潟県,小国町,にいがたけん,おぐにまち,欠番,2005-04-01,15202,長岡市,ながおかし,合併後は長岡市
15504,新潟県,刈羽村,にいがたけん,かりわむら,,,15504,,,
15505,新潟県,西山町,にいがたけん,にしやままち,欠番,2005-05-01,15205,柏崎市,かしわざきし,合併後は柏崎市
15523,新潟県,松代町,にいがたけん,まつだいまち,欠番,2005-04-01,15210,十日町市,とおかまちし,合併後は十日町市
15524,新潟県,松之山町,にいがたけん,まつのやままち,欠番,2005-04-01,15210,十日町市,とおかまちし,合併後は十日町市
15545,新潟県,妙高高原町,にいがたけん,みょうこうこうげんまち,欠番,2005-04-01,15217,妙高市,みょうこうし,合併後は新井市　新井市は同日に妙高市へ名称変更
15547,新潟県,妙高村,にいがたけん,みょうこうむら,欠番,2005-04-01,15217,妙高市,みょうこうし,合併後は新井市　新井市は同日に妙高市へ名称変更
15581,新潟県,関川村,にいがたけん,せきかわむら,,,15581,,,
15582,新潟県,荒川町,にいがたけん,あらかわまち,欠番,,15212,村上市,むらかみし,合併後は村上市
15583,新潟県,神林村,にいがたけん,かみはやしむら,欠番,,15212,村上市,むらかみし,合併後は村上市
15584,新潟県,朝日村,にいがたけん,あさひむら,欠番,,15212,村上市,むらかみし,合併後は村上市
15585,新潟県,山北町,にいがたけん,さんぽくまち,欠番,,15212,村上市,むらかみし,合併後は村上市
15586,新潟県,粟島浦村,にいがたけん,あわしまうらむら,,,15586,,,
16000,富山県,,とやまけん,,,,16000,,,
16201,富山県,富山市,とやまけん,とやまし,,,16201,,,
16202,富山県,高岡市,とやまけん,たかおかし,,,16202,,,
16203,富山県,新湊市,とやまけん,しんみなとし,欠番,2005-11-01,16211,射水市,いみずし,合併後は射水市
16204,富山県,魚津市,とやまけん,うおづし,,,16204,,,
16205,富山県,氷見市,とやまけん,ひみし,,,16205,,,
16206,富山県,滑川市,とやまけん,なめりかわし,,,16206,,,
16207,富山県,黒部市,とやまけん,くろべし,,,16207,,,
16208,富山県,砺波市,とやまけん,となみし,,,16208,,,
16209,富山県,小矢部市,とやまけん,おやべし,,,16209,,,
16210,富山県,南砺市,とやまけん,なんとし,,,16210,,,
16211,富山県,射水市,とやまけん,いみずし,,,16211,,,
16301,富山県,大沢野町,とやまけん,おおさわのまち,欠番,2005-04-01,16201,富山市,とやまし,合併後は富山市
16302,富山県,大山町,とやまけん,おおやままち,欠番,2005-04-01,16201,富山市,とやまし,合併後は富山市
16321,富山県,舟橋村,とやまけん,ふなはしむら,,,16321,,,
16322,富山県,上市町,とやまけん,かみいちまち,,,16322,,,
16323,富山県,立山町,とやまけん,たてやままち,,,16323,,,
16341,富山県,宇奈月町,とやまけん,うなづきまち,欠番,2006-03-31,16207,黒部市,くろべし,合併後は黒部市
16342,富山県,入善町,とやまけん,にゅうぜんまち,,,16342,,,
16343,富山県,朝日町,とやまけん,あさひまち,,,16343,,,
16361,富山県,八尾町,とやまけん,やつおまち,欠番,2005-04-01,16201,富山市,とやまし,合併後は富山市
16362,富山県,婦中町,とやまけん,ふちゅうまち,欠番,2005-04-01,16201,富山市,とやまし,合併後は富山市
16363,富山県,山田村,とやまけん,やまだむら,欠番,2005-04-01,16201,富山市,とやまし,合併後は富山市
16364,富山県,細入村,とやまけん,ほそいりむら,欠番,2005-04-01,16201,富山市,とやまし,合併後は富山市
16381,富山県,小杉町,とやまけん,こすぎまち,欠番,2005-11-01,16211,射水市,いみずし,合併後は射水市
16382,富山県,大門町,とやまけん,だいもんまち,欠番,2005-11-01,16211,射水市,いみずし,合併後は射水市
16383,富山県,下村,とやまけん,しもむら,欠番,2005-11-01,16211,射水市,いみずし,合併後は射水市
16384,富山県,大島町,とやまけん,おおしままち,欠番,2005-11-01,16211,射水市,いみずし,合併後は射水市
16422,富山県,福岡町,とやまけん,ふくおかまち,欠番,2005-11-01,16202,高岡市,たかおかし,合併後は高岡市
17000,石川県,,いしかわけん,,,,17000,,,
17201,石川県,金沢市,いしかわけん,かなざわし,,,17201,,,
17202,石川県,七尾市,いしかわけん,ななおし,,,17202,,,
17203,石川県,小松市,いしかわけん,こまつし,,,17203,,,
17204,石川県,輪島市,いしかわけん,わじまし,,,17204,,,
17205,石川県,珠洲市,いしかわけん,すずし,,,17205,,,
17206,石川県,加賀市,いしかわけん,かがし,,,17206,,,
17207,石川県,羽咋市,いしかわけん,はくいし,,,17207,,,
17209,石川県,かほく市,いしかわけん,かほくし,,,17209,,,
17210,石川県,白山市,いしかわけん,はくさんし,,,17210,,,
17211,石川県,能美市,いしかわけん,のみし,,,17211,,,
17212,石川県,野々市市,いしかわけん,ののいちし,,,17212,,,
17301,石川県,山中町,いしかわけん,やまなかまち,欠番,2005-10-01,17206,加賀市,かがし,合併後は加賀市
17324,石川県,川北町,いしかわけん,かわきたまち,,,17324,,,
17344,石川県,野々市町,いしかわけん,ののいちまち,欠番,,17212,野々市市,ののいちし,市制施行
17361,石川県,津幡町,いしかわけん,つばたまち,,,17361,,,
17365,石川県,内灘町,いしかわけん,うちなだまち,,,17365,,,
17382,石川県,富来町,いしかわけん,とぎまち,欠番,2005-09-01,17384,志賀町,しかまち,合併後は志賀町
17384,石川県,志賀町,いしかわけん,しかまち,,,17384,,,
17386,石川県,宝達志水町,いしかわけん,ほうだつしみずちょう,,,17386,,,
17407,石川県,中能登町,いしかわけん,なかのとまち,,,17407,,,
17461,石川県,穴水町,いしかわけん,あなみずまち,,,17461,,,
17462,石川県,門前町,いしかわけん,もんぜんまち,欠番,2006-02-01,17204,輪島市,わじまし,合併後は輪島市
17463,石川県,能登町,いしかわけん,のとちょう,,,17463,,,
18000,福井県,,ふくいけん,,,,18000,,,
18201,福井県,福井市,ふくいけん,ふくいし,,,18201,,,
18202,福井県,敦賀市,ふくいけん,つるがし,,,18202,,,
18203,福井県,武生市,ふくいけん,たけふし,欠番,2005-10-01,18209,越前市,えちぜんし,合併後は越前市
18204,福井県,小浜市,ふくいけん,おばまし,,,18204,,,
18205,福井県,大野市,ふくいけん,おおのし,,,18205,,,
18206,福井県,勝山市,ふくいけん,かつやまし,,,18206,,,
18207,福井県,鯖江市,ふくいけん,さばえし,,,18207,,,
18208,福井県,あわら市,ふくいけん,あわらし,,,18208,,,
18209,福井県,越前市,ふくいけん,えちぜんし,,,18209,,,
18210,福井県,坂井市,ふくいけん,さかいし,,,18210,,,
18302,福井県,美山町,ふくいけん,みやまちょう,欠番,2006-02-01,18201,福井市,ふくいし,合併後は福井市
18321,福井県,松岡町,ふくいけん,まつおかちょう,欠番,2006-02-13,18322,永平寺町,えいへいじちょう,合併後は永平寺町
18322,福井県,永平寺町,ふくいけん,えいへいじちょう,,,18322,,,
18323,福井県,上志比村,ふくいけん,かみしひむら,欠番,2006-02-13,18322,永平寺町,えいへいじちょう,合併後は永平寺町
18342,福井県,和泉村,ふくいけん,いずみむら,欠番,2005-11-07,18205,大野市,おおのし,合併後は大野市
18361,福井県,三国町,ふくいけん,みくにちょう,欠番,2006-03-20,18210,坂井市,さかいし,合併後は坂井市
18364,福井県,丸岡町,ふくいけん,まるおかちょう,欠番,2006-03-20,18210,坂井市,さかいし,合併後は坂井市
18365,福井県,春江町,ふくいけん,はるえちょう,欠番,2006-03-20,18210,坂井市,さかいし,合併後は坂井市
18366,福井県,坂井町,ふくいけん,さかいちょう,欠番,2006-03-20,18210,坂井市,さかいし,合併後は坂井市
18381,福井県,今立町,ふくいけん,いまだてちょう,欠番,2005-10-01,18209,越前市,えちぜんし,合併後は越前市
18382,福井県,池田町,ふくいけん,いけだちょう,,,18382,,,
18404,福井県,南越前町,ふくいけん,みなみえちぜんちょう,,,18404,,,
18423,福井県,越前町,ふくいけん,えちぜんちょう,,,18423,,,
18424,福井県,越廼村,ふくいけん,こしのむら,欠番,2006-02-01,18201,福井市,ふくいし,合併後は福井市
18426,福井県,清水町,ふくいけん,しみずちょう,欠番,2006-02-01,18201,福井市,ふくいし,合併後は福井市
18442,福井県,美浜町,ふくいけん,みはまちょう,,,18442,,,
18462,福井県,名田庄村,ふくいけん,なたしょうむら,欠番,2006-03-03,18483,おおい町,おおいちょう,合併後はおおい町
18481,福井県,高浜町,ふくいけん,たかはまちょう,,,18481,,,
18482,福井県,大飯町,ふくいけん,おおいちょう,欠番,2006-03-03,18483,おおい町,おおいちょう,合併後はおおい町
18483,福井県,おおい町,ふくいけん,おおいちょう,,,18483,,,
18501,福井県,若狭町,ふくいけん,わかさちょう,,,18501,,,
19000,山梨県,,やまなしけん,,,,19000,,,
19201,山梨県,甲府市,やまなしけん,こうふし,,,19201,,,
19202,山梨県,富士吉田市,やまなしけん,ふじよしだし,,,19202,,,
19203,山梨県,塩山市,やまなしけん,えんざんし,欠番,2005-11-01,19213,甲州市,こうしゅうし,合併後は甲州市
19204,山梨県,都留市,やまなしけん,つるし,,,19204,,,
19205,山梨県,山梨市,やまなしけん,やまなしし,,,19205,,,
19206,山梨県,大月市,やまなしけん,おおつきし,,,19206,,,
19207,山梨県,韮崎市,やまなしけん,にらさきし,,,19207,,,
19208,山梨県,南アルプス市,やまなしけん,みなみあるぷすし,,,19208,,,
19209,山梨県,北杜市,やまなしけん,ほくとし,,,19209,,,
19210,山梨県,甲斐市,やまなしけん,かいし,,,19210,,,
19211,山梨県,笛吹市,やまなしけん,ふえふきし,,,19211,,,
19212,山梨県,上野原市,やまなしけん,うえのはらし,,,19212,,,
19213,山梨県,甲州市,やまなしけん,こうしゅうし,,,19213,,,
19214,山梨県,中央市,やまなしけん,ちゅうおうし,,,19214,,,
19304,山梨県,勝沼町,やまなしけん,かつぬまちょう,欠番,2005-11-01,19213,甲州市,こうしゅうし,合併後は甲州市
19305,山梨県,大和村,やまなしけん,やまとむら,欠番,2005-11-01,19213,甲州市,こうしゅうし,合併後は甲州市
19326,山梨県,中道町,やまなしけん,なかみちまち,欠番,2006-03-01,19201,甲府市,こうふし,合併後は甲府市
19327,山梨県,芦川村,やまなしけん,あしがわむら,欠番,2006-08-01,19211,笛吹市,ふえふきし,合併後は笛吹市
19328,山梨県,豊富村,やまなしけん,とよとみむら,欠番,2006-02-20,19214,中央市,ちゅうおうし,合併後は中央市
19341,山梨県,上九一色村,やまなしけん,かみくいしきむら,欠番,2006-03-01,19201,甲府市,こうふし,合併後は甲府市（上九一色村大字梯及び古関の区域）
19341,山梨県,上九一色村,やまなしけん,かみくいしきむら,欠番,2006-03-01,19430,富士河口湖町,ふじかわぐちこまち,合併後は富士河口湖町（上九一色村大字精進、本栖及び富士ヶ嶺の区域）
19342,山梨県,三珠町,やまなしけん,みたまちょう,欠番,2005-10-01,19346,市川三郷町,いちかわみさとちょう,合併後は市川三郷町
19343,山梨県,市川大門町,やまなしけん,いちかわだいもんちょう,欠番,2005-10-01,19346,市川三郷町,いちかわみさとちょう,合併後は市川三郷町
19344,山梨県,六郷町,やまなしけん,ろくごうちょう,欠番,2005-10-01,19346,市川三郷町,いちかわみさとちょう,合併後は市川三郷町
19346,山梨県,市川三郷町,やまなしけん,いちかわみさとちょう,,,19346,,,
19361,山梨県,増穂町,やまなしけん,ますほちょう,欠番,2010-03-08,19368,富士川町,ふじかわちょう,合併後は富士川町
19362,山梨県,鰍沢町,やまなしけん,かじかざわちょう,欠番,2010-03-08,19368,富士川町,ふじかわちょう,合併後は富士川町
19364,山梨県,早川町,やまなしけん,はやかわちょう,,,19364,,,
19365,山梨県,身延町,やまなしけん,みのぶちょう,,,19365,,,
19366,山梨県,南部町,やまなしけん,なんぶちょう,,,19366,,,
19368,山梨県,富士川町,やまなしけん,ふじかわちょう,,,19368,,,
19383,山梨県,玉穂町,やまなしけん,たまほちょう,欠番,2006-02-20,19214,中央市,ちゅうおうし,合併後は中央市
19384,山梨県,昭和町,やまなしけん,しょうわちょう,,,19384,,,
19385,山梨県,田富町,やまなしけん,たとみちょう,欠番,2006-02-20,19214,中央市,ちゅうおうし,合併後は中央市
19407,山梨県,小淵沢町,やまなしけん,こぶちさわちょう,欠番,2006-03-15,19209,北杜市,ほくとし,合併後は北杜市
19422,山梨県,道志村,やまなしけん,どうしむら,,,19422,,,
19423,山梨県,西桂町,やまなしけん,にしかつらちょう,,,19423,,,
19424,山梨県,忍野村,やまなしけん,おしのむら,,,19424,,,
19425,山梨県,山中湖村,やまなしけん,やまなかこむら,,,19425,,,
19429,山梨県,鳴沢村,やまなしけん,なるさわむら,,,19429,,,
19430,山梨県,富士河口湖町,やまなしけん,ふじかわぐちこまち,,,19430,,,
19442,山梨県,小菅村,やまなしけん,こすげむら,,,19442,,,
19443,山梨県,丹波山村,やまなしけん,たばやまむら,,,19443,,,
20000,長野県,,ながのけん,,,,20000,,,
20201,長野県,長野市,ながのけん,ながのし,,,20201,,,
20202,長野県,松本市,ながのけん,まつもとし,,,20202,,,
20203,長野県,上田市,ながのけん,うえだし,,,20203,,,
20204,長野県,岡谷市,ながのけん,おかやし,,,20204,,,
20205,長野県,飯田市,ながのけん,いいだし,,,20205,,,
20206,長野県,諏訪市,ながのけん,すわし,,,20206,,,
20207,長野県,須坂市,ながのけん,すざかし,,,20207,,,
20208,長野県,小諸市,ながのけん,こもろし,,,20208,,,
20209,長野県,伊那市,ながのけん,いなし,,,20209,,,
20210,長野県,駒ヶ根市,ながのけん,こまがねし,,,20210,,,
20211,長野県,中野市,ながのけん,なかのし,,,20211,,,
20212,長野県,大町市,ながのけん,おおまちし,,,20212,,,
20213,長野県,飯山市,ながのけん,いいやまし,,,20213,,,
20214,長野県,茅野市,ながのけん,ちのし,,,20214,,,
20215,長野県,塩尻市,ながのけん,しおじりし,,,20215,,,
20217,長野県,佐久市,ながのけん,さくし,,,20217,,,
20218,長野県,千曲市,ながのけん,ちくまし,,,20218,,,
20219,長野県,東御市,ながのけん,とうみし,,,20219,,,
20220,長野県,安曇野市,ながのけん,あづみのし,,,20220,,,
20301,長野県,臼田町,ながのけん,うすだまち,欠番,2005-04-01,20217,佐久市,さくし,合併後は佐久市
20303,長野県,小海町,ながのけん,こうみまち,,,20303,,,
20304,長野県,川上村,ながのけん,かわかみむら,,,20304,,,
20305,長野県,南牧村,ながのけん,みなみまきむら,,,20305,,,
20306,長野県,南相木村,ながのけん,みなみあいきむら,,,20306,,,
20307,長野県,北相木村,ながのけん,きたあいきむら,,,20307,,,
20309,長野県,佐久穂町,ながのけん,さくほまち,,,20309,,,
20321,長野県,軽井沢町,ながのけん,かるいざわまち,,,20321,,,
20322,長野県,望月町,ながのけん,もちづきまち,欠番,2005-04-01,20217,佐久市,さくし,合併後は佐久市
20323,長野県,御代田町,ながのけん,みよたまち,,,20323,,,
20324,長野県,立科町,ながのけん,たてしなまち,,,20324,,,
20325,長野県,浅科村,ながのけん,あさしなむら,欠番,2005-04-01,20217,佐久市,さくし,合併後は佐久市
20341,長野県,丸子町,ながのけん,まるこまち,欠番,2006-03-06,20203,上田市,うえだし,合併後は上田市
20342,長野県,長門町,ながのけん,ながとまち,欠番,2005-10-01,20350,長和町,ながわまち,合併後は長和町
20345,長野県,真田町,ながのけん,さなだまち,欠番,2006-03-06,20203,上田市,うえだし,合併後は上田市
20346,長野県,武石村,ながのけん,たけしむら,欠番,2006-03-06,20203,上田市,うえだし,合併後は上田市
20347,長野県,和田村,ながのけん,わだむら,欠番,2005-10-01,20350,長和町,ながわまち,合併後は長和町
20349,長野県,青木村,ながのけん,あおきむら,,,20349,,,
20350,長野県,長和町,ながのけん,ながわまち,,,20350,,,
20361,長野県,下諏訪町,ながのけん,しもすわまち,,,20361,,,
20362,長野県,富士見町,ながのけん,ふじみまち,,,20362,,,
20363,長野県,原村,ながのけん,はらむら,,,20363,,,
20381,長野県,高遠町,ながのけん,たかとおまち,欠番,2006-03-31,20209,伊那市,いなし,合併後は伊那市
20382,長野県,辰野町,ながのけん,たつのまち,,,20382,,,
20383,長野県,箕輪町,ながのけん,みのわまち,,,20383,,,
20384,長野県,飯島町,ながのけん,いいじままち,,,20384,,,
20385,長野県,南箕輪村,ながのけん,みなみみのわむら,,,20385,,,
20386,長野県,中川村,ながのけん,なかがわむら,,,20386,,,
20387,長野県,長谷村,ながのけん,はせむら,欠番,2006-03-31,20209,伊那市,いなし,合併後は大空町
20388,長野県,宮田村,ながのけん,みやだむら,,,20388,,,
20402,長野県,松川町,ながのけん,まつかわまち,,,20402,,,
20403,長野県,高森町,ながのけん,たかもりまち,,,20403,,,
20404,長野県,阿南町,ながのけん,あなんちょう,,,20404,,,
20406,長野県,清内路村,ながのけん,せいないじむら,欠番,2009-03-31,20407,阿智村,あちむら,合併後は阿智村
20407,長野県,阿智村,ながのけん,あちむら,,,20407,,,
20408,長野県,浪合村,ながのけん,なみあいむら,欠番,2006-01-01,20407,阿智村,あちむら,合併後は阿智村
20409,長野県,平谷村,ながのけん,ひらやむら,,,20409,,,
20410,長野県,根羽村,ながのけん,ねばむら,,,20410,,,
20411,長野県,下條村,ながのけん,しもじょうむら,,,20411,,,
20412,長野県,売木村,ながのけん,うるぎむら,,,20412,,,
20413,長野県,天龍村,ながのけん,てんりゅうむら,,,20413,,,
20414,長野県,泰阜村,ながのけん,やすおかむら,,,20414,,,
20415,長野県,喬木村,ながのけん,たかぎむら,,,20415,,,
20416,長野県,豊丘村,ながのけん,とよおかむら,,,20416,,,
20417,長野県,大鹿村,ながのけん,おおしかむら,,,20417,,,
20418,長野県,上村,ながのけん,かみむら,欠番,2005-10-01,20205,飯田市,いいだし,合併後は飯田市
20419,長野県,南信濃村,ながのけん,みなみしなのむら,欠番,2005-10-01,20205,飯田市,いいだし,合併後は飯田市
20421,長野県,木曽福島町,ながのけん,きそふくしままち,欠番,2005-11-01,20432,木曽町,きそまち,合併後は木曽町
20422,長野県,上松町,ながのけん,あげまつまち,,,20422,,,
20423,長野県,南木曽町,ながのけん,なぎそまち,,,20423,,,
20424,長野県,楢川村,ながのけん,ならかわむら,欠番,2005-04-01,20215,塩尻市,しおじりし,合併後は塩尻市
20425,長野県,木祖村,ながのけん,きそむら,,,20425,,,
20426,長野県,日義村,ながのけん,ひよしむら,欠番,2005-11-01,20432,木曽町,きそまち,合併後は木曽町
20427,長野県,開田村,ながのけん,かいだむら,欠番,2005-11-01,20432,木曽町,きそまち,合併後は木曽町
20428,長野県,三岳村,ながのけん,みたけむら,欠番,2005-11-01,20432,木曽町,きそまち,合併後は木曽町
20429,長野県,王滝村,ながのけん,おうたきむら,,,20429,,,
20430,長野県,大桑村,ながのけん,おおくわむら,,,20430,,,
20432,長野県,木曽町,ながのけん,きそまち,,,20432,,,
20441,長野県,明科町,ながのけん,あかしなまち,欠番,2005-10-01,20220,安曇野市,あづみのし,合併後は安曇野市
20443,長野県,四賀村,ながのけん,しがむら,欠番,2005-04-01,20202,松本市,まつもとし,合併後は松本市
20444,長野県,本城村,ながのけん,ほんじょうむら,欠番,2005-10-11,20452,筑北村,ちくほくむら,合併後は筑北村
20445,長野県,坂北村,ながのけん,さかきたむら,欠番,2005-10-11,20452,筑北村,ちくほくむら,合併後は筑北村
20446,長野県,麻績村,ながのけん,おみむら,,,20446,,,
20447,長野県,坂井村,ながのけん,さかいむら,欠番,2005-10-11,20452,筑北村,ちくほくむら,合併後は筑北村
20448,長野県,生坂村,ながのけん,いくさかむら,,,20448,,,
20449,長野県,波田町,ながのけん,はたまち,欠番,2010-03-31,20202,松本市,まつもとし,合併後は松本市
20450,長野県,山形村,ながのけん,やまがたむら,,,20450,,,
20451,長野県,朝日村,ながのけん,あさひむら,,,20451,,,
20452,長野県,筑北村,ながのけん,ちくほくむら,,,20452,,,
20461,長野県,豊科町,ながのけん,とよしなまち,欠番,2005-10-01,20220,安曇野市,あづみのし,合併後は安曇野市
20462,長野県,穂高町,ながのけん,ほたかまち,欠番,2005-10-01,20220,安曇野市,あづみのし,合併後は安曇野市
20463,長野県,奈川村,ながのけん,ながわむら,欠番,2005-04-01,20202,松本市,まつもとし,合併後は松本市
20464,長野県,安曇村,ながのけん,あづみむら,欠番,2005-04-01,20202,松本市,まつもとし,合併後は松本市
20465,長野県,梓川村,ながのけん,あずさがわむら,欠番,2005-04-01,20202,松本市,まつもとし,合併後は松本市
20466,長野県,三郷村,ながのけん,みさとむら,欠番,2005-10-01,20220,安曇野市,あづみのし,合併後は安曇野市
20467,長野県,堀金村,ながのけん,ほりがねむら,欠番,2005-10-01,20220,安曇野市,あづみのし,合併後は安曇野市
20481,長野県,池田町,ながのけん,いけだまち,,,20481,,,
20482,長野県,松川村,ながのけん,まつかわむら,,,20482,,,
20483,長野県,八坂村,ながのけん,やさかむら,欠番,2006-01-01,20212,大町市,おおまちし,合併後は大町市
20484,長野県,美麻村,ながのけん,みあさむら,欠番,2006-01-01,20212,大町市,おおまちし,合併後は大町市
20485,長野県,白馬村,ながのけん,はくばむら,,,20485,,,
20486,長野県,小谷村,ながのけん,おたりむら,,,20486,,,
20521,長野県,坂城町,ながのけん,さかきまち,,,20521,,,
20541,長野県,小布施町,ながのけん,おぶせまち,,,20541,,,
20543,長野県,高山村,ながのけん,たかやまむら,,,20543,,,
20561,長野県,山ノ内町,ながのけん,やまのうちまち,,,20561,,,
20562,長野県,木島平村,ながのけん,きじまだいらむら,,,20562,,,
20563,長野県,野沢温泉村,ながのけん,のざわおんせんむら,,,20563,,,
20581,長野県,信州新町,ながのけん,しんしゅうしんまち,欠番,2010-01-01,20201,長野市,ながのし,合併後は長野市
20583,長野県,信濃町,ながのけん,しなのまち,,,20583,,,
20584,長野県,牟礼村,ながのけん,むれむら,欠番,2005-10-01,20590,飯綱町,いいづなまち,合併後は飯綱町
20585,長野県,三水村,ながのけん,さみずむら,欠番,2005-10-01,20590,飯綱町,いいづなまち,合併後は飯綱町
20588,長野県,小川村,ながのけん,おがわむら,,,20588,,,
20589,長野県,中条村,ながのけん,なかじょうむら,欠番,2010-01-01,20201,長野市,ながのし,合併後は長野市
20590,長野県,飯綱町,ながのけん,いいづなまち,,,20590,,,
20601,長野県,豊田村,ながのけん,とよたむら,欠番,2005-04-01,20211,中野市,なかのし,合併後は中野市
20602,長野県,栄村,ながのけん,さかえむら,,,20602,,,
21000,岐阜県,,ぎふけん,,,,21000,,,
21201,岐阜県,岐阜市,ぎふけん,ぎふし,,,21201,,,
21202,岐阜県,大垣市,ぎふけん,おおがきし,,,21202,,,
21203,岐阜県,高山市,ぎふけん,たかやまし,,,21203,,,
21204,岐阜県,多治見市,ぎふけん,たじみし,,,21204,,,
21205,岐阜県,関市,ぎふけん,せきし,,,21205,,,
21206,岐阜県,中津川市,ぎふけん,なかつがわし,,,21206,,,
21207,岐阜県,美濃市,ぎふけん,みのし,,,21207,,,
21208,岐阜県,瑞浪市,ぎふけん,みずなみし,,,21208,,,
21209,岐阜県,羽島市,ぎふけん,はしまし,,,21209,,,
21210,岐阜県,恵那市,ぎふけん,えなし,,,21210,,,
21211,岐阜県,美濃加茂市,ぎふけん,みのかもし,,,21211,,,
21212,岐阜県,土岐市,ぎふけん,ときし,,,21212,,,
21213,岐阜県,各務原市,ぎふけん,かかみがはらし,,,21213,,,
21214,岐阜県,可児市,ぎふけん,かにし,,,21214,,,
21215,岐阜県,山県市,ぎふけん,やまがたし,,,21215,,,
21216,岐阜県,瑞穂市,ぎふけん,みずほし,,,21216,,,
21217,岐阜県,飛騨市,ぎふけん,ひだし,,,21217,,,
21218,岐阜県,本巣市,ぎふけん,もとすし,,,21218,,,
21219,岐阜県,郡上市,ぎふけん,ぐじょうし,,,21219,,,
21220,岐阜県,下呂市,ぎふけん,げろし,,,21220,,,
21221,岐阜県,海津市,ぎふけん,かいづし,,,21221,,,
21302,岐阜県,岐南町,ぎふけん,ぎなんちょう,,,21302,,,
21303,岐阜県,笠松町,ぎふけん,かさまつちょう,,,21303,,,
21304,岐阜県,柳津町,ぎふけん,やないづちょう,欠番,2006-01-01,21201,岐阜市,ぎふし,合併後は岐阜市
21341,岐阜県,養老町,ぎふけん,ようろうちょう,,,21341,,,
21342,岐阜県,上石津町,ぎふけん,かみいしづちょう,欠番,2006-03-27,21202,大垣市,おおがきし,合併後は大垣市
21361,岐阜県,垂井町,ぎふけん,たるいちょう,,,21361,,,
21362,岐阜県,関ケ原町,ぎふけん,せきがはらちょう,,,21362,,,
21381,岐阜県,神戸町,ぎふけん,ごうどちょう,,,21381,,,
21382,岐阜県,輪之内町,ぎふけん,わのうちちょう,,,21382,,,
21383,岐阜県,安八町,ぎふけん,あんぱちちょう,,,21383,,,
21384,岐阜県,墨俣町,ぎふけん,すのまたちょう,欠番,2006-03-27,21202,大垣市,おおがきし,合併後は大垣市
21401,岐阜県,揖斐川町,ぎふけん,いびがわちょう,,,21401,,,
21403,岐阜県,大野町,ぎふけん,おおのちょう,,,21403,,,
21404,岐阜県,池田町,ぎふけん,いけだちょう,,,21404,,,
21421,岐阜県,北方町,ぎふけん,きたがたちょう,,,21421,,,
21501,岐阜県,坂祝町,ぎふけん,さかほぎちょう,,,21501,,,
21502,岐阜県,富加町,ぎふけん,とみかちょう,,,21502,,,
21503,岐阜県,川辺町,ぎふけん,かわべちょう,,,21503,,,
21504,岐阜県,七宗町,ぎふけん,ひちそうちょう,,,21504,,,
21505,岐阜県,八百津町,ぎふけん,やおつちょう,,,21505,,,
21506,岐阜県,白川町,ぎふけん,しらかわちょう,,,21506,,,
21507,岐阜県,東白川村,ぎふけん,ひがししらかわむら,,,21507,,,
21521,岐阜県,御嵩町,ぎふけん,みたけちょう,,,21521,,,
21523,岐阜県,兼山町,ぎふけん,かねやまちょう,欠番,2005-05-01,21214,可児市,かにし,合併後は可児市
21541,岐阜県,笠原町,ぎふけん,かさはらちょう,欠番,2006-01-23,21204,多治見市,たじみし,合併後は多治見市
21604,岐阜県,白川村,ぎふけん,しらかわむら,,,21604,,,
22000,静岡県,,しずおかけん,,,,22000,,,
22100,静岡県,静岡市,しずおかけん,しずおかし,,,22100,,,
22101,静岡県,静岡市葵区,しずおかけん,しずおかしあおいく,,,22101,,,
22102,静岡県,静岡市駿河区,しずおかけん,しずおかしするがく,,,22102,,,
22103,静岡県,静岡市清水区,しずおかけん,しずおかししみずく,,,22103,,,
22130,静岡県,浜松市,しずおかけん,はままつし,,,22130,,,
22131,静岡県,浜松市中区,しずおかけん,はままつしなかく,欠番,2024-01-01,22138,浜松市中央区,はままつしちゅうおうく,行政区再編後は浜松市中央区
22132,静岡県,浜松市東区,しずおかけん,はままつしひがしく,欠番,2024-01-01,22138,浜松市中央区,はままつしちゅうおうく,行政区再編後は浜松市中央区
22133,静岡県,浜松市西区,しずおかけん,はままつしにしく,欠番,2024-01-01,22138,浜松市中央区,はままつしちゅうおうく,行政区再編後は浜松市中央区
22134,静岡県,浜松市南区,しずおかけん,はままつしみなみく,欠番,2024-01-01,22138,浜松市中央区,はままつしちゅうおうく,行政区再編後は浜松市中央区
22135,静岡県,浜松市北区,しずおかけん,はままつしきたく,欠番,2024-01-01,22138,浜松市中央区,はままつしちゅうおうく,行政区再編後は浜松市中央区（三方原地区の区域）
22135,静岡県,浜松市北区,しずおかけん,はままつしきたく,欠番,2024-01-01,22139,浜松市浜名区,はままつしはまなく,行政区再編後は浜松市浜名区（三方原地区以外の区域）
22136,静岡県,浜松市浜北区,しずおかけん,はままつしはまきたく,欠番,2024-01-01,22139,浜松市浜名区,はままつしはまなく,行政区再編後は浜松市浜名区
22137,静岡県,浜松市天竜区,しずおかけん,はままつしてんりゅうく,欠番,2024-01-01,22140,浜松市天竜区,はままつしてんりゅうく,行政区再編後は浜松市天竜区（区域及び名称に変更無し）
22138,静岡県,浜松市中央区,しずおかけん,はままつしちゅうおうく,,,22138,,,
22139,静岡県,浜松市浜名区,しずおかけん,はままつしはまなく,,,22139,,,
22140,静岡県,浜松市天竜区,しずおかけん,はままつしてんりゅうく,,,22140,,,
22201,静岡県,静岡市,しずおかけん,しずおかし,欠番,2005-04-01,22100,静岡市,しずおかし,政令指定都市へ移行
22202,静岡県,浜松市,しずおかけん,はままつし,欠番,2007-04-01,22130,浜松市,はままつし,政令指定都市へ移行
22203,静岡県,沼津市,しずおかけん,ぬまづし,,,22203,,,
22205,静岡県,熱海市,しずおかけん,あたみし,,,22205,,,
22206,静岡県,三島市,しずおかけん,みしまし,,,22206,,,
22207,静岡県,富士宮市,しずおかけん,ふじのみやし,,,22207,,,
22208,静岡県,伊東市,しずおかけん,いとうし,,,22208,,,
22209,静岡県,島田市,しずおかけん,しまだし,,,22209,,,
22210,静岡県,富士市,しずおかけん,ふじし,,,22210,,,
22211,静岡県,磐田市,しずおかけん,いわたし,,,22211,,,
22212,静岡県,焼津市,しずおかけん,やいづし,,,22212,,,
22213,静岡県,掛川市,しずおかけん,かけがわし,,,22213,,,
22214,静岡県,藤枝市,しずおかけん,ふじえだし,,,22214,,,
22215,静岡県,御殿場市,しずおかけん,ごてんばし,,,22215,,,
22216,静岡県,袋井市,しずおかけん,ふくろいし,,,22216,,,
22217,静岡県,天竜市,しずおかけん,てんりゅうし,欠番,2005-07-01,22202,浜松市,はままつし,合併後は浜松市
22218,静岡県,浜北市,しずおかけん,はまきたし,欠番,2005-07-01,22202,浜松市,はままつし,合併後は浜松市
22219,静岡県,下田市,しずおかけん,しもだし,,,22219,,,
22220,静岡県,裾野市,しずおかけん,すそのし,,,22220,,,
22221,静岡県,湖西市,しずおかけん,こさいし,,,22221,,,
22222,静岡県,伊豆市,しずおかけん,いずし,,,22222,,,
22223,静岡県,御前崎市,しずおかけん,おまえざきし,,,22223,,,
22224,静岡県,菊川市,しずおかけん,きくがわし,,,22224,,,
22225,静岡県,伊豆の国市,しずおかけん,いずのくにし,,,22225,,,
22226,静岡県,牧之原市,しずおかけん,まきのはらし,,,22226,,,
22301,静岡県,東伊豆町,しずおかけん,ひがしいずちょう,,,22301,,,
22302,静岡県,河津町,しずおかけん,かわづちょう,,,22302,,,
22304,静岡県,南伊豆町,しずおかけん,みなみいずちょう,,,22304,,,
22305,静岡県,松崎町,しずおかけん,まつざきちょう,,,22305,,,
22306,静岡県,西伊豆町,しずおかけん,にしいずちょう,,,22306,,,
22307,静岡県,賀茂村,しずおかけん,かもむら,欠番,2005-04-01,22306,西伊豆町,にしいずちょう,合併後は西伊豆町
22321,静岡県,伊豆長岡町,しずおかけん,いずながおかちょう,欠番,2005-04-01,22225,伊豆の国市,いずのくにし,合併後は伊豆の国市
22323,静岡県,戸田村,しずおかけん,へだむら,欠番,2005-04-01,22203,沼津市,ぬまづし,合併後は沼津市
22325,静岡県,函南町,しずおかけん,かんなみちょう,,,22325,,,
22326,静岡県,韮山町,しずおかけん,にらやまちょう,欠番,2005-04-01,22225,伊豆の国市,いずのくにし,合併後は伊豆の国市
22327,静岡県,大仁町,しずおかけん,おおひとちょう,欠番,2005-04-01,22225,伊豆の国市,いずのくにし,合併後は伊豆の国市
22341,静岡県,清水町,しずおかけん,しみずちょう,,,22341,,,
22342,静岡県,長泉町,しずおかけん,ながいずみちょう,,,22342,,,
22344,静岡県,小山町,しずおかけん,おやまちょう,,,22344,,,
22361,静岡県,芝川町,しずおかけん,しばかわちょう,欠番,2010-03-23,22207,富士宮市,ふじのみやし,合併後は富士宮市
22381,静岡県,富士川町,しずおかけん,ふじかわちょう,欠番,2008-11-01,22210,富士市,ふじし,合併後は富士市
22382,静岡県,蒲原町,しずおかけん,かんばらちょう,欠番,2006-03-31,22100,静岡市,しずおかし,合併後は静岡市
22383,静岡県,由比町,しずおかけん,ゆいちょう,欠番,,22100,静岡市,しずおかし,合併後は静岡市
22401,静岡県,岡部町,しずおかけん,おかべちょう,欠番,2009-01-01,22214,藤枝市,ふじえだし,合併後は藤枝市
22402,静岡県,大井川町,しずおかけん,おおいがわちょう,欠番,2008-11-01,22212,焼津市,やいづし,合併後は焼津市
22422,静岡県,相良町,しずおかけん,さがらちょう,欠番,2005-10-11,22226,牧之原市,まきのはらし,合併後は牧之原市
22423,静岡県,榛原町,しずおかけん,はいばらちょう,欠番,2005-10-11,22226,牧之原市,まきのはらし,合併後は牧之原市
22424,静岡県,吉田町,しずおかけん,よしだちょう,,,22424,,,
22425,静岡県,金谷町,しずおかけん,かなやちょう,欠番,2005-05-05,22209,島田市,しまだし,合併後は島田市
22426,静岡県,川根町,しずおかけん,かわねちょう,欠番,,22209,島田市,しまだし,合併後は島田市
22427,静岡県,中川根町,しずおかけん,なかかわねちょう,欠番,2005-09-20,22429,川根本町,かわねほんちょう,合併後は川根本町
22428,静岡県,本川根町,しずおかけん,ほんかわねちょう,欠番,2005-09-20,22429,川根本町,かわねほんちょう,合併後は川根本町
22429,静岡県,川根本町,しずおかけん,かわねほんちょう,,,22429,,,
22442,静岡県,大須賀町,しずおかけん,おおすかちょう,欠番,2005-04-01,22213,掛川市,かけがわし,合併後は掛川市
22447,静岡県,大東町,しずおかけん,だいとうちょう,欠番,2005-04-01,22213,掛川市,かけがわし,合併後は掛川市
22461,静岡県,森町,しずおかけん,もりまち,,,22461,,,
22462,静岡県,春野町,しずおかけん,はるのちょう,欠番,2005-07-01,22202,浜松市,はままつし,合併後は浜松市
22481,静岡県,浅羽町,しずおかけん,あさばちょう,欠番,2005-04-01,22216,袋井市,ふくろいし,合併後は袋井市
22482,静岡県,福田町,しずおかけん,ふくでちょう,欠番,2005-04-01,22211,磐田市,いわたし,合併後は磐田市
22483,静岡県,竜洋町,しずおかけん,りゅうようちょう,欠番,2005-04-01,22211,磐田市,いわたし,合併後は磐田市
22484,静岡県,豊田町,しずおかけん,とよだちょう,欠番,2005-04-01,22211,磐田市,いわたし,合併後は磐田市
22485,静岡県,豊岡村,しずおかけん,とよおかむら,欠番,2005-04-01,22211,磐田市,いわたし,合併後は磐田市
22486,静岡県,龍山村,しずおかけん,たつやまむら,欠番,2005-07-01,22202,浜松市,はままつし,合併後は浜松市
22487,静岡県,佐久間町,しずおかけん,さくまちょう,欠番,2005-07-01,22202,浜松市,はままつし,合併後は浜松市
22488,静岡県,水窪町,しずおかけん,みさくぼちょう,欠番,2005-07-01,22202,浜松市,はままつし,合併後は浜松市
22502,静岡県,舞阪町,しずおかけん,まいさかちょう,欠番,2005-07-01,22202,浜松市,はままつし,合併後は浜松市
22503,静岡県,新居町,しずおかけん,あらいちょう,欠番,2010-03-23,22221,湖西市,こさいし,合併後は湖西市
22505,静岡県,雄踏町,しずおかけん,ゆうとうちょう,欠番,2005-07-01,22202,浜松市,はままつし,合併後は浜松市
22521,静岡県,細江町,しずおかけん,ほそえちょう,欠番,2005-07-01,22202,浜松市,はままつし,合併後は浜松市
22522,静岡県,引佐町,しずおかけん,いなさちょう,欠番,2005-07-01,22202,浜松市,はままつし,合併後は浜松市
22523,静岡県,三ヶ日町,しずおかけん,みっかびちょう,欠番,2005-07-01,22202,浜松市,はままつし,合併後は浜松市
23000,愛知県,,あいちけん,,,,23000,,,
23100,愛知県,名古屋市,あいちけん,なごやし,,,23100,,,
23101,愛知県,名古屋市千種区,あいちけん,なごやしちくさく,,,23101,,,
23102,愛知県,名古屋市東区,あいちけん,なごやしひがしく,,,23102,,,
23103,愛知県,名古屋市北区,あいちけん,なごやしきたく,,,23103,,,
23104,愛知県,名古屋市西区,あいちけん,なごやしにしく,,,23104,,,
23105,愛知県,名古屋市中村区,あいちけん,なごやしなかむらく,,,23105,,,
23106,愛知県,名古屋市中区,あいちけん,なごやしなかく,,,23106,,,
23107,愛知県,名古屋市昭和区,あいちけん,なごやししょうわく,,,23107,,,
23108,愛知県,名古屋市瑞穂区,あいちけん,なごやしみずほく,,,23108,,,
23109,愛知県,名古屋市熱田区,あいちけん,なごやしあつたく,,,23109,,,
23110,愛知県,名古屋市中川区,あいちけん,なごやしなかがわく,,,23110,,,
23111,愛知県,名古屋市港区,あいちけん,なごやしみなとく,,,23111,,,
23112,愛知県,名古屋市南区,あいちけん,なごやしみなみく,,,23112,,,
23113,愛知県,名古屋市守山区,あいちけん,なごやしもりやまく,,,23113,,,
23114,愛知県,名古屋市緑区,あいちけん,なごやしみどりく,,,23114,,,
23115,愛知県,名古屋市名東区,あいちけん,なごやしめいとうく,,,23115,,,
23116,愛知県,名古屋市天白区,あいちけん,なごやしてんぱくく,,,23116,,,
23201,愛知県,豊橋市,あいちけん,とよはしし,,,23201,,,
23202,愛知県,岡崎市,あいちけん,おかざきし,,,23202,,,
23203,愛知県,一宮市,あいちけん,いちのみやし,,,23203,,,
23204,愛知県,瀬戸市,あいちけん,せとし,,,23204,,,
23205,愛知県,半田市,あいちけん,はんだし,,,23205,,,
23206,愛知県,春日井市,あいちけん,かすがいし,,,23206,,,
23207,愛知県,豊川市,あいちけん,とよかわし,,,23207,,,
23208,愛知県,津島市,あいちけん,つしまし,,,23208,,,
23209,愛知県,碧南市,あいちけん,へきなんし,,,23209,,,
23210,愛知県,刈谷市,あいちけん,かりやし,,,23210,,,
23211,愛知県,豊田市,あいちけん,とよたし,,,23211,,,
23212,愛知県,安城市,あいちけん,あんじょうし,,,23212,,,
23213,愛知県,西尾市,あいちけん,にしおし,,,23213,,,
23214,愛知県,蒲郡市,あいちけん,がまごおりし,,,23214,,,
23215,愛知県,犬山市,あいちけん,いぬやまし,,,23215,,,
23216,愛知県,常滑市,あいちけん,とこなめし,,,23216,,,
23217,愛知県,江南市,あいちけん,こうなんし,,,23217,,,
23218,愛知県,尾西市,あいちけん,びさいし,欠番,2005-04-01,23203,一宮市,いちのみやし,合併後は一宮市
23219,愛知県,小牧市,あいちけん,こまきし,,,23219,,,
23220,愛知県,稲沢市,あいちけん,いなざわし,,,23220,,,
23221,愛知県,新城市,あいちけん,しんしろし,,,23221,,,
23222,愛知県,東海市,あいちけん,とうかいし,,,23222,,,
23223,愛知県,大府市,あいちけん,おおぶし,,,23223,,,
23224,愛知県,知多市,あいちけん,ちたし,,,23224,,,
23225,愛知県,知立市,あいちけん,ちりゅうし,,,23225,,,
23226,愛知県,尾張旭市,あいちけん,おわりあさひし,,,23226,,,
23227,愛知県,高浜市,あいちけん,たかはまし,,,23227,,,
23228,愛知県,岩倉市,あいちけん,いわくらし,,,23228,,,
23229,愛知県,豊明市,あいちけん,とよあけし,,,23229,,,
23230,愛知県,日進市,あいちけん,にっしんし,,,23230,,,
23231,愛知県,田原市,あいちけん,たはらし,,,23231,,,
23232,愛知県,愛西市,あいちけん,あいさいし,,,23232,,,
23233,愛知県,清須市,あいちけん,きよすし,,,23233,,,
23234,愛知県,北名古屋市,あいちけん,きたなごやし,,,23234,,,
23235,愛知県,弥富市,あいちけん,やとみし,,,23235,,,
23236,愛知県,みよし市,あいちけん,みよしし,,,23236,,,
23237,愛知県,あま市,あいちけん,あまし,,,23237,,,
23238,愛知県,長久手市,あいちけん,ながくてし,,,23238,,,
23302,愛知県,東郷町,あいちけん,とうごうちょう,,,23302,,,
23304,愛知県,長久手町,あいちけん,ながくてちょう,欠番,,23238,長久手市,ながくてし,市制施行
23341,愛知県,西枇杷島町,あいちけん,にしびわじまちょう,欠番,2005-07-07,23233,清須市,きよすし,合併後は清須市
23342,愛知県,豊山町,あいちけん,とよやまちょう,,,23342,,,
23343,愛知県,師勝町,あいちけん,しかつちょう,欠番,2006-03-20,23234,北名古屋市,きたなごやし,合併後は北名古屋市
23344,愛知県,西春町,あいちけん,にしはるちょう,欠番,2006-03-20,23234,北名古屋市,きたなごやし,合併後は北名古屋市
23345,愛知県,春日町,あいちけん,はるひちょう,欠番,2009-10-01,23233,清須市,きよすし,合併後は清須市
23346,愛知県,清洲町,あいちけん,きよすちょう,欠番,2005-07-07,23233,清須市,きよすし,合併後は清須市
23347,愛知県,新川町,あいちけん,しんかわちょう,欠番,2005-07-07,23233,清須市,きよすし,合併後は清須市
23361,愛知県,大口町,あいちけん,おおぐちちょう,,,23361,,,
23362,愛知県,扶桑町,あいちけん,ふそうちょう,,,23362,,,
23381,愛知県,木曽川町,あいちけん,きそがわちょう,欠番,2005-04-01,23203,一宮市,いちのみやし,合併後は一宮市
23401,愛知県,祖父江町,あいちけん,そぶえちょう,欠番,2005-04-01,23220,稲沢市,いなざわし,合併後は稲沢市
23402,愛知県,平和町,あいちけん,へいわちょう,欠番,2005-04-01,23220,稲沢市,いなざわし,合併後は稲沢市
23421,愛知県,七宝町,あいちけん,しっぽうちょう,欠番,2010-03-22,23237,あま市,あまし,合併後はあま市
23422,愛知県,美和町,あいちけん,みわちょう,欠番,2010-03-22,23237,あま市,あまし,合併後はあま市
23423,愛知県,甚目寺町,あいちけん,じもくじちょう,欠番,2010-03-22,23237,あま市,あまし,合併後はあま市
23424,愛知県,大治町,あいちけん,おおはるちょう,,,23424,,,
23425,愛知県,蟹江町,あいちけん,かにえちょう,,,23425,,,
23426,愛知県,十四山村,あいちけん,じゅうしやまむら,欠番,2006-04-01,23235,弥富市,やとみし,合併後は弥富町　弥富町は同日に市制施行し弥富市
23427,愛知県,飛島村,あいちけん,とびしまむら,,,23427,,,
23428,愛知県,弥富町,あいちけん,やとみちょう,欠番,2006-04-01,23235,弥富市,やとみし,市制施行
23429,愛知県,佐屋町,あいちけん,さやちょう,欠番,2005-04-01,23232,愛西市,あいさいし,合併後は愛西市
23430,愛知県,立田村,あいちけん,たつたむら,欠番,2005-04-01,23232,愛西市,あいさいし,合併後は愛西市
23431,愛知県,八開村,あいちけん,はちかいむら,欠番,2005-04-01,23232,愛西市,あいさいし,合併後は愛西市
23432,愛知県,佐織町,あいちけん,さおりちょう,欠番,2005-04-01,23232,愛西市,あいさいし,合併後は愛西市
23441,愛知県,阿久比町,あいちけん,あぐいちょう,,,23441,,,
23442,愛知県,東浦町,あいちけん,ひがしうらちょう,,,23442,,,
23445,愛知県,南知多町,あいちけん,みなみちたちょう,,,23445,,,
23446,愛知県,美浜町,あいちけん,みはまちょう,,,23446,,,
23447,愛知県,武豊町,あいちけん,たけとよちょう,,,23447,,,
23481,愛知県,一色町,あいちけん,いっしきちょう,欠番,,23213,西尾市,にしおし,合併後は西尾市
23482,愛知県,吉良町,あいちけん,きらちょう,欠番,,23213,西尾市,にしおし,合併後は西尾市
23483,愛知県,幡豆町,あいちけん,はずちょう,欠番,,23213,西尾市,にしおし,合併後は西尾市
23501,愛知県,幸田町,あいちけん,こうたちょう,,,23501,,,
23502,愛知県,額田町,あいちけん,ぬかたちょう,欠番,2006-01-01,23202,岡崎市,おかざきし,合併後は岡崎市
23521,愛知県,三好町,あいちけん,みよしちょう,欠番,2010-01-04,23236,みよし市,みよしし,名称変更 市制施行
23522,愛知県,藤岡町,あいちけん,ふじおかちょう,欠番,2005-04-01,23211,豊田市,とよたし,合併後は豊田市
23523,愛知県,小原村,あいちけん,おばらむら,欠番,2005-04-01,23211,豊田市,とよたし,合併後は豊田市
23541,愛知県,足助町,あいちけん,あすけちょう,欠番,2005-04-01,23211,豊田市,とよたし,合併後は豊田市
23543,愛知県,下山村,あいちけん,しもやまむら,欠番,2005-04-01,23211,豊田市,とよたし,合併後は豊田市
23544,愛知県,旭町,あいちけん,あさひちょう,欠番,2005-04-01,23211,豊田市,とよたし,合併後は豊田市
23545,愛知県,稲武町,あいちけん,いなぶちょう,欠番,2005-04-01,23211,豊田市,とよたし,合併後は豊田市
23561,愛知県,設楽町,あいちけん,したらちょう,,,23561,,,
23562,愛知県,東栄町,あいちけん,とうえいちょう,,,23562,,,
23563,愛知県,豊根村,あいちけん,とよねむら,,,23563,,,
23564,愛知県,富山村,あいちけん,とみやまむら,欠番,2005-11-27,23563,豊根村,とよねむら,合併後は豊根村
23565,愛知県,津具村,あいちけん,つぐむら,欠番,2005-10-01,23561,設楽町,したらちょう,合併後は設楽町
23581,愛知県,鳳来町,あいちけん,ほうらいちょう,欠番,2005-10-01,23221,新城市,しんしろし,合併後は新城市
23582,愛知県,作手村,あいちけん,つくでむら,欠番,2005-10-01,23221,新城市,しんしろし,合併後は新城市
23601,愛知県,音羽町,あいちけん,おとわちょう,欠番,,23207,豊川市,とよかわし,合併後は豊川市
23602,愛知県,一宮町,あいちけん,いちのみやちょう,欠番,2006-02-01,23207,豊川市,とよかわし,合併後は豊川市
23603,愛知県,小坂井町,あいちけん,こざかいちょう,欠番,2010-02-01,23207,豊川市,とよかわし,合併後は豊川市
23604,愛知県,御津町,あいちけん,みとちょう,欠番,,23207,豊川市,とよかわし,合併後は豊川市
23623,愛知県,渥美町,あいちけん,あつみちょう,欠番,2005-10-01,23231,田原市,たはらし,合併後は田原市
24000,三重県,,みえけん,,,,24000,,,
24201,三重県,津市,みえけん,つし,,,24201,,,
24202,三重県,四日市市,みえけん,よっかいちし,,,24202,,,
24203,三重県,伊勢市,みえけん,いせし,,,24203,,,
24204,三重県,松阪市,みえけん,まつさかし,,,24204,,,
24205,三重県,桑名市,みえけん,くわなし,,,24205,,,
24207,三重県,鈴鹿市,みえけん,すずかし,,,24207,,,
24208,三重県,名張市,みえけん,なばりし,,,24208,,,
24209,三重県,尾鷲市,みえけん,おわせし,,,24209,,,
24210,三重県,亀山市,みえけん,かめやまし,,,24210,,,
24211,三重県,鳥羽市,みえけん,とばし,,,24211,,,
24212,三重県,熊野市,みえけん,くまのし,,,24212,,,
24213,三重県,久居市,みえけん,ひさいし,欠番,2006-01-01,24201,津市,つし,合併後は津市
24214,三重県,いなべ市,みえけん,いなべし,,,24214,,,
24215,三重県,志摩市,みえけん,しまし,,,24215,,,
24216,三重県,伊賀市,みえけん,いがし,,,24216,,,
24303,三重県,木曽岬町,みえけん,きそさきちょう,,,24303,,,
24324,三重県,東員町,みえけん,とういんちょう,,,24324,,,
24341,三重県,菰野町,みえけん,こものちょう,,,24341,,,
24343,三重県,朝日町,みえけん,あさひちょう,,,24343,,,
24344,三重県,川越町,みえけん,かわごえちょう,,,24344,,,
24381,三重県,河芸町,みえけん,かわげちょう,欠番,2006-01-01,24201,津市,つし,合併後は津市
24382,三重県,芸濃町,みえけん,げいのうちょう,欠番,2006-01-01,24201,津市,つし,合併後は津市
24383,三重県,美里村,みえけん,みさとむら,欠番,2006-01-01,24201,津市,つし,合併後は津市
24384,三重県,安濃町,みえけん,あのうちょう,欠番,2006-01-01,24201,津市,つし,合併後は津市
24402,三重県,香良洲町,みえけん,からすちょう,欠番,2006-01-01,24201,津市,つし,合併後は津市
24403,三重県,一志町,みえけん,いちしちょう,欠番,2006-01-01,24201,津市,つし,合併後は津市
24404,三重県,白山町,みえけん,はくさんちょう,欠番,2006-01-01,24201,津市,つし,合併後は津市
24406,三重県,美杉村,みえけん,みすぎむら,欠番,2006-01-01,24201,津市,つし,合併後は津市
24441,三重県,多気町,みえけん,たきちょう,,,24441,,,
24442,三重県,明和町,みえけん,めいわちょう,,,24442,,,
24443,三重県,大台町,みえけん,おおだいちょう,,,24443,,,
24444,三重県,勢和村,みえけん,せいわむら,欠番,2006-01-01,24441,多気町,たきちょう,合併後は多気町
24445,三重県,宮川村,みえけん,みやがわむら,欠番,2006-01-10,24443,大台町,おおだいちょう,合併後は大台町
24461,三重県,玉城町,みえけん,たまきちょう,,,24461,,,
24462,三重県,二見町,みえけん,ふたみちょう,欠番,2005-11-01,24203,伊勢市,いせし,合併後は伊勢市
24463,三重県,小俣町,みえけん,おばたちょう,欠番,2005-11-01,24203,伊勢市,いせし,合併後は伊勢市
24464,三重県,南勢町,みえけん,なんせいちょう,欠番,2005-10-01,24472,南伊勢町,みなみいせちょう,合併後は南伊勢町
24465,三重県,南島町,みえけん,なんとうちょう,欠番,2005-10-01,24472,南伊勢町,みなみいせちょう,合併後は南伊勢町
24468,三重県,御薗村,みえけん,みそのむら,欠番,2005-11-01,24203,伊勢市,いせし,合併後は伊勢市
24470,三重県,度会町,みえけん,わたらいちょう,,,24470,,,
24471,三重県,大紀町,みえけん,たいきちょう,,,24471,,,
24472,三重県,南伊勢町,みえけん,みなみいせちょう,,,24472,,,
24541,三重県,紀伊長島町,みえけん,きいながしまちょう,欠番,2005-10-11,24543,紀北町,きほくちょう,合併後は紀北町
24542,三重県,海山町,みえけん,みやまちょう,欠番,2005-10-11,24543,紀北町,きほくちょう,合併後は紀北町
24543,三重県,紀北町,みえけん,きほくちょう,,,24543,,,
24561,三重県,御浜町,みえけん,みはまちょう,,,24561,,,
24562,三重県,紀宝町,みえけん,きほうちょう,,,24562,,,
24563,三重県,紀和町,みえけん,きわちょう,欠番,2005-11-01,24212,熊野市,くまのし,合併後は熊野市
24564,三重県,鵜殿村,みえけん,うどのむら,欠番,2006-01-10,24562,紀宝町,きほうちょう,合併後は紀宝町
25000,滋賀県,,しがけん,,,,25000,,,
25201,滋賀県,大津市,しがけん,おおつし,,,25201,,,
25202,滋賀県,彦根市,しがけん,ひこねし,,,25202,,,
25203,滋賀県,長浜市,しがけん,ながはまし,,,25203,,,
25204,滋賀県,近江八幡市,しがけん,おうみはちまんし,,,25204,,,
25206,滋賀県,草津市,しがけん,くさつし,,,25206,,,
25207,滋賀県,守山市,しがけん,もりやまし,,,25207,,,
25208,滋賀県,栗東市,しがけん,りっとうし,,,25208,,,
25209,滋賀県,甲賀市,しがけん,こうかし,,,25209,,,
25210,滋賀県,野洲市,しがけん,やすし,,,25210,,,
25211,滋賀県,湖南市,しがけん,こなんし,,,25211,,,
25212,滋賀県,高島市,しがけん,たかしまし,,,25212,,,
25213,滋賀県,東近江市,しがけん,ひがしおうみし,,,25213,,,
25214,滋賀県,米原市,しがけん,まいばらし,,,25214,,,
25301,滋賀県,志賀町,しがけん,しがちょう,欠番,2006-03-20,25201,大津市,おおつし,合併後は大津市
25381,滋賀県,安土町,しがけん,あづちちょう,欠番,2010-03-21,25204,近江八幡市,おうみはちまんし,合併後は近江八幡市
25382,滋賀県,蒲生町,しがけん,がもうちょう,欠番,2006-01-01,25213,東近江市,ひがしおうみし,合併後は東近江市
25383,滋賀県,日野町,しがけん,ひのちょう,,,25383,,,
25384,滋賀県,竜王町,しがけん,りゆうおうちょう,,,25384,,,
25403,滋賀県,能登川町,しがけん,のとがわちょう,欠番,2006-01-01,25213,東近江市,ひがしおうみし,合併後は東近江市
25423,滋賀県,秦荘町,しがけん,はたしょうちょう,欠番,2006-02-13,25425,愛荘町,あいしょうちょう,合併後は愛荘町
25424,滋賀県,愛知川町,しがけん,えちがわちょう,欠番,2006-02-13,25425,愛荘町,あいしょうちょう,合併後は愛荘町
25425,滋賀県,愛荘町,しがけん,あいしょうちょう,,,25425,,,
25441,滋賀県,豊郷町,しがけん,とよさとちょう,,,25441,,,
25442,滋賀県,甲良町,しがけん,こうらちょう,,,25442,,,
25443,滋賀県,多賀町,しがけん,たがちょう,,,25443,,,
25464,滋賀県,近江町,しがけん,おうみちょう,欠番,2005-10-01,25214,米原市,まいばら市,合併後は米原市
25481,滋賀県,浅井町,しがけん,あざいちょう,欠番,2006-02-13,25203,長浜市,ながはまし,合併後は長浜市
25482,滋賀県,虎姫町,しがけん,とらひめちょう,欠番,2010-01-01,25203,長浜市,ながはまし,合併後は長浜市
25483,滋賀県,湖北町,しがけん,こほくちょう,欠番,2010-01-01,25203,長浜市,ながはまし,合併後は長浜市
25484,滋賀県,びわ町,しがけん,びわちょう,欠番,2006-02-13,25203,長浜市,ながはまし,合併後は長浜市
25501,滋賀県,高月町,しがけん,たかつきちょう,欠番,2010-01-01,25203,長浜市,ながはまし,合併後は長浜市
25502,滋賀県,木之本町,しがけん,きのもとちょう,欠番,2010-01-01,25203,長浜市,ながはまし,合併後は長浜市
25503,滋賀県,余呉町,しがけん,よごちょう,欠番,2010-01-01,25203,長浜市,ながはまし,合併後は長浜市
25504,滋賀県,西浅井町,しがけん,にしあざいちょう,欠番,2010-01-01,25203,長浜市,ながはまし,合併後は長浜市
26000,京都府,,きょうとふ,,,,26000,,,
26100,京都府,京都市,きょうとふ,きょうとし,,,26100,,,
26101,京都府,京都市北区,きょうとふ,きょうとしきたく,,,26101,,,
26102,京都府,京都市上京区,きょうとふ,きょうとしかみぎょうく,,,26102,,,
26103,京都府,京都市左京区,きょうとふ,きょうとしさきょうく,,,26103,,,
26104,京都府,京都市中京区,きょうとふ,きょうとしなかぎょうく,,,26104,,,
26105,京都府,京都市東山区,きょうとふ,きょうとしひがしやまく,,,26105,,,
26106,京都府,京都市下京区,きょうとふ,きょうとししもぎょうく,,,26106,,,
26107,京都府,京都市南区,きょうとふ,きょうとしみなみく,,,26107,,,
26108,京都府,京都市右京区,きょうとふ,きょうとしうきょうく,,,26108,,,
26109,京都府,京都市伏見区,きょうとふ,きょうとしふしみく,,,26109,,,
26110,京都府,京都市山科区,きょうとふ,きょうとしやましなく,,,26110,,,
26111,京都府,京都市西京区,きょうとふ,きょうとしにしきょうく,,,26111,,,
26201,京都府,福知山市,きょうとふ,ふくちやまし,,,26201,,,
26202,京都府,舞鶴市,きょうとふ,まいづるし,,,26202,,,
26203,京都府,綾部市,きょうとふ,あやべし,,,26203,,,
26204,京都府,宇治市,きょうとふ,うじし,,,26204,,,
26205,京都府,宮津市,きょうとふ,みやづし,,,26205,,,
26206,京都府,亀岡市,きょうとふ,かめおかし,,,26206,,,
26207,京都府,城陽市,きょうとふ,じょうようし,,,26207,,,
26208,京都府,向日市,きょうとふ,むこうし,,,26208,,,
26209,京都府,長岡京市,きょうとふ,ながおかきょうし,,,26209,,,
26210,京都府,八幡市,きょうとふ,やわたし,,,26210,,,
26211,京都府,京田辺市,きょうとふ,きょうたなべし,,,26211,,,
26212,京都府,京丹後市,きょうとふ,きょうたんごし,,,26212,,,
26213,京都府,南丹市,きょうとふ,なんたんし,,,26213,,,
26214,京都府,木津川市,きょうとふ,きづがわし,,,26214,,,
26303,京都府,大山崎町,きょうとふ,おおやまざきちょう,,,26303,,,
26322,京都府,久御山町,きょうとふ,くみやまちょう,,,26322,,,
26343,京都府,井手町,きょうとふ,いでちょう,,,26343,,,
26344,京都府,宇治田原町,きょうとふ,うじたわらちょう,,,26344,,,
26361,京都府,山城町,きょうとふ,やましろちょう,欠番,2007-03-12,26214,木津川市,きづがわし,合併後は木津川市
26362,京都府,木津町,きょうとふ,きづちょう,欠番,2007-03-12,26214,木津川市,きづがわし,合併後は木津川市
26363,京都府,加茂町,きょうとふ,かもちょう,欠番,2007-03-12,26214,木津川市,きづがわし,合併後は木津川市
26364,京都府,笠置町,きょうとふ,かさぎちょう,,,26364,,,
26365,京都府,和束町,きょうとふ,わづかちょう,,,26365,,,
26366,京都府,精華町,きょうとふ,せいかちょう,,,26366,,,
26367,京都府,南山城村,きょうとふ,みなみやましろむら,,,26367,,,
26381,京都府,京北町,きょうとふ,けいほくちょう,欠番,2005-04-01,26100,京都市,きょうとし,合併後は京都市
26382,京都府,美山町,きょうとふ,みやまちょう,欠番,2006-01-01,26213,南丹市,なんたんし,合併後は南丹市
26401,京都府,園部町,きょうとふ,そのべちょう,欠番,2006-01-01,26213,南丹市,なんたんし,合併後は南丹市
26402,京都府,八木町,きょうとふ,やぎちょう,欠番,2006-01-01,26213,南丹市,なんたんし,合併後は南丹市
26403,京都府,丹波町,きょうとふ,たんばちょう,欠番,2005-10-11,26407,京丹波町,きょうたんばちょう,合併後は京丹波町
26404,京都府,日吉町,きょうとふ,ひよしちょう,欠番,2006-01-01,26213,南丹市,なんたんし,合併後は南丹市
26405,京都府,瑞穂町,きょうとふ,みずほちょう,欠番,2005-10-11,26407,京丹波町,きょうたんばちょう,合併後は京丹波町
26406,京都府,和知町,きょうとふ,わちちょう,欠番,2005-10-11,26407,京丹波町,きょうたんばちょう,合併後は京丹波町
26407,京都府,京丹波町,きょうとふ,きょうたんばちょう,,,26407,,,
26421,京都府,三和町,きょうとふ,みわちょう,欠番,2006-01-01,26201,福知山市,ふくちやまし,合併後は福知山市
26422,京都府,夜久野町,きょうとふ,やくのちょう,欠番,2006-01-01,26201,福知山市,ふくちやまし,合併後は福知山市
26441,京都府,大江町,きょうとふ,おおえちょう,欠番,2006-01-01,26201,福知山市,ふくちやまし,合併後は福知山市
26461,京都府,加悦町,きょうとふ,かやちょう,欠番,2006-03-01,26465,与謝野町,よさのちょう,合併後は与謝野町
26462,京都府,岩滝町,きょうとふ,いわたきちょう,欠番,2006-03-01,26465,与謝野町,よさのちょう,合併後は与謝野町
26463,京都府,伊根町,きょうとふ,いねちょう,,,26463,,,
26464,京都府,野田川町,きょうとふ,のだがわちょう,欠番,2006-03-01,26465,与謝野町,よさのちょう,合併後は与謝野町
26465,京都府,与謝野町,きょうとふ,よさのちょう,,,26465,,,
27000,大阪府,,おおさかふ,,,,27000,,,
27100,大阪府,大阪市,おおさかふ,おおさかし,,,27100,,,
27102,大阪府,大阪市都島区,おおさかふ,おおさかしみやこじまく,,,27102,,,
27103,大阪府,大阪市福島区,おおさかふ,おおさかしふくしまく,,,27103,,,
27104,大阪府,大阪市此花区,おおさかふ,おおさかしこのはなく,,,27104,,,
27106,大阪府,大阪市西区,おおさかふ,おおさかしにしく,,,27106,,,
27107,大阪府,大阪市港区,おおさかふ,おおさかしみなとく,,,27107,,,
27108,大阪府,大阪市大正区,おおさかふ,おおさかしたいしょうく,,,27108,,,
27109,大阪府,大阪市天王寺区,おおさかふ,おおさかしてんのうじく,,,27109,,,
27111,大阪府,大阪市浪速区,おおさかふ,おおさかしなにわく,,,27111,,,
27113,大阪府,大阪市西淀川区,おおさかふ,おおさかしにしよどがわく,,,27113,,,
27114,大阪府,大阪市東淀川区,おおさかふ,おおさかしひがしよどがわく,,,27114,,,
27115,大阪府,大阪市東成区,おおさかふ,おおさかしひがしなりく,,,27115,,,
27116,大阪府,大阪市生野区,おおさかふ,おおさかしいくのく,,,27116,,,
27117,大阪府,大阪市旭区,おおさかふ,おおさかしあさひく,,,27117,,,
27118,大阪府,大阪市城東区,おおさかふ,おおさかしじょうとうく,,,27118,,,
27119,大阪府,大阪市阿倍野区,おおさかふ,おおさかしあべのく,,,27119,,,
27120,大阪府,大阪市住吉区,おおさかふ,おおさかしすみよしく,,,27120,,,
27121,大阪府,大阪市東住吉区,おおさかふ,おおさかしひがしすみよしく,,,27121,,,
27122,大阪府,大阪市西成区,おおさかふ,おおさかしにしなりく,,,27122,,,
27123,大阪府,大阪市淀川区,おおさかふ,おおさかしよどがわく,,,27123,,,
27124,大阪府,大阪市鶴見区,おおさかふ,おおさかしつるみく,,,27124,,,
27125,大阪府,大阪市住之江区,おおさかふ,おおさかしすみのえく,,,27125,,,
27126,大阪府,大阪市平野区,おおさかふ,おおさかしひらのく,,,27126,,,
27127,大阪府,大阪市北区,おおさかふ,おおさかしきたく,,,27127,,,
27128,大阪府,大阪市中央区,おおさかふ,おおさかしちゅうおうく,,,27128,,,
27140,大阪府,堺市,おおさかふ,さかいし,,,27140,,,
27141,大阪府,堺市堺区,おおさかふ,さかいしさかいく,,,27141,,,
27142,大阪府,堺市中区,おおさかふ,さかいしなかく,,,27142,,,
27143,大阪府,堺市東区,おおさかふ,さかいしひがしく,,,27143,,,
27144,大阪府,堺市西区,おおさかふ,さかいしにしく,,,27144,,,
27145,大阪府,堺市南区,おおさかふ,さかいしみなみく,,,27145,,,
27146,大阪府,堺市北区,おおさかふ,さかいしきたく,,,27146,,,
27147,大阪府,堺市美原区,おおさかふ,さかいしみはらく,,,27147,,,
27201,大阪府,堺市,おおさかふ,さかいし,欠番,2006-04-01,27140,堺市,さかいし,政令指定都市へ移行
27202,大阪府,岸和田市,おおさかふ,きしわだし,,,27202,,,
27203,大阪府,豊中市,おおさかふ,とよなかし,,,27203,,,
27204,大阪府,池田市,おおさかふ,いけだし,,,27204,,,
27205,大阪府,吹田市,おおさかふ,すいたし,,,27205,,,
27206,大阪府,泉大津市,おおさかふ,いずみおおつし,,,27206,,,
27207,大阪府,高槻市,おおさかふ,たかつきし,,,27207,,,
27208,大阪府,貝塚市,おおさかふ,かいづかし,,,27208,,,
27209,大阪府,守口市,おおさかふ,もりぐちし,,,27209,,,
27210,大阪府,枚方市,おおさかふ,ひらかたし,,,27210,,,
27211,大阪府,茨木市,おおさかふ,いばらきし,,,27211,,,
27212,大阪府,八尾市,おおさかふ,やおし,,,27212,,,
27213,大阪府,泉佐野市,おおさかふ,いずみさのし,,,27213,,,
27214,大阪府,富田林市,おおさかふ,とんだばやしし,,,27214,,,
27215,大阪府,寝屋川市,おおさかふ,ねやがわし,,,27215,,,
27216,大阪府,河内長野市,おおさかふ,かわちながのし,,,27216,,,
27217,大阪府,松原市,おおさかふ,まつばらし,,,27217,,,
27218,大阪府,大東市,おおさかふ,だいとうし,,,27218,,,
27219,大阪府,和泉市,おおさかふ,いずみし,,,27219,,,
27220,大阪府,箕面市,おおさかふ,みのおし,,,27220,,,
27221,大阪府,柏原市,おおさかふ,かしわらし,,,27221,,,
27222,大阪府,羽曳野市,おおさかふ,はびきのし,,,27222,,,
27223,大阪府,門真市,おおさかふ,かどまし,,,27223,,,
27224,大阪府,摂津市,おおさかふ,せっつし,,,27224,,,
27225,大阪府,高石市,おおさかふ,たかいしし,,,27225,,,
27226,大阪府,藤井寺市,おおさかふ,ふじいでらし,,,27226,,,
27227,大阪府,東大阪市,おおさかふ,ひがしおおさかし,,,27227,,,
27228,大阪府,泉南市,おおさかふ,せんなんし,,,27228,,,
27229,大阪府,四條畷市,おおさかふ,しじようなわてし,,,27229,,,
27230,大阪府,交野市,おおさかふ,かたのし,,,27230,,,
27231,大阪府,大阪狭山市,おおさかふ,おおさかさやまし,,,27231,,,
27232,大阪府,阪南市,おおさかふ,はんなんし,,,27232,,,
27301,大阪府,島本町,おおさかふ,しまもとちょう,,,27301,,,
27321,大阪府,豊能町,おおさかふ,とよのちょう,,,27321,,,
27322,大阪府,能勢町,おおさかふ,のせちょう,,,27322,,,
27341,大阪府,忠岡町,おおさかふ,ただおかちょう,,,27341,,,
27361,大阪府,熊取町,おおさかふ,くまとりちょう,,,27361,,,
27362,大阪府,田尻町,おおさかふ,たじりちょう,,,27362,,,
27366,大阪府,岬町,おおさかふ,みさきちょう,,,27366,,,
27381,大阪府,太子町,おおさかふ,たいしちょう,,,27381,,,
27382,大阪府,河南町,おおさかふ,かなんちょう,,,27382,,,
27383,大阪府,千早赤阪村,おおさかふ,ちはやあかさかむら,,,27383,,,
28000,兵庫県,,ひょうごけん,,,,28000,,,
28100,兵庫県,神戸市,ひょうごけん,こうべし,,,28100,,,
28101,兵庫県,神戸市東灘区,ひょうごけん,こうべしひがしなだく,,,28101,,,
28102,兵庫県,神戸市灘区,ひょうごけん,こうべしなだく,,,28102,,,
28105,兵庫県,神戸市兵庫区,ひょうごけん,こうべしひょうごく,,,28105,,,
28106,兵庫県,神戸市長田区,ひょうごけん,こうべしながたく,,,28106,,,
28107,兵庫県,神戸市須磨区,ひょうごけん,こうべしすまく,,,28107,,,
28108,兵庫県,神戸市垂水区,ひょうごけん,こうべしたるみく,,,28108,,,
28109,兵庫県,神戸市北区,ひょうごけん,こうべしきたく,,,28109,,,
28110,兵庫県,神戸市中央区,ひょうごけん,こうべしちゅうおうく,,,28110,,,
28111,兵庫県,神戸市西区,ひょうごけん,こうべしにしく,,,28111,,,
28201,兵庫県,姫路市,ひょうごけん,ひめじし,,,28201,,,
28202,兵庫県,尼崎市,ひょうごけん,あまがさきし,,,28202,,,
28203,兵庫県,明石市,ひょうごけん,あかしし,,,28203,,,
28204,兵庫県,西宮市,ひょうごけん,にしのみやし,,,28204,,,
28205,兵庫県,洲本市,ひょうごけん,すもとし,,,28205,,,
28206,兵庫県,芦屋市,ひょうごけん,あしやし,,,28206,,,
28207,兵庫県,伊丹市,ひょうごけん,いたみし,,,28207,,,
28208,兵庫県,相生市,ひょうごけん,あいおいし,,,28208,,,
28209,兵庫県,豊岡市,ひょうごけん,とよおかし,,,28209,,,
28210,兵庫県,加古川市,ひょうごけん,かこがわし,,,28210,,,
28211,兵庫県,龍野市,ひょうごけん,たつのし,欠番,2005-10-01,28229,たつの市,たつのし,合併後はたつの市
28212,兵庫県,赤穂市,ひょうごけん,あこうし,,,28212,,,
28213,兵庫県,西脇市,ひょうごけん,にしわきし,,,28213,,,
28214,兵庫県,宝塚市,ひょうごけん,たからづかし,,,28214,,,
28215,兵庫県,三木市,ひょうごけん,みきし,,,28215,,,
28216,兵庫県,高砂市,ひょうごけん,たかさごし,,,28216,,,
28217,兵庫県,川西市,ひょうごけん,かわにしし,,,28217,,,
28218,兵庫県,小野市,ひょうごけん,おのし,,,28218,,,
28219,兵庫県,三田市,ひょうごけん,さんだし,,,28219,,,
28220,兵庫県,加西市,ひょうごけん,かさいし,,,28220,,,
28221,兵庫県,丹波篠山市,ひょうごけん,たんばささやまし,,,28221,,,
28221,兵庫県,篠山市,ひょうごけん,ささやまし,名称変更,2019-05-01,28221,丹波篠山市,だんばささやまし,名称変更
28222,兵庫県,養父市,ひょうごけん,やぶし,,,28222,,,
28223,兵庫県,丹波市,ひょうごけん,たんばし,,,28223,,,
28224,兵庫県,南あわじ市,ひょうごけん,みなみあわじし,,,28224,,,
28225,兵庫県,朝来市,ひょうごけん,あさごし,,,28225,,,
28226,兵庫県,淡路市,ひょうごけん,あわじし,,,28226,,,
28227,兵庫県,宍粟市,ひょうごけん,しそうし,,,28227,,,
28228,兵庫県,加東市,ひょうごけん,かとうし,,,28228,,,
28229,兵庫県,たつの市,ひょうごけん,たつのし,,,28229,,,
28301,兵庫県,猪名川町,ひょうごけん,いながわちょう,,,28301,,,
28321,兵庫県,吉川町,ひょうごけん,よかわちょう,欠番,2005-10-24,28215,三木市,みきし,合併後は三木市
28341,兵庫県,社町,ひょうごけん,やしろちょう,欠番,2006-03-20,28228,加東市,かとうし,合併後は加東市
28342,兵庫県,滝野町,ひょうごけん,たきのちょう,欠番,2006-03-20,28228,加東市,かとうし,合併後は加東市
28343,兵庫県,東条町,ひょうごけん,とうじょうちょう,欠番,2006-03-20,28228,加東市,かとうし,合併後は加東市
28361,兵庫県,中町,ひょうごけん,なかちょう,欠番,2005-11-01,28365,多可町,たかちょう,合併後は多可町
28362,兵庫県,加美町,ひょうごけん,かみちょう,欠番,2005-11-01,28365,多可町,たかちょう,合併後は多可町
28363,兵庫県,八千代町,ひょうごけん,やちよちょう,欠番,2005-11-01,28365,多可町,たかちょう,合併後は多可町
28364,兵庫県,黒田庄町,ひょうごけん,くろだしょうちょう,欠番,2005-10-01,28213,西脇市,にしわきし,合併後は西脇市
28365,兵庫県,多可町,ひょうごけん,たかちょう,,,28365,,,
28381,兵庫県,稲美町,ひょうごけん,いなみちょう,,,28381,,,
28382,兵庫県,播磨町,ひょうごけん,はりまちょう,,,28382,,,
28421,兵庫県,家島町,ひょうごけん,いえしまちょう,欠番,2006-03-27,28201,姫路市,ひめじし,合併後は姫路市
28422,兵庫県,夢前町,ひょうごけん,ゆめさきちょう,欠番,2006-03-27,28201,姫路市,ひめじし,合併後は姫路市
28441,兵庫県,神崎町,ひょうごけん,かんざきちょう,欠番,2005-11-07,28446,神河町,かみかわちょう,合併後は神河町
28442,兵庫県,市川町,ひょうごけん,いちかわちょう,,,28442,,,
28443,兵庫県,福崎町,ひょうごけん,ふくさきちょう,,,28443,,,
28444,兵庫県,香寺町,ひょうごけん,こうでらちょう,欠番,2006-03-27,28201,姫路市,ひめじし,合併後は姫路市
28445,兵庫県,大河内町,ひょうごけん,おおかわちちょう,欠番,2005-11-07,28446,神河町,かみかわちょう,合併後は神河町
28446,兵庫県,神河町,ひょうごけん,かみかわちょう,,,28446,,,
28461,兵庫県,新宮町,ひょうごけん,しんぐうちょう,欠番,2005-10-01,28229,たつの市,たつのし,合併後はたつの市
28462,兵庫県,揖保川町,ひょうごけん,いぼがわちょう,欠番,2005-10-01,28229,たつの市,たつのし,合併後はたつの市
28463,兵庫県,御津町,ひょうごけん,みつちょう,欠番,2005-10-01,28229,たつの市,たつのし,合併後はたつの市
28464,兵庫県,太子町,ひょうごけん,たいしちょう,,,28464,,,
28481,兵庫県,上郡町,ひょうごけん,かみごおりちょう,,,28481,,,
28501,兵庫県,佐用町,ひょうごけん,さようちょう,,,28501,,,
28502,兵庫県,上月町,ひょうごけん,こうづきちょう,欠番,2005-10-01,28501,佐用町,さようちょう,合併後は佐用町
28503,兵庫県,南光町,ひょうごけん,なんこうちょう,欠番,2005-10-01,28501,佐用町,さようちょう,合併後は佐用町
28504,兵庫県,三日月町,ひょうごけん,みかづきちょう,欠番,2005-10-01,28501,佐用町,さようちょう,合併後は佐用町
28521,兵庫県,山崎町,ひょうごけん,やまさきちょう,欠番,2005-04-01,28227,宍粟市,しそうし,合併後は宍粟市
28522,兵庫県,安富町,ひょうごけん,やすとみちょう,欠番,2006-03-27,28201,姫路市,ひめじし,合併後は姫路市
28523,兵庫県,一宮町,ひょうごけん,いちのみやちょう,欠番,2005-04-01,28227,宍粟市,しそうし,合併後は宍粟市
28524,兵庫県,波賀町,ひょうごけん,はがちょう,欠番,2005-04-01,28227,宍粟市,しそうし,合併後は宍粟市
28525,兵庫県,千種町,ひょうごけん,ちくさちょう,欠番,2005-04-01,28227,宍粟市,しそうし,合併後は宍粟市
28541,兵庫県,城崎町,ひょうごけん,きのさきちょう,欠番,2005-04-01,28209,豊岡市,とよおかし,合併後は豊岡市
28542,兵庫県,竹野町,ひょうごけん,たけのちょう,欠番,2005-04-01,28209,豊岡市,とよおかし,合併後は豊岡市
28543,兵庫県,香住町,ひょうごけん,かすみちょう,欠番,2005-04-01,28585,香美町,かみちょう,合併後は香美町
28544,兵庫県,日高町,ひょうごけん,ひだかちょう,欠番,2005-04-01,28209,豊岡市,とよおかし,合併後は豊岡市
28561,兵庫県,出石町,ひょうごけん,いずしちょう,欠番,2005-04-01,28209,豊岡市,とよおかし,合併後は豊岡市
28562,兵庫県,但東町,ひょうごけん,たんとうちょう,欠番,2005-04-01,28209,豊岡市,とよおかし,合併後は豊岡市
28581,兵庫県,村岡町,ひょうごけん,むらおかちょう,欠番,2005-04-01,28585,香美町,かみちょう,合併後は香美町
28582,兵庫県,浜坂町,ひょうごけん,はまさかちょう,欠番,2005-10-01,28586,新温泉町,しんおんせんちょう,合併後は新温泉町
28583,兵庫県,美方町,ひょうごけん,みかたちょう,欠番,2005-04-01,28585,香美町,かみちょう,合併後は香美町
28584,兵庫県,温泉町,ひょうごけん,おんせんちょう,欠番,2005-10-01,28586,新温泉町,しんおんせんちょう,合併後は新温泉町
28585,兵庫県,香美町,ひょうごけん,かみちょう,,,28585,,,
28586,兵庫県,新温泉町,ひょうごけん,しんおんせんちょう,,,28586,,,
28621,兵庫県,生野町,ひょうごけん,いくのちょう,欠番,2005-04-01,28225,朝来市,あさごし,合併後は朝来市
28622,兵庫県,和田山町,ひょうごけん,わだやまちょう,欠番,2005-04-01,28225,朝来市,あさごし,合併後は朝来市
28623,兵庫県,山東町,ひょうごけん,さんとうちょう,欠番,2005-04-01,28225,朝来市,あさごし,合併後は朝来市
28624,兵庫県,朝来町,ひょうごけん,あさごちょう,欠番,2005-04-01,28225,朝来市,あさごし,合併後は朝来市
28681,兵庫県,津名町,ひょうごけん,つなちょう,欠番,2005-04-01,28226,淡路市,あわじし,合併後は淡路市
28682,兵庫県,淡路町,ひょうごけん,あわじちょう,欠番,2005-04-01,28226,淡路市,あわじし,合併後は淡路市
28683,兵庫県,北淡町,ひょうごけん,ほくだんちょう,欠番,2005-04-01,28226,淡路市,あわじし,合併後は淡路市
28684,兵庫県,一宮町,ひょうごけん,いちのみやちょう,欠番,2005-04-01,28226,淡路市,あわじし,合併後は淡路市
28685,兵庫県,五色町,ひょうごけん,ごしきちょう,欠番,2006-02-11,28205,洲本市,すもとし,合併後は洲本市
28686,兵庫県,東浦町,ひょうごけん,ひがしうらちょう,欠番,2005-04-01,28226,淡路市,あわじし,合併後は淡路市
29000,奈良県,,ならけん,,,,29000,,,
29201,奈良県,奈良市,ならけん,ならし,,,29201,,,
29202,奈良県,大和高田市,ならけん,やまとたかだし,,,29202,,,
29203,奈良県,大和郡山市,ならけん,やまとこおりやまし,,,29203,,,
29204,奈良県,天理市,ならけん,てんりし,,,29204,,,
29205,奈良県,橿原市,ならけん,かしはらし,,,29205,,,
29206,奈良県,桜井市,ならけん,さくらいし,,,29206,,,
29207,奈良県,五條市,ならけん,ごじょうし,,,29207,,,
29208,奈良県,御所市,ならけん,ごせし,,,29208,,,
29209,奈良県,生駒市,ならけん,いこまし,,,29209,,,
29210,奈良県,香芝市,ならけん,かしばし,,,29210,,,
29211,奈良県,葛城市,ならけん,かつらぎし,,,29211,,,
29212,奈良県,宇陀市,ならけん,うだし,,,29212,,,
29301,奈良県,月ヶ瀬村,ならけん,つきがせむら,欠番,2005-04-01,29201,奈良市,ならし,合併後は奈良市
29321,奈良県,都祁村,ならけん,つげむら,欠番,2005-04-01,29201,奈良市,ならし,合併後は奈良市
29322,奈良県,山添村,ならけん,やまぞえむら,,,29322,,,
29342,奈良県,平群町,ならけん,へぐりちょう,,,29342,,,
29343,奈良県,三郷町,ならけん,さんごうちょう,,,29343,,,
29344,奈良県,斑鳩町,ならけん,いかるがちょう,,,29344,,,
29345,奈良県,安堵町,ならけん,あんどちょう,,,29345,,,
29361,奈良県,川西町,ならけん,かわにしちょう,,,29361,,,
29362,奈良県,三宅町,ならけん,みやけちょう,,,29362,,,
29363,奈良県,田原本町,ならけん,たわらもとちょう,,,29363,,,
29381,奈良県,大宇陀町,ならけん,おおうだちょう,欠番,2006-01-01,29212,宇陀市,うだし,合併後は宇陀市
29382,奈良県,菟田野町,ならけん,うたのちょう,欠番,2006-01-01,29212,宇陀市,うだし,合併後は宇陀市
29383,奈良県,榛原町,ならけん,はいばらちょう,欠番,2006-01-01,29212,宇陀市,うだし,合併後は宇陀市
29384,奈良県,室生村,ならけん,むろうむら,欠番,2006-01-01,29212,宇陀市,うだし,合併後は宇陀市
29385,奈良県,曽爾村,ならけん,そにむら,,,29385,,,
29386,奈良県,御杖村,ならけん,みつえむら,,,29386,,,
29401,奈良県,高取町,ならけん,たかとりちょう,,,29401,,,
29402,奈良県,明日香村,ならけん,あすかむら,,,29402,,,
29424,奈良県,上牧町,ならけん,かんまきちょう,,,29424,,,
29425,奈良県,王寺町,ならけん,おうじちょう,,,29425,,,
29426,奈良県,広陵町,ならけん,こうりようちょう,,,29426,,,
29427,奈良県,河合町,ならけん,かわいちょう,,,29427,,,
29441,奈良県,吉野町,ならけん,よしのちょう,,,29441,,,
29442,奈良県,大淀町,ならけん,おおよどちょう,,,29442,,,
29443,奈良県,下市町,ならけん,しもいちちょう,,,29443,,,
29444,奈良県,黒滝村,ならけん,くろたきむら,,,29444,,,
29445,奈良県,西吉野村,ならけん,にしよしのむら,欠番,2005-09-25,29207,五條市,ごじょうし,合併後は五條市
29446,奈良県,天川村,ならけん,てんかわむら,,,29446,,,
29447,奈良県,野迫川村,ならけん,のせがわむら,,,29447,,,
29448,奈良県,大塔村,ならけん,おおとうむら,欠番,2005-09-25,29207,五條市,ごじょうし,合併後は五條市
29449,奈良県,十津川村,ならけん,とつかわむら,,,29449,,,
29450,奈良県,下北山村,ならけん,しもきたやまむら,,,29450,,,
29451,奈良県,上北山村,ならけん,かみきたやまむら,,,29451,,,
29452,奈良県,川上村,ならけん,かわかみむら,,,29452,,,
29453,奈良県,東吉野村,ならけん,ひがしよしのむら,,,29453,,,
30000,和歌山県,,わかやまけん,,,,30000,,,
30201,和歌山県,和歌山市,わかやまけん,わかやまし,,,30201,,,
30202,和歌山県,海南市,わかやまけん,かいなんし,,,30202,,,
30203,和歌山県,橋本市,わかやまけん,はしもとし,,,30203,,,
30204,和歌山県,有田市,わかやまけん,ありだし,,,30204,,,
30205,和歌山県,御坊市,わかやまけん,ごぼうし,,,30205,,,
30206,和歌山県,田辺市,わかやまけん,たなべし,,,30206,,,
30207,和歌山県,新宮市,わかやまけん,しんぐうし,,,30207,,,
30208,和歌山県,紀の川市,わかやまけん,きのかわし,,,30208,,,
30209,和歌山県,岩出市,わかやまけん,いわでし,,,30209,,,
30301,和歌山県,下津町,わかやまけん,しもつちょう,欠番,2005-04-01,30202,海南市,かいなんし,合併後は海南市
30302,和歌山県,野上町,わかやまけん,のかみちょう,欠番,2006-01-01,30304,紀美野町,きみのちょう,合併後は紀美野町
30303,和歌山県,美里町,わかやまけん,みさとちょう,欠番,2006-01-01,30304,紀美野町,きみのちょう,合併後は紀美野町
30304,和歌山県,紀美野町,わかやまけん,きみのちょう,,,30304,,,
30321,和歌山県,打田町,わかやまけん,うちたちょう,欠番,2005-11-07,30208,紀の川市,きのかわし,合併後は紀の川市
30322,和歌山県,粉河町,わかやまけん,こかわちょう,欠番,2005-11-07,30208,紀の川市,きのかわし,合併後は紀の川市
30323,和歌山県,那賀町,わかやまけん,ながちょう,欠番,2005-11-07,30208,紀の川市,きのかわし,合併後は紀の川市
30324,和歌山県,桃山町,わかやまけん,ももやまちょう,欠番,2005-11-07,30208,紀の川市,きのかわし,合併後は紀の川市
30325,和歌山県,貴志川町,わかやまけん,きしがわちょう,欠番,2005-11-07,30208,紀の川市,きのかわし,合併後は紀の川市
30326,和歌山県,岩出町,わかやまけん,いわでちょう,欠番,2006-04-01,30209,岩出市,いわでし,市制施行
30341,和歌山県,かつらぎ町,わかやまけん,かつらぎちょう,,,30341,,,
30342,和歌山県,高野口町,わかやまけん,こうやぐちちょう,欠番,2006-03-01,30203,橋本市,はしもとし,合併後は橋本市
30343,和歌山県,九度山町,わかやまけん,くどやまちょう,,,30343,,,
30344,和歌山県,高野町,わかやまけん,こうやちょう,,,30344,,,
30345,和歌山県,花園村,わかやまけん,はなぞのむら,欠番,2005-10-01,30341,かつらぎ町,かつらぎちょう,合併後はかつらぎ町
30361,和歌山県,湯浅町,わかやまけん,ゆあさちょう,,,30361,,,
30362,和歌山県,広川町,わかやまけん,ひろがわちょう,,,30362,,,
30363,和歌山県,吉備町,わかやまけん,きびちょう,欠番,2006-01-01,30366,有田川町,ありだがわちょう,合併後は有田川町
30364,和歌山県,金屋町,わかやまけん,かなやちょう,欠番,2006-01-01,30366,有田川町,ありだがわちょう,合併後は有田川町
30365,和歌山県,清水町,わかやまけん,しみずちょう,欠番,2006-01-01,30366,有田川町,ありだがわちょう,合併後は有田川町
30366,和歌山県,有田川町,わかやまけん,ありだがわちょう,,,30366,,,
30381,和歌山県,美浜町,わかやまけん,みはまちょう,,,30381,,,
30382,和歌山県,日高町,わかやまけん,ひだかちょう,,,30382,,,
30383,和歌山県,由良町,わかやまけん,ゆらちょう,,,30383,,,
30384,和歌山県,川辺町,わかやまけん,かわべちょう,欠番,2005-05-01,30392,日高川町,ひだかがわちょう,合併後は日高川町
30385,和歌山県,中津村,わかやまけん,なかつむら,欠番,2005-05-01,30392,日高川町,ひだかがわちょう,合併後は日高川町
30386,和歌山県,美山村,わかやまけん,みやまむら,欠番,2005-05-01,30392,日高川町,ひだかがわちょう,合併後は日高川町
30387,和歌山県,龍神村,わかやまけん,りゅうじんむら,欠番,2005-05-01,30206,田辺市,たなべし,合併後は田辺市
30390,和歌山県,印南町,わかやまけん,いなみちょう,,,30390,,,
30391,和歌山県,みなべ町,わかやまけん,みなべちょう,,,30391,,,
30392,和歌山県,日高川町,わかやまけん,ひだかがわちょう,,,30392,,,
30401,和歌山県,白浜町,わかやまけん,しらはまちょう,,,30401,,,
30402,和歌山県,中辺路町,わかやまけん,なかへちちょう,欠番,2005-05-01,30206,田辺市,たなべし,合併後は田辺市
30403,和歌山県,大塔村,わかやまけん,おおとうむら,欠番,2005-05-01,30206,田辺市,たなべし,合併後は田辺市
30404,和歌山県,上富田町,わかやまけん,かみとんだちょう,,,30404,,,
30405,和歌山県,日置川町,わかやまけん,ひきがわちょう,欠番,2006-03-01,30401,白浜町,しらはまちょう,合併後は白浜町
30406,和歌山県,すさみ町,わかやまけん,すさみちょう,,,30406,,,
30407,和歌山県,串本町（西牟婁郡）,わかやまけん,くしもとちょう,欠番,2005-04-01,30428,串本町（東牟婁郡）,くしもとちょう,合併後は東牟婁郡串本町
30421,和歌山県,那智勝浦町,わかやまけん,なちかつうらちょう,,,30421,,,
30422,和歌山県,太地町,わかやまけん,たいじちょう,,,30422,,,
30423,和歌山県,古座町,わかやまけん,こざちょう,欠番,2005-04-01,30428,串本町（東牟婁郡）,くしもとちょう,合併後は東牟婁郡串本町
30424,和歌山県,古座川町,わかやまけん,こざがわちょう,,,30424,,,
30425,和歌山県,熊野川町,わかやまけん,くまのがわちょう,欠番,2005-10-01,30207,新宮市,しんぐうし,合併後は新宮市
30426,和歌山県,本宮町,わかやまけん,ほんぐうちょう,欠番,2005-05-01,30206,田辺市,たなべし,合併後は田辺市
30427,和歌山県,北山村,わかやまけん,きたやまむら,,,30427,,,
30428,和歌山県,串本町,わかやまけん,くしもとちょう,,,30428,,,
31000,鳥取県,,とっとりけん,,,,31000,,,
31201,鳥取県,鳥取市,とっとりけん,とっとりし,,,31201,,,
31202,鳥取県,米子市,とっとりけん,よなごし,,,31202,,,
31203,鳥取県,倉吉市,とっとりけん,くらよしし,,,31203,,,
31204,鳥取県,境港市,とっとりけん,さかいみなとし,,,31204,,,
31302,鳥取県,岩美町,とっとりけん,いわみちょう,,,31302,,,
31325,鳥取県,若桜町,とっとりけん,わかさちょう,,,31325,,,
31328,鳥取県,智頭町,とっとりけん,ちづちょう,,,31328,,,
31329,鳥取県,八頭町,とっとりけん,やずちょう,,,31329,,,
31364,鳥取県,三朝町,とっとりけん,みささちょう,,,31364,,,
31366,鳥取県,北条町,とっとりけん,ほうじょうちょう,欠番,2005-10-01,31372,北栄町,ほくえいちょう,合併後は北栄町
31367,鳥取県,大栄町,とっとりけん,だいえいちょう,欠番,2005-10-01,31372,北栄町,ほくえいちょう,合併後は北栄町
31370,鳥取県,湯梨浜町,とっとりけん,ゆりはまちょう,,,31370,,,
31371,鳥取県,琴浦町,とっとりけん,ことうらちょう,,,31371,,,
31372,鳥取県,北栄町,とっとりけん,ほくえいちょう,,,31372,,,
31384,鳥取県,日吉津村,とっとりけん,ひえづそん,,,31384,,,
31386,鳥取県,大山町,とっとりけん,だいせんちょう,,,31386,,,
31389,鳥取県,南部町,とっとりけん,なんぶちょう,,,31389,,,
31390,鳥取県,伯耆町,とっとりけん,ほうきちょう,,,31390,,,
31401,鳥取県,日南町,とっとりけん,にちなんちょう,,,31401,,,
31402,鳥取県,日野町,とっとりけん,ひのちょう,,,31402,,,
31403,鳥取県,江府町,とっとりけん,こうふちょう,,,31403,,,
32000,島根県,,しまねけん,,,,32000,,,
32201,島根県,松江市,しまねけん,まつえし,,,32201,,,
32202,島根県,浜田市,しまねけん,はまだし,,,32202,,,
32203,島根県,出雲市,しまねけん,いずもし,,,32203,,,
32204,島根県,益田市,しまねけん,ますだし,,,32204,,,
32205,島根県,大田市,しまねけん,おおだし,,,32205,,,
32206,島根県,安来市,しまねけん,やすぎし,,,32206,,,
32207,島根県,江津市,しまねけん,ごうつし,,,32207,,,
32209,島根県,雲南市,しまねけん,うんなんし,,,32209,,,
32304,島根県,東出雲町,しまねけん,ひがしいずもちょう,欠番,,32201,松江市,まつえし,合併後は松江市
32343,島根県,奥出雲町,しまねけん,おくいずもちょう,,,32343,,,
32386,島根県,飯南町,しまねけん,いいなんちょう,,,32386,,,
32401,島根県,斐川町,しまねけん,ひかわちょう,欠番,,32203,出雲市,いずもし,合併後は出雲市
32421,島根県,温泉津町,しまねけん,ゆのつまち,欠番,2005-10-01,32205,大田市,おおだし,合併後は大田市
32422,島根県,仁摩町,しまねけん,にまちょう,欠番,2005-10-01,32205,大田市,おおだし,合併後は大田市
32441,島根県,川本町,しまねけん,かわもとまち,,,32441,,,
32448,島根県,美郷町,しまねけん,みさとちょう,,,32448,,,
32449,島根県,邑南町,しまねけん,おおなんちょう,,,32449,,,
32462,島根県,金城町,しまねけん,かなぎちょう,欠番,2005-10-01,32202,浜田市,はまだし,合併後は浜田市
32463,島根県,旭町,しまねけん,あさひちょう,欠番,2005-10-01,32202,浜田市,はまだし,合併後は浜田市
32464,島根県,弥栄村,しまねけん,やさかむら,欠番,2005-10-01,32202,浜田市,はまだし,合併後は浜田市
32465,島根県,三隅町,しまねけん,みすみちょう,欠番,2005-10-01,32202,浜田市,はまだし,合併後は浜田市
32501,島根県,津和野町,しまねけん,つわのちょう,,,32501,,,
32502,島根県,日原町,しまねけん,にちはらちょう,欠番,2005-09-25,32501,津和野町,つわのちょう,合併後は津和野町
32503,島根県,柿木村,しまねけん,かきのきむら,欠番,2005-10-01,32505,吉賀町,よしかちょう,合併後は吉賀町
32504,島根県,六日市町,しまねけん,むいかいちちょう,欠番,2005-10-01,32505,吉賀町,よしかちょう,合併後は吉賀町
32505,島根県,吉賀町,しまねけん,よしかちょう,,,32505,,,
32525,島根県,海士町,しまねけん,あまちょう,,,32525,,,
32526,島根県,西ノ島町,しまねけん,にしのしまちょう,,,32526,,,
32527,島根県,知夫村,しまねけん,ちぶむら,,,32527,,,
32528,島根県,隠岐の島町,しまねけん,おきのしまちょう,,,32528,,,
33000,岡山県,,おかやまけん,,,,33000,,,
33100,岡山県,岡山市,おかやまけん,おかやまし,,,33100,,,
33101,岡山県,岡山市北区,おかやまけん,おかやましきたく,,,33101,,,
33102,岡山県,岡山市中区,おかやまけん,おかやましなかく,,,33102,,,
33103,岡山県,岡山市東区,おかやまけん,おかやましひがしく,,,33103,,,
33104,岡山県,岡山市南区,おかやまけん,おかやましみなみく,,,33104,,,
33201,岡山県,岡山市,おかやまけん,おかやまし,欠番,2009-04-01,33100,岡山市,おかやまし,政令指定都市へ移行
33202,岡山県,倉敷市,おかやまけん,くらしきし,,,33202,,,
33203,岡山県,津山市,おかやまけん,つやまし,,,33203,,,
33204,岡山県,玉野市,おかやまけん,たまのし,,,33204,,,
33205,岡山県,笠岡市,おかやまけん,かさおかし,,,33205,,,
33207,岡山県,井原市,おかやまけん,いばらし,,,33207,,,
33208,岡山県,総社市,おかやまけん,そうじやし,,,33208,,,
33209,岡山県,高梁市,おかやまけん,たかはしし,,,33209,,,
33210,岡山県,新見市,おかやまけん,にいみし,,,33210,,,
33211,岡山県,備前市,おかやまけん,びぜんし,,,33211,,,
33212,岡山県,瀬戸内市,おかやまけん,せとうちし,,,33212,,,
33213,岡山県,赤磐市,おかやまけん,あかいわし,,,33213,,,
33214,岡山県,真庭市,おかやまけん,まにわし,,,33214,,,
33215,岡山県,美作市,おかやまけん,みまさかし,,,33215,,,
33216,岡山県,浅口市,おかやまけん,あさくちし,,,33216,,,
33303,岡山県,建部町,おかやまけん,たけべちょう,欠番,2007-01-22,33201,岡山市,おかやまし,合併後は岡山市
33321,岡山県,瀬戸町,おかやまけん,せとちょう,欠番,2007-01-22,33201,岡山市,おかやまし,合併後は岡山市
33345,岡山県,佐伯町,おかやまけん,さえきちょう,欠番,2006-03-01,33346,和気町,わけちょう,合併後は和気町
33346,岡山県,和気町,おかやまけん,わけちょう,,,33346,,,
33423,岡山県,早島町,おかやまけん,はやしまちょう,,,33423,,,
33441,岡山県,船穂町,おかやまけん,ふなおちょう,欠番,2005-08-01,33202,倉敷市,くらしきし,合併後は倉敷市
33442,岡山県,金光町,おかやまけん,こんこうちょう,欠番,2006-03-21,33216,浅口市,あさくちし,合併後は浅口市
33443,岡山県,鴨方町,おかやまけん,かもがたちょう,欠番,2006-03-21,33216,浅口市,あさくちし,合併後は浅口市
33444,岡山県,寄島町,おかやまけん,よりしまちょう,欠番,2006-03-21,33216,浅口市,あさくちし,合併後は浅口市
33445,岡山県,里庄町,おかやまけん,さとしょうちょう,,,33445,,,
33461,岡山県,矢掛町,おかやまけん,やかげちょう,,,33461,,,
33503,岡山県,真備町,おかやまけん,まびちょう,欠番,2005-08-01,33202,倉敷市,くらしきし,合併後は倉敷市
33586,岡山県,新庄村,おかやまけん,しんじようそん,,,33586,,,
33606,岡山県,鏡野町,おかやまけん,かがみのちょう,,,33606,,,
33622,岡山県,勝央町,おかやまけん,しょうおうちょう,,,33622,,,
33623,岡山県,奈義町,おかやまけん,なぎちょう,,,33623,,,
33643,岡山県,西粟倉村,おかやまけん,にしあわくらそん,,,33643,,,
33663,岡山県,久米南町,おかやまけん,くめなんちょう,,,33663,,,
33666,岡山県,美咲町,おかやまけん,みさきちょう,,,33666,,,
33681,岡山県,吉備中央町,おかやまけん,きびちゅうおうちょう,,,33681,,,
34000,広島県,,ひろしまけん,,,,34000,,,
34100,広島県,広島市,ひろしまけん,ひろしまし,,,34100,,,
34101,広島県,広島市中区,ひろしまけん,ひろしましなかく,,,34101,,,
34102,広島県,広島市東区,ひろしまけん,ひろしましひがしく,,,34102,,,
34103,広島県,広島市南区,ひろしまけん,ひろしましみなみく,,,34103,,,
34104,広島県,広島市西区,ひろしまけん,ひろしましにしく,,,34104,,,
34105,広島県,広島市安佐南区,ひろしまけん,ひろしましあさみなみく,,,34105,,,
34106,広島県,広島市安佐北区,ひろしまけん,ひろしましあさきたく,,,34106,,,
34107,広島県,広島市安芸区,ひろしまけん,ひろしましあきく,,,34107,,,
34108,広島県,広島市佐伯区,ひろしまけん,ひろしましさえきく,,,34108,,,
34202,広島県,呉市,ひろしまけん,くれし,,,34202,,,
34203,広島県,竹原市,ひろしまけん,たけはらし,,,34203,,,
34204,広島県,三原市,ひろしまけん,みはらし,,,34204,,,
34205,広島県,尾道市,ひろしまけん,おのみちし,,,34205,,,
34206,広島県,因島市,ひろしまけん,いんのしまし,欠番,2006-01-10,34205,尾道市,おのみちし,合併後は尾道市
34207,広島県,福山市,ひろしまけん,ふくやまし,,,34207,,,
34208,広島県,府中市,ひろしまけん,ふちゅうし,,,34208,,,
34209,広島県,三次市,ひろしまけん,みよしし,,,34209,,,
34210,広島県,庄原市,ひろしまけん,しょうばらし,,,34210,,,
34211,広島県,大竹市,ひろしまけん,おおたけし,,,34211,,,
34212,広島県,東広島市,ひろしまけん,ひがしひろしまし,,,34212,,,
34213,広島県,廿日市市,ひろしまけん,はつかいちし,,,34213,,,
34214,広島県,安芸高田市,ひろしまけん,あきたかたし,,,34214,,,
34215,広島県,江田島市,ひろしまけん,えたじまし,,,34215,,,
34302,広島県,府中町,ひろしまけん,ふちゅうちょう,,,34302,,,
34304,広島県,海田町,ひろしまけん,かいたちょう,,,34304,,,
34307,広島県,熊野町,ひろしまけん,くまのちょう,,,34307,,,
34309,広島県,坂町,ひろしまけん,さかちょう,,,34309,,,
34323,広島県,大野町,ひろしまけん,おおのちょう,欠番,2005-11-03,34213,廿日市市,はつかいちし,合併後は廿日市市
34324,広島県,湯来町,ひろしまけん,ゆきちょう,欠番,2005-04-25,34100,広島市,ひろしまし,合併後は広島市
34327,広島県,宮島町,ひろしまけん,みやじまちょう,欠番,2005-11-03,34213,廿日市市,はつかいちし,合併後は廿日市市
34368,広島県,安芸太田町,ひろしまけん,あきおおたちょう,,,34368,,,
34369,広島県,北広島町,ひろしまけん,きたひろしまちょう,,,34369,,,
34430,広島県,瀬戸田町,ひろしまけん,せとだちょう,欠番,2006-01-10,34205,尾道市,おのみちし,合併後は尾道市
34431,広島県,大崎上島町,ひろしまけん,おおさきかみじまちょう,,,34431,,,
34462,広島県,世羅町,ひろしまけん,せらちょう,,,34462,,,
34501,広島県,神辺町,ひろしまけん,かんなべちょう,欠番,2006-03-01,34207,福山市,ふくやまし,合併後は福山市
34545,広島県,神石高原町,ひろしまけん,じんせきこうげんちょう,,,34545,,,
35000,山口県,,やまぐちけん,,,,35000,,,
35201,山口県,下関市,やまぐちけん,しものせきし,,,35201,,,
35202,山口県,宇部市,やまぐちけん,うべし,,,35202,,,
35203,山口県,山口市,やまぐちけん,やまぐちし,,,35203,,,
35204,山口県,萩市,やまぐちけん,はぎし,,,35204,,,
35206,山口県,防府市,やまぐちけん,ほうふし,,,35206,,,
35207,山口県,下松市,やまぐちけん,くだまつし,,,35207,,,
35208,山口県,岩国市,やまぐちけん,いわくにし,,,35208,,,
35210,山口県,光市,やまぐちけん,ひかりし,,,35210,,,
35211,山口県,長門市,やまぐちけん,ながとし,,,35211,,,
35212,山口県,柳井市,やまぐちけん,やないし,,,35212,,,
35213,山口県,美祢市,やまぐちけん,みねし,,,35213,,,
35215,山口県,周南市,やまぐちけん,しゅうなんし,,,35215,,,
35216,山口県,山陽小野田市,やまぐちけん,さんようおのだし,,,35216,,,
35305,山口県,周防大島町,やまぐちけん,すおうおおしまちょう,,,35305,,,
35321,山口県,和木町,やまぐちけん,わきちょう,,,35321,,,
35322,山口県,由宇町,やまぐちけん,ゆうちょう,欠番,2006-03-20,35208,岩国市,いわくにし,合併後は岩国市
35323,山口県,玖珂町,やまぐちけん,くがちょう,欠番,2006-03-20,35208,岩国市,いわくにし,合併後は岩国市
35324,山口県,本郷村,やまぐちけん,ほんごうそん,欠番,2006-03-20,35208,岩国市,いわくにし,合併後は岩国市
35325,山口県,周東町,やまぐちけん,しゅうとうちょう,欠番,2006-03-20,35208,岩国市,いわくにし,合併後は岩国市
35326,山口県,錦町,やまぐちけん,にしきちょう,欠番,2006-03-20,35208,岩国市,いわくにし,合併後は岩国市
35328,山口県,美川町,やまぐちけん,みかわちょう,欠番,2006-03-20,35208,岩国市,いわくにし,合併後は岩国市
35329,山口県,美和町,やまぐちけん,みわちょう,欠番,2006-03-20,35208,岩国市,いわくにし,合併後は岩国市
35341,山口県,上関町,やまぐちけん,かみのせきちょう,,,35341,,,
35343,山口県,田布施町,やまぐちけん,たぶせちょう,,,35343,,,
35344,山口県,平生町,やまぐちけん,ひらおちょう,,,35344,,,
35381,山口県,徳地町,やまぐちけん,とくぢちょう,欠番,2005-10-01,35203,山口市,やまぐちし,合併後は山口市
35401,山口県,秋穂町,やまぐちけん,あいおちょう,欠番,2005-10-01,35203,山口市,やまぐちし,合併後は山口市
35402,山口県,小郡町,やまぐちけん,おごおりちょう,欠番,2005-10-01,35203,山口市,やまぐちし,合併後は山口市
35403,山口県,阿知須町,やまぐちけん,あじすちょう,欠番,2005-10-01,35203,山口市,やまぐちし,合併後は山口市
35461,山口県,美東町,やまぐちけん,みとうちょう,欠番,2008-03-21,35213,美祢市,みねし,合併後は美祢市
35462,山口県,秋芳町,やまぐちけん,しゅうほうちょう,欠番,2008-03-21,35213,美祢市,みねし,合併後は美祢市
35502,山口県,阿武町,やまぐちけん,あぶちょう,,,35502,,,
35504,山口県,阿東町,やまぐちけん,あとうちょう,欠番,2010-01-16,35203,山口市,やまぐちし,合併後は山口市
36000,徳島県,,とくしまけん,,,,36000,,,
36201,徳島県,徳島市,とくしまけん,とくしまし,,,36201,,,
36202,徳島県,鳴門市,とくしまけん,なるとし,,,36202,,,
36203,徳島県,小松島市,とくしまけん,こまつしまし,,,36203,,,
36204,徳島県,阿南市,とくしまけん,あなんし,,,36204,,,
36205,徳島県,吉野川市,とくしまけん,よしのがわし,,,36205,,,
36206,徳島県,阿波市,とくしまけん,あわし,,,36206,,,
36207,徳島県,美馬市,とくしまけん,みまし,,,36207,,,
36208,徳島県,三好市,とくしまけん,みよしし,,,36208,,,
36301,徳島県,勝浦町,とくしまけん,かつうらちょう,,,36301,,,
36302,徳島県,上勝町,とくしまけん,かみかつちょう,,,36302,,,
36321,徳島県,佐那河内村,とくしまけん,さなごうちそん,,,36321,,,
36341,徳島県,石井町,とくしまけん,いしいちょう,,,36341,,,
36342,徳島県,神山町,とくしまけん,かみやまちょう,,,36342,,,
36361,徳島県,那賀川町,とくしまけん,なかがわちょう,欠番,2006-03-20,36204,阿南市,あなんし,合併後は阿南市
36362,徳島県,羽ノ浦町,とくしまけん,はのうらちょう,欠番,2006-03-20,36204,阿南市,あなんし,合併後は阿南市
36368,徳島県,那賀町,とくしまけん,なかちょう,,,36368,,,
36381,徳島県,由岐町,とくしまけん,ゆきちょう,欠番,2006-03-31,36387,美波町,みなみちょう,合併後は美波町
36382,徳島県,日和佐町,とくしまけん,ひわさちょう,欠番,2006-03-31,36387,美波町,みなみちょう,合併後は美波町
36383,徳島県,牟岐町,とくしまけん,むぎちょう,,,36383,,,
36384,徳島県,海南町,とくしまけん,かいなんちょう,欠番,2006-03-31,36388,海陽町,かいようちょう,合併後は海陽町
36385,徳島県,海部町,とくしまけん,かいふちょう,欠番,2006-03-31,36388,海陽町,かいようちょう,合併後は海陽町
36386,徳島県,宍喰町,とくしまけん,ししくいちょう,欠番,2006-03-31,36388,海陽町,かいようちょう,合併後は海陽町
36387,徳島県,美波町,とくしまけん,みなみちょう,,,36387,,,
36388,徳島県,海陽町,とくしまけん,かいようちょう,,,36388,,,
36401,徳島県,松茂町,とくしまけん,まつしげちょう,,,36401,,,
36402,徳島県,北島町,とくしまけん,きたじまちょう,,,36402,,,
36403,徳島県,藍住町,とくしまけん,あいずみちょう,,,36403,,,
36404,徳島県,板野町,とくしまけん,いたのちょう,,,36404,,,
36405,徳島県,上板町,とくしまけん,かみいたちょう,,,36405,,,
36406,徳島県,吉野町,とくしまけん,よしのちょう,欠番,2005-04-01,36206,阿波市,あわし,合併後は阿波市
36407,徳島県,土成町,とくしまけん,どなりちょう,欠番,2005-04-01,36206,阿波市,あわし,合併後は阿波市
36421,徳島県,市場町,とくしまけん,いちばちょう,欠番,2005-04-01,36206,阿波市,あわし,合併後は阿波市
36422,徳島県,阿波町,とくしまけん,あわちょう,欠番,2005-04-01,36206,阿波市,あわし,合併後は阿波市
36468,徳島県,つるぎ町,とくしまけん,つるぎちょう,,,36468,,,
36481,徳島県,三野町,とくしまけん,みのちょう,欠番,2006-03-01,36208,三好市,みよしし,合併後は三好市
36482,徳島県,三好町,とくしまけん,みよしちょう,欠番,2006-03-01,36489,東みよし町,ひがしみよしちょう,合併後は東みよし町
36483,徳島県,池田町,とくしまけん,いけだちょう,欠番,2006-03-01,36208,三好市,みよしし,合併後は三好市
36484,徳島県,山城町,とくしまけん,やましろちょう,欠番,2006-03-01,36208,三好市,みよしし,合併後は三好市
36485,徳島県,井川町,とくしまけん,いかわちょう,欠番,2006-03-01,36208,三好市,みよしし,合併後は三好市
36486,徳島県,三加茂町,とくしまけん,みかもちょう,欠番,2006-03-01,36489,東みよし町,ひがしみよしちょう,合併後は東みよし町
36487,徳島県,東祖谷山村,とくしまけん,ひがしいややまそん,欠番,2006-03-01,36208,三好市,みよしし,合併後は三好市
36488,徳島県,西祖谷山村,とくしまけん,にしいややまそん,欠番,2006-03-01,36208,三好市,みよしし,合併後は三好市
36489,徳島県,東みよし町,とくしまけん,ひがしみよしちょう,,,36489,,,
37000,香川県,,かがわけん,,,,37000,,,
37201,香川県,高松市,かがわけん,たかまつし,,,37201,,,
37202,香川県,丸亀市,かがわけん,まるがめし,,,37202,,,
37203,香川県,坂出市,かがわけん,さかいでし,,,37203,,,
37204,香川県,善通寺市,かがわけん,ぜんつうじし,,,37204,,,
37205,香川県,観音寺市,かがわけん,かんおんじし,,,37205,,,
37206,香川県,さぬき市,かがわけん,さぬきし,,,37206,,,
37207,香川県,東かがわ市,かがわけん,ひがしかがわし,,,37207,,,
37208,香川県,三豊市,かがわけん,みとよし,,,37208,,,
37321,香川県,内海町,かがわけん,うちのみちょう,欠番,2006-03-21,37324,小豆島町,しょうどしまちょう,合併後は小豆島町
37322,香川県,土庄町,かがわけん,とのしょうちょう,,,37322,,,
37323,香川県,池田町,かがわけん,いけだちょう,欠番,2006-03-21,37324,小豆島町,しょうどしまちょう,合併後は小豆島町
37324,香川県,小豆島町,かがわけん,しょうどしまちょう,,,37324,,,
37341,香川県,三木町,かがわけん,みきちょう,,,37341,,,
37342,香川県,牟礼町,かがわけん,むれちょう,欠番,2006-01-10,37201,高松市,たかまつし,合併後は高松市
37343,香川県,庵治町,かがわけん,あじちょう,欠番,2006-01-10,37201,高松市,たかまつし,合併後は高松市
37361,香川県,塩江町,かがわけん,しおのえちょう,欠番,2005-09-26,37201,高松市,たかまつし,合併後は高松市
37362,香川県,香川町,かがわけん,かがわちょう,欠番,2006-01-10,37201,高松市,たかまつし,合併後は高松市
37363,香川県,香南町,かがわけん,こうなんちょう,欠番,2006-01-10,37201,高松市,たかまつし,合併後は高松市
37364,香川県,直島町,かがわけん,なおしまちょう,,,37364,,,
37381,香川県,綾上町,かがわけん,あやかみちょう,欠番,2006-03-21,37387,綾川町,あやがわちょう,合併後は綾川町
37382,香川県,綾南町,かがわけん,りょうなんちょう,欠番,2006-03-21,37387,綾川町,あやがわちょう,合併後は綾川町
37383,香川県,国分寺町,かがわけん,こくぶんじちょう,欠番,2006-01-10,37201,高松市,たかまつし,合併後は高松市
37386,香川県,宇多津町,かがわけん,うたづちょう,,,37386,,,
37387,香川県,綾川町,かがわけん,あやがわちょう,,,37387,,,
37401,香川県,琴南町,かがわけん,ことなみちょう,欠番,2006-03-20,37406,まんのう町,まんのうちょう,合併後はまんのう町
37402,香川県,満濃町,かがわけん,まんのうちょう,欠番,2006-03-20,37406,まんのう町,まんのうちょう,合併後はまんのう町
37403,香川県,琴平町,かがわけん,ことひらちょう,,,37403,,,
37404,香川県,多度津町,かがわけん,たどつちょう,,,37404,,,
37405,香川県,仲南町,かがわけん,ちゅうなんちょう,欠番,2006-03-20,37406,まんのう町,まんのうちょう,合併後はまんのう町
37406,香川県,まんのう町,かがわけん,まんのうちょう,,,37406,,,
37421,香川県,高瀬町,かがわけん,たかせちょう,欠番,2006-01-01,37208,三豊市,みとよし,合併後は三豊市
37422,香川県,山本町,かがわけん,やまもとちょう,欠番,2006-01-01,37208,三豊市,みとよし,合併後は三豊市
37423,香川県,三野町,かがわけん,みのちょう,欠番,2006-01-01,37208,三豊市,みとよし,合併後は三豊市
37424,香川県,大野原町,かがわけん,おおのはらちょう,欠番,2005-10-11,37205,観音寺市,かんおんじし,合併後は観音寺市
37425,香川県,豊中町,かがわけん,とよなかちょう,欠番,2006-01-01,37208,三豊市,みとよし,合併後は三豊市
37426,香川県,詫間町,かがわけん,たくまちょう,欠番,2006-01-01,37208,三豊市,みとよし,合併後は三豊市
37427,香川県,仁尾町,かがわけん,におちょう,欠番,2006-01-01,37208,三豊市,みとよし,合併後は三豊市
37428,香川県,豊浜町,かがわけん,とよはまちょう,欠番,2005-10-11,37205,観音寺市,かんおんじし,合併後は観音寺市
37429,香川県,財田町,かがわけん,さいたちょう,欠番,2006-01-01,37208,三豊市,みとよし,合併後は三豊市
38000,愛媛県,,えひめけん,,,,38000,,,
38201,愛媛県,松山市,えひめけん,まつやまし,,,38201,,,
38202,愛媛県,今治市,えひめけん,いまばりし,,,38202,,,
38203,愛媛県,宇和島市,えひめけん,うわじまし,,,38203,,,
38204,愛媛県,八幡浜市,えひめけん,やわたはまし,,,38204,,,
38205,愛媛県,新居浜市,えひめけん,にいはまし,,,38205,,,
38206,愛媛県,西条市,えひめけん,さいじょうし,,,38206,,,
38207,愛媛県,大洲市,えひめけん,おおずし,,,38207,,,
38210,愛媛県,伊予市,えひめけん,いよし,,,38210,,,
38213,愛媛県,四国中央市,えひめけん,しこくちゅうおうし,,,38213,,,
38214,愛媛県,西予市,えひめけん,せいよし,,,38214,,,
38215,愛媛県,東温市,えひめけん,とうおんし,,,38215,,,
38356,愛媛県,上島町,えひめけん,かみじまちょう,,,38356,,,
38386,愛媛県,久万高原町,えひめけん,くまこうげんちょう,,,38386,,,
38401,愛媛県,松前町,えひめけん,まさきちょう,,,38401,,,
38402,愛媛県,砥部町,えひめけん,とべちょう,,,38402,,,
38404,愛媛県,中山町,えひめけん,なかやまちょう,欠番,2005-04-01,38210,伊予市,いよし,合併後は伊予市
38405,愛媛県,双海町,えひめけん,ふたみちょう,欠番,2005-04-01,38210,伊予市,いよし,合併後は伊予市
38422,愛媛県,内子町,えひめけん,うちこちょう,,,38422,,,
38442,愛媛県,伊方町,えひめけん,いかたちょう,,,38442,,,
38443,愛媛県,瀬戸町,えひめけん,せとちょう,欠番,2005-04-01,38442,伊方町,いかたちょう,合併後は伊方町
38444,愛媛県,三崎町,えひめけん,みさきちょう,欠番,2005-04-01,38442,伊方町,いかたちょう,合併後は伊方町
38481,愛媛県,吉田町,えひめけん,よしだちょう,欠番,2005-08-01,38203,宇和島市,うわじまし,合併後は宇和島市
38482,愛媛県,三間町,えひめけん,みまちょう,欠番,2005-08-01,38203,宇和島市,うわじまし,合併後は宇和島市
38484,愛媛県,松野町,えひめけん,まつのちょう,,,38484,,,
38486,愛媛県,津島町,えひめけん,つしまちょう,欠番,2005-08-01,38203,宇和島市,うわじまし,合併後は宇和島市
38488,愛媛県,鬼北町,えひめけん,きほくちょう,,,38488,,,
38506,愛媛県,愛南町,えひめけん,あいなんちょう,,,38506,,,
39000,高知県,,こうちけん,,,,39000,,,
39201,高知県,高知市,こうちけん,こうちし,,,39201,,,
39202,高知県,室戸市,こうちけん,むろとし,,,39202,,,
39203,高知県,安芸市,こうちけん,あきし,,,39203,,,
39204,高知県,南国市,こうちけん,なんこくし,,,39204,,,
39205,高知県,土佐市,こうちけん,とさし,,,39205,,,
39206,高知県,須崎市,こうちけん,すさきし,,,39206,,,
39207,高知県,中村市,こうちけん,なかむらし,欠番,2005-04-10,39210,四万十市,しまんとし,合併後は四万十市
39208,高知県,宿毛市,こうちけん,すくもし,,,39208,,,
39209,高知県,土佐清水市,こうちけん,とさしみずし,,,39209,,,
39210,高知県,四万十市,こうちけん,しまんとし,,,39210,,,
39211,高知県,香南市,こうちけん,こうなんし,,,39211,,,
39212,高知県,香美市,こうちけん,かみし,,,39212,,,
39301,高知県,東洋町,こうちけん,とうようちょう,,,39301,,,
39302,高知県,奈半利町,こうちけん,なはりちょう,,,39302,,,
39303,高知県,田野町,こうちけん,たのちょう,,,39303,,,
39304,高知県,安田町,こうちけん,やすだちょう,,,39304,,,
39305,高知県,北川村,こうちけん,きたがわむら,,,39305,,,
39306,高知県,馬路村,こうちけん,うまじむら,,,39306,,,
39307,高知県,芸西村,こうちけん,げいせいむら,,,39307,,,
39321,高知県,赤岡町,こうちけん,あかおかちょう,欠番,2006-03-01,39211,香南市,こうなんし,合併後は香南市
39322,高知県,香我美町,こうちけん,かがみちょう,欠番,2006-03-01,39211,香南市,こうなんし,合併後は香南市
39323,高知県,土佐山田町,こうちけん,とさやまだちょう,欠番,2006-03-01,39212,香美市,かみし,合併後は香美市
39324,高知県,野市町,こうちけん,のいちちょう,欠番,2006-03-01,39211,香南市,こうなんし,合併後は香南市
39325,高知県,夜須町,こうちけん,やすちょう,欠番,2006-03-01,39211,香南市,こうなんし,合併後は香南市
39326,高知県,香北町,こうちけん,かほくちょう,欠番,2006-03-01,39212,香美市,かみし,合併後は香美市
39327,高知県,吉川村,こうちけん,よしかわむら,欠番,2006-03-01,39211,香南市,こうなんし,合併後は香南市
39328,高知県,物部村,こうちけん,ものべそん,欠番,2006-03-01,39212,香美市,かみし,合併後は香美市
39341,高知県,本山町,こうちけん,もとやまちょう,,,39341,,,
39344,高知県,大豊町,こうちけん,おおとよちょう,,,39344,,,
39363,高知県,土佐町,こうちけん,とさちょう,,,39363,,,
39364,高知県,大川村,こうちけん,おおかわむら,,,39364,,,
39382,高知県,池川町,こうちけん,いけがわちょう,欠番,2005-08-01,39387,仁淀川町,によどがわちょう,合併後は仁淀川町
39383,高知県,春野町,こうちけん,はるのちょう,欠番,2008-01-01,39201,高知市,こうちし,合併後は高知市
39384,高知県,吾川村,こうちけん,あがわむら,欠番,2005-08-01,39387,仁淀川町,によどがわちょう,合併後は仁淀川町
39386,高知県,いの町,こうちけん,いのちょう,,,39386,,,
39387,高知県,仁淀川町,こうちけん,によどがわちょう,,,39387,,,
39401,高知県,中土佐町,こうちけん,なかとさちょう,,,39401,,,
39402,高知県,佐川町,こうちけん,さかわちょう,,,39402,,,
39403,高知県,越知町,こうちけん,おちちょう,,,39403,,,
39404,高知県,窪川町,こうちけん,くぼかわちょう,欠番,2006-03-20,39412,四万十町,しまんとちょう,合併後は四万十町
39405,高知県,梼原町,こうちけん,ゆすはらちょう,,,39405,,,
39406,高知県,大野見村,こうちけん,おおのみそん,欠番,2006-01-01,39401,中土佐町,なかとさちょう,合併後は中土佐町
39409,高知県,仁淀村,こうちけん,によどむら,欠番,2005-08-01,39387,仁淀川町,によどがわちょう,合併後は仁淀川町
39410,高知県,日高村,こうちけん,ひだかむら,,,39410,,,
39411,高知県,津野町,こうちけん,つのちょう,,,39411,,,
39412,高知県,四万十町,こうちけん,しまんとちょう,,,39412,,,
39421,高知県,佐賀町,こうちけん,さがちょう,欠番,2006-03-20,39428,黒潮町,くろしおちょう,合併後は黒潮町
39422,高知県,大正町,こうちけん,たいしょうちょう,欠番,2006-03-20,39412,四万十町,しまんとちょう,合併後は四万十町
39423,高知県,大方町,こうちけん,おおがたちょう,欠番,2006-03-20,39428,黒潮町,くろしおちょう,合併後は黒潮町
39424,高知県,大月町,こうちけん,おおつきちょう,,,39424,,,
39425,高知県,十和村,こうちけん,とおわそん,欠番,2006-03-20,39412,四万十町,しまんとちょう,合併後は四万十町
39426,高知県,西土佐村,こうちけん,にしとさむら,欠番,2005-04-10,39210,四万十市,しまんとし,合併後は四万十市
39427,高知県,三原村,こうちけん,みはらむら,,,39427,,,
39428,高知県,黒潮町,こうちけん,くろしおちょう,,,39428,,,
40000,福岡県,,ふくおかけん,,,,40000,,,
40100,福岡県,北九州市,ふくおかけん,きたきゅうしゅうし,,,40100,,,
40101,福岡県,北九州市門司区,ふくおかけん,きたきゅうしゅうしもじく,,,40101,,,
40103,福岡県,北九州市若松区,ふくおかけん,きたきゅうしゅうしわかまつく,,,40103,,,
40105,福岡県,北九州市戸畑区,ふくおかけん,きたきゅうしゅうしとばたく,,,40105,,,
40106,福岡県,北九州市小倉北区,ふくおかけん,きたきゅうしゅうしこくらきたく,,,40106,,,
40107,福岡県,北九州市小倉南区,ふくおかけん,きたきゅうしゅうしこくらみなみく,,,40107,,,
40108,福岡県,北九州市八幡東区,ふくおかけん,きたきゅうしゅうしやはたひがしく,,,40108,,,
40109,福岡県,北九州市八幡西区,ふくおかけん,きたきゅうしゅうしやはたにしく,,,40109,,,
40130,福岡県,福岡市,ふくおかけん,ふくおかし,,,40130,,,
40131,福岡県,福岡市東区,ふくおかけん,ふくおかしひがしく,,,40131,,,
40132,福岡県,福岡市博多区,ふくおかけん,ふくおかしはかたく,,,40132,,,
40133,福岡県,福岡市中央区,ふくおかけん,ふくおかしちゅうおうく,,,40133,,,
40134,福岡県,福岡市南区,ふくおかけん,ふくおかしみなみく,,,40134,,,
40135,福岡県,福岡市西区,ふくおかけん,ふくおかしにしく,,,40135,,,
40136,福岡県,福岡市城南区,ふくおかけん,ふくおかしじょうなんく,,,40136,,,
40137,福岡県,福岡市早良区,ふくおかけん,ふくおかしさわらく,,,40137,,,
40202,福岡県,大牟田市,ふくおかけん,おおむたし,,,40202,,,
40203,福岡県,久留米市,ふくおかけん,くるめし,,,40203,,,
40204,福岡県,直方市,ふくおかけん,のおがたし,,,40204,,,
40205,福岡県,飯塚市,ふくおかけん,いいづかし,,,40205,,,
40206,福岡県,田川市,ふくおかけん,たがわし,,,40206,,,
40207,福岡県,柳川市,ふくおかけん,やながわし,,,40207,,,
40208,福岡県,山田市,ふくおかけん,やまだし,欠番,2006-03-27,40227,嘉麻市,かまし,合併後は嘉麻市
40209,福岡県,甘木市,ふくおかけん,あまぎし,欠番,2006-03-20,40228,朝倉市,あさくらし,合併後は朝倉市
40210,福岡県,八女市,ふくおかけん,やめし,,,40210,,,
40211,福岡県,筑後市,ふくおかけん,ちくごし,,,40211,,,
40212,福岡県,大川市,ふくおかけん,おおかわし,,,40212,,,
40213,福岡県,行橋市,ふくおかけん,ゆくはしし,,,40213,,,
40214,福岡県,豊前市,ふくおかけん,ぶぜんし,,,40214,,,
40215,福岡県,中間市,ふくおかけん,なかまし,,,40215,,,
40216,福岡県,小郡市,ふくおかけん,おごおりし,,,40216,,,
40217,福岡県,筑紫野市,ふくおかけん,ちくしのし,,,40217,,,
40218,福岡県,春日市,ふくおかけん,かすがし,,,40218,,,
40219,福岡県,大野城市,ふくおかけん,おおのじょうし,,,40219,,,
40220,福岡県,宗像市,ふくおかけん,むなかたし,,,40220,,,
40221,福岡県,太宰府市,ふくおかけん,だざいふし,,,40221,,,
40222,福岡県,前原市,ふくおかけん,まえばるし,欠番,2010-01-01,40230,糸島市,いとしまし,合併後は糸島市
40223,福岡県,古賀市,ふくおかけん,こがし,,,40223,,,
40224,福岡県,福津市,ふくおかけん,ふくつし,,,40224,,,
40225,福岡県,うきは市,ふくおかけん,うきはし,,,40225,,,
40226,福岡県,宮若市,ふくおかけん,みやわかし,,,40226,,,
40227,福岡県,嘉麻市,ふくおかけん,かまし,,,40227,,,
40228,福岡県,朝倉市,ふくおかけん,あさくらし,,,40228,,,
40229,福岡県,みやま市,ふくおかけん,みやまし,,,40229,,,
40230,福岡県,糸島市,ふくおかけん,いとしまし,,,40230,,,
40231,福岡県,那珂川市,ふくおかけん,なかがわし,,,40231,,,
40305,福岡県,那珂川町,ふくおかけん,なかがわまち,欠番,,40231,那珂川市,なかがわし,市制施行
40341,福岡県,宇美町,ふくおかけん,うみまち,,,40341,,,
40342,福岡県,篠栗町,ふくおかけん,ささぐりまち,,,40342,,,
40343,福岡県,志免町,ふくおかけん,しめまち,,,40343,,,
40344,福岡県,須恵町,ふくおかけん,すえまち,,,40344,,,
40345,福岡県,新宮町,ふくおかけん,しんぐうまち,,,40345,,,
40348,福岡県,久山町,ふくおかけん,ひさやままち,,,40348,,,
40349,福岡県,粕屋町,ふくおかけん,かすやまち,,,40349,,,
40381,福岡県,芦屋町,ふくおかけん,あしやまち,,,40381,,,
40382,福岡県,水巻町,ふくおかけん,みずまきまち,,,40382,,,
40383,福岡県,岡垣町,ふくおかけん,おかがきまち,,,40383,,,
40384,福岡県,遠賀町,ふくおかけん,おんがちょう,,,40384,,,
40401,福岡県,小竹町,ふくおかけん,こたけまち,,,40401,,,
40402,福岡県,鞍手町,ふくおかけん,くらてまち,,,40402,,,
40403,福岡県,宮田町,ふくおかけん,みやたまち,欠番,2006-02-11,40226,宮若市,みやわかし,合併後は宮若市
40404,福岡県,若宮町,ふくおかけん,わかみやまち,欠番,2006-02-11,40226,宮若市,みやわかし,合併後は宮若市
40421,福岡県,桂川町,ふくおかけん,けいせんまち,,,40421,,,
40422,福岡県,稲築町,ふくおかけん,いなつきまち,欠番,2006-03-27,40227,嘉麻市,かまし,合併後は嘉麻市
40423,福岡県,碓井町,ふくおかけん,うすいまち,欠番,2006-03-27,40227,嘉麻市,かまし,合併後は嘉麻市
40424,福岡県,嘉穂町,ふくおかけん,かほまち,欠番,2006-03-27,40227,嘉麻市,かまし,合併後は嘉麻市
40425,福岡県,筑穂町,ふくおかけん,ちくほまち,欠番,2006-03-26,40205,飯塚市,いいづかし,合併後は飯塚市
40426,福岡県,穂波町,ふくおかけん,ほなみまち,欠番,2006-03-26,40205,飯塚市,いいづかし,合併後は飯塚市
40427,福岡県,庄内町,ふくおかけん,しょうないまち,欠番,2006-03-26,40205,飯塚市,いいづかし,合併後は飯塚市
40428,福岡県,頴田町,ふくおかけん,かいたまち,欠番,2006-03-26,40205,飯塚市,いいづかし,合併後は飯塚市
40441,福岡県,杷木町,ふくおかけん,はきまち,欠番,2006-03-20,40228,朝倉市,あさくらし,合併後は朝倉市
40442,福岡県,朝倉町,ふくおかけん,あさくらまち,欠番,2006-03-20,40228,朝倉市,あさくらし,合併後は朝倉市
40447,福岡県,筑前町,ふくおかけん,ちくぜんまち,,,40447,,,
40448,福岡県,東峰村,ふくおかけん,とうほうむら,,,40448,,,
40462,福岡県,二丈町,ふくおかけん,にじょうまち,欠番,2010-01-01,40230,糸島市,いとしまし,合併後は糸島市
40463,福岡県,志摩町,ふくおかけん,しままち,欠番,2010-01-01,40230,糸島市,いとしまし,合併後は糸島市
40503,福岡県,大刀洗町,ふくおかけん,たちあらいまち,,,40503,,,
40522,福岡県,大木町,ふくおかけん,おおきまち,,,40522,,,
40541,福岡県,黒木町,ふくおかけん,くろぎまち,欠番,2010-02-01,40210,八女市,やめし,合併後は八女市
40542,福岡県,上陽町,ふくおかけん,じょうようまち,欠番,2006-10-01,40210,八女市,やめし,合併後は八女市
40543,福岡県,立花町,ふくおかけん,たちばなまち,欠番,2010-02-01,40210,八女市,やめし,合併後は八女市
40544,福岡県,広川町,ふくおかけん,ひろかわまち,,,40544,,,
40545,福岡県,矢部村,ふくおかけん,やべむら,欠番,2010-02-01,40210,八女市,やめし,合併後は八女市
40546,福岡県,星野村,ふくおかけん,ほしのむら,欠番,2010-02-01,40210,八女市,やめし,合併後は八女市
40561,福岡県,瀬高町,ふくおかけん,せたかまち,欠番,2007-01-29,40229,みやま市,みやまし,合併後はみやま市
40564,福岡県,山川町,ふくおかけん,やまかわまち,欠番,2007-01-29,40229,みやま市,みやまし,合併後はみやま市
40581,福岡県,高田町,ふくおかけん,たかたまち,欠番,2007-01-29,40229,みやま市,みやまし,合併後はみやま市
40601,福岡県,香春町,ふくおかけん,かわらまち,,,40601,,,
40602,福岡県,添田町,ふくおかけん,そえだまち,,,40602,,,
40603,福岡県,金田町,ふくおかけん,かなだまち,欠番,2006-03-06,40610,福智町,ふくちまち,合併後は福智町
40604,福岡県,糸田町,ふくおかけん,いとだまち,,,40604,,,
40605,福岡県,川崎町,ふくおかけん,かわさきまち,,,40605,,,
40606,福岡県,赤池町,ふくおかけん,あかいけまち,欠番,2006-03-06,40610,福智町,ふくちまち,合併後は福智町
40607,福岡県,方城町,ふくおかけん,ほうじょうまち,欠番,2006-03-06,40610,福智町,ふくちまち,合併後は福智町
40608,福岡県,大任町,ふくおかけん,おおとうまち,,,40608,,,
40609,福岡県,赤村,ふくおかけん,あかむら,,,40609,,,
40610,福岡県,福智町,ふくおかけん,ふくちまち,,,40610,,,
40621,福岡県,苅田町,ふくおかけん,かんだまち,,,40621,,,
40622,福岡県,犀川町,ふくおかけん,さいがわまち,欠番,2006-03-20,40625,みやこ町,みやこまち,合併後はみやこ町
40623,福岡県,勝山町,ふくおかけん,かつやままち,欠番,2006-03-20,40625,みやこ町,みやこまち,合併後はみやこ町
40624,福岡県,豊津町,ふくおかけん,とよつまち,欠番,2006-03-20,40625,みやこ町,みやこまち,合併後はみやこ町
40625,福岡県,みやこ町,ふくおかけん,みやこまち,,,40625,,,
40641,福岡県,椎田町,ふくおかけん,しいだまち,欠番,2006-01-10,40647,築上町,ちくじょうまち,合併後は築上町
40642,福岡県,吉富町,ふくおかけん,よしとみまち,,,40642,,,
40643,福岡県,築城町,ふくおかけん,ついきまち,欠番,2006-01-10,40647,築上町,ちくじょうまち,合併後は築上町
40644,福岡県,新吉富村,ふくおかけん,しんよしとみむら,欠番,2005-10-11,40646,上毛町,こうげまち,合併後は上毛町
40645,福岡県,大平村,ふくおかけん,たいへいむら,欠番,2005-10-11,40646,上毛町,こうげまち,合併後は上毛町
40646,福岡県,上毛町,ふくおかけん,こうげまち,,,40646,,,
40647,福岡県,築上町,ふくおかけん,ちくじょうまち,,,40647,,,
41000,佐賀県,,さがけん,,,,41000,,,
41201,佐賀県,佐賀市,さがけん,さがし,,,41201,,,
41202,佐賀県,唐津市,さがけん,からつし,,,41202,,,
41203,佐賀県,鳥栖市,さがけん,とすし,,,41203,,,
41204,佐賀県,多久市,さがけん,たくし,,,41204,,,
41205,佐賀県,伊万里市,さがけん,いまりし,,,41205,,,
41206,佐賀県,武雄市,さがけん,たけおし,,,41206,,,
41207,佐賀県,鹿島市,さがけん,かしまし,,,41207,,,
41208,佐賀県,小城市,さがけん,おぎし,,,41208,,,
41209,佐賀県,嬉野市,さがけん,うれしのし,,,41209,,,
41210,佐賀県,神埼市,さがけん,かんざきし,,,41210,,,
41301,佐賀県,諸富町,さがけん,もろどみちょう,欠番,2005-10-01,41201,佐賀市,さがし,合併後は佐賀市
41302,佐賀県,川副町,さがけん,かわそえまち,欠番,2007-10-01,41201,佐賀市,さがし,合併後は佐賀市
41303,佐賀県,東与賀町,さがけん,ひがしよかちょう,欠番,2007-10-01,41201,佐賀市,さがし,合併後は佐賀市
41304,佐賀県,久保田町,さがけん,くぼたちょう,欠番,2007-10-01,41201,佐賀市,さがし,合併後は佐賀市
41305,佐賀県,大和町,さがけん,やまとちょう,欠番,2005-10-01,41201,佐賀市,さがし,合併後は佐賀市
41306,佐賀県,富士町,さがけん,ふじちょう,欠番,2005-10-01,41201,佐賀市,さがし,合併後は佐賀市
41321,佐賀県,神埼町,さがけん,かんざきまち,欠番,2006-03-20,41210,神埼市,かんざきし,合併後は神埼市
41322,佐賀県,千代田町,さがけん,ちよだちょう,欠番,2006-03-20,41210,神埼市,かんざきし,合併後は神埼市
41323,佐賀県,三田川町,さがけん,みたがわちょう,欠番,2006-03-01,41327,吉野ヶ里町,よしのがりちょう,合併後は吉野ヶ里町
41324,佐賀県,東脊振村,さがけん,ひがしせふりそん,欠番,2006-03-01,41327,吉野ヶ里町,よしのがりちょう,合併後は吉野ヶ里町
41325,佐賀県,脊振村,さがけん,せふりむら,欠番,2006-03-20,41210,神埼市,かんざきし,合併後は神埼市
41326,佐賀県,三瀬村,さがけん,みつせむら,欠番,2005-10-01,41201,佐賀市,さがし,合併後は佐賀市
41327,佐賀県,吉野ヶ里町,さがけん,よしのがりちょう,,,41327,,,
41341,佐賀県,基山町,さがけん,きやまちょう,,,41341,,,
41345,佐賀県,上峰町,さがけん,かみみねちょう,,,41345,,,
41346,佐賀県,みやき町,さがけん,みやきちょう,,,41346,,,
41382,佐賀県,七山村,さがけん,ななやまむら,欠番,2006-01-01,41202,唐津市,からつし,合併後は唐津市
41387,佐賀県,玄海町,さがけん,げんかいちょう,,,41387,,,
41401,佐賀県,有田町,さがけん,ありたちょう,,,41401,,,
41402,佐賀県,西有田町,さがけん,にしありたちょう,欠番,2006-03-01,41401,有田町,ありたちょう,合併後は有田町
41421,佐賀県,山内町,さがけん,やまうちちょう,欠番,2006-03-01,41206,武雄市,たけおし,合併後は武雄市
41422,佐賀県,北方町,さがけん,きたがたまち,欠番,2006-03-01,41206,武雄市,たけおし,合併後は武雄市
41423,佐賀県,大町町,さがけん,おおまちちょう,,,41423,,,
41424,佐賀県,江北町,さがけん,こうほくまち,,,41424,,,
41425,佐賀県,白石町,さがけん,しろいしちょう,,,41425,,,
41441,佐賀県,太良町,さがけん,たらちょう,,,41441,,,
41442,佐賀県,塩田町,さがけん,しおたちょう,欠番,2006-01-01,41209,嬉野市,うれしのし,合併後は嬉野市
41443,佐賀県,嬉野町,さがけん,うれしのまち,欠番,2006-01-01,41209,嬉野市,うれしのし,合併後は嬉野市
42000,長崎県,,ながさきけん,,,,42000,,,
42201,長崎県,長崎市,ながさきけん,ながさきし,,,42201,,,
42202,長崎県,佐世保市,ながさきけん,させぼし,,,42202,,,
42203,長崎県,島原市,ながさきけん,しまばらし,,,42203,,,
42204,長崎県,諫早市,ながさきけん,いさはやし,,,42204,,,
42205,長崎県,大村市,ながさきけん,おおむらし,,,42205,,,
42207,長崎県,平戸市,ながさきけん,ひらどし,,,42207,,,
42208,長崎県,松浦市,ながさきけん,まつうらし,,,42208,,,
42209,長崎県,対馬市,ながさきけん,つしまし,,,42209,,,
42210,長崎県,壱岐市,ながさきけん,いきし,,,42210,,,
42211,長崎県,五島市,ながさきけん,ごとうし,,,42211,,,
42212,長崎県,西海市,ながさきけん,さいかいし,,,42212,,,
42213,長崎県,雲仙市,ながさきけん,うんぜんし,,,42213,,,
42214,長崎県,南島原市,ながさきけん,みなみしまばらし,,,42214,,,
42307,長崎県,長与町,ながさきけん,ながよちょう,,,42307,,,
42308,長崎県,時津町,ながさきけん,とぎつちょう,,,42308,,,
42309,長崎県,琴海町,ながさきけん,きんかいちょう,欠番,2006-01-04,42201,長崎市,ながさきし,合併後は長崎市
42310,長崎県,西彼町,ながさきけん,せいひちょう,欠番,2005-04-01,42212,西海市,さいかいし,合併後は西海市
42311,長崎県,西海町,ながさきけん,さいかいちょう,欠番,2005-04-01,42212,西海市,さいかいし,合併後は西海市
42312,長崎県,大島町,ながさきけん,おおしまちょう,欠番,2005-04-01,42212,西海市,さいかいし,合併後は西海市
42313,長崎県,崎戸町,ながさきけん,さきとちょう,欠番,2005-04-01,42212,西海市,さいかいし,合併後は西海市
42314,長崎県,大瀬戸町,ながさきけん,おおせとちょう,欠番,2005-04-01,42212,西海市,さいかいし,合併後は西海市
42321,長崎県,東彼杵町,ながさきけん,ひがしそのぎちょう,,,42321,,,
42322,長崎県,川棚町,ながさきけん,かわたなちょう,,,42322,,,
42323,長崎県,波佐見町,ながさきけん,はさみちょう,,,42323,,,
42361,長崎県,有明町,ながさきけん,ありあけちょう,欠番,2006-01-01,42203,島原市,しまばらし,合併後は島原市
42362,長崎県,国見町,ながさきけん,くにみちょう,欠番,2005-10-11,42213,雲仙市,うんぜんし,合併後は雲仙市
42363,長崎県,瑞穂町,ながさきけん,みずほちょう,欠番,2005-10-11,42213,雲仙市,うんぜんし,合併後は雲仙市
42364,長崎県,吾妻町,ながさきけん,あづまちょう,欠番,2005-10-11,42213,雲仙市,うんぜんし,合併後は雲仙市
42365,長崎県,愛野町,ながさきけん,あいのまち,欠番,2005-10-11,42213,雲仙市,うんぜんし,合併後は雲仙市
42366,長崎県,千々石町,ながさきけん,ちぢわちょう,欠番,2005-10-11,42213,雲仙市,うんぜんし,合併後は雲仙市
42367,長崎県,小浜町,ながさきけん,おばまちょう,欠番,2005-10-11,42213,雲仙市,うんぜんし,合併後は雲仙市
42368,長崎県,南串山町,ながさきけん,みなみくしやまちょう,欠番,2005-10-11,42213,雲仙市,うんぜんし,合併後は雲仙市
42369,長崎県,加津佐町,ながさきけん,かづさまち,欠番,2006-03-31,42214,南島原市,みなみしまばらし,合併後は南島原市
42370,長崎県,口之津町,ながさきけん,くちのつちょう,欠番,2006-03-31,42214,南島原市,みなみしまばらし,合併後は南島原市
42371,長崎県,南有馬町,ながさきけん,みなみありまちょう,欠番,2006-03-31,42214,南島原市,みなみしまばらし,合併後は南島原市
42372,長崎県,北有馬町,ながさきけん,きたありまちょう,欠番,2006-03-31,42214,南島原市,みなみしまばらし,合併後は南島原市
42373,長崎県,西有家町,ながさきけん,にしありえちょう,欠番,2006-03-31,42214,南島原市,みなみしまばらし,合併後は南島原市
42374,長崎県,有家町,ながさきけん,ありえちょう,欠番,2006-03-31,42214,南島原市,みなみしまばらし,合併後は南島原市
42375,長崎県,布津町,ながさきけん,ふつちょう,欠番,2006-03-31,42214,南島原市,みなみしまばらし,合併後は南島原市
42376,長崎県,深江町,ながさきけん,ふかえちょう,欠番,2006-03-31,42214,南島原市,みなみしまばらし,合併後は南島原市
42381,長崎県,大島村,ながさきけん,おおしまむら,欠番,2005-10-01,42207,平戸市,ひらどし,合併後は平戸市
42382,長崎県,生月町,ながさきけん,いきつきちょう,欠番,2005-10-01,42207,平戸市,ひらどし,合併後は平戸市
42383,長崎県,小値賀町,ながさきけん,おぢかちょう,,,42383,,,
42384,長崎県,宇久町,ながさきけん,うくまち,欠番,2006-03-31,42202,佐世保市,させぼし,合併後は佐世保市
42385,長崎県,田平町,ながさきけん,たびらちょう,欠番,2005-10-01,42207,平戸市,ひらどし,合併後は平戸市
42386,長崎県,福島町,ながさきけん,ふくしまちょう,欠番,2006-01-01,42208,松浦市,まつうらし,合併後は松浦市
42387,長崎県,鷹島町,ながさきけん,たかしまちょう,欠番,2006-01-01,42208,松浦市,まつうらし,合併後は松浦市
42388,長崎県,江迎町,ながさきけん,えむかえちょう,欠番,2010-03-31,42202,佐世保市,させぼし,合併後は佐世保市
42389,長崎県,鹿町町,ながさきけん,しかまちちょう,欠番,2010-03-31,42202,佐世保市,させぼし,合併後は佐世保市
42390,長崎県,小佐々町,ながさきけん,こさざちょう,欠番,2006-03-31,42202,佐世保市,させぼし,合併後は佐世保市
42391,長崎県,佐々町,ながさきけん,さざちょう,,,42391,,,
42392,長崎県,吉井町,ながさきけん,よしいちょう,欠番,2005-04-01,42202,佐世保市,させぼし,合併後は佐世保市
42393,長崎県,世知原町,ながさきけん,せちばるちょう,欠番,2005-04-01,42202,佐世保市,させぼし,合併後は佐世保市
42411,長崎県,新上五島町,ながさきけん,しんかみごとうちょう,,,42411,,,
43000,熊本県,,くまもとけん,,,,43000,,,
43100,熊本県,熊本市,くまもとけん,くまもとし,,,43100,,,
43101,熊本県,熊本市中央区,くまもとけん,くまもとしちゅうおうく,,,43101,,,
43102,熊本県,熊本市東区,くまもとけん,くまもとしひがしく,,,43102,,,
43103,熊本県,熊本市西区,くまもとけん,くまもとしにしく,,,43103,,,
43104,熊本県,熊本市南区,くまもとけん,くまもとしみなみく,,,43104,,,
43105,熊本県,熊本市北区,くまもとけん,くまもとしきたく,,,43105,,,
43201,熊本県,熊本市,くまもとけん,くまもとし,欠番,,43100,熊本市,くまもとし,政令指定都市へ移行
43202,熊本県,八代市,くまもとけん,やつしろし,,,43202,,,
43203,熊本県,人吉市,くまもとけん,ひとよしし,,,43203,,,
43204,熊本県,荒尾市,くまもとけん,あらおし,,,43204,,,
43205,熊本県,水俣市,くまもとけん,みなまたし,,,43205,,,
43206,熊本県,玉名市,くまもとけん,たまなし,,,43206,,,
43207,熊本県,本渡市,くまもとけん,ほんどし,欠番,2006-03-27,43215,天草市,あまくさし,合併後は天草市
43208,熊本県,山鹿市,くまもとけん,やまがし,,,43208,,,
43209,熊本県,牛深市,くまもとけん,うしぶかし,欠番,2006-03-27,43215,天草市,あまくさし,合併後は天草市
43210,熊本県,菊池市,くまもとけん,きくちし,,,43210,,,
43211,熊本県,宇土市,くまもとけん,うとし,,,43211,,,
43212,熊本県,上天草市,くまもとけん,かみあまくさし,,,43212,,,
43213,熊本県,宇城市,くまもとけん,うきし,,,43213,,,
43214,熊本県,阿蘇市,くまもとけん,あそし,,,43214,,,
43215,熊本県,天草市,くまもとけん,あまくさし,,,43215,,,
43216,熊本県,合志市,くまもとけん,こうしし,,,43216,,,
43341,熊本県,城南町,くまもとけん,じょうなんまち,欠番,2010-03-23,43201,熊本市,くまもとし,合併後は熊本市
43342,熊本県,富合町,くまもとけん,とみあいまち,欠番,,43201,熊本市,くまもとし,合併後は熊本市
43348,熊本県,美里町,くまもとけん,みさとまち,,,43348,,,
43361,熊本県,岱明町,くまもとけん,たいめいまち,欠番,2005-10-03,43206,玉名市,たまなし,合併後は玉名市
43362,熊本県,横島町,くまもとけん,よこしままち,欠番,2005-10-03,43206,玉名市,たまなし,合併後は玉名市
43363,熊本県,天水町,くまもとけん,てんすいまち,欠番,2005-10-03,43206,玉名市,たまなし,合併後は玉名市
43364,熊本県,玉東町,くまもとけん,ぎょくとうまち,,,43364,,,
43365,熊本県,菊水町,くまもとけん,きくすいまち,欠番,2006-03-01,43369,和水町,なごみまち,合併後は和水町
43366,熊本県,三加和町,くまもとけん,みかわまち,欠番,2006-03-01,43369,和水町,なごみまち,合併後は和水町
43367,熊本県,南関町,くまもとけん,なんかんまち,,,43367,,,
43368,熊本県,長洲町,くまもとけん,ながすまち,,,43368,,,
43369,熊本県,和水町,くまもとけん,なごみまち,,,43369,,,
43385,熊本県,植木町,くまもとけん,うえきまち,欠番,2010-03-23,43201,熊本市,くまもとし,合併後は熊本市
43403,熊本県,大津町,くまもとけん,おおづまち,,,43403,,,
43404,熊本県,菊陽町,くまもとけん,きくようまち,,,43404,,,
43405,熊本県,合志町,くまもとけん,こうしまち,欠番,2006-02-27,43216,合志市,こうしし,合併後は合志市
43407,熊本県,西合志町,くまもとけん,にしごうしまち,欠番,2006-02-27,43216,合志市,こうしし,合併後は合志市
43423,熊本県,南小国町,くまもとけん,みなみおぐにまち,,,43423,,,
43424,熊本県,小国町,くまもとけん,おぐにまち,,,43424,,,
43425,熊本県,産山村,くまもとけん,うぶやまむら,,,43425,,,
43428,熊本県,高森町,くまもとけん,たかもりまち,,,43428,,,
43432,熊本県,西原村,くまもとけん,にしはらむら,,,43432,,,
43433,熊本県,南阿蘇村,くまもとけん,みなみあそむら,,,43433,,,
43441,熊本県,御船町,くまもとけん,みふねまち,,,43441,,,
43442,熊本県,嘉島町,くまもとけん,かしままち,,,43442,,,
43443,熊本県,益城町,くまもとけん,ましきまち,,,43443,,,
43444,熊本県,甲佐町,くまもとけん,こうさまち,,,43444,,,
43447,熊本県,山都町,くまもとけん,やまとちょう,,,43447,,,
43461,熊本県,坂本村,くまもとけん,さかもとむら,欠番,2005-08-01,43202,八代市,やつしろし,合併後は八代市
43462,熊本県,千丁町,くまもとけん,せんちょうまち,欠番,2005-08-01,43202,八代市,やつしろし,合併後は八代市
43463,熊本県,鏡町,くまもとけん,かがみまち,欠番,2005-08-01,43202,八代市,やつしろし,合併後は八代市
43464,熊本県,竜北町,くまもとけん,りゅうほくまち,欠番,2005-10-01,43468,氷川町,ひかわちょう,合併後は氷川町
43465,熊本県,宮原町,くまもとけん,みやはらまち,欠番,2005-10-01,43468,氷川町,ひかわちょう,合併後は氷川町
43466,熊本県,東陽村,くまもとけん,とうようむら,欠番,2005-08-01,43202,八代市,やつしろし,合併後は八代市
43467,熊本県,泉村,くまもとけん,いずみむら,欠番,2005-08-01,43202,八代市,やつしろし,合併後は八代市
43468,熊本県,氷川町,くまもとけん,ひかわちょう,,,43468,,,
43482,熊本県,芦北町,くまもとけん,あしきたまち,,,43482,,,
43484,熊本県,津奈木町,くまもとけん,つなぎまち,,,43484,,,
43501,熊本県,錦町,くまもとけん,にしきまち,,,43501,,,
43505,熊本県,多良木町,くまもとけん,たらぎまち,,,43505,,,
43506,熊本県,湯前町,くまもとけん,ゆのまえまち,,,43506,,,
43507,熊本県,水上村,くまもとけん,みずかみむら,,,43507,,,
43510,熊本県,相良村,くまもとけん,さがらむら,,,43510,,,
43511,熊本県,五木村,くまもとけん,いつきむら,,,43511,,,
43512,熊本県,山江村,くまもとけん,やまえむら,,,43512,,,
43513,熊本県,球磨村,くまもとけん,くまむら,,,43513,,,
43514,熊本県,あさぎり町,くまもとけん,あさぎりちょう,,,43514,,,
43523,熊本県,有明町,くまもとけん,ありあけまち,欠番,2006-03-27,43215,天草市,あまくさし,合併後は天草市
43526,熊本県,御所浦町,くまもとけん,ごしょうらまち,欠番,2006-03-27,43215,天草市,あまくさし,合併後は天草市
43527,熊本県,倉岳町,くまもとけん,くらたけまち,欠番,2006-03-27,43215,天草市,あまくさし,合併後は天草市
43528,熊本県,栖本町,くまもとけん,すもとまち,欠番,2006-03-27,43215,天草市,あまくさし,合併後は天草市
43529,熊本県,新和町,くまもとけん,しんわまち,欠番,2006-03-27,43215,天草市,あまくさし,合併後は天草市
43530,熊本県,五和町,くまもとけん,いつわまち,欠番,2006-03-27,43215,天草市,あまくさし,合併後は天草市
43531,熊本県,苓北町,くまもとけん,れいほくまち,,,43531,,,
43532,熊本県,天草町,くまもとけん,あまくさまち,欠番,2006-03-27,43215,天草市,あまくさし,合併後は天草市
43533,熊本県,河浦町,くまもとけん,かわうらまち,欠番,2006-03-27,43215,天草市,あまくさし,合併後は天草市
44000,大分県,,おおいたけん,,,,44000,,,
44201,大分県,大分市,おおいたけん,おおいたし,,,44201,,,
44202,大分県,別府市,おおいたけん,べっぷし,,,44202,,,
44203,大分県,中津市,おおいたけん,なかつし,,,44203,,,
44204,大分県,日田市,おおいたけん,ひたし,,,44204,,,
44205,大分県,佐伯市,おおいたけん,さいきし,,,44205,,,
44206,大分県,臼杵市,おおいたけん,うすきし,,,44206,,,
44207,大分県,津久見市,おおいたけん,つくみし,,,44207,,,
44208,大分県,竹田市,おおいたけん,たけたし,,,44208,,,
44209,大分県,豊後高田市,おおいたけん,ぶんごたかだし,,,44209,,,
44210,大分県,杵築市,おおいたけん,きつきし,,,44210,,,
44211,大分県,宇佐市,おおいたけん,うさし,,,44211,,,
44212,大分県,豊後大野市,おおいたけん,ぶんごおおのし,,,44212,,,
44213,大分県,由布市,おおいたけん,ゆふし,,,44213,,,
44214,大分県,国東市,おおいたけん,くにさきし,,,44214,,,
44301,大分県,大田村,おおいたけん,おおたむら,欠番,2005-10-01,44210,杵築市,きつきし,合併後は杵築市
44321,大分県,国見町,おおいたけん,くにみちょう,欠番,2006-03-31,44214,国東市,くにさきし,合併後は国東市
44322,大分県,姫島村,おおいたけん,ひめしまむら,,,44322,,,
44323,大分県,国東町,おおいたけん,くにさきまち,欠番,2006-03-31,44214,国東市,くにさきし,合併後は国東市
44324,大分県,武蔵町,おおいたけん,むさしまち,欠番,2006-03-31,44214,国東市,くにさきし,合併後は国東市
44325,大分県,安岐町,おおいたけん,あきまち,欠番,2006-03-31,44214,国東市,くにさきし,合併後は国東市
44341,大分県,日出町,おおいたけん,ひじまち,,,44341,,,
44342,大分県,山香町,おおいたけん,やまがまち,欠番,2005-10-01,44210,杵築市,きつきし,合併後は杵築市
44362,大分県,挾間町,おおいたけん,はさままち,欠番,2005-10-01,44213,由布市,ゆふし,合併後は由布市
44363,大分県,庄内町,おおいたけん,しょうないちょう,欠番,2005-10-01,44213,由布市,ゆふし,合併後は由布市
44364,大分県,湯布院町,おおいたけん,ゆふいんちょう,欠番,2005-10-01,44213,由布市,ゆふし,合併後は由布市
44441,大分県,荻町,おおいたけん,おぎまち,欠番,2005-04-01,44208,竹田市,たけたし,合併後は竹田市
44442,大分県,久住町,おおいたけん,くじゅうまち,欠番,2005-04-01,44208,竹田市,たけたし,合併後は竹田市
44443,大分県,直入町,おおいたけん,なおいりまち,欠番,2005-04-01,44208,竹田市,たけたし,合併後は竹田市
44461,大分県,九重町,おおいたけん,ここのえまち,,,44461,,,
44462,大分県,玖珠町,おおいたけん,くすまち,,,44462,,,
45000,宮崎県,,みやざきけん,,,,45000,,,
45201,宮崎県,宮崎市,みやざきけん,みやざきし,,,45201,,,
45202,宮崎県,都城市,みやざきけん,みやこのじょうし,,,45202,,,
45203,宮崎県,延岡市,みやざきけん,のべおかし,,,45203,,,
45204,宮崎県,日南市,みやざきけん,にちなんし,,,45204,,,
45205,宮崎県,小林市,みやざきけん,こばやしし,,,45205,,,
45206,宮崎県,日向市,みやざきけん,ひゅうがし,,,45206,,,
45207,宮崎県,串間市,みやざきけん,くしまし,,,45207,,,
45208,宮崎県,西都市,みやざきけん,さいとし,,,45208,,,
45209,宮崎県,えびの市,みやざきけん,えびのし,,,45209,,,
45301,宮崎県,清武町,みやざきけん,きよたけちょう,欠番,2010-03-23,45201,宮崎市,みやざきし,合併後は宮崎市
45302,宮崎県,田野町,みやざきけん,たのちょう,欠番,2006-01-01,45201,宮崎市,みやざきし,合併後は宮崎市
45303,宮崎県,佐土原町,みやざきけん,さどわらちょう,欠番,2006-01-01,45201,宮崎市,みやざきし,合併後は宮崎市
45321,宮崎県,北郷町,みやざきけん,きたごうちょう,欠番,2009-03-30,45204,日南市,にちなんし,合併後は日南市
45322,宮崎県,南郷町,みやざきけん,なんごうちょう,欠番,2009-03-30,45204,日南市,にちなんし,合併後は日南市
45341,宮崎県,三股町,みやざきけん,みまたちょう,,,45341,,,
45342,宮崎県,山之口町,みやざきけん,やまのくちちょう,欠番,2006-01-01,45202,都城市,みやこのじょうし,合併後は都城市
45343,宮崎県,高城町,みやざきけん,たかじょうちょう,欠番,2006-01-01,45202,都城市,みやこのじょうし,合併後は都城市
45344,宮崎県,山田町,みやざきけん,やまだちょう,欠番,2006-01-01,45202,都城市,みやこのじょうし,合併後は都城市
45345,宮崎県,高崎町,みやざきけん,たかざきちょう,欠番,2006-01-01,45202,都城市,みやこのじょうし,合併後は都城市
45361,宮崎県,高原町,みやざきけん,たかはるちょう,,,45361,,,
45362,宮崎県,野尻町,みやざきけん,のじりちょう,欠番,2010-03-23,45205,小林市,こばやしし,合併後は小林市
45363,宮崎県,須木村,みやざきけん,すきそん,欠番,2006-03-20,45205,小林市,こばやしし,合併後は小林市
45381,宮崎県,高岡町,みやざきけん,たかおかちょう,欠番,2006-01-01,45201,宮崎市,みやざきし,合併後は宮崎市
45382,宮崎県,国富町,みやざきけん,くにとみちょう,,,45382,,,
45383,宮崎県,綾町,みやざきけん,あやちょう,,,45383,,,
45401,宮崎県,高鍋町,みやざきけん,たかなべちょう,,,45401,,,
45402,宮崎県,新富町,みやざきけん,しんとみちょう,,,45402,,,
45403,宮崎県,西米良村,みやざきけん,にしめらそん,,,45403,,,
45404,宮崎県,木城町,みやざきけん,きじょうちょう,,,45404,,,
45405,宮崎県,川南町,みやざきけん,かわみなみちょう,,,45405,,,
45406,宮崎県,都農町,みやざきけん,つのちょう,,,45406,,,
45421,宮崎県,門川町,みやざきけん,かどがわちょう,,,45421,,,
45422,宮崎県,東郷町,みやざきけん,とうごうちょう,欠番,2006-02-25,45206,日向市,ひゅうがし,合併後は日向市
45423,宮崎県,南郷村,みやざきけん,なんごうそん,欠番,2006-01-01,45431,美郷町,みさとちょう,合併後は美郷町
45424,宮崎県,西郷村,みやざきけん,さいごうそん,欠番,2006-01-01,45431,美郷町,みさとちょう,合併後は美郷町
45425,宮崎県,北郷村,みやざきけん,きたごうそん,欠番,2006-01-01,45431,美郷町,みさとちょう,合併後は美郷町
45426,宮崎県,北方町,みやざきけん,きたかたちょう,欠番,2006-02-20,45203,延岡市,のべおかし,合併後は延岡市
45427,宮崎県,北川町,みやざきけん,きたがわちょう,欠番,2007-03-31,45203,延岡市,のべおかし,合併後は延岡市
45428,宮崎県,北浦町,みやざきけん,きたうらちょう,欠番,2006-02-20,45203,延岡市,のべおかし,合併後は延岡市
45429,宮崎県,諸塚村,みやざきけん,もろつかそん,,,45429,,,
45430,宮崎県,椎葉村,みやざきけん,しいばそん,,,45430,,,
45431,宮崎県,美郷町,みやざきけん,みさとちょう,,,45431,,,
45441,宮崎県,高千穂町,みやざきけん,たかちほちょう,,,45441,,,
45442,宮崎県,日之影町,みやざきけん,ひのかげちょう,,,45442,,,
45443,宮崎県,五ヶ瀬町,みやざきけん,ごかせちょう,,,45443,,,
46000,鹿児島県,,かごしまけん,,,,46000,,,
46201,鹿児島県,鹿児島市,かごしまけん,かごしまし,,,46201,,,
46203,鹿児島県,鹿屋市,かごしまけん,かのやし,,,46203,,,
46204,鹿児島県,枕崎市,かごしまけん,まくらざきし,,,46204,,,
46205,鹿児島県,串木野市,かごしまけん,くしきのし,欠番,2005-10-11,46219,いちき串木野市,いちきくしきのし,合併後はいちき串木野市
46206,鹿児島県,阿久根市,かごしまけん,あくねし,,,46206,,,
46207,鹿児島県,名瀬市,かごしまけん,なぜし,欠番,2006-03-20,46222,奄美市,あまみし,合併後は奄美市
46208,鹿児島県,出水市,かごしまけん,いずみし,,,46208,,,
46209,鹿児島県,大口市,かごしまけん,おおくちし,欠番,,46224,伊佐市,いさし,合併後は伊佐市
46210,鹿児島県,指宿市,かごしまけん,いぶすきし,,,46210,,,
46211,鹿児島県,加世田市,かごしまけん,かせだし,欠番,2005-11-07,46220,南さつま市,みなみさつまし,合併後は南さつま市
46212,鹿児島県,国分市,かごしまけん,こくぶし,欠番,2005-11-07,46218,霧島市,きりしまし,合併後は霧島市
46213,鹿児島県,西之表市,かごしまけん,にしのおもてし,,,46213,,,
46214,鹿児島県,垂水市,かごしまけん,たるみずし,,,46214,,,
46215,鹿児島県,薩摩川内市,かごしまけん,さつませんだいし,,,46215,,,
46216,鹿児島県,日置市,かごしまけん,ひおきし,,,46216,,,
46217,鹿児島県,曽於市,かごしまけん,そおし,,,46217,,,
46218,鹿児島県,霧島市,かごしまけん,きりしまし,,,46218,,,
46219,鹿児島県,いちき串木野市,かごしまけん,いちきくしきのし,,,46219,,,
46220,鹿児島県,南さつま市,かごしまけん,みなみさつまし,,,46220,,,
46221,鹿児島県,志布志市,かごしまけん,しぶしし,,,46221,,,
46222,鹿児島県,奄美市,かごしまけん,あまみし,,,46222,,,
46223,鹿児島県,南九州市,かごしまけん,みなみきゅうしゅうし,,,46223,,,
46224,鹿児島県,伊佐市,かごしまけん,いさし,,,46224,,,
46225,鹿児島県,姶良市,かごしまけん,あいらし,,,46225,,,
46303,鹿児島県,三島村,かごしまけん,みしまむら,,,46303,,,
46304,鹿児島県,十島村,かごしまけん,としまむら,,,46304,,,
46322,鹿児島県,山川町,かごしまけん,やまがわちょう,欠番,2006-01-01,46210,指宿市,いぶすきし,合併後は指宿市
46323,鹿児島県,頴娃町,かごしまけん,えいちょう,欠番,2007-12-01,46223,南九州市,みなみきゅうしゅうし,合併後は南九州市
46324,鹿児島県,開聞町,かごしまけん,かいもんちょう,欠番,2006-01-01,46210,指宿市,いぶすきし,合併後は指宿市
46341,鹿児島県,笠沙町,かごしまけん,かささちょう,欠番,2005-11-07,46220,南さつま市,みなみさつまし,合併後は南さつま市
46342,鹿児島県,大浦町,かごしまけん,おおうらちょう,欠番,2005-11-07,46220,南さつま市,みなみさつまし,合併後は南さつま市
46343,鹿児島県,坊津町,かごしまけん,ぼうのつちょう,欠番,2005-11-07,46220,南さつま市,みなみさつまし,合併後は南さつま市
46344,鹿児島県,知覧町,かごしまけん,ちらんちょう,欠番,2007-12-01,46223,南九州市,みなみきゅうしゅうし,合併後は南九州市
46345,鹿児島県,川辺町,かごしまけん,かわなべちょう,欠番,2007-12-01,46223,南九州市,みなみきゅうしゅうし,合併後は南九州市
46361,鹿児島県,市来町,かごしまけん,いちきちょう,欠番,2005-10-11,46219,いちき串木野市,いちきくしきのし,合併後はいちき串木野市
46362,鹿児島県,東市来町,かごしまけん,ひがしいちきちょう,欠番,2005-05-01,46216,日置市,ひおきし,合併後は日置市
46363,鹿児島県,伊集院町,かごしまけん,いじゅういんちょう,欠番,2005-05-01,46216,日置市,ひおきし,合併後は日置市
46366,鹿児島県,日吉町,かごしまけん,ひよしちょう,欠番,2005-05-01,46216,日置市,ひおきし,合併後は日置市
46367,鹿児島県,吹上町,かごしまけん,ふきあげちょう,欠番,2005-05-01,46216,日置市,ひおきし,合併後は日置市
46368,鹿児島県,金峰町,かごしまけん,きんぽうちょう,欠番,2005-11-07,46220,南さつま市,みなみさつまし,合併後は南さつま市
46392,鹿児島県,さつま町,かごしまけん,さつまちょう,,,46392,,,
46401,鹿児島県,野田町,かごしまけん,のだちょう,欠番,2006-03-13,46208,出水市,いずみし,合併後は出水市
46402,鹿児島県,高尾野町,かごしまけん,たかおのちょう,欠番,2006-03-13,46208,出水市,いずみし,合併後は出水市
46403,鹿児島県,東町,かごしまけん,あずまちょう,欠番,2006-03-20,46404,長島町,ながしまちょう,合併後は長島町
46404,鹿児島県,長島町,かごしまけん,ながしまちょう,,,46404,,,
46421,鹿児島県,菱刈町,かごしまけん,ひしかりちょう,欠番,,46224,伊佐市,いさし,合併後は伊佐市
46441,鹿児島県,加治木町,かごしまけん,かじきちょう,欠番,2010-03-23,46225,姶良市,あいらし,合併後は姶良市
46442,鹿児島県,姶良町,かごしまけん,あいらちょう,欠番,2010-03-23,46225,姶良市,あいらし,合併後は姶良市
46443,鹿児島県,蒲生町,かごしまけん,かもうちょう,欠番,2010-03-23,46225,姶良市,あいらし,合併後は姶良市
46444,鹿児島県,溝辺町,かごしまけん,みぞべちょう,欠番,2005-11-07,46218,霧島市,きりしまし,合併後は霧島市
46445,鹿児島県,横川町,かごしまけん,よこがわちょう,欠番,2005-11-07,46218,霧島市,きりしまし,合併後は霧島市
46448,鹿児島県,牧園町,かごしまけん,まきぞのちょう,欠番,2005-11-07,46218,霧島市,きりしまし,合併後は霧島市
46449,鹿児島県,霧島町,かごしまけん,きりしまちょう,欠番,2005-11-07,46218,霧島市,きりしまし,合併後は霧島市
46450,鹿児島県,隼人町,かごしまけん,はやとちょう,欠番,2005-11-07,46218,霧島市,きりしまし,合併後は霧島市
46451,鹿児島県,福山町,かごしまけん,ふくやまちょう,欠番,2005-11-07,46218,霧島市,きりしまし,合併後は霧島市
46452,鹿児島県,湧水町,かごしまけん,ゆうすいちょう,,,46452,,,
46461,鹿児島県,大隅町,かごしまけん,おおすみちょう,欠番,2005-07-01,46217,曽於市,そおし,合併後は曽於市
46462,鹿児島県,輝北町,かごしまけん,きほくちょう,欠番,2006-01-01,46203,鹿屋市,かのやし,合併後は鹿屋市
46463,鹿児島県,財部町,かごしまけん,たからべちょう,欠番,2005-07-01,46217,曽於市,そおし,合併後は曽於市
46464,鹿児島県,末吉町,かごしまけん,すえよしちょう,欠番,2005-07-01,46217,曽於市,そおし,合併後は曽於市
46465,鹿児島県,松山町,かごしまけん,まつやまちょう,欠番,2006-01-01,46221,志布志市,しぶしし,合併後は志布志市
46466,鹿児島県,志布志町,かごしまけん,しぶしちょう,欠番,2006-01-01,46221,志布志市,しぶしし,合併後は志布志市
46467,鹿児島県,有明町,かごしまけん,ありあけちょう,欠番,2006-01-01,46221,志布志市,しぶしし,合併後は志布志市
46468,鹿児島県,大崎町,かごしまけん,おおさきちょう,,,46468,,,
46481,鹿児島県,串良町,かごしまけん,くしらちょう,欠番,2006-01-01,46203,鹿屋市,かのやし,合併後は鹿屋市
46482,鹿児島県,東串良町,かごしまけん,ひがしくしらちょう,,,46482,,,
46483,鹿児島県,内之浦町,かごしまけん,うちのうらちょう,欠番,2005-07-01,46492,肝付町,きもつきちょう,合併後は肝付町
46484,鹿児島県,高山町,かごしまけん,こうやまちょう,欠番,2005-07-01,46492,肝付町,きもつきちょう,合併後は肝付町
46485,鹿児島県,吾平町,かごしまけん,あいらちょう,欠番,2006-01-01,46203,鹿屋市,かのやし,合併後は鹿屋市
46490,鹿児島県,錦江町,かごしまけん,きんこうちょう,,,46490,,,
46491,鹿児島県,南大隅町,かごしまけん,みなみおおすみちょう,,,46491,,,
46492,鹿児島県,肝付町,かごしまけん,きもつきちょう,,,46492,,,
46501,鹿児島県,中種子町,かごしまけん,なかたねちょう,,,46501,,,
46502,鹿児島県,南種子町,かごしまけん,みなみたねちょう,,,46502,,,
46503,鹿児島県,上屋久町,かごしまけん,かみやくちょう,欠番,2007-10-01,46505,屋久島町,やくしまちょう,合併後は屋久島町
46504,鹿児島県,屋久町,かごしまけん,やくちょう,欠番,2007-10-01,46505,屋久島町,やくしまちょう,合併後は屋久島町
46505,鹿児島県,屋久島町,かごしまけん,やくしまちょう,,,46505,,,
46523,鹿児島県,大和村,かごしまけん,やまとそん,,,46523,,,
46524,鹿児島県,宇検村,かごしまけん,うけんそん,,,46524,,,
46525,鹿児島県,瀬戸内町,かごしまけん,せとうちちょう,,,46525,,,
46526,鹿児島県,住用村,かごしまけん,すみようそん,欠番,2006-03-20,46222,奄美市,あまみし,合併後は奄美市
46527,鹿児島県,龍郷町,かごしまけん,たつごうちょう,,,46527,,,
46528,鹿児島県,笠利町,かごしまけん,かさりちょう,欠番,2006-03-20,46222,奄美市,あまみし,合併後は奄美市
46529,鹿児島県,喜界町,かごしまけん,きかいちょう,,,46529,,,
46530,鹿児島県,徳之島町,かごしまけん,とくのしまちょう,,,46530,,,
46531,鹿児島県,天城町,かごしまけん,あまぎちょう,,,46531,,,
46532,鹿児島県,伊仙町,かごしまけん,いせんちょう,,,46532,,,
46533,鹿児島県,和泊町,かごしまけん,わどまりちょう,,,46533,,,
46534,鹿児島県,知名町,かごしまけん,ちなちょう,,,46534,,,
46535,鹿児島県,与論町,かごしまけん,よろんちょう,,,46535,,,
47000,沖縄県,,おきなわけん,,,,47000,,,
47201,沖縄県,那覇市,おきなわけん,なはし,,,47201,,,
47202,沖縄県,石川市,おきなわけん,いしかわし,欠番,2005-04-01,47213,うるま市,うるまし,合併後はうるま市
47203,沖縄県,具志川市,おきなわけん,ぐしかわし,欠番,2005-04-01,47213,うるま市,うるまし,合併後はうるま市
47205,沖縄県,宜野湾市,おきなわけん,ぎのわんし,,,47205,,,
47206,沖縄県,平良市,おきなわけん,ひららし,欠番,2005-10-01,47214,宮古島市,みやこじまし,合併後は宮古島市
47207,沖縄県,石垣市,おきなわけん,いしがきし,,,47207,,,
47208,沖縄県,浦添市,おきなわけん,うらそえし,,,47208,,,
47209,沖縄県,名護市,おきなわけん,なごし,,,47209,,,
47210,沖縄県,糸満市,おきなわけん,いとまんし,,,47210,,,
47211,沖縄県,沖縄市,おきなわけん,おきなわし,,,47211,,,
47212,沖縄県,豊見城市,おきなわけん,とみぐすくし,,,47212,,,
47213,沖縄県,うるま市,おきなわけん,うるまし,,,47213,,,
47214,沖縄県,宮古島市,おきなわけん,みやこじまし,,,47214,,,
47215,沖縄県,南城市,おきなわけん,なんじょうし,,,47215,,,
47301,沖縄県,国頭村,おきなわけん,くにがみそん,,,47301,,,
47302,沖縄県,大宜味村,おきなわけん,おおぎみそん,,,47302,,,
47303,沖縄県,東村,おきなわけん,ひがしそん,,,47303,,,
47306,沖縄県,今帰仁村,おきなわけん,なきじんそん,,,47306,,,
47308,沖縄県,本部町,おきなわけん,もとぶちょう,,,47308,,,
47311,沖縄県,恩納村,おきなわけん,おんなそん,,,47311,,,
47313,沖縄県,宜野座村,おきなわけん,ぎのざそん,,,47313,,,
47314,沖縄県,金武町,おきなわけん,きんちょう,,,47314,,,
47315,沖縄県,伊江村,おきなわけん,いえそん,,,47315,,,
47322,沖縄県,与那城町,おきなわけん,よなしろちょう,欠番,2005-04-01,47213,うるま市,うるまし,合併後はうるま市
47323,沖縄県,勝連町,おきなわけん,かつれんちょう,欠番,2005-04-01,47213,うるま市,うるまし,合併後はうるま市
47324,沖縄県,読谷村,おきなわけん,よみたんそん,,,47324,,,
47325,沖縄県,嘉手納町,おきなわけん,かでなちょう,,,47325,,,
47326,沖縄県,北谷町,おきなわけん,ちやたんちょう,,,47326,,,
47327,沖縄県,北中城村,おきなわけん,きたなかぐすくそん,,,47327,,,
47328,沖縄県,中城村,おきなわけん,なかぐすくそん,,,47328,,,
47329,沖縄県,西原町,おきなわけん,にしはらちょう,,,47329,,,
47343,沖縄県,東風平町,おきなわけん,こちんだちょう,欠番,2006-01-01,47362,八重瀬町,やえせちょう,合併後は八重瀬町
47344,沖縄県,具志頭村,おきなわけん,ぐしかみそん,欠番,2006-01-01,47362,八重瀬町,やえせちょう,合併後は八重瀬町
47345,沖縄県,玉城村,おきなわけん,たまぐすくそん,欠番,2006-01-01,47215,南城市,なんじょうし,合併後は南城市
47346,沖縄県,知念村,おきなわけん,ちねんそん,欠番,2006-01-01,47215,南城市,なんじょうし,合併後は南城市
47347,沖縄県,佐敷町,おきなわけん,さしきちょう,欠番,2006-01-01,47215,南城市,なんじょうし,合併後は南城市
47348,沖縄県,与那原町,おきなわけん,よなばるちょう,,,47348,,,
47349,沖縄県,大里村,おきなわけん,おおざとそん,欠番,2006-01-01,47215,南城市,なんじょうし,合併後は南城市
47350,沖縄県,南風原町,おきなわけん,はえばるちょう,,,47350,,,
47353,沖縄県,渡嘉敷村,おきなわけん,とかしきそん,,,47353,,,
47354,沖縄県,座間味村,おきなわけん,ざまみそん,,,47354,,,
47355,沖縄県,粟国村,おきなわけん,あぐにそん,,,47355,,,
47356,沖縄県,渡名喜村,おきなわけん,となきそん,,,47356,,,
47357,沖縄県,南大東村,おきなわけん,みなみだいとうそん,,,47357,,,
47358,沖縄県,北大東村,おきなわけん,きただいとうそん,,,47358,,,
47359,沖縄県,伊平屋村,おきなわけん,いへやそん,,,47359,,,
47360,沖縄県,伊是名村,おきなわけん,いぜなそん,,,47360,,,
47361,沖縄県,久米島町,おきなわけん,くめじまちょう,,,47361,,,
47362,沖縄県,八重瀬町,おきなわけん,やえせちょう,,,47362,,,
47371,沖縄県,城辺町,おきなわけん,ぐすくべちょう,欠番,2005-10-01,47214,宮古島市,みやこじまし,合併後は宮古島市
47372,沖縄県,下地町,おきなわけん,しもじちょう,欠番,2005-10-01,47214,宮古島市,みやこじまし,合併後は宮古島市
47373,沖縄県,上野村,おきなわけん,うえのそん,欠番,2005-10-01,47214,宮古島市,みやこじまし,合併後は宮古島市
47374,沖縄県,伊良部町,おきなわけん,いらぶちょう,欠番,2005-10-01,47214,宮古島市,みやこじまし,合併後は宮古島市
47375,沖縄県,多良間村,おきなわけん,たらまそん,,,47375,,,
47381,沖縄県,竹富町,おきなわけん,たけとみちょう,,,47381,,,
47382,沖縄県,与那国町,おきなわけん,よなぐにちょう,,,47382,,,
