{"type":"FeatureCollection","features":[{"type":"Feature","properties":{},"geometry":{"type":"LineString","coordinates":[[139.79962845238444,35.728935413556485],[139.79949086100427,35.72892430042366]]}},{"type":"Feature","properties":{},"geometry":{"type":"LineString","coordinates":[[139.79949086100427,35.72892430042366],[139.79940511079167,35.728941746648545]]}},{"type":"Feature","properties":{},"geometry":{"type":"LineString","coordinates":[[139.79940511079167,35.728941746648545],[139.79854157059785,35.72889302006519]]}},{"type":"Feature","properties":{},"geometry":{"type":"LineString","coordinates":[[139.79854157059785,35.72889302006519],[139.79848071314385,35.728890934275285]]}},{"type":"Feature","properties":{},"geometry":{"type":"LineString","coordinates":[[139.79848071314385,35.728890934275285],[139.79790030756502,35.728871002164475]]}},{"type":"Feature","properties":{},"geometry":{"type":"LineString","coordinates":[[139.79790030756502,35.728871002164475],[139.79787020713786,35.72886996822283]]}},{"type":"Feature","properties":{},"geometry":{"type":"LineString","coordinates":[[139.79787020713786,35.72886996822283],[139.79786273264153,35.72886971778154]]}},{"type":"Feature","properties":{},"geometry":{"type":"LineString","coordinates":[[139.79786273264153,35.72886971778154],[139.79770956741137,35.72886497110581]]}},{"type":"Feature","properties":{},"geometry":{"type":"LineString","coordinates":[[139.79770956741137,35.72886497110581],[139.79725087942992,35.72885075461265]]}},{"type":"Feature","properties":{},"geometry":{"type":"LineString","coordinates":[[139.79725087942992,35.72885075461265],[139.79723416706787,35.728850237561616]]}},{"type":"Feature","properties":{},"geometry":{"type":"LineString","coordinates":[[139.79723416706787,35.728850237561616],[139.79675615121315,35.72883543258756]]}},{"type":"Feature","properties":{},"geometry":{"type":"LineString","coordinates":[[139.79675615121315,35.72883543258756],[139.79673013205732,35.72883393018738]]}},{"type":"Feature","properties":{},"geometry":{"type":"LineString","coordinates":[[139.79673013205732,35.72883393018738],[139.7964762072043,35.72881925942788]]}},{"type":"Feature","properties":{},"geometry":{"type":"LineString","coordinates":[[139.7964762072043,35.72881925942788],[139.79633691426127,35.72881121732476]]}},{"type":"Feature","properties":{},"geometry":{"type":"LineString","coordinates":[[139.79633691426127,35.72881121732476],[139.79614292687975,35.7288043058]]}},{"type":"Feature","properties":{},"geometry":{"type":"LineString","coordinates":[[139.79614292687975,35.7288043058],[139.79590658121734,35.72879587108996]]}},{"type":"Feature","properties":{},"geometry":{"type":"LineString","coordinates":[[139.79590658121734,35.72879587108996],[139.79590226827628,35.728795711631406]]}},{"type":"Feature","properties":{},"geometry":{"type":"LineString","coordinates":[[139.79590226827628,35.728795711631406],[139.79518919307108,35.7287707894159]]}},{"type":"Feature","properties":{},"geometry":{"type":"LineString","coordinates":[[139.79518919307108,35.7287707894159],[139.7951278970881,35.72934946082678]]}},{"type":"Feature","properties":{},"geometry":{"type":"LineString","coordinates":[[139.7951278970881,35.72934946082678],[139.79512739613412,35.72935405652303]]}},{"type":"Feature","properties":{},"geometry":{"type":"LineString","coordinates":[[139.79512739613412,35.72935405652303],[139.79507898430535,35.72979203890027]]}},{"type":"Feature","properties":{},"geometry":{"type":"LineString","coordinates":[[139.79507898430535,35.72979203890027],[139.79470341113455,35.72978233496555]]}},{"type":"Feature","properties":{},"geometry":{"type":"LineString","coordinates":[[139.79470341113455,35.72978233496555],[139.79430244551202,35.72978304825915]]}},{"type":"Feature","properties":{},"geometry":{"type":"LineString","coordinates":[[139.79430244551202,35.72978304825915],[139.79427883407465,35.730101910532476]]}},{"type":"Feature","properties":{},"geometry":{"type":"LineString","coordinates":[[139.79427883407465,35.730101910532476],[139.79426304584817,35.730315455543526]]}},{"type":"Feature","properties":{},"geometry":{"type":"LineString","coordinates":[[139.79426304584817,35.730315455543526],[139.79426264109145,35.730331124572196]]}},{"type":"Feature","properties":{},"geometry":{"type":"LineString","coordinates":[[139.79426264109145,35.730331124572196],[139.79383466412497,35.73034471591229]]}},{"type":"Feature","properties":{},"geometry":{"type":"LineString","coordinates":[[139.79383466412497,35.73034471591229],[139.79380921636115,35.73034551946259]]}},{"type":"Feature","properties":{},"geometry":{"type":"LineString","coordinates":[[139.79380921636115,35.73034551946259],[139.793591557283,35.73035243766492]]}},{"type":"Feature","properties":{},"geometry":{"type":"LineString","coordinates":[[139.793591557283,35.73035243766492],[139.79313271445565,35.730367620933556]]}},{"type":"Feature","properties":{},"geometry":{"type":"LineString","coordinates":[[139.79313271445565,35.730367620933556],[139.793051560016,35.73031324986081]]}},{"type":"Feature","properties":{},"geometry":{"type":"LineString","coordinates":[[139.793051560016,35.73031324986081],[139.7927141711459,35.73009517794592]]}},{"type":"Feature","properties":{},"geometry":{"type":"LineString","coordinates":[[139.7927141711459,35.73009517794592],[139.79269352940128,35.73008182696949]]}},{"type":"Feature","properties":{},"geometry":{"type":"LineString","coordinates":[[139.79269352940128,35.73008182696949],[139.79240224466992,35.73036708087405]]}},{"type":"Feature","properties":{},"geometry":{"type":"LineString","coordinates":[[139.79240224466992,35.73036708087405],[139.79240379654246,35.7303913076625]]}},{"type":"Feature","properties":{},"geometry":{"type":"LineString","coordinates":[[139.79240379654246,35.7303913076625],[139.79250321278388,35.73086253483546]]}},{"type":"Feature","properties":{},"geometry":{"type":"LineString","coordinates":[[139.79250321278388,35.73086253483546],[139.79218143247627,35.731035607802426]]}},{"type":"Feature","properties":{},"geometry":{"type":"LineString","coordinates":[[139.79218143247627,35.731035607802426],[139.7921719665152,35.731039848452085]]}},{"type":"Feature","properties":{},"geometry":{"type":"LineString","coordinates":[[139.8110412033728,35.732526596180925],[139.81104794761185,35.732522918250986]]}},{"type":"Feature","properties":{},"geometry":{"type":"LineString","coordinates":[[139.81104794761185,35.732522918250986],[139.81098054643672,35.73231224370072]]}},{"type":"Feature","properties":{},"geometry":{"type":"LineString","coordinates":[[139.81098054643672,35.73231224370072],[139.81091122075406,35.7320955470887]]}},{"type":"Feature","properties":{},"geometry":{"type":"LineString","coordinates":[[139.81091122075406,35.7320955470887],[139.81084703697567,35.731894923410565]]}},{"type":"Feature","properties":{},"geometry":{"type":"LineString","coordinates":[[139.81084703697567,35.731894923410565],[139.81083178437123,35.7318472504446]]}},{"type":"Feature","properties":{},"geometry":{"type":"LineString","coordinates":[[139.81083178437123,35.7318472504446],[139.81063964669525,35.73130880727855]]}},{"type":"Feature","properties":{},"geometry":{"type":"LineString","coordinates":[[139.81063964669525,35.73130880727855],[139.81050382850574,35.730925814315526]]}},{"type":"Feature","properties":{},"geometry":{"type":"LineString","coordinates":[[139.81050382850574,35.730925814315526],[139.8104725755318,35.73083768525231]]}},{"type":"Feature","properties":{},"geometry":{"type":"LineString","coordinates":[[139.8104725755318,35.73083768525231],[139.81029734059734,35.73034353574801]]}},{"type":"Feature","properties":{},"geometry":{"type":"LineString","coordinates":[[139.81029734059734,35.73034353574801],[139.81020496364545,35.73002846639657]]}},{"type":"Feature","properties":{},"geometry":{"type":"LineString","coordinates":[[139.81020496364545,35.73002846639657],[139.81017724098368,35.72987247545785]]}},{"type":"Feature","properties":{},"geometry":{"type":"LineString","coordinates":[[139.81017724098368,35.72987247545785],[139.8100824605814,35.7295256311976]]}},{"type":"Feature","properties":{},"geometry":{"type":"LineString","coordinates":[[139.8100824605814,35.7295256311976],[139.80997496029272,35.729072952197036]]}},{"type":"Feature","properties":{},"geometry":{"type":"LineString","coordinates":[[139.80997496029272,35.729072952197036],[139.80977213047615,35.728150335088586]]}},{"type":"Feature","properties":{},"geometry":{"type":"LineString","coordinates":[[139.80977213047615,35.728150335088586],[139.80976797644283,35.72807876847355]]}},{"type":"Feature","properties":{},"geometry":{"type":"LineString","coordinates":[[139.80976797644283,35.72807876847355],[139.80976038149535,35.72794774860247]]}},{"type":"Feature","properties":{},"geometry":{"type":"LineString","coordinates":[[139.80976038149535,35.72794774860247],[139.80847263992845,35.72811373529728]]}},{"type":"Feature","properties":{},"geometry":{"type":"LineString","coordinates":[[139.80847263992845,35.72811373529728],[139.8084376342013,35.72811789548822]]}},{"type":"Feature","properties":{},"geometry":{"type":"LineString","coordinates":[[139.8084376342013,35.72811789548822],[139.8074667989849,35.72823334057551]]}},{"type":"Feature","properties":{},"geometry":{"type":"LineString","coordinates":[[139.8074667989849,35.72823334057551],[139.80696645453813,35.728300900513695]]}},{"type":"Feature","properties":{},"geometry":{"type":"LineString","coordinates":[[139.80696645453813,35.728300900513695],[139.80622861645895,35.72838451451964]]}},{"type":"Feature","properties":{},"geometry":{"type":"LineString","coordinates":[[139.80622861645895,35.72838451451964],[139.80538020651832,35.72848546045103]]}},{"type":"Feature","properties":{},"geometry":{"type":"LineString","coordinates":[[139.80538020651832,35.72848546045103],[139.80534826172172,35.72849095871594]]}},{"type":"Feature","properties":{},"geometry":{"type":"LineString","coordinates":[[139.80534826172172,35.72849095871594],[139.8047361022899,35.728582888536145]]}},{"type":"Feature","properties":{},"geometry":{"type":"LineString","coordinates":[[139.8047361022899,35.728582888536145],[139.80434919901631,35.72863018647188]]}},{"type":"Feature","properties":{},"geometry":{"type":"LineString","coordinates":[[139.80434919901631,35.72863018647188],[139.80277902929868,35.72885499419491]]}},{"type":"Feature","properties":{},"geometry":{"type":"LineString","coordinates":[[139.80277902929868,35.72885499419491],[139.80175712114794,35.729010820594176]]}},{"type":"Feature","properties":{},"geometry":{"type":"LineString","coordinates":[[139.80175712114794,35.729010820594176],[139.80165679829494,35.72902604396776]]}},{"type":"Feature","properties":{},"geometry":{"type":"LineString","coordinates":[[139.80165679829494,35.72902604396776],[139.8015295952635,35.72904777110733]]}},{"type":"Feature","properties":{},"geometry":{"type":"LineString","coordinates":[[139.8015295952635,35.72904777110733],[139.80128932977263,35.729060034127166]]}},{"type":"Feature","properties":{},"geometry":{"type":"LineString","coordinates":[[139.80128932977263,35.729060034127166],[139.80110698398545,35.72904633244211]]}},{"type":"Feature","properties":{},"geometry":{"type":"LineString","coordinates":[[139.80110698398545,35.72904633244211],[139.80109900481608,35.72904573263356]]}},{"type":"Feature","properties":{},"geometry":{"type":"LineString","coordinates":[[139.80109900481608,35.72904573263356],[139.8009599603612,35.72903555848301]]}},{"type":"Feature","properties":{},"geometry":{"type":"LineString","coordinates":[[139.8009599603612,35.72903555848301],[139.80090715727172,35.729031695337966]]}},{"type":"Feature","properties":{},"geometry":{"type":"LineString","coordinates":[[139.80090715727172,35.729031695337966],[139.8008887939132,35.72903035155811]]}},{"type":"Feature","properties":{},"geometry":{"type":"LineString","coordinates":[[139.8008887939132,35.72903035155811],[139.80053474853122,35.72900445516665]]}},{"type":"Feature","properties":{},"geometry":{"type":"LineString","coordinates":[[139.80053474853122,35.72900445516665],[139.7999900983242,35.72896461337795]]}},{"type":"Feature","properties":{},"geometry":{"type":"LineString","coordinates":[[139.7999900983242,35.72896461337795],[139.79964080640372,35.72893640461128]]}},{"type":"Feature","properties":{},"geometry":{"type":"LineString","coordinates":[[139.79964080640372,35.72893640461128],[139.79962845238444,35.728935413556485]]}},{"type":"Feature","properties":{},"geometry":{"type":"LineString","coordinates":[[139.79142845459617,35.741387788416986],[139.79155457867287,35.741310125909266]]}},{"type":"Feature","properties":{},"geometry":{"type":"LineString","coordinates":[[139.79155457867287,35.741310125909266],[139.79173568850547,35.74119860368239]]}},{"type":"Feature","properties":{},"geometry":{"type":"LineString","coordinates":[[139.79173568850547,35.74119860368239],[139.79201473701764,35.741009989613254]]}},{"type":"Feature","properties":{},"geometry":{"type":"LineString","coordinates":[[139.79201473701764,35.741009989613254],[139.79217159649536,35.740913274441034]]}},{"type":"Feature","properties":{},"geometry":{"type":"LineString","coordinates":[[139.79217159649536,35.740913274441034],[139.79244870751037,35.74074241264155]]}},{"type":"Feature","properties":{},"geometry":{"type":"LineString","coordinates":[[139.79244870751037,35.74074241264155],[139.79256566191376,35.74068500537376]]}},{"type":"Feature","properties":{},"geometry":{"type":"LineString","coordinates":[[139.79256566191376,35.74068500537376],[139.79279933786648,35.74059107661]]}},{"type":"Feature","properties":{},"geometry":{"type":"LineString","coordinates":[[139.79279933786648,35.74059107661],[139.7929155279308,35.740544370993014]]}},{"type":"Feature","properties":{},"geometry":{"type":"LineString","coordinates":[[139.7929155279308,35.740544370993014],[139.79337078458596,35.740361371518546]]}},{"type":"Feature","properties":{},"geometry":{"type":"LineString","coordinates":[[139.79337078458596,35.740361371518546],[139.7935814750157,35.74028511615574]]}},{"type":"Feature","properties":{},"geometry":{"type":"LineString","coordinates":[[139.7935814750157,35.74028511615574],[139.7939972505132,35.74014976642039]]}},{"type":"Feature","properties":{},"geometry":{"type":"LineString","coordinates":[[139.7939972505132,35.74014976642039],[139.79442236923197,35.74002890639525]]}},{"type":"Feature","properties":{},"geometry":{"type":"LineString","coordinates":[[139.79442236923197,35.74002890639525],[139.79479929779598,35.739901234290755]]}},{"type":"Feature","properties":{},"geometry":{"type":"LineString","coordinates":[[139.79479929779598,35.739901234290755],[139.7952605972808,35.739777508419934]]}},{"type":"Feature","properties":{},"geometry":{"type":"LineString","coordinates":[[139.7952605972808,35.739777508419934],[139.79553688258957,35.739706651178544]]}},{"type":"Feature","properties":{},"geometry":{"type":"LineString","coordinates":[[139.79553688258957,35.739706651178544],[139.7955944006078,35.739691245390155]]}},{"type":"Feature","properties":{},"geometry":{"type":"LineString","coordinates":[[139.7955944006078,35.739691245390155],[139.7960022278858,35.73962452201021]]}},{"type":"Feature","properties":{},"geometry":{"type":"LineString","coordinates":[[139.7960022278858,35.73962452201021],[139.7962412563071,35.739593809644305]]}},{"type":"Feature","properties":{},"geometry":{"type":"LineString","coordinates":[[139.7962412563071,35.739593809644305],[139.79695592895231,35.73947834100408]]}},{"type":"Feature","properties":{},"geometry":{"type":"LineString","coordinates":[[139.79695592895231,35.73947834100408],[139.79732741829253,35.73940839725699]]}},{"type":"Feature","properties":{},"geometry":{"type":"LineString","coordinates":[[139.79732741829253,35.73940839725699],[139.7974651770783,35.7393653808132]]}},{"type":"Feature","properties":{},"geometry":{"type":"LineString","coordinates":[[139.7974651770783,35.7393653808132],[139.7975347606536,35.73934890811697]]}},{"type":"Feature","properties":{},"geometry":{"type":"LineString","coordinates":[[139.7975347606536,35.73934890811697],[139.79766255041008,35.73931865235534]]}},{"type":"Feature","properties":{},"geometry":{"type":"LineString","coordinates":[[139.79766255041008,35.73931865235534],[139.79843941124577,35.73916597040803]]}},{"type":"Feature","properties":{},"geometry":{"type":"LineString","coordinates":[[139.79843941124577,35.73916597040803],[139.80073345768702,35.73879841275177]]}},{"type":"Feature","properties":{},"geometry":{"type":"LineString","coordinates":[[139.80073345768702,35.73879841275177],[139.80126993945967,35.7387176633792]]}},{"type":"Feature","properties":{},"geometry":{"type":"LineString","coordinates":[[139.81460792079722,35.738750185027115],[139.81463124700852,35.738507944090365]]}},{"type":"Feature","properties":{},"geometry":{"type":"LineString","coordinates":[[139.81463124700852,35.738507944090365],[139.81462873051342,35.73831916189004]]}},{"type":"Feature","properties":{},"geometry":{"type":"LineString","coordinates":[[139.81462873051342,35.73831916189004],[139.81464460774538,35.73793228906172]]}},{"type":"Feature","properties":{},"geometry":{"type":"LineString","coordinates":[[139.81464460774538,35.73793228906172],[139.81464108809467,35.7376980193357]]}},{"type":"Feature","properties":{},"geometry":{"type":"LineString","coordinates":[[139.81464108809467,35.7376980193357],[139.81460347592719,35.737359898304724]]}},{"type":"Feature","properties":{},"geometry":{"type":"LineString","coordinates":[[139.81460347592719,35.737359898304724],[139.81456836444374,35.737150250914894]]}},{"type":"Feature","properties":{},"geometry":{"type":"LineString","coordinates":[[139.81456836444374,35.737150250914894],[139.81452649949875,35.737047227317234]]}},{"type":"Feature","properties":{},"geometry":{"type":"LineString","coordinates":[[139.81452649949875,35.737047227317234],[139.81450104415487,35.73692605644746]]}},{"type":"Feature","properties":{},"geometry":{"type":"LineString","coordinates":[[139.81450104415487,35.73692605644746],[139.81445857451703,35.73681354486395]]}},{"type":"Feature","properties":{},"geometry":{"type":"LineString","coordinates":[[139.81445857451703,35.73681354486395],[139.81437300941857,35.73663932463539]]}},{"type":"Feature","properties":{},"geometry":{"type":"LineString","coordinates":[[139.81437300941857,35.73663932463539],[139.81424415134407,35.73637007104954]]}},{"type":"Feature","properties":{},"geometry":{"type":"LineString","coordinates":[[139.81424415134407,35.73637007104954],[139.81414281460735,35.73619332900688]]}},{"type":"Feature","properties":{},"geometry":{"type":"LineString","coordinates":[[139.81414281460735,35.73619332900688],[139.81399649916565,35.736001863199874]]}},{"type":"Feature","properties":{},"geometry":{"type":"LineString","coordinates":[[139.81399649916565,35.736001863199874],[139.8138759468461,35.735844112951284]]}},{"type":"Feature","properties":{},"geometry":{"type":"LineString","coordinates":[[139.8138759468461,35.735844112951284],[139.8138115584935,35.73576333673916]]}},{"type":"Feature","properties":{},"geometry":{"type":"LineString","coordinates":[[139.8138115584935,35.73576333673916],[139.81351088005624,35.73541175503228]]}},{"type":"Feature","properties":{},"geometry":{"type":"LineString","coordinates":[[139.81351088005624,35.73541175503228],[139.81335342480068,35.73523148395506]]}},{"type":"Feature","properties":{},"geometry":{"type":"LineString","coordinates":[[139.81335342480068,35.73523148395506],[139.81318838473817,35.735063162810526]]}},{"type":"Feature","properties":{},"geometry":{"type":"LineString","coordinates":[[139.81318838473817,35.735063162810526],[139.8127418601007,35.73459442126763]]}},{"type":"Feature","properties":{},"geometry":{"type":"LineString","coordinates":[[139.8127418601007,35.73459442126763],[139.81246208588885,35.734317166704614]]}},{"type":"Feature","properties":{},"geometry":{"type":"LineString","coordinates":[[139.81246208588885,35.734317166704614],[139.8121872594615,35.73405557841778]]}},{"type":"Feature","properties":{},"geometry":{"type":"LineString","coordinates":[[139.8121872594615,35.73405557841778],[139.81193148700203,35.733786848653]]}},{"type":"Feature","properties":{},"geometry":{"type":"LineString","coordinates":[[139.81193148700203,35.733786848653],[139.81157257228952,35.73337318366313]]}},{"type":"Feature","properties":{},"geometry":{"type":"LineString","coordinates":[[139.81157257228952,35.73337318366313],[139.8113038826092,35.732995465870125]]}},{"type":"Feature","properties":{},"geometry":{"type":"LineString","coordinates":[[139.8113038826092,35.732995465870125],[139.81119804618444,35.73286970372854]]}},{"type":"Feature","properties":{},"geometry":{"type":"LineString","coordinates":[[139.81119804618444,35.73286970372854],[139.8110412033728,35.732526596180925]]}},{"type":"Feature","properties":{},"geometry":{"type":"LineString","coordinates":[[139.80126993945967,35.7387176633792],[139.8013354671071,35.738723387184926]]}},{"type":"Feature","properties":{},"geometry":{"type":"LineString","coordinates":[[139.8013354671071,35.738723387184926],[139.80157453156696,35.73870266651024]]}},{"type":"Feature","properties":{},"geometry":{"type":"LineString","coordinates":[[139.80157453156696,35.73870266651024],[139.8016711078086,35.73870473783962]]}},{"type":"Feature","properties":{},"geometry":{"type":"LineString","coordinates":[[139.8016711078086,35.73870473783962],[139.80183013946746,35.73868267311704]]}},{"type":"Feature","properties":{},"geometry":{"type":"LineString","coordinates":[[139.80183013946746,35.73868267311704],[139.80247305103083,35.738695762796915]]}},{"type":"Feature","properties":{},"geometry":{"type":"LineString","coordinates":[[139.80247305103083,35.738695762796915],[139.8026377263796,35.738712112612056]]}},{"type":"Feature","properties":{},"geometry":{"type":"LineString","coordinates":[[139.8026377263796,35.738712112612056],[139.8031896425405,35.73883998661939]]}},{"type":"Feature","properties":{},"geometry":{"type":"LineString","coordinates":[[139.8031896425405,35.73883998661939],[139.80342123347052,35.738901244457054]]}},{"type":"Feature","properties":{},"geometry":{"type":"LineString","coordinates":[[139.80342123347052,35.738901244457054],[139.80384185465994,35.7390358042806]]}},{"type":"Feature","properties":{},"geometry":{"type":"LineString","coordinates":[[139.80384185465994,35.7390358042806],[139.80414324573235,35.739118484790154]]}},{"type":"Feature","properties":{},"geometry":{"type":"LineString","coordinates":[[139.80414324573235,35.739118484790154],[139.80475942481047,35.73931891447364]]}},{"type":"Feature","properties":{},"geometry":{"type":"LineString","coordinates":[[139.80475942481047,35.73931891447364],[139.80512005851983,35.73941812078235]]}},{"type":"Feature","properties":{},"geometry":{"type":"LineString","coordinates":[[139.80512005851983,35.73941812078235],[139.80530528902204,35.73948858554675]]}},{"type":"Feature","properties":{},"geometry":{"type":"LineString","coordinates":[[139.80530528902204,35.73948858554675],[139.80584516555766,35.73967571618796]]}},{"type":"Feature","properties":{},"geometry":{"type":"LineString","coordinates":[[139.80584516555766,35.73967571618796],[139.8061611410669,35.739787951077275]]}},{"type":"Feature","properties":{},"geometry":{"type":"LineString","coordinates":[[139.8061611410669,35.739787951077275],[139.80655847035118,35.739956134077715]]}},{"type":"Feature","properties":{},"geometry":{"type":"LineString","coordinates":[[139.80655847035118,35.739956134077715],[139.80696961196793,35.74008451437481]]}},{"type":"Feature","properties":{},"geometry":{"type":"LineString","coordinates":[[139.80696961196793,35.74008451437481],[139.80704865398266,35.740112876207526]]}},{"type":"Feature","properties":{},"geometry":{"type":"LineString","coordinates":[[139.80704865398266,35.740112876207526],[139.80725514308781,35.740191563480984]]}},{"type":"Feature","properties":{},"geometry":{"type":"LineString","coordinates":[[139.80725514308781,35.740191563480984],[139.80737019404552,35.74024611086601]]}},{"type":"Feature","properties":{},"geometry":{"type":"LineString","coordinates":[[139.80737019404552,35.74024611086601],[139.80795972558255,35.740472249007404]]}},{"type":"Feature","properties":{},"geometry":{"type":"LineString","coordinates":[[139.80795972558255,35.740472249007404],[139.8081465556764,35.74052774515401]]}},{"type":"Feature","properties":{},"geometry":{"type":"LineString","coordinates":[[139.8081465556764,35.74052774515401],[139.80817356517377,35.74053035653177]]}},{"type":"Feature","properties":{},"geometry":{"type":"LineString","coordinates":[[139.80817356517377,35.74053035653177],[139.80847135885543,35.74063543238094]]}},{"type":"Feature","properties":{},"geometry":{"type":"LineString","coordinates":[[139.80847135885543,35.74063543238094],[139.8087209503776,35.74073301467872]]}},{"type":"Feature","properties":{},"geometry":{"type":"LineString","coordinates":[[139.8087209503776,35.74073301467872],[139.80892629790523,35.7407653297536]]}},{"type":"Feature","properties":{},"geometry":{"type":"LineString","coordinates":[[139.80892629790523,35.7407653297536],[139.8092436503,35.740847979410795]]}},{"type":"Feature","properties":{},"geometry":{"type":"LineString","coordinates":[[139.8092436503,35.740847979410795],[139.80952279577076,35.7409587121584]]}},{"type":"Feature","properties":{},"geometry":{"type":"LineString","coordinates":[[139.80952279577076,35.7409587121584],[139.80997966296806,35.74108952731992]]}},{"type":"Feature","properties":{},"geometry":{"type":"LineString","coordinates":[[139.80997966296806,35.74108952731992],[139.81022418915853,35.741126156777085]]}},{"type":"Feature","properties":{},"geometry":{"type":"LineString","coordinates":[[139.81022418915853,35.741126156777085],[139.81055046640245,35.74120598122255]]}},{"type":"Feature","properties":{},"geometry":{"type":"LineString","coordinates":[[139.81055046640245,35.74120598122255],[139.81100227848668,35.74123655646482]]}},{"type":"Feature","properties":{},"geometry":{"type":"LineString","coordinates":[[139.81100227848668,35.74123655646482],[139.81129433801402,35.74123092537653]]}},{"type":"Feature","properties":{},"geometry":{"type":"LineString","coordinates":[[139.81129433801402,35.74123092537653],[139.81202482120054,35.741067907428786]]}},{"type":"Feature","properties":{},"geometry":{"type":"LineString","coordinates":[[139.81202482120054,35.741067907428786],[139.8122137236087,35.74102646604814]]}},{"type":"Feature","properties":{},"geometry":{"type":"LineString","coordinates":[[139.8122137236087,35.74102646604814],[139.81240050952448,35.740985481992674]]}},{"type":"Feature","properties":{},"geometry":{"type":"LineString","coordinates":[[139.81240050952448,35.740985481992674],[139.81269644018593,35.74090802459015]]}},{"type":"Feature","properties":{},"geometry":{"type":"LineString","coordinates":[[139.81269644018593,35.74090802459015],[139.81274647150397,35.740897207539966]]}},{"type":"Feature","properties":{},"geometry":{"type":"LineString","coordinates":[[139.81274647150397,35.740897207539966],[139.81314504730062,35.74076685013891]]}},{"type":"Feature","properties":{},"geometry":{"type":"LineString","coordinates":[[139.81314504730062,35.74076685013891],[139.81339120781814,35.74064317245457]]}},{"type":"Feature","properties":{},"geometry":{"type":"LineString","coordinates":[[139.81339120781814,35.74064317245457],[139.8135091505367,35.74057158152328]]}},{"type":"Feature","properties":{},"geometry":{"type":"LineString","coordinates":[[139.8135091505367,35.74057158152328],[139.81365698431273,35.74047545373004]]}},{"type":"Feature","properties":{},"geometry":{"type":"LineString","coordinates":[[139.81365698431273,35.74047545373004],[139.8138574033935,35.74029360561953]]}},{"type":"Feature","properties":{},"geometry":{"type":"LineString","coordinates":[[139.8138574033935,35.74029360561953],[139.81397284935886,35.74014862306262]]}},{"type":"Feature","properties":{},"geometry":{"type":"LineString","coordinates":[[139.81397284935886,35.74014862306262],[139.81417596977676,35.73988134437364]]}},{"type":"Feature","properties":{},"geometry":{"type":"LineString","coordinates":[[139.81417596977676,35.73988134437364],[139.81427118805416,35.73971372002408]]}},{"type":"Feature","properties":{},"geometry":{"type":"LineString","coordinates":[[139.81427118805416,35.73971372002408],[139.8143039966454,35.73962567175098]]}},{"type":"Feature","properties":{},"geometry":{"type":"LineString","coordinates":[[139.8143039966454,35.73962567175098],[139.81437777440968,35.739503848657144]]}},{"type":"Feature","properties":{},"geometry":{"type":"LineString","coordinates":[[139.81437777440968,35.739503848657144],[139.81450777430766,35.73922680595792]]}},{"type":"Feature","properties":{},"geometry":{"type":"LineString","coordinates":[[139.81450777430766,35.73922680595792],[139.81457791240732,35.73904724217849]]}},{"type":"Feature","properties":{},"geometry":{"type":"LineString","coordinates":[[139.81457791240732,35.73904724217849],[139.81460714763548,35.73888830387]]}},{"type":"Feature","properties":{},"geometry":{"type":"LineString","coordinates":[[139.81460714763548,35.73888830387],[139.81460792079722,35.738750185027115]]}},{"type":"Feature","properties":{},"geometry":{"type":"LineString","coordinates":[[139.7891215546899,35.74409740476056],[139.7891677320648,35.744018539359494]]}},{"type":"Feature","properties":{},"geometry":{"type":"LineString","coordinates":[[139.7891677320648,35.744018539359494],[139.78931045828892,35.74383514075274]]}},{"type":"Feature","properties":{},"geometry":{"type":"LineString","coordinates":[[139.78931045828892,35.74383514075274],[139.78937497320342,35.743777158176165]]}},{"type":"Feature","properties":{},"geometry":{"type":"LineString","coordinates":[[139.78937497320342,35.743777158176165],[139.78956559908002,35.74351822100511]]}},{"type":"Feature","properties":{},"geometry":{"type":"LineString","coordinates":[[139.78956559908002,35.74351822100511],[139.78964744579102,35.74340704489563]]}},{"type":"Feature","properties":{},"geometry":{"type":"LineString","coordinates":[[139.78964744579102,35.74340704489563],[139.79057578885056,35.742269811123016]]}},{"type":"Feature","properties":{},"geometry":{"type":"LineString","coordinates":[[139.79057578885056,35.742269811123016],[139.7907873160044,35.74201071442777]]}},{"type":"Feature","properties":{},"geometry":{"type":"LineString","coordinates":[[139.7907873160044,35.74201071442777],[139.79096064464488,35.74180834191464]]}},{"type":"Feature","properties":{},"geometry":{"type":"LineString","coordinates":[[139.79096064464488,35.74180834191464],[139.7911425796617,35.74161609434655]]}},{"type":"Feature","properties":{},"geometry":{"type":"LineString","coordinates":[[139.7911425796617,35.74161609434655],[139.79142845459617,35.741387788416986]]}},{"type":"Feature","properties":{},"geometry":{"type":"LineString","coordinates":[[139.78841860221422,35.74556476144881],[139.7884864050212,35.74535350996089]]}},{"type":"Feature","properties":{},"geometry":{"type":"LineString","coordinates":[[139.7884864050212,35.74535350996089],[139.78853575434673,35.74526082763908]]}},{"type":"Feature","properties":{},"geometry":{"type":"LineString","coordinates":[[139.78853575434673,35.74526082763908],[139.78860103354486,35.74506909714682]]}},{"type":"Feature","properties":{},"geometry":{"type":"LineString","coordinates":[[139.78860103354486,35.74506909714682],[139.7887381241112,35.74482245105253]]}},{"type":"Feature","properties":{},"geometry":{"type":"LineString","coordinates":[[139.7887381241112,35.74482245105253],[139.7888597138186,35.74458625439479]]}},{"type":"Feature","properties":{},"geometry":{"type":"LineString","coordinates":[[139.7888597138186,35.74458625439479],[139.78895257682538,35.74444496579958]]}},{"type":"Feature","properties":{},"geometry":{"type":"LineString","coordinates":[[139.78895257682538,35.74444496579958],[139.78898807402632,35.7443471191696]]}},{"type":"Feature","properties":{},"geometry":{"type":"LineString","coordinates":[[139.78898807402632,35.7443471191696],[139.7890195654752,35.74427296610304]]}},{"type":"Feature","properties":{},"geometry":{"type":"LineString","coordinates":[[139.7890195654752,35.74427296610304],[139.7891215546899,35.74409740476056]]}},{"type":"Feature","properties":{},"geometry":{"type":"LineString","coordinates":[[139.77740590765157,35.75383991318698],[139.77909179919843,35.75390317282928]]}},{"type":"Feature","properties":{},"geometry":{"type":"LineString","coordinates":[[139.77909179919843,35.75390317282928],[139.779163523565,35.75391638977536]]}},{"type":"Feature","properties":{},"geometry":{"type":"LineString","coordinates":[[139.779163523565,35.75391638977536],[139.77961564120815,35.753947517226884]]}},{"type":"Feature","properties":{},"geometry":{"type":"LineString","coordinates":[[139.77961564120815,35.753947517226884],[139.77996156419053,35.75395062298808]]}},{"type":"Feature","properties":{},"geometry":{"type":"LineString","coordinates":[[139.77996156419053,35.75395062298808],[139.77999610742592,35.75395271566327]]}},{"type":"Feature","properties":{},"geometry":{"type":"LineString","coordinates":[[139.77999610742592,35.75395271566327],[139.78032332716995,35.753972518997514]]}},{"type":"Feature","properties":{},"geometry":{"type":"LineString","coordinates":[[139.78032332716995,35.753972518997514],[139.78084692490367,35.75398745805401]]}},{"type":"Feature","properties":{},"geometry":{"type":"LineString","coordinates":[[139.78084692490367,35.75398745805401],[139.78177450532604,35.7540122274894]]}},{"type":"Feature","properties":{},"geometry":{"type":"LineString","coordinates":[[139.78177450532604,35.7540122274894],[139.78207101807374,35.754004921226866]]}},{"type":"Feature","properties":{},"geometry":{"type":"LineString","coordinates":[[139.78207101807374,35.754004921226866],[139.7825763912507,35.7539919240268]]}},{"type":"Feature","properties":{},"geometry":{"type":"LineString","coordinates":[[139.7825763912507,35.7539919240268],[139.78278593246307,35.75398341811488]]}},{"type":"Feature","properties":{},"geometry":{"type":"LineString","coordinates":[[139.78278593246307,35.75398341811488],[139.78313309302175,35.75396931622443]]}},{"type":"Feature","properties":{},"geometry":{"type":"LineString","coordinates":[[139.78313309302175,35.75396931622443],[139.7832448873868,35.753956333800296]]}},{"type":"Feature","properties":{},"geometry":{"type":"LineString","coordinates":[[139.7832448873868,35.753956333800296],[139.783496756647,35.753950008968395]]}},{"type":"Feature","properties":{},"geometry":{"type":"LineString","coordinates":[[139.783496756647,35.753950008968395],[139.78365385229196,35.75393243184397]]}},{"type":"Feature","properties":{},"geometry":{"type":"LineString","coordinates":[[139.78365385229196,35.75393243184397],[139.78378846086648,35.75390423005281]]}},{"type":"Feature","properties":{},"geometry":{"type":"LineString","coordinates":[[139.78378846086648,35.75390423005281],[139.78381280674307,35.753901616633854]]}},{"type":"Feature","properties":{},"geometry":{"type":"LineString","coordinates":[[139.78381280674307,35.753901616633854],[139.7841787080784,35.75386236220283]]}},{"type":"Feature","properties":{},"geometry":{"type":"LineString","coordinates":[[139.7841787080784,35.75386236220283],[139.7843507989163,35.753844617740185]]}},{"type":"Feature","properties":{},"geometry":{"type":"LineString","coordinates":[[139.7843507989163,35.753844617740185],[139.78455670906462,35.75379659247592]]}},{"type":"Feature","properties":{},"geometry":{"type":"LineString","coordinates":[[139.78455670906462,35.75379659247592],[139.78489845534622,35.753758482481445]]}},{"type":"Feature","properties":{},"geometry":{"type":"LineString","coordinates":[[139.78489845534622,35.753758482481445],[139.7850607173151,35.75372955662296]]}},{"type":"Feature","properties":{},"geometry":{"type":"LineString","coordinates":[[139.7850607173151,35.75372955662296],[139.78542638162938,35.75365969766518]]}},{"type":"Feature","properties":{},"geometry":{"type":"LineString","coordinates":[[139.78542638162938,35.75365969766518],[139.78570985733293,35.753616086040026]]}},{"type":"Feature","properties":{},"geometry":{"type":"LineString","coordinates":[[139.78570985733293,35.753616086040026],[139.78597838014997,35.753537241805894]]}},{"type":"Feature","properties":{},"geometry":{"type":"LineString","coordinates":[[139.78597838014997,35.753537241805894],[139.78618254274926,35.753463441099335]]}},{"type":"Feature","properties":{},"geometry":{"type":"LineString","coordinates":[[139.78618254274926,35.753463441099335],[139.78651781299254,35.75336826741592]]}},{"type":"Feature","properties":{},"geometry":{"type":"LineString","coordinates":[[139.78651781299254,35.75336826741592],[139.78671186766988,35.75329586930617]]}},{"type":"Feature","properties":{},"geometry":{"type":"LineString","coordinates":[[139.78671186766988,35.75329586930617],[139.78717748362274,35.753153521356644]]}},{"type":"Feature","properties":{},"geometry":{"type":"LineString","coordinates":[[139.78717748362274,35.753153521356644],[139.78747857638282,35.75304383358556]]}},{"type":"Feature","properties":{},"geometry":{"type":"LineString","coordinates":[[139.78747857638282,35.75304383358556],[139.7875835406074,35.75301521701317]]}},{"type":"Feature","properties":{},"geometry":{"type":"LineString","coordinates":[[139.78931803160273,35.74774873859303],[139.7892116666993,35.747656493627055]]}},{"type":"Feature","properties":{},"geometry":{"type":"LineString","coordinates":[[139.7875835406074,35.75301521701317],[139.7876482007572,35.75299758680966]]}},{"type":"Feature","properties":{},"geometry":{"type":"LineString","coordinates":[[139.7876482007572,35.75299758680966],[139.78773692815304,35.75298257257135]]}},{"type":"Feature","properties":{},"geometry":{"type":"LineString","coordinates":[[139.78773692815304,35.75298257257135],[139.78808962611868,35.7528883755876]]}},{"type":"Feature","properties":{},"geometry":{"type":"LineString","coordinates":[[139.78808962611868,35.7528883755876],[139.78814848244,35.752878963501765]]}},{"type":"Feature","properties":{},"geometry":{"type":"LineString","coordinates":[[139.78814848244,35.752878963501765],[139.78828262692244,35.7528575404159]]}},{"type":"Feature","properties":{},"geometry":{"type":"LineString","coordinates":[[139.78828262692244,35.7528575404159],[139.78858112740247,35.75276444790925]]}},{"type":"Feature","properties":{},"geometry":{"type":"LineString","coordinates":[[139.78858112740247,35.75276444790925],[139.7889663777593,35.752617469955396]]}},{"type":"Feature","properties":{},"geometry":{"type":"LineString","coordinates":[[139.7889663777593,35.752617469955396],[139.78911341402858,35.752529103787694]]}},{"type":"Feature","properties":{},"geometry":{"type":"LineString","coordinates":[[139.78911341402858,35.752529103787694],[139.78912644482673,35.75252127529511]]}},{"type":"Feature","properties":{},"geometry":{"type":"LineString","coordinates":[[139.78912644482673,35.75252127529511],[139.78925486662953,35.75243593053866]]}},{"type":"Feature","properties":{},"geometry":{"type":"LineString","coordinates":[[139.78925486662953,35.75243593053866],[139.78951619743782,35.75225747890656]]}},{"type":"Feature","properties":{},"geometry":{"type":"LineString","coordinates":[[139.78951619743782,35.75225747890656],[139.78965867690465,35.75213031293719]]}},{"type":"Feature","properties":{},"geometry":{"type":"LineString","coordinates":[[139.78965867690465,35.75213031293719],[139.7898101149646,35.752023112366984]]}},{"type":"Feature","properties":{},"geometry":{"type":"LineString","coordinates":[[139.7898101149646,35.752023112366984],[139.7899742205327,35.751883068109954]]}},{"type":"Feature","properties":{},"geometry":{"type":"LineString","coordinates":[[139.7899742205327,35.751883068109954],[139.79026565434913,35.751577897201585]]}},{"type":"Feature","properties":{},"geometry":{"type":"LineString","coordinates":[[139.79026565434913,35.751577897201585],[139.79045142982963,35.751402899663844]]}},{"type":"Feature","properties":{},"geometry":{"type":"LineString","coordinates":[[139.79045142982963,35.751402899663844],[139.79056997694084,35.75131647432756]]}},{"type":"Feature","properties":{},"geometry":{"type":"LineString","coordinates":[[139.79056997694084,35.75131647432756],[139.79058171472573,35.75126660782039]]}},{"type":"Feature","properties":{},"geometry":{"type":"LineString","coordinates":[[139.79058171472573,35.75126660782039],[139.79065715566014,35.75118553658852]]}},{"type":"Feature","properties":{},"geometry":{"type":"LineString","coordinates":[[139.79065715566014,35.75118553658852],[139.7909797629953,35.75077679350436]]}},{"type":"Feature","properties":{},"geometry":{"type":"LineString","coordinates":[[139.7909797629953,35.75077679350436],[139.79114357983136,35.75051797447067]]}},{"type":"Feature","properties":{},"geometry":{"type":"LineString","coordinates":[[139.79114357983136,35.75051797447067],[139.79131254939276,35.75014459242565]]}},{"type":"Feature","properties":{},"geometry":{"type":"LineString","coordinates":[[139.79131254939276,35.75014459242565],[139.7913483293092,35.7500729937364]]}},{"type":"Feature","properties":{},"geometry":{"type":"LineString","coordinates":[[139.7913483293092,35.7500729937364],[139.79141719841192,35.74963805119384]]}},{"type":"Feature","properties":{},"geometry":{"type":"LineString","coordinates":[[139.79141719841192,35.74963805119384],[139.79143529586145,35.74934358379831]]}},{"type":"Feature","properties":{},"geometry":{"type":"LineString","coordinates":[[139.79143529586145,35.74934358379831],[139.79138560583016,35.749005999972276]]}},{"type":"Feature","properties":{},"geometry":{"type":"LineString","coordinates":[[139.79138560583016,35.749005999972276],[139.79131089346305,35.748835147742305]]}},{"type":"Feature","properties":{},"geometry":{"type":"LineString","coordinates":[[139.79131089346305,35.748835147742305],[139.79128891856016,35.74882778171118]]}},{"type":"Feature","properties":{},"geometry":{"type":"LineString","coordinates":[[139.79128891856016,35.74882778171118],[139.79115447891138,35.74878275718821]]}},{"type":"Feature","properties":{},"geometry":{"type":"LineString","coordinates":[[139.79115447891138,35.74878275718821],[139.79080439321254,35.74861156181557]]}},{"type":"Feature","properties":{},"geometry":{"type":"LineString","coordinates":[[139.79080439321254,35.74861156181557],[139.79040158895302,35.74839901403049]]}},{"type":"Feature","properties":{},"geometry":{"type":"LineString","coordinates":[[139.79040158895302,35.74839901403049],[139.79016132270797,35.74827056315812]]}},{"type":"Feature","properties":{},"geometry":{"type":"LineString","coordinates":[[139.79016132270797,35.74827056315812],[139.79001951808903,35.74817658048224]]}},{"type":"Feature","properties":{},"geometry":{"type":"LineString","coordinates":[[139.79001951808903,35.74817658048224],[139.7896983432597,35.74798196436081]]}},{"type":"Feature","properties":{},"geometry":{"type":"LineString","coordinates":[[139.7896983432597,35.74798196436081],[139.78960314117217,35.7479348571615]]}},{"type":"Feature","properties":{},"geometry":{"type":"LineString","coordinates":[[139.78960314117217,35.7479348571615],[139.78931803160273,35.74774873859303]]}},{"type":"Feature","properties":{},"geometry":{"type":"LineString","coordinates":[[139.7892116666993,35.747656493627055],[139.78885370055758,35.747338708718495]]}},{"type":"Feature","properties":{},"geometry":{"type":"LineString","coordinates":[[139.78885370055758,35.747338708718495],[139.7886993111051,35.7471542032039]]}},{"type":"Feature","properties":{},"geometry":{"type":"LineString","coordinates":[[139.7886993111051,35.7471542032039],[139.78867453931034,35.7471106961321]]}},{"type":"Feature","properties":{},"geometry":{"type":"LineString","coordinates":[[139.78867453931034,35.7471106961321],[139.78858543749186,35.746954309449315]]}},{"type":"Feature","properties":{},"geometry":{"type":"LineString","coordinates":[[139.78858543749186,35.746954309449315],[139.78856263651838,35.74691428928316]]}},{"type":"Feature","properties":{},"geometry":{"type":"LineString","coordinates":[[139.78856263651838,35.74691428928316],[139.78839502646545,35.74652549455422]]}},{"type":"Feature","properties":{},"geometry":{"type":"LineString","coordinates":[[139.78839502646545,35.74652549455422],[139.78833511927905,35.74638652752637]]}},{"type":"Feature","properties":{},"geometry":{"type":"LineString","coordinates":[[139.78833511927905,35.74638652752637],[139.7883319969947,35.74632225699722]]}},{"type":"Feature","properties":{},"geometry":{"type":"LineString","coordinates":[[139.7883319969947,35.74632225699722],[139.78831998271986,35.746074008659605]]}},{"type":"Feature","properties":{},"geometry":{"type":"LineString","coordinates":[[139.78831998271986,35.746074008659605],[139.78832503698442,35.74595506501052]]}},{"type":"Feature","properties":{},"geometry":{"type":"LineString","coordinates":[[139.78832503698442,35.74595506501052],[139.78838895184663,35.74568339701729]]}},{"type":"Feature","properties":{},"geometry":{"type":"LineString","coordinates":[[139.78838895184663,35.74568339701729],[139.78841207899248,35.74558509045766]]}},{"type":"Feature","properties":{},"geometry":{"type":"LineString","coordinates":[[139.78841207899248,35.74558509045766],[139.78841860221422,35.74556476144881]]}},{"type":"Feature","properties":{},"geometry":{"type":"LineString","coordinates":[[139.7706870665355,35.7381797977892],[139.77064888864007,35.738293605580566]]}},{"type":"Feature","properties":{},"geometry":{"type":"LineString","coordinates":[[139.77064888864007,35.738293605580566],[139.7706197647623,35.738380396444626]]}},{"type":"Feature","properties":{},"geometry":{"type":"LineString","coordinates":[[139.7706197647623,35.738380396444626],[139.77061053277748,35.738407906187966]]}},{"type":"Feature","properties":{},"geometry":{"type":"LineString","coordinates":[[139.77061053277748,35.738407906187966],[139.77053251838353,35.7384095003002]]}},{"type":"Feature","properties":{},"geometry":{"type":"LineString","coordinates":[[139.77053251838353,35.7384095003002],[139.7703049300486,35.738406344236445]]}},{"type":"Feature","properties":{},"geometry":{"type":"LineString","coordinates":[[139.7703049300486,35.738406344236445],[139.7703079217683,35.73843081639288]]}},{"type":"Feature","properties":{},"geometry":{"type":"LineString","coordinates":[[139.7703079217683,35.73843081639288],[139.77029459495407,35.7385487217175]]}},{"type":"Feature","properties":{},"geometry":{"type":"LineString","coordinates":[[139.77029459495407,35.7385487217175],[139.7700945525291,35.738718173545095]]}},{"type":"Feature","properties":{},"geometry":{"type":"LineString","coordinates":[[139.7700945525291,35.738718173545095],[139.7699897326432,35.73883534187709]]}},{"type":"Feature","properties":{},"geometry":{"type":"LineString","coordinates":[[139.7699897326432,35.73883534187709],[139.76988133171128,35.73903526525264]]}},{"type":"Feature","properties":{},"geometry":{"type":"LineString","coordinates":[[139.76988133171128,35.73903526525264],[139.76983728008918,35.73901420328227]]}},{"type":"Feature","properties":{},"geometry":{"type":"LineString","coordinates":[[139.76983728008918,35.73901420328227],[139.7694308596147,35.73921557732164]]}},{"type":"Feature","properties":{},"geometry":{"type":"LineString","coordinates":[[139.7694308596147,35.73921557732164],[139.76931906879264,35.73911194724971]]}},{"type":"Feature","properties":{},"geometry":{"type":"LineString","coordinates":[[139.76931906879264,35.73911194724971],[139.769183902683,35.73896045582029]]}},{"type":"Feature","properties":{},"geometry":{"type":"LineString","coordinates":[[139.769183902683,35.73896045582029],[139.76912587674659,35.738976900334926]]}},{"type":"Feature","properties":{},"geometry":{"type":"LineString","coordinates":[[139.76912587674659,35.738976900334926],[139.76866883573405,35.73924137208143]]}},{"type":"Feature","properties":{},"geometry":{"type":"LineString","coordinates":[[139.76866883573405,35.73924137208143],[139.76871873162227,35.73956208055139]]}},{"type":"Feature","properties":{},"geometry":{"type":"LineString","coordinates":[[139.76871873162227,35.73956208055139],[139.76874680793406,35.739725094798004]]}},{"type":"Feature","properties":{},"geometry":{"type":"LineString","coordinates":[[139.76874680793406,35.739725094798004],[139.7687514902808,35.73974884677203]]}},{"type":"Feature","properties":{},"geometry":{"type":"LineString","coordinates":[[139.7687514902808,35.73974884677203],[139.76877757927568,35.739881121661206]]}},{"type":"Feature","properties":{},"geometry":{"type":"LineString","coordinates":[[139.76877757927568,35.739881121661206],[139.76846423809405,35.739844237477364]]}},{"type":"Feature","properties":{},"geometry":{"type":"LineString","coordinates":[[139.76846423809405,35.739844237477364],[139.7684187792888,35.73995918445885]]}},{"type":"Feature","properties":{},"geometry":{"type":"LineString","coordinates":[[139.7684187792888,35.73995918445885],[139.76835139028407,35.74020984906749]]}},{"type":"Feature","properties":{},"geometry":{"type":"LineString","coordinates":[[139.76835139028407,35.74020984906749],[139.76834764898132,35.7402681699612]]}},{"type":"Feature","properties":{},"geometry":{"type":"LineString","coordinates":[[139.76834764898132,35.7402681699612],[139.7683381590421,35.74041600486265]]}},{"type":"Feature","properties":{},"geometry":{"type":"LineString","coordinates":[[139.7683381590421,35.74041600486265],[139.76829640262415,35.74058975288004]]}},{"type":"Feature","properties":{},"geometry":{"type":"LineString","coordinates":[[139.76829640262415,35.74058975288004],[139.76827958448075,35.74061680155951]]}},{"type":"Feature","properties":{},"geometry":{"type":"LineString","coordinates":[[139.76827958448075,35.74061680155951],[139.76820908963143,35.74085633735187]]}},{"type":"Feature","properties":{},"geometry":{"type":"LineString","coordinates":[[139.76820908963143,35.74085633735187],[139.76816725374422,35.74103983864916]]}},{"type":"Feature","properties":{},"geometry":{"type":"LineString","coordinates":[[139.76816725374422,35.74103983864916],[139.76816506533228,35.74106156054687]]}},{"type":"Feature","properties":{},"geometry":{"type":"LineString","coordinates":[[139.76816506533228,35.74106156054687],[139.7681997428526,35.74140039398884]]}},{"type":"Feature","properties":{},"geometry":{"type":"LineString","coordinates":[[139.7681997428526,35.74140039398884],[139.76816538816874,35.741405355134205]]}},{"type":"Feature","properties":{},"geometry":{"type":"LineString","coordinates":[[139.76816538816874,35.741405355134205],[139.7681461553934,35.741408143145215]]}},{"type":"Feature","properties":{},"geometry":{"type":"LineString","coordinates":[[139.7681461553934,35.741408143145215],[139.7678350391901,35.74142864921259]]}},{"type":"Feature","properties":{},"geometry":{"type":"LineString","coordinates":[[139.7678350391901,35.74142864921259],[139.7678086233578,35.741430095089285]]}},{"type":"Feature","properties":{},"geometry":{"type":"LineString","coordinates":[[139.7678086233578,35.741430095089285],[139.76779449391847,35.74143087910725]]}},{"type":"Feature","properties":{},"geometry":{"type":"LineString","coordinates":[[139.76779449391847,35.74143087910725],[139.76739406994193,35.74146347821705]]}},{"type":"Feature","properties":{},"geometry":{"type":"LineString","coordinates":[[139.76739406994193,35.74146347821705],[139.76698442464033,35.74148922364602]]}},{"type":"Feature","properties":{},"geometry":{"type":"LineString","coordinates":[[139.76698442464033,35.74148922364602],[139.76695104752363,35.741467391792725]]}},{"type":"Feature","properties":{},"geometry":{"type":"LineString","coordinates":[[139.76695104752363,35.741467391792725],[139.76693005801104,35.74145366627733]]}},{"type":"Feature","properties":{},"geometry":{"type":"LineString","coordinates":[[139.76693005801104,35.74145366627733],[139.76692269453355,35.741453433106855]]}},{"type":"Feature","properties":{},"geometry":{"type":"LineString","coordinates":[[139.76692269453355,35.741453433106855],[139.76688657741587,35.74144774334611]]}},{"type":"Feature","properties":{},"geometry":{"type":"LineString","coordinates":[[139.76688657741587,35.74144774334611],[139.76645135469101,35.74151626701618]]}},{"type":"Feature","properties":{},"geometry":{"type":"LineString","coordinates":[[139.76645135469101,35.74151626701618],[139.76623891930126,35.741542302144936]]}},{"type":"Feature","properties":{},"geometry":{"type":"LineString","coordinates":[[139.76623891930126,35.741542302144936],[139.76620181153936,35.74154683916478]]}},{"type":"Feature","properties":{},"geometry":{"type":"LineString","coordinates":[[139.76620181153936,35.74154683916478],[139.76617375916933,35.741548318929375]]}},{"type":"Feature","properties":{},"geometry":{"type":"LineString","coordinates":[[139.76617375916933,35.741548318929375],[139.76600762071467,35.741557022629436]]}},{"type":"Feature","properties":{},"geometry":{"type":"LineString","coordinates":[[139.76600762071467,35.741557022629436],[139.7657080091333,35.7416011375699]]}},{"type":"Feature","properties":{},"geometry":{"type":"LineString","coordinates":[[139.7657080091333,35.7416011375699],[139.7656355307777,35.74179636131085]]}},{"type":"Feature","properties":{},"geometry":{"type":"LineString","coordinates":[[139.7656355307777,35.74179636131085],[139.7655711692448,35.74188989061971]]}},{"type":"Feature","properties":{},"geometry":{"type":"LineString","coordinates":[[139.7655711692448,35.74188989061971],[139.76534313121238,35.741927039835836]]}},{"type":"Feature","properties":{},"geometry":{"type":"LineString","coordinates":[[139.76534313121238,35.741927039835836],[139.76530995423965,35.74194309275707]]}},{"type":"Feature","properties":{},"geometry":{"type":"LineString","coordinates":[[139.76530995423965,35.74194309275707],[139.7652591696866,35.74196765563351]]}},{"type":"Feature","properties":{},"geometry":{"type":"LineString","coordinates":[[139.7652591696866,35.74196765563351],[139.76500081986057,35.742151361131775]]}},{"type":"Feature","properties":{},"geometry":{"type":"LineString","coordinates":[[139.76500081986057,35.742151361131775],[139.76481045473415,35.742249390929636]]}},{"type":"Feature","properties":{},"geometry":{"type":"LineString","coordinates":[[139.76481045473415,35.742249390929636],[139.76457452965101,35.74237714452217]]}},{"type":"Feature","properties":{},"geometry":{"type":"LineString","coordinates":[[139.76457452965101,35.74237714452217],[139.76446088417268,35.74245092569628]]}},{"type":"Feature","properties":{},"geometry":{"type":"LineString","coordinates":[[139.76446088417268,35.74245092569628],[139.764215364364,35.742664106495305]]}},{"type":"Feature","properties":{},"geometry":{"type":"LineString","coordinates":[[139.764215364364,35.742664106495305],[139.76411419175534,35.742782400420204]]}},{"type":"Feature","properties":{},"geometry":{"type":"LineString","coordinates":[[139.76411419175534,35.742782400420204],[139.76416598186796,35.742855911471494]]}},{"type":"Feature","properties":{},"geometry":{"type":"LineString","coordinates":[[139.76416598186796,35.742855911471494],[139.76416314546108,35.74300459636236]]}},{"type":"Feature","properties":{},"geometry":{"type":"LineString","coordinates":[[139.76416314546108,35.74300459636236],[139.76416263183054,35.74303149637162]]}},{"type":"Feature","properties":{},"geometry":{"type":"LineString","coordinates":[[139.76416263183054,35.74303149637162],[139.76415014699793,35.743248655899365]]}},{"type":"Feature","properties":{},"geometry":{"type":"LineString","coordinates":[[139.76415014699793,35.743248655899365],[139.76417627643886,35.74348105003566]]}},{"type":"Feature","properties":{},"geometry":{"type":"LineString","coordinates":[[139.76417627643886,35.74348105003566],[139.76424382615284,35.74359713912708]]}},{"type":"Feature","properties":{},"geometry":{"type":"LineString","coordinates":[[139.76424382615284,35.74359713912708],[139.76425052594556,35.743608655622396]]}},{"type":"Feature","properties":{},"geometry":{"type":"LineString","coordinates":[[139.76425052594556,35.743608655622396],[139.7642445882027,35.74362072973089]]}},{"type":"Feature","properties":{},"geometry":{"type":"LineString","coordinates":[[139.7642445882027,35.74362072973089],[139.76416671862103,35.743779103268025]]}},{"type":"Feature","properties":{},"geometry":{"type":"LineString","coordinates":[[139.76416671862103,35.743779103268025],[139.7640890480239,35.744107924165704]]}},{"type":"Feature","properties":{},"geometry":{"type":"LineString","coordinates":[[139.77174280760386,35.75362272549525],[139.77220300864843,35.7536528808709]]}},{"type":"Feature","properties":{},"geometry":{"type":"LineString","coordinates":[[139.77220300864843,35.7536528808709],[139.7724866002797,35.75368041193714]]}},{"type":"Feature","properties":{},"geometry":{"type":"LineString","coordinates":[[139.7724866002797,35.75368041193714],[139.7724856929698,35.75363867289676]]}},{"type":"Feature","properties":{},"geometry":{"type":"LineString","coordinates":[[139.7724856929698,35.75363867289676],[139.77311230145557,35.75367594693323]]}},{"type":"Feature","properties":{},"geometry":{"type":"LineString","coordinates":[[139.77311230145557,35.75367594693323],[139.77356852948972,35.75367856160009]]}},{"type":"Feature","properties":{},"geometry":{"type":"LineString","coordinates":[[139.77356852948972,35.75367856160009],[139.7740297268608,35.75369082351706]]}},{"type":"Feature","properties":{},"geometry":{"type":"LineString","coordinates":[[139.7740297268608,35.75369082351706],[139.77428410718457,35.75369259953616]]}},{"type":"Feature","properties":{},"geometry":{"type":"LineString","coordinates":[[139.77428410718457,35.75369259953616],[139.7742848424709,35.75372675278156]]}},{"type":"Feature","properties":{},"geometry":{"type":"LineString","coordinates":[[139.7742848424709,35.75372675278156],[139.77549766319154,35.75374100137577]]}},{"type":"Feature","properties":{},"geometry":{"type":"LineString","coordinates":[[139.77549766319154,35.75374100137577],[139.77574311442106,35.75375703023809]]}},{"type":"Feature","properties":{},"geometry":{"type":"LineString","coordinates":[[139.77574311442106,35.75375703023809],[139.7765221133432,35.75377662972877]]}},{"type":"Feature","properties":{},"geometry":{"type":"LineString","coordinates":[[139.7765221133432,35.75377662972877],[139.77682699855598,35.75379981332783]]}},{"type":"Feature","properties":{},"geometry":{"type":"LineString","coordinates":[[139.77682699855598,35.75379981332783],[139.77703206193362,35.75382587224138]]}},{"type":"Feature","properties":{},"geometry":{"type":"LineString","coordinates":[[139.77703206193362,35.75382587224138],[139.77740590765157,35.75383991318698]]}},{"type":"Feature","properties":{},"geometry":{"type":"LineString","coordinates":[[139.76999944500542,35.753621588065876],[139.7701385590982,35.75361309012413]]}},{"type":"Feature","properties":{},"geometry":{"type":"LineString","coordinates":[[139.7701385590982,35.75361309012413],[139.77036042672609,35.75361859542862]]}},{"type":"Feature","properties":{},"geometry":{"type":"LineString","coordinates":[[139.77036042672609,35.75361859542862],[139.77056420818732,35.7536098675276]]}},{"type":"Feature","properties":{},"geometry":{"type":"LineString","coordinates":[[139.77056420818732,35.7536098675276],[139.7706948497225,35.753604285636804]]}},{"type":"Feature","properties":{},"geometry":{"type":"LineString","coordinates":[[139.7706948497225,35.753604285636804],[139.7710613963944,35.75362259556737]]}},{"type":"Feature","properties":{},"geometry":{"type":"LineString","coordinates":[[139.7710613963944,35.75362259556737],[139.7712394769898,35.7536141334884]]}},{"type":"Feature","properties":{},"geometry":{"type":"LineString","coordinates":[[139.7712394769898,35.7536141334884],[139.77152841376753,35.753601258527056]]}},{"type":"Feature","properties":{},"geometry":{"type":"LineString","coordinates":[[139.77152841376753,35.753601258527056],[139.77155114563084,35.75360353536675]]}},{"type":"Feature","properties":{},"geometry":{"type":"LineString","coordinates":[[139.77155114563084,35.75360353536675],[139.77174280760386,35.75362272549525]]}},{"type":"Feature","properties":{},"geometry":{"type":"LineString","coordinates":[[139.76604405797752,35.753929354202114],[139.76641327949025,35.753891292498814]]}},{"type":"Feature","properties":{},"geometry":{"type":"LineString","coordinates":[[139.76641327949025,35.753891292498814],[139.76706328104441,35.75381837343818]]}},{"type":"Feature","properties":{},"geometry":{"type":"LineString","coordinates":[[139.76706328104441,35.75381837343818],[139.767234570075,35.75380359398254]]}},{"type":"Feature","properties":{},"geometry":{"type":"LineString","coordinates":[[139.767234570075,35.75380359398254],[139.76746592519842,35.75378361884867]]}},{"type":"Feature","properties":{},"geometry":{"type":"LineString","coordinates":[[139.76746592519842,35.75378361884867],[139.7679949739702,35.75372706966549]]}},{"type":"Feature","properties":{},"geometry":{"type":"LineString","coordinates":[[139.7679949739702,35.75372706966549],[139.7680029493846,35.75372628189514]]}},{"type":"Feature","properties":{},"geometry":{"type":"LineString","coordinates":[[139.7680029493846,35.75372628189514],[139.76861088698888,35.75369501728341]]}},{"type":"Feature","properties":{},"geometry":{"type":"LineString","coordinates":[[139.76861088698888,35.75369501728341],[139.76888072142086,35.75366951142932]]}},{"type":"Feature","properties":{},"geometry":{"type":"LineString","coordinates":[[139.76888072142086,35.75366951142932],[139.76891694268124,35.753666086311405]]}},{"type":"Feature","properties":{},"geometry":{"type":"LineString","coordinates":[[139.76891694268124,35.753666086311405],[139.76913435386408,35.75366187331217]]}},{"type":"Feature","properties":{},"geometry":{"type":"LineString","coordinates":[[139.76913435386408,35.75366187331217],[139.7693237314914,35.75365819151503]]}},{"type":"Feature","properties":{},"geometry":{"type":"LineString","coordinates":[[139.7693237314914,35.75365819151503],[139.76941683223703,35.75365142924428]]}},{"type":"Feature","properties":{},"geometry":{"type":"LineString","coordinates":[[139.76941683223703,35.75365142924428],[139.76971631509855,35.75364405685766]]}},{"type":"Feature","properties":{},"geometry":{"type":"LineString","coordinates":[[139.76971631509855,35.75364405685766],[139.76992696488537,35.75362669388614]]}},{"type":"Feature","properties":{},"geometry":{"type":"LineString","coordinates":[[139.76992696488537,35.75362669388614],[139.76995906107106,35.753624048527946]]}},{"type":"Feature","properties":{},"geometry":{"type":"LineString","coordinates":[[139.76995906107106,35.753624048527946],[139.76999944500542,35.753621588065876]]}},{"type":"Feature","properties":{},"geometry":{"type":"LineString","coordinates":[[139.7640890480239,35.744107924165704],[139.76407273512032,35.74410553713361]]}},{"type":"Feature","properties":{},"geometry":{"type":"LineString","coordinates":[[139.76407273512032,35.74410553713361],[139.7636728291036,35.74393426843141]]}},{"type":"Feature","properties":{},"geometry":{"type":"LineString","coordinates":[[139.7636728291036,35.74393426843141],[139.76356916630442,35.74391107244075]]}},{"type":"Feature","properties":{},"geometry":{"type":"LineString","coordinates":[[139.76356916630442,35.74391107244075],[139.7633537939729,35.743899655730864]]}},{"type":"Feature","properties":{},"geometry":{"type":"LineString","coordinates":[[139.7633537939729,35.743899655730864],[139.76328087496813,35.74389776312688]]}},{"type":"Feature","properties":{},"geometry":{"type":"LineString","coordinates":[[139.76328087496813,35.74389776312688],[139.76311955497414,35.74386801883321]]}},{"type":"Feature","properties":{},"geometry":{"type":"LineString","coordinates":[[139.76311955497414,35.74386801883321],[139.7631908018709,35.74369261604189]]}},{"type":"Feature","properties":{},"geometry":{"type":"LineString","coordinates":[[139.7631908018709,35.74369261604189],[139.76311118649124,35.74364471889875]]}},{"type":"Feature","properties":{},"geometry":{"type":"LineString","coordinates":[[139.76311118649124,35.74364471889875],[139.7630731311224,35.74362182682095]]}},{"type":"Feature","properties":{},"geometry":{"type":"LineString","coordinates":[[139.7630731311224,35.74362182682095],[139.76267974702677,35.74349529008577]]}},{"type":"Feature","properties":{},"geometry":{"type":"LineString","coordinates":[[139.76267974702677,35.74349529008577],[139.76265572911637,35.7435303256098]]}},{"type":"Feature","properties":{},"geometry":{"type":"LineString","coordinates":[[139.76265572911637,35.7435303256098],[139.7625509816668,35.743683102271305]]}},{"type":"Feature","properties":{},"geometry":{"type":"LineString","coordinates":[[139.7625509816668,35.743683102271305],[139.76252780910536,35.74367173361513]]}},{"type":"Feature","properties":{},"geometry":{"type":"LineString","coordinates":[[139.76252780910536,35.74367173361513],[139.76233528481015,35.74357721869787]]}},{"type":"Feature","properties":{},"geometry":{"type":"LineString","coordinates":[[139.76233528481015,35.74357721869787],[139.76233033560553,35.743586880998606]]}},{"type":"Feature","properties":{},"geometry":{"type":"LineString","coordinates":[[139.76233033560553,35.743586880998606],[139.76231938311906,35.74361516394392]]}},{"type":"Feature","properties":{},"geometry":{"type":"LineString","coordinates":[[139.76231938311906,35.74361516394392],[139.76184919226847,35.74353820403746]]}},{"type":"Feature","properties":{},"geometry":{"type":"LineString","coordinates":[[139.76184919226847,35.74353820403746],[139.7618541638558,35.74356346895425]]}},{"type":"Feature","properties":{},"geometry":{"type":"LineString","coordinates":[[139.7618541638558,35.74356346895425],[139.76185884708605,35.74358970303405]]}},{"type":"Feature","properties":{},"geometry":{"type":"LineString","coordinates":[[139.76286269607127,35.754163396293116],[139.76316034598634,35.75414339837753]]}},{"type":"Feature","properties":{},"geometry":{"type":"LineString","coordinates":[[139.76316034598634,35.75414339837753],[139.7632738066938,35.754144751441515]]}},{"type":"Feature","properties":{},"geometry":{"type":"LineString","coordinates":[[139.7632738066938,35.754144751441515],[139.7634222424671,35.754146511314154]]}},{"type":"Feature","properties":{},"geometry":{"type":"LineString","coordinates":[[139.7634222424671,35.754146511314154],[139.76372126242,35.75411647943079]]}},{"type":"Feature","properties":{},"geometry":{"type":"LineString","coordinates":[[139.76372126242,35.75411647943079],[139.76396446744644,35.75410547849335]]}},{"type":"Feature","properties":{},"geometry":{"type":"LineString","coordinates":[[139.76396446744644,35.75410547849335],[139.764254270954,35.75408098473406]]}},{"type":"Feature","properties":{},"geometry":{"type":"LineString","coordinates":[[139.764254270954,35.75408098473406],[139.76491171631903,35.75402772726932]]}},{"type":"Feature","properties":{},"geometry":{"type":"LineString","coordinates":[[139.76491171631903,35.75402772726932],[139.76519532446363,35.754016167467846]]}},{"type":"Feature","properties":{},"geometry":{"type":"LineString","coordinates":[[139.76519532446363,35.754016167467846],[139.76542351190278,35.75398920539262]]}},{"type":"Feature","properties":{},"geometry":{"type":"LineString","coordinates":[[139.76542351190278,35.75398920539262],[139.76547156533078,35.75398345936943]]}},{"type":"Feature","properties":{},"geometry":{"type":"LineString","coordinates":[[139.76547156533078,35.75398345936943],[139.76563091097438,35.75397573461451]]}},{"type":"Feature","properties":{},"geometry":{"type":"LineString","coordinates":[[139.76563091097438,35.75397573461451],[139.76582067750584,35.75394864411957]]}},{"type":"Feature","properties":{},"geometry":{"type":"LineString","coordinates":[[139.76582067750584,35.75394864411957],[139.76602964076574,35.753930596432674]]}},{"type":"Feature","properties":{},"geometry":{"type":"LineString","coordinates":[[139.76602964076574,35.753930596432674],[139.76604405797752,35.753929354202114]]}},{"type":"Feature","properties":{},"geometry":{"type":"LineString","coordinates":[[139.76175622034435,35.75425693214551],[139.76206449965926,35.75422178590285]]}},{"type":"Feature","properties":{},"geometry":{"type":"LineString","coordinates":[[139.76206449965926,35.75422178590285],[139.76226910077344,35.754211469767]]}},{"type":"Feature","properties":{},"geometry":{"type":"LineString","coordinates":[[139.76226910077344,35.754211469767],[139.76246185003131,35.754188787865445]]}},{"type":"Feature","properties":{},"geometry":{"type":"LineString","coordinates":[[139.76246185003131,35.754188787865445],[139.76253917630694,35.75418513787122]]}},{"type":"Feature","properties":{},"geometry":{"type":"LineString","coordinates":[[139.76253917630694,35.75418513787122],[139.76264303075777,35.75416354609772]]}},{"type":"Feature","properties":{},"geometry":{"type":"LineString","coordinates":[[139.76264303075777,35.75416354609772],[139.76286269607127,35.754163396293116]]}},{"type":"Feature","properties":{},"geometry":{"type":"LineString","coordinates":[[139.76185884708605,35.74358970303405],[139.76152727612342,35.74364174462974]]}},{"type":"Feature","properties":{},"geometry":{"type":"LineString","coordinates":[[139.76152727612342,35.74364174462974],[139.76148601255522,35.74364821529281]]}},{"type":"Feature","properties":{},"geometry":{"type":"LineString","coordinates":[[139.76148601255522,35.74364821529281],[139.76114041396366,35.74370244815961]]}},{"type":"Feature","properties":{},"geometry":{"type":"LineString","coordinates":[[139.76114041396366,35.74370244815961],[139.7610242762487,35.7436719361532]]}},{"type":"Feature","properties":{},"geometry":{"type":"LineString","coordinates":[[139.7610242762487,35.7436719361532],[139.76094158845456,35.74365019571479]]}},{"type":"Feature","properties":{},"geometry":{"type":"LineString","coordinates":[[139.76094158845456,35.74365019571479],[139.76067415560888,35.74378665431893]]}},{"type":"Feature","properties":{},"geometry":{"type":"LineString","coordinates":[[139.76067415560888,35.74378665431893],[139.76066520571683,35.7437912257936]]}},{"type":"Feature","properties":{},"geometry":{"type":"LineString","coordinates":[[139.76066520571683,35.7437912257936],[139.76047704303673,35.743892507830374]]}},{"type":"Feature","properties":{},"geometry":{"type":"LineString","coordinates":[[139.76047704303673,35.743892507830374],[139.7603073535536,35.74368915618003]]}},{"type":"Feature","properties":{},"geometry":{"type":"LineString","coordinates":[[139.7603073535536,35.74368915618003],[139.76008677971868,35.74342482441173]]}},{"type":"Feature","properties":{},"geometry":{"type":"LineString","coordinates":[[139.76008677971868,35.74342482441173],[139.76005165283965,35.743445451955814]]}},{"type":"Feature","properties":{},"geometry":{"type":"LineString","coordinates":[[139.76005165283965,35.743445451955814],[139.75946738220193,35.743800530529555]]}},{"type":"Feature","properties":{},"geometry":{"type":"LineString","coordinates":[[139.75946738220193,35.743800530529555],[139.7593052191027,35.74389464391832]]}},{"type":"Feature","properties":{},"geometry":{"type":"LineString","coordinates":[[139.7593052191027,35.74389464391832],[139.7592899371318,35.743903507801484]]}},{"type":"Feature","properties":{},"geometry":{"type":"LineString","coordinates":[[139.7592899371318,35.743903507801484],[139.75863849439645,35.74428154544876]]}},{"type":"Feature","properties":{},"geometry":{"type":"LineString","coordinates":[[139.75863849439645,35.74428154544876],[139.758504397987,35.744365185162216]]}},{"type":"Feature","properties":{},"geometry":{"type":"LineString","coordinates":[[139.758504397987,35.744365185162216],[139.7584910505767,35.74437352209792]]}},{"type":"Feature","properties":{},"geometry":{"type":"LineString","coordinates":[[139.7584910505767,35.74437352209792],[139.75784889751313,35.74477900752264]]}},{"type":"Feature","properties":{},"geometry":{"type":"LineString","coordinates":[[139.75784889751313,35.74477900752264],[139.7574536041961,35.74503047554974]]}},{"type":"Feature","properties":{},"geometry":{"type":"LineString","coordinates":[[139.7574536041961,35.74503047554974],[139.7573016385667,35.7451230217119]]}},{"type":"Feature","properties":{},"geometry":{"type":"LineString","coordinates":[[139.7573016385667,35.7451230217119],[139.75720587710916,35.74518134047729]]}},{"type":"Feature","properties":{},"geometry":{"type":"LineString","coordinates":[[139.75720587710916,35.74518134047729],[139.75726738779127,35.74525775170318]]}},{"type":"Feature","properties":{},"geometry":{"type":"LineString","coordinates":[[139.75726738779127,35.74525775170318],[139.75750192703228,35.74554910028642]]}},{"type":"Feature","properties":{},"geometry":{"type":"LineString","coordinates":[[139.75750192703228,35.74554910028642],[139.75753917600355,35.745595388322606]]}},{"type":"Feature","properties":{},"geometry":{"type":"LineString","coordinates":[[139.75753917600355,35.745595388322606],[139.7577257165315,35.74585901548978]]}},{"type":"Feature","properties":{},"geometry":{"type":"LineString","coordinates":[[139.7577257165315,35.74585901548978],[139.75790239351642,35.74606589536583]]}},{"type":"Feature","properties":{},"geometry":{"type":"LineString","coordinates":[[139.75790239351642,35.74606589536583],[139.75792139294032,35.746088142254045]]}},{"type":"Feature","properties":{},"geometry":{"type":"LineString","coordinates":[[139.75792139294032,35.746088142254045],[139.75795799306383,35.74613099843571]]}},{"type":"Feature","properties":{},"geometry":{"type":"LineString","coordinates":[[139.75795799306383,35.74613099843571],[139.7579643061093,35.746569371271036]]}},{"type":"Feature","properties":{},"geometry":{"type":"LineString","coordinates":[[139.7579643061093,35.746569371271036],[139.757972236281,35.74679594669087]]}},{"type":"Feature","properties":{},"geometry":{"type":"LineString","coordinates":[[139.757972236281,35.74679594669087],[139.75797448587824,35.74685985187874]]}},{"type":"Feature","properties":{},"geometry":{"type":"LineString","coordinates":[[139.75797448587824,35.74685985187874],[139.75796864204776,35.74708800215929]]}},{"type":"Feature","properties":{},"geometry":{"type":"LineString","coordinates":[[139.75796864204776,35.74708800215929],[139.75796871863037,35.7470982480177]]}},{"type":"Feature","properties":{},"geometry":{"type":"LineString","coordinates":[[139.75796871863037,35.7470982480177],[139.7579707162239,35.74741435538606]]}},{"type":"Feature","properties":{},"geometry":{"type":"LineString","coordinates":[[139.7579707162239,35.74741435538606],[139.75797085209888,35.74743599138149]]}},{"type":"Feature","properties":{},"geometry":{"type":"LineString","coordinates":[[139.75797085209888,35.74743599138149],[139.75797098945654,35.74745678291285]]}},{"type":"Feature","properties":{},"geometry":{"type":"LineString","coordinates":[[139.75797098945654,35.74745678291285],[139.75797101814703,35.74746136009648]]}},{"type":"Feature","properties":{},"geometry":{"type":"LineString","coordinates":[[139.75724454521918,35.75318690585635],[139.757390395742,35.75363535203305]]}},{"type":"Feature","properties":{},"geometry":{"type":"LineString","coordinates":[[139.757390395742,35.75363535203305],[139.75767705242953,35.75457230771737]]}},{"type":"Feature","properties":{},"geometry":{"type":"LineString","coordinates":[[139.75767705242953,35.75457230771737],[139.75774695219755,35.75482534706613]]}},{"type":"Feature","properties":{},"geometry":{"type":"LineString","coordinates":[[139.75774695219755,35.75482534706613],[139.75778187579263,35.75481917264291]]}},{"type":"Feature","properties":{},"geometry":{"type":"LineString","coordinates":[[139.75778187579263,35.75481917264291],[139.75798294105633,35.75478694467241]]}},{"type":"Feature","properties":{},"geometry":{"type":"LineString","coordinates":[[139.75798294105633,35.75478694467241],[139.75836991820256,35.75472494110925]]}},{"type":"Feature","properties":{},"geometry":{"type":"LineString","coordinates":[[139.75836991820256,35.75472494110925],[139.75935269029753,35.7545674566352]]}},{"type":"Feature","properties":{},"geometry":{"type":"LineString","coordinates":[[139.75935269029753,35.7545674566352],[139.75948904014058,35.75454993681738]]}},{"type":"Feature","properties":{},"geometry":{"type":"LineString","coordinates":[[139.75948904014058,35.75454993681738],[139.76014398232255,35.75446580733591]]}},{"type":"Feature","properties":{},"geometry":{"type":"LineString","coordinates":[[139.76014398232255,35.75446580733591],[139.76049896220434,35.75441937474781]]}},{"type":"Feature","properties":{},"geometry":{"type":"LineString","coordinates":[[139.76049896220434,35.75441937474781],[139.76121110577802,35.75432624325978]]}},{"type":"Feature","properties":{},"geometry":{"type":"LineString","coordinates":[[139.76121110577802,35.75432624325978],[139.76159757308955,35.75426757461744]]}},{"type":"Feature","properties":{},"geometry":{"type":"LineString","coordinates":[[139.76159757308955,35.75426757461744],[139.76175622034435,35.75425693214551]]}},{"type":"Feature","properties":{},"geometry":{"type":"LineString","coordinates":[[139.75797101814703,35.74746136009648],[139.75747265846678,35.74746863934893]]}},{"type":"Feature","properties":{},"geometry":{"type":"LineString","coordinates":[[139.75747265846678,35.74746863934893],[139.75745666128233,35.747468875884735]]}},{"type":"Feature","properties":{},"geometry":{"type":"LineString","coordinates":[[139.75745666128233,35.747468875884735],[139.75657144122817,35.74747927747132]]}},{"type":"Feature","properties":{},"geometry":{"type":"LineString","coordinates":[[139.75657144122817,35.74747927747132],[139.75655641656874,35.74747946116858]]}},{"type":"Feature","properties":{},"geometry":{"type":"LineString","coordinates":[[139.75655641656874,35.74747946116858],[139.7565347766982,35.747479851734845]]}},{"type":"Feature","properties":{},"geometry":{"type":"LineString","coordinates":[[139.7565347766982,35.747479851734845],[139.7559451198385,35.747489987068576]]}},{"type":"Feature","properties":{},"geometry":{"type":"LineString","coordinates":[[139.7559451198385,35.747489987068576],[139.75538551109392,35.74748647859368]]}},{"type":"Feature","properties":{},"geometry":{"type":"LineString","coordinates":[[139.75538551109392,35.74748647859368],[139.75535372226665,35.747486545243916]]}},{"type":"Feature","properties":{},"geometry":{"type":"LineString","coordinates":[[139.75535372226665,35.747486545243916],[139.75520289337013,35.7475736039484]]}},{"type":"Feature","properties":{},"geometry":{"type":"LineString","coordinates":[[139.75520289337013,35.7475736039484],[139.75518601164148,35.74758316946268]]}},{"type":"Feature","properties":{},"geometry":{"type":"LineString","coordinates":[[139.75518601164148,35.74758316946268],[139.75492036606937,35.74773379103044]]}},{"type":"Feature","properties":{},"geometry":{"type":"LineString","coordinates":[[139.75492036606937,35.74773379103044],[139.75520039701337,35.748100173083515]]}},{"type":"Feature","properties":{},"geometry":{"type":"LineString","coordinates":[[139.75520039701337,35.748100173083515],[139.75520610056384,35.74834921113552]]}},{"type":"Feature","properties":{},"geometry":{"type":"LineString","coordinates":[[139.75520610056384,35.74834921113552],[139.75521165280688,35.74860388253138]]}},{"type":"Feature","properties":{},"geometry":{"type":"LineString","coordinates":[[139.75521165280688,35.74860388253138],[139.7552119163438,35.74861583565888]]}},{"type":"Feature","properties":{},"geometry":{"type":"LineString","coordinates":[[139.7552119163438,35.74861583565888],[139.7552331782074,35.74888771723875]]}},{"type":"Feature","properties":{},"geometry":{"type":"LineString","coordinates":[[139.7552331782074,35.74888771723875],[139.7545811790738,35.748920779576466]]}},{"type":"Feature","properties":{},"geometry":{"type":"LineString","coordinates":[[139.7545811790738,35.748920779576466],[139.7545885427503,35.74917629750717]]}},{"type":"Feature","properties":{},"geometry":{"type":"LineString","coordinates":[[139.7545885427503,35.74917629750717],[139.75457626010453,35.74917687070831]]}},{"type":"Feature","properties":{},"geometry":{"type":"LineString","coordinates":[[139.75457626010453,35.74917687070831],[139.75412250202245,35.7491979995807]]}},{"type":"Feature","properties":{},"geometry":{"type":"LineString","coordinates":[[139.75412250202245,35.7491979995807],[139.75347061423687,35.74922835131394]]}},{"type":"Feature","properties":{},"geometry":{"type":"LineString","coordinates":[[139.75347061423687,35.74922835131394],[139.75345867105756,35.74922890648107]]}},{"type":"Feature","properties":{},"geometry":{"type":"LineString","coordinates":[[139.75345867105756,35.74922890648107],[139.75270348960098,35.749271781696976]]}},{"type":"Feature","properties":{},"geometry":{"type":"LineString","coordinates":[[139.75270348960098,35.749271781696976],[139.7523881602327,35.74928281324687]]}},{"type":"Feature","properties":{},"geometry":{"type":"LineString","coordinates":[[139.7523881602327,35.74928281324687],[139.7522832057219,35.749163556288416]]}},{"type":"Feature","properties":{},"geometry":{"type":"LineString","coordinates":[[139.7522832057219,35.749163556288416],[139.75151225664916,35.74957950968211]]}},{"type":"Feature","properties":{},"geometry":{"type":"LineString","coordinates":[[139.75151225664916,35.74957950968211],[139.75121867756823,35.74973788672282]]}},{"type":"Feature","properties":{},"geometry":{"type":"LineString","coordinates":[[139.75121867756823,35.74973788672282],[139.75119949484645,35.74974824350571]]}},{"type":"Feature","properties":{},"geometry":{"type":"LineString","coordinates":[[139.75119949484645,35.74974824350571],[139.7510277323784,35.74954232318418]]}},{"type":"Feature","properties":{},"geometry":{"type":"LineString","coordinates":[[139.7510277323784,35.74954232318418],[139.749628971739,35.75029144989572]]}},{"type":"Feature","properties":{},"geometry":{"type":"LineString","coordinates":[[139.749628971739,35.75029144989572],[139.74973469671093,35.75053850230243]]}},{"type":"Feature","properties":{},"geometry":{"type":"LineString","coordinates":[[139.74973469671093,35.75053850230243],[139.7498053702075,35.75070364991858]]}},{"type":"Feature","properties":{},"geometry":{"type":"LineString","coordinates":[[139.7498053702075,35.75070364991858],[139.7498387358072,35.750781626903795]]}},{"type":"Feature","properties":{},"geometry":{"type":"LineString","coordinates":[[139.7498387358072,35.750781626903795],[139.74984839467274,35.75096628982734]]}},{"type":"Feature","properties":{},"geometry":{"type":"LineString","coordinates":[[139.74984839467274,35.75096628982734],[139.74980314029625,35.75099162657661]]}},{"type":"Feature","properties":{},"geometry":{"type":"LineString","coordinates":[[139.74980314029625,35.75099162657661],[139.7495844316851,35.7510482805676]]}},{"type":"Feature","properties":{},"geometry":{"type":"LineString","coordinates":[[139.7495844316851,35.7510482805676],[139.74944059795467,35.75111643194836]]}},{"type":"Feature","properties":{},"geometry":{"type":"LineString","coordinates":[[139.7523353959032,35.75368596273648],[139.75308028377165,35.75359299138481]]}},{"type":"Feature","properties":{},"geometry":{"type":"LineString","coordinates":[[139.75308028377165,35.75359299138481],[139.7536207020986,35.75352475257546]]}},{"type":"Feature","properties":{},"geometry":{"type":"LineString","coordinates":[[139.7536207020986,35.75352475257546],[139.75369032766866,35.753528285885274]]}},{"type":"Feature","properties":{},"geometry":{"type":"LineString","coordinates":[[139.75369032766866,35.753528285885274],[139.753711604256,35.75353025381433]]}},{"type":"Feature","properties":{},"geometry":{"type":"LineString","coordinates":[[139.753711604256,35.75353025381433],[139.75383373506486,35.753531850222615]]}},{"type":"Feature","properties":{},"geometry":{"type":"LineString","coordinates":[[139.75383373506486,35.753531850222615],[139.7543299317512,35.75347973974913]]}},{"type":"Feature","properties":{},"geometry":{"type":"LineString","coordinates":[[139.7543299317512,35.75347973974913],[139.75449067468415,35.7534631241294]]}},{"type":"Feature","properties":{},"geometry":{"type":"LineString","coordinates":[[139.75449067468415,35.7534631241294],[139.7548571885456,35.753435077088824]]}},{"type":"Feature","properties":{},"geometry":{"type":"LineString","coordinates":[[139.7548571885456,35.753435077088824],[139.75523536312357,35.75339827180739]]}},{"type":"Feature","properties":{},"geometry":{"type":"LineString","coordinates":[[139.75523536312357,35.75339827180739],[139.75558391515875,35.753374982621445]]}},{"type":"Feature","properties":{},"geometry":{"type":"LineString","coordinates":[[139.75558391515875,35.753374982621445],[139.7556142216697,35.75337318195194]]}},{"type":"Feature","properties":{},"geometry":{"type":"LineString","coordinates":[[139.7556142216697,35.75337318195194],[139.75594083788363,35.75335377500134]]}},{"type":"Feature","properties":{},"geometry":{"type":"LineString","coordinates":[[139.75594083788363,35.75335377500134],[139.75625129259308,35.753351636319685]]}},{"type":"Feature","properties":{},"geometry":{"type":"LineString","coordinates":[[139.75625129259308,35.753351636319685],[139.7562670317975,35.75335129507694]]}},{"type":"Feature","properties":{},"geometry":{"type":"LineString","coordinates":[[139.7562670317975,35.75335129507694],[139.75659331921113,35.7533303650468]]}},{"type":"Feature","properties":{},"geometry":{"type":"LineString","coordinates":[[139.75659331921113,35.7533303650468],[139.75668896677456,35.75330930132912]]}},{"type":"Feature","properties":{},"geometry":{"type":"LineString","coordinates":[[139.75668896677456,35.75330930132912],[139.75671364008446,35.75330442332106]]}},{"type":"Feature","properties":{},"geometry":{"type":"LineString","coordinates":[[139.75671364008446,35.75330442332106],[139.75706243462997,35.75323539349095]]}},{"type":"Feature","properties":{},"geometry":{"type":"LineString","coordinates":[[139.75706243462997,35.75323539349095],[139.75724454521918,35.75318690585635]]}},{"type":"Feature","properties":{},"geometry":{"type":"LineString","coordinates":[[139.74944059795467,35.75111643194836],[139.7494544398594,35.75114855289879]]}},{"type":"Feature","properties":{},"geometry":{"type":"LineString","coordinates":[[139.7494544398594,35.75114855289879],[139.74952744592662,35.751318014945504]]}},{"type":"Feature","properties":{},"geometry":{"type":"LineString","coordinates":[[139.74952744592662,35.751318014945504],[139.7495258024841,35.751325777463535]]}},{"type":"Feature","properties":{},"geometry":{"type":"LineString","coordinates":[[139.7495258024841,35.751325777463535],[139.7495307498369,35.75138563766755]]}},{"type":"Feature","properties":{},"geometry":{"type":"LineString","coordinates":[[139.7495307498369,35.75138563766755],[139.74955986642962,35.75147440394285]]}},{"type":"Feature","properties":{},"geometry":{"type":"LineString","coordinates":[[139.74955986642962,35.75147440394285],[139.7496629645958,35.751518048614436]]}},{"type":"Feature","properties":{},"geometry":{"type":"LineString","coordinates":[[139.7496629645958,35.751518048614436],[139.7498557591004,35.751774510678416]]}},{"type":"Feature","properties":{},"geometry":{"type":"LineString","coordinates":[[139.7498557591004,35.751774510678416],[139.74995533659586,35.751778472562386]]}},{"type":"Feature","properties":{},"geometry":{"type":"LineString","coordinates":[[139.74995533659586,35.751778472562386],[139.75002510479194,35.751912371310624]]}},{"type":"Feature","properties":{},"geometry":{"type":"LineString","coordinates":[[139.75002510479194,35.751912371310624],[139.7501289727805,35.7519808205065]]}},{"type":"Feature","properties":{},"geometry":{"type":"LineString","coordinates":[[139.7501289727805,35.7519808205065],[139.75017646315527,35.752101006311]]}},{"type":"Feature","properties":{},"geometry":{"type":"LineString","coordinates":[[139.75017646315527,35.752101006311],[139.75018537702502,35.7521166813627]]}},{"type":"Feature","properties":{},"geometry":{"type":"LineString","coordinates":[[139.75018537702502,35.7521166813627],[139.75029557198727,35.75227872203806]]}},{"type":"Feature","properties":{},"geometry":{"type":"LineString","coordinates":[[139.75029557198727,35.75227872203806],[139.75035750831114,35.7522980781016]]}},{"type":"Feature","properties":{},"geometry":{"type":"LineString","coordinates":[[139.75035750831114,35.7522980781016],[139.7505141559335,35.752312484035855]]}},{"type":"Feature","properties":{},"geometry":{"type":"LineString","coordinates":[[139.7505141559335,35.752312484035855],[139.75057205214083,35.75231780673362]]}},{"type":"Feature","properties":{},"geometry":{"type":"LineString","coordinates":[[139.75057205214083,35.75231780673362],[139.75066406873947,35.75231913785697]]}},{"type":"Feature","properties":{},"geometry":{"type":"LineString","coordinates":[[139.75066406873947,35.75231913785697],[139.75067521171775,35.75232527212166]]}},{"type":"Feature","properties":{},"geometry":{"type":"LineString","coordinates":[[139.75067521171775,35.75232527212166],[139.75069166134284,35.752378872387304]]}},{"type":"Feature","properties":{},"geometry":{"type":"LineString","coordinates":[[139.75069166134284,35.752378872387304],[139.750715434148,35.75241513715776]]}},{"type":"Feature","properties":{},"geometry":{"type":"LineString","coordinates":[[139.750715434148,35.75241513715776],[139.75078814415915,35.75252604496017]]}},{"type":"Feature","properties":{},"geometry":{"type":"LineString","coordinates":[[139.75078814415915,35.75252604496017],[139.75089106578898,35.752581607629196]]}},{"type":"Feature","properties":{},"geometry":{"type":"LineString","coordinates":[[139.75089106578898,35.752581607629196],[139.7509180951757,35.7526165361095]]}},{"type":"Feature","properties":{},"geometry":{"type":"LineString","coordinates":[[139.7509180951757,35.7526165361095],[139.7509501652142,35.75283649396917]]}},{"type":"Feature","properties":{},"geometry":{"type":"LineString","coordinates":[[139.7509501652142,35.75283649396917],[139.75094869018398,35.752962438001305]]}},{"type":"Feature","properties":{},"geometry":{"type":"LineString","coordinates":[[139.75094869018398,35.752962438001305],[139.75100044657094,35.7534266552394]]}},{"type":"Feature","properties":{},"geometry":{"type":"LineString","coordinates":[[139.75100044657094,35.7534266552394],[139.75102008464316,35.75360280343326]]}},{"type":"Feature","properties":{},"geometry":{"type":"LineString","coordinates":[[139.75102008464316,35.75360280343326],[139.75125242182423,35.753612735674984]]}},{"type":"Feature","properties":{},"geometry":{"type":"LineString","coordinates":[[139.75125242182423,35.753612735674984],[139.75132119317445,35.75363301176035]]}},{"type":"Feature","properties":{},"geometry":{"type":"LineString","coordinates":[[139.75132119317445,35.75363301176035],[139.75137341066258,35.75364839955058]]}},{"type":"Feature","properties":{},"geometry":{"type":"LineString","coordinates":[[139.75137341066258,35.75364839955058],[139.75159233365386,35.75363392143594]]}},{"type":"Feature","properties":{},"geometry":{"type":"LineString","coordinates":[[139.75159233365386,35.75363392143594],[139.7517943090882,35.75362055928688]]}},{"type":"Feature","properties":{},"geometry":{"type":"LineString","coordinates":[[139.7517943090882,35.75362055928688],[139.75182475029288,35.75374532570848]]}},{"type":"Feature","properties":{},"geometry":{"type":"LineString","coordinates":[[139.75182475029288,35.75374532570848],[139.75195709408072,35.75373316461527]]}},{"type":"Feature","properties":{},"geometry":{"type":"LineString","coordinates":[[139.75195709408072,35.75373316461527],[139.7523353959032,35.75368596273648]]}},{"type":"Feature","properties":{},"geometry":{"type":"LineString","coordinates":[[139.7921719665152,35.731039848452085],[139.79212735541648,35.73105985517128]]}},{"type":"Feature","properties":{},"geometry":{"type":"LineString","coordinates":[[139.79212735541648,35.73105985517128],[139.7918115944324,35.731201414968055]]}},{"type":"Feature","properties":{},"geometry":{"type":"LineString","coordinates":[[139.7918115944324,35.731201414968055],[139.7916472934613,35.731275089642246]]}},{"type":"Feature","properties":{},"geometry":{"type":"LineString","coordinates":[[139.7916472934613,35.731275089642246],[139.79151987274506,35.73125832835842]]}},{"type":"Feature","properties":{},"geometry":{"type":"LineString","coordinates":[[139.79151987274506,35.73125832835842],[139.79148350545532,35.73125520226561]]}},{"type":"Feature","properties":{},"geometry":{"type":"LineString","coordinates":[[139.79148350545532,35.73125520226561],[139.79100487617154,35.73048979419662]]}},{"type":"Feature","properties":{},"geometry":{"type":"LineString","coordinates":[[139.79100487617154,35.73048979419662],[139.79099666936443,35.73047627025451]]}},{"type":"Feature","properties":{},"geometry":{"type":"LineString","coordinates":[[139.79099666936443,35.73047627025451],[139.79061014220628,35.72995306098675]]}},{"type":"Feature","properties":{},"geometry":{"type":"LineString","coordinates":[[139.79061014220628,35.72995306098675],[139.79059463229373,35.72993205159653]]}},{"type":"Feature","properties":{},"geometry":{"type":"LineString","coordinates":[[139.79059463229373,35.72993205159653],[139.79048430997548,35.72981061678225]]}},{"type":"Feature","properties":{},"geometry":{"type":"LineString","coordinates":[[139.79048430997548,35.72981061678225],[139.79024670184288,35.72954907382463]]}},{"type":"Feature","properties":{},"geometry":{"type":"LineString","coordinates":[[139.79024670184288,35.72954907382463],[139.79024221758948,35.72954413783444]]}},{"type":"Feature","properties":{},"geometry":{"type":"LineString","coordinates":[[139.79024221758948,35.72954413783444],[139.79006735372954,35.72933687929529]]}},{"type":"Feature","properties":{},"geometry":{"type":"LineString","coordinates":[[139.79006735372954,35.72933687929529],[139.79002096222132,35.72928820275609]]}},{"type":"Feature","properties":{},"geometry":{"type":"LineString","coordinates":[[139.79002096222132,35.72928820275609],[139.78988925208546,35.729064266024054]]}},{"type":"Feature","properties":{},"geometry":{"type":"LineString","coordinates":[[139.78988925208546,35.729064266024054],[139.78985704568368,35.728952877524144]]}},{"type":"Feature","properties":{},"geometry":{"type":"LineString","coordinates":[[139.78985704568368,35.728952877524144],[139.78979282767858,35.7288501447816]]}},{"type":"Feature","properties":{},"geometry":{"type":"LineString","coordinates":[[139.78979282767858,35.7288501447816],[139.7897595783763,35.72880228064509]]}},{"type":"Feature","properties":{},"geometry":{"type":"LineString","coordinates":[[139.7897595783763,35.72880228064509],[139.78966562830877,35.72869837573357]]}},{"type":"Feature","properties":{},"geometry":{"type":"LineString","coordinates":[[139.78966562830877,35.72869837573357],[139.78958179672748,35.72863352515698]]}},{"type":"Feature","properties":{},"geometry":{"type":"LineString","coordinates":[[139.78958179672748,35.72863352515698],[139.78953642606055,35.72859682050764]]}},{"type":"Feature","properties":{},"geometry":{"type":"LineString","coordinates":[[139.78953642606055,35.72859682050764],[139.78904681638528,35.72831506620119]]}},{"type":"Feature","properties":{},"geometry":{"type":"LineString","coordinates":[[139.78904681638528,35.72831506620119],[139.78884076897998,35.728207926413496]]}},{"type":"Feature","properties":{},"geometry":{"type":"LineString","coordinates":[[139.78884076897998,35.728207926413496],[139.78882960777597,35.72820315220983]]}},{"type":"Feature","properties":{},"geometry":{"type":"LineString","coordinates":[[139.78882960777597,35.72820315220983],[139.78878959384204,35.728183774497296]]}},{"type":"Feature","properties":{},"geometry":{"type":"LineString","coordinates":[[139.78878959384204,35.728183774497296],[139.7883780709015,35.727988959425744]]}},{"type":"Feature","properties":{},"geometry":{"type":"LineString","coordinates":[[139.7883780709015,35.727988959425744],[139.78805873140996,35.72787376215323]]}},{"type":"Feature","properties":{},"geometry":{"type":"LineString","coordinates":[[139.78805873140996,35.72787376215323],[139.78796096045104,35.727826164308034]]}},{"type":"Feature","properties":{},"geometry":{"type":"LineString","coordinates":[[139.78796096045104,35.727826164308034],[139.78785430766706,35.727820286680775]]}},{"type":"Feature","properties":{},"geometry":{"type":"LineString","coordinates":[[139.78785430766706,35.727820286680775],[139.78780022758585,35.72781755913684]]}},{"type":"Feature","properties":{},"geometry":{"type":"LineString","coordinates":[[139.78780022758585,35.72781755913684],[139.78741652379577,35.727798147119486]]}},{"type":"Feature","properties":{},"geometry":{"type":"LineString","coordinates":[[139.78741652379577,35.727798147119486],[139.78722559497996,35.727771734098695]]}},{"type":"Feature","properties":{},"geometry":{"type":"LineString","coordinates":[[139.78722559497996,35.727771734098695],[139.78688916826135,35.72776920056621]]}},{"type":"Feature","properties":{},"geometry":{"type":"LineString","coordinates":[[139.78688916826135,35.72776920056621],[139.78683411345713,35.727767457589316]]}},{"type":"Feature","properties":{},"geometry":{"type":"LineString","coordinates":[[139.78607343445609,35.72759215139736],[139.7858538622532,35.72755864913349]]}},{"type":"Feature","properties":{},"geometry":{"type":"LineString","coordinates":[[139.7858538622532,35.72755864913349],[139.78574042320741,35.727569474680195]]}},{"type":"Feature","properties":{},"geometry":{"type":"LineString","coordinates":[[139.78574042320741,35.727569474680195],[139.78554007935108,35.72758860000227]]}},{"type":"Feature","properties":{},"geometry":{"type":"LineString","coordinates":[[139.78554007935108,35.72758860000227],[139.78537396734373,35.72761215457615]]}},{"type":"Feature","properties":{},"geometry":{"type":"LineString","coordinates":[[139.78537396734373,35.72761215457615],[139.78523967521554,35.727625315599504]]}},{"type":"Feature","properties":{},"geometry":{"type":"LineString","coordinates":[[139.78523967521554,35.727625315599504],[139.78482406895205,35.72766607730021]]}},{"type":"Feature","properties":{},"geometry":{"type":"LineString","coordinates":[[139.78482406895205,35.72766607730021],[139.78473276373555,35.72767502609602]]}},{"type":"Feature","properties":{},"geometry":{"type":"LineString","coordinates":[[139.78473276373555,35.72767502609602],[139.78449672966664,35.727698164406796]]}},{"type":"Feature","properties":{},"geometry":{"type":"LineString","coordinates":[[139.78449672966664,35.727698164406796],[139.78449578590008,35.72769825668248]]}},{"type":"Feature","properties":{},"geometry":{"type":"LineString","coordinates":[[139.78449578590008,35.72769825668248],[139.78449390152326,35.72769844142003]]}},{"type":"Feature","properties":{},"geometry":{"type":"LineString","coordinates":[[139.78449390152326,35.72769844142003],[139.78431856807666,35.72771562892316]]}},{"type":"Feature","properties":{},"geometry":{"type":"LineString","coordinates":[[139.78431856807666,35.72771562892316],[139.78425502832454,35.72772185649921]]}},{"type":"Feature","properties":{},"geometry":{"type":"LineString","coordinates":[[139.78683411345713,35.727767457589316],[139.78626720613673,35.72762173714401]]}},{"type":"Feature","properties":{},"geometry":{"type":"LineString","coordinates":[[139.78626720613673,35.72762173714401],[139.7861241633366,35.72759991335975]]}},{"type":"Feature","properties":{},"geometry":{"type":"LineString","coordinates":[[139.7861241633366,35.72759991335975],[139.78610673495803,35.72759724940358]]}},{"type":"Feature","properties":{},"geometry":{"type":"LineString","coordinates":[[139.78610673495803,35.72759724940358],[139.78607343445609,35.72759215139736]]}},{"type":"Feature","properties":{},"geometry":{"type":"LineString","coordinates":[[139.78267421920845,35.726552317321584],[139.78264693815484,35.72644998155267]]}},{"type":"Feature","properties":{},"geometry":{"type":"LineString","coordinates":[[139.78264693815484,35.72644998155267],[139.78260044418934,35.72644858890637]]}},{"type":"Feature","properties":{},"geometry":{"type":"LineString","coordinates":[[139.78260044418934,35.72644858890637],[139.7823040691222,35.72647273928394]]}},{"type":"Feature","properties":{},"geometry":{"type":"LineString","coordinates":[[139.7823040691222,35.72647273928394],[139.7822433045943,35.72624125232684]]}},{"type":"Feature","properties":{},"geometry":{"type":"LineString","coordinates":[[139.7822433045943,35.72624125232684],[139.78225771120344,35.725860697184935]]}},{"type":"Feature","properties":{},"geometry":{"type":"LineString","coordinates":[[139.78225771120344,35.725860697184935],[139.7821567268426,35.72576898130675]]}},{"type":"Feature","properties":{},"geometry":{"type":"LineString","coordinates":[[139.7821567268426,35.72576898130675],[139.7821440040754,35.72553286836649]]}},{"type":"Feature","properties":{},"geometry":{"type":"LineString","coordinates":[[139.7821440040754,35.72553286836649],[139.7818818459196,35.72546979800509]]}},{"type":"Feature","properties":{},"geometry":{"type":"LineString","coordinates":[[139.7818818459196,35.72546979800509],[139.78182294034303,35.725423804185255]]}},{"type":"Feature","properties":{},"geometry":{"type":"LineString","coordinates":[[139.78182294034303,35.725423804185255],[139.7817996886091,35.725405641857165]]}},{"type":"Feature","properties":{},"geometry":{"type":"LineString","coordinates":[[139.7817996886091,35.725405641857165],[139.7817709065082,35.725383164682206]]}},{"type":"Feature","properties":{},"geometry":{"type":"LineString","coordinates":[[139.7817709065082,35.725383164682206],[139.781364619105,35.72532411615054]]}},{"type":"Feature","properties":{},"geometry":{"type":"LineString","coordinates":[[139.781364619105,35.72532411615054],[139.7812809287614,35.72531194898491]]}},{"type":"Feature","properties":{},"geometry":{"type":"LineString","coordinates":[[139.7812809287614,35.72531194898491],[139.7812610521015,35.72527406940903]]}},{"type":"Feature","properties":{},"geometry":{"type":"LineString","coordinates":[[139.7812610521015,35.72527406940903],[139.7812657592084,35.72510898466652]]}},{"type":"Feature","properties":{},"geometry":{"type":"LineString","coordinates":[[139.7812657592084,35.72510898466652],[139.78127485350763,35.724789712289194]]}},{"type":"Feature","properties":{},"geometry":{"type":"LineString","coordinates":[[139.78127485350763,35.724789712289194],[139.78123629939523,35.72479057622768]]}},{"type":"Feature","properties":{},"geometry":{"type":"LineString","coordinates":[[139.78123629939523,35.72479057622768],[139.78106734396954,35.72478441001477]]}},{"type":"Feature","properties":{},"geometry":{"type":"LineString","coordinates":[[139.78106734396954,35.72478441001477],[139.7805676870692,35.72478137245532]]}},{"type":"Feature","properties":{},"geometry":{"type":"LineString","coordinates":[[139.7805676870692,35.72478137245532],[139.78012972226006,35.72480492767816]]}},{"type":"Feature","properties":{},"geometry":{"type":"LineString","coordinates":[[139.78012972226006,35.72480492767816],[139.7799267091759,35.72481584010567]]}},{"type":"Feature","properties":{},"geometry":{"type":"LineString","coordinates":[[139.7799267091759,35.72481584010567],[139.77974266646268,35.72484360862882]]}},{"type":"Feature","properties":{},"geometry":{"type":"LineString","coordinates":[[139.77974266646268,35.72484360862882],[139.77936403690683,35.724848085233184]]}},{"type":"Feature","properties":{},"geometry":{"type":"LineString","coordinates":[[139.77936403690683,35.724848085233184],[139.77904749648783,35.72489662025576]]}},{"type":"Feature","properties":{},"geometry":{"type":"LineString","coordinates":[[139.77904749648783,35.72489662025576],[139.77902005335412,35.724900833583916]]}},{"type":"Feature","properties":{},"geometry":{"type":"LineString","coordinates":[[139.78425502832454,35.72772185649921],[139.78372903456096,35.727581725599194]]}},{"type":"Feature","properties":{},"geometry":{"type":"LineString","coordinates":[[139.78372903456096,35.727581725599194],[139.78371545571108,35.72757809091629]]}},{"type":"Feature","properties":{},"geometry":{"type":"LineString","coordinates":[[139.78371545571108,35.72757809091629],[139.78369076118216,35.7275528868961]]}},{"type":"Feature","properties":{},"geometry":{"type":"LineString","coordinates":[[139.78369076118216,35.7275528868961],[139.78361100559013,35.727471462575615]]}},{"type":"Feature","properties":{},"geometry":{"type":"LineString","coordinates":[[139.78361100559013,35.727471462575615],[139.78332212134956,35.72716517966456]]}},{"type":"Feature","properties":{},"geometry":{"type":"LineString","coordinates":[[139.78332212134956,35.72716517966456],[139.78323373408793,35.72702477229893]]}},{"type":"Feature","properties":{},"geometry":{"type":"LineString","coordinates":[[139.78323373408793,35.72702477229893],[139.78308449074936,35.72692111756812]]}},{"type":"Feature","properties":{},"geometry":{"type":"LineString","coordinates":[[139.78308449074936,35.72692111756812],[139.7830504296263,35.72689745931336]]}},{"type":"Feature","properties":{},"geometry":{"type":"LineString","coordinates":[[139.7830504296263,35.72689745931336],[139.78302477086683,35.726761022262316]]}},{"type":"Feature","properties":{},"geometry":{"type":"LineString","coordinates":[[139.78302477086683,35.726761022262316],[139.78302175286294,35.72675223634626]]}},{"type":"Feature","properties":{},"geometry":{"type":"LineString","coordinates":[[139.78302175286294,35.72675223634626],[139.78298784098044,35.72665345463866]]}},{"type":"Feature","properties":{},"geometry":{"type":"LineString","coordinates":[[139.78298784098044,35.72665345463866],[139.78293546220382,35.72664540359006]]}},{"type":"Feature","properties":{},"geometry":{"type":"LineString","coordinates":[[139.78293546220382,35.72664540359006],[139.78286161022368,35.72663375290309]]}},{"type":"Feature","properties":{},"geometry":{"type":"LineString","coordinates":[[139.78286161022368,35.72663375290309],[139.78267421920845,35.726552317321584]]}},{"type":"Feature","properties":{},"geometry":{"type":"LineString","coordinates":[[139.77902005335412,35.724900833583916],[139.77894925394492,35.7249116990011]]}},{"type":"Feature","properties":{},"geometry":{"type":"LineString","coordinates":[[139.77894925394492,35.7249116990011],[139.77836573205605,35.72492514477613]]}},{"type":"Feature","properties":{},"geometry":{"type":"LineString","coordinates":[[139.77836573205605,35.72492514477613],[139.77817251358857,35.72492959805568]]}},{"type":"Feature","properties":{},"geometry":{"type":"LineString","coordinates":[[139.77817251358857,35.72492959805568],[139.77784199655218,35.7250118728856]]}},{"type":"Feature","properties":{},"geometry":{"type":"LineString","coordinates":[[139.77784199655218,35.7250118728856],[139.77748731791087,35.725097233921375]]}},{"type":"Feature","properties":{},"geometry":{"type":"LineString","coordinates":[[139.77748731791087,35.725097233921375],[139.77731980615806,35.72514963627815]]}},{"type":"Feature","properties":{},"geometry":{"type":"LineString","coordinates":[[139.77731980615806,35.72514963627815],[139.77708185225276,35.725210262531384]]}},{"type":"Feature","properties":{},"geometry":{"type":"LineString","coordinates":[[139.77708185225276,35.725210262531384],[139.7769671866334,35.725230243689566]]}},{"type":"Feature","properties":{},"geometry":{"type":"LineString","coordinates":[[139.7769671866334,35.725230243689566],[139.77693248316513,35.72523628347904]]}},{"type":"Feature","properties":{},"geometry":{"type":"LineString","coordinates":[[139.77693248316513,35.72523628347904],[139.7768348321756,35.725253296164894]]}},{"type":"Feature","properties":{},"geometry":{"type":"LineString","coordinates":[[139.7768348321756,35.725253296164894],[139.77677517864458,35.725255047028845]]}},{"type":"Feature","properties":{},"geometry":{"type":"LineString","coordinates":[[139.77677517864458,35.725255047028845],[139.77647432235105,35.72545717079392]]}},{"type":"Feature","properties":{},"geometry":{"type":"LineString","coordinates":[[139.77647432235105,35.72545717079392],[139.77598216456892,35.72578782687133]]}},{"type":"Feature","properties":{},"geometry":{"type":"LineString","coordinates":[[139.77598216456892,35.72578782687133],[139.77549943889073,35.72598605769192]]}},{"type":"Feature","properties":{},"geometry":{"type":"LineString","coordinates":[[139.77549943889073,35.72598605769192],[139.7753669844942,35.726040446358674]]}},{"type":"Feature","properties":{},"geometry":{"type":"LineString","coordinates":[[139.7753669844942,35.726040446358674],[139.77533200954485,35.72605481282219]]}},{"type":"Feature","properties":{},"geometry":{"type":"LineString","coordinates":[[139.77533200954485,35.72605481282219],[139.77495392243858,35.72622245947497]]}},{"type":"Feature","properties":{},"geometry":{"type":"LineString","coordinates":[[139.77495392243858,35.72622245947497],[139.77485173676908,35.72626775987735]]}},{"type":"Feature","properties":{},"geometry":{"type":"LineString","coordinates":[[139.77485173676908,35.72626775987735],[139.77435868338605,35.72649964218509]]}},{"type":"Feature","properties":{},"geometry":{"type":"LineString","coordinates":[[139.77435868338605,35.72649964218509],[139.77434114570215,35.726507890618294]]}},{"type":"Feature","properties":{},"geometry":{"type":"LineString","coordinates":[[139.77434114570215,35.726507890618294],[139.77410346163296,35.726619670864125]]}},{"type":"Feature","properties":{},"geometry":{"type":"LineString","coordinates":[[139.77410346163296,35.726619670864125],[139.77386722271137,35.72639621111617]]}},{"type":"Feature","properties":{},"geometry":{"type":"LineString","coordinates":[[139.77386722271137,35.72639621111617],[139.77385948795686,35.726388901305356]]}},{"type":"Feature","properties":{},"geometry":{"type":"LineString","coordinates":[[139.77385948795686,35.726388901305356],[139.77382425611924,35.726355405312006]]}},{"type":"Feature","properties":{},"geometry":{"type":"LineString","coordinates":[[139.77382425611924,35.726355405312006],[139.77371369288485,35.726250291608274]]}},{"type":"Feature","properties":{},"geometry":{"type":"LineString","coordinates":[[139.77371369288485,35.726250291608274],[139.7736247645178,35.72616720263279]]}},{"type":"Feature","properties":{},"geometry":{"type":"LineString","coordinates":[[139.7736247645178,35.72616720263279],[139.7735680562376,35.726111647491805]]}},{"type":"Feature","properties":{},"geometry":{"type":"LineString","coordinates":[[139.7735680562376,35.726111647491805],[139.77349471097867,35.72604213944418]]}},{"type":"Feature","properties":{},"geometry":{"type":"LineString","coordinates":[[139.77349471097867,35.72604213944418],[139.77348529951647,35.726033226414664]]}},{"type":"Feature","properties":{},"geometry":{"type":"LineString","coordinates":[[139.77348529951647,35.726033226414664],[139.77328040740144,35.726186746619284]]}},{"type":"Feature","properties":{},"geometry":{"type":"LineString","coordinates":[[139.77328040740144,35.726186746619284],[139.7729786218095,35.7259735342311]]}},{"type":"Feature","properties":{},"geometry":{"type":"LineString","coordinates":[[139.7729786218095,35.7259735342311],[139.77294958221964,35.725953027455645]]}},{"type":"Feature","properties":{},"geometry":{"type":"LineString","coordinates":[[139.77294958221964,35.725953027455645],[139.7728527429694,35.725979438315825]]}},{"type":"Feature","properties":{},"geometry":{"type":"LineString","coordinates":[[139.7728527429694,35.725979438315825],[139.77263941955235,35.726162265768664]]}},{"type":"Feature","properties":{},"geometry":{"type":"LineString","coordinates":[[139.77263941955235,35.726162265768664],[139.7726328808599,35.72616786958867]]}},{"type":"Feature","properties":{},"geometry":{"type":"LineString","coordinates":[[139.7726328808599,35.72616786958867],[139.772602752179,35.7261936900097]]}},{"type":"Feature","properties":{},"geometry":{"type":"LineString","coordinates":[[139.772602752179,35.7261936900097],[139.77280040901925,35.7263332606466]]}},{"type":"Feature","properties":{},"geometry":{"type":"LineString","coordinates":[[139.77280040901925,35.7263332606466],[139.77246264409814,35.72658104021959]]}},{"type":"Feature","properties":{},"geometry":{"type":"LineString","coordinates":[[139.77246264409814,35.72658104021959],[139.77251300939773,35.7266390226394]]}},{"type":"Feature","properties":{},"geometry":{"type":"LineString","coordinates":[[139.77251300939773,35.7266390226394],[139.77239258983792,35.726735067857966]]}},{"type":"Feature","properties":{},"geometry":{"type":"LineString","coordinates":[[139.77239258983792,35.726735067857966],[139.77225022568868,35.726857420904274]]}},{"type":"Feature","properties":{},"geometry":{"type":"LineString","coordinates":[[139.77225022568868,35.726857420904274],[139.77219428567935,35.726834611359585]]}},{"type":"Feature","properties":{},"geometry":{"type":"LineString","coordinates":[[139.77219428567935,35.726834611359585],[139.771950121265,35.727039444741585]]}},{"type":"Feature","properties":{},"geometry":{"type":"LineString","coordinates":[[139.771950121265,35.727039444741585],[139.77190255207648,35.72702575836945]]}},{"type":"Feature","properties":{},"geometry":{"type":"LineString","coordinates":[[139.77190255207648,35.72702575836945],[139.77157549080746,35.727305825098156]]}},{"type":"Feature","properties":{},"geometry":{"type":"LineString","coordinates":[[139.77157549080746,35.727305825098156],[139.77146913326501,35.7272644831094]]}},{"type":"Feature","properties":{},"geometry":{"type":"LineString","coordinates":[[139.77146913326501,35.7272644831094],[139.7712998930481,35.72741037312245]]}},{"type":"Feature","properties":{},"geometry":{"type":"LineString","coordinates":[[139.7712998930481,35.72741037312245],[139.77126999001638,35.727438930121224]]}},{"type":"Feature","properties":{},"geometry":{"type":"LineString","coordinates":[[139.77126999001638,35.727438930121224],[139.77119495558887,35.72749797235474]]}},{"type":"Feature","properties":{},"geometry":{"type":"LineString","coordinates":[[139.77119495558887,35.72749797235474],[139.77096279477223,35.72730837888864]]}},{"type":"Feature","properties":{},"geometry":{"type":"LineString","coordinates":[[139.77096279477223,35.72730837888864],[139.77009595731562,35.72805136826108]]}},{"type":"Feature","properties":{},"geometry":{"type":"LineString","coordinates":[[139.77009595731562,35.72805136826108],[139.77008471321025,35.728061009934464]]}},{"type":"Feature","properties":{},"geometry":{"type":"LineString","coordinates":[[139.77008471321025,35.728061009934464],[139.77003418726684,35.728064467854914]]}},{"type":"Feature","properties":{},"geometry":{"type":"LineString","coordinates":[[139.77003418726684,35.728064467854914],[139.77001827903257,35.72806511003118]]}},{"type":"Feature","properties":{},"geometry":{"type":"LineString","coordinates":[[139.77001827903257,35.72806511003118],[139.76996632998276,35.72806698293864]]}},{"type":"Feature","properties":{},"geometry":{"type":"LineString","coordinates":[[139.76996632998276,35.72806698293864],[139.76947983033227,35.72794653732483]]}},{"type":"Feature","properties":{},"geometry":{"type":"LineString","coordinates":[[139.76947983033227,35.72794653732483],[139.76930475658267,35.72790471497345]]}},{"type":"Feature","properties":{},"geometry":{"type":"LineString","coordinates":[[139.76930475658267,35.72790471497345],[139.76929601392453,35.7279026330162]]}},{"type":"Feature","properties":{},"geometry":{"type":"LineString","coordinates":[[139.76929601392453,35.7279026330162],[139.7691294883164,35.727862522205704]]}},{"type":"Feature","properties":{},"geometry":{"type":"LineString","coordinates":[[139.7691294883164,35.727862522205704],[139.76863774376213,35.72774406185942]]}},{"type":"Feature","properties":{},"geometry":{"type":"LineString","coordinates":[[139.76863774376213,35.72774406185942],[139.7683388771299,35.7276559179316]]}},{"type":"Feature","properties":{},"geometry":{"type":"LineString","coordinates":[[139.7683388771299,35.7276559179316],[139.7683024386409,35.727647465038935]]}},{"type":"Feature","properties":{},"geometry":{"type":"LineString","coordinates":[[139.7683024386409,35.727647465038935],[139.76818729550433,35.72762070923362]]}},{"type":"Feature","properties":{},"geometry":{"type":"LineString","coordinates":[[139.76818729550433,35.72762070923362],[139.76806981971797,35.727593424573634]]}},{"type":"Feature","properties":{},"geometry":{"type":"LineString","coordinates":[[139.76806981971797,35.727593424573634],[139.76717650014723,35.727330242747065]]}},{"type":"Feature","properties":{},"geometry":{"type":"LineString","coordinates":[[139.76717650014723,35.727330242747065],[139.76674458576946,35.727461660006924]]}},{"type":"Feature","properties":{},"geometry":{"type":"LineString","coordinates":[[139.76674458576946,35.727461660006924],[139.76670861775534,35.727484860726214]]}},{"type":"Feature","properties":{},"geometry":{"type":"LineString","coordinates":[[139.76670861775534,35.727484860726214],[139.76667659213467,35.72749964794342]]}},{"type":"Feature","properties":{},"geometry":{"type":"LineString","coordinates":[[139.76667659213467,35.72749964794342],[139.7666897917035,35.72765058361174]]}},{"type":"Feature","properties":{},"geometry":{"type":"LineString","coordinates":[[139.7666897917035,35.72765058361174],[139.76583692119317,35.72770016953794]]}},{"type":"Feature","properties":{},"geometry":{"type":"LineString","coordinates":[[139.76583692119317,35.72770016953794],[139.76581450059257,35.72769846620973]]}},{"type":"Feature","properties":{},"geometry":{"type":"LineString","coordinates":[[139.76581450059257,35.72769846620973],[139.76579817442536,35.727833892400376]]}},{"type":"Feature","properties":{},"geometry":{"type":"LineString","coordinates":[[139.76579817442536,35.727833892400376],[139.76580278391245,35.72795207853557]]}},{"type":"Feature","properties":{},"geometry":{"type":"LineString","coordinates":[[139.76580278391245,35.72795207853557],[139.76577794394797,35.72812867738776]]}},{"type":"Feature","properties":{},"geometry":{"type":"LineString","coordinates":[[139.76577794394797,35.72812867738776],[139.7656271115552,35.72839252157093]]}},{"type":"Feature","properties":{},"geometry":{"type":"LineString","coordinates":[[139.7656271115552,35.72839252157093],[139.7655914729457,35.72844165363705]]}},{"type":"Feature","properties":{},"geometry":{"type":"LineString","coordinates":[[139.7655914729457,35.72844165363705],[139.76554066402335,35.728543730327914]]}},{"type":"Feature","properties":{},"geometry":{"type":"LineString","coordinates":[[139.76554066402335,35.728543730327914],[139.76553465038634,35.72865449683677]]}},{"type":"Feature","properties":{},"geometry":{"type":"LineString","coordinates":[[139.76553465038634,35.72865449683677],[139.7655318276937,35.72866695937204]]}},{"type":"Feature","properties":{},"geometry":{"type":"LineString","coordinates":[[139.7655318276937,35.72866695937204],[139.76556386410078,35.7287875180678]]}},{"type":"Feature","properties":{},"geometry":{"type":"LineString","coordinates":[[139.76556386410078,35.7287875180678],[139.7655782873242,35.72883208553995]]}},{"type":"Feature","properties":{},"geometry":{"type":"LineString","coordinates":[[139.7655782873242,35.72883208553995],[139.76564735691426,35.728866191340046]]}},{"type":"Feature","properties":{},"geometry":{"type":"LineString","coordinates":[[139.76564735691426,35.728866191340046],[139.76561049939943,35.7290659841748]]}},{"type":"Feature","properties":{},"geometry":{"type":"LineString","coordinates":[[139.76561049939943,35.7290659841748],[139.76561205142823,35.72913418617276]]}},{"type":"Feature","properties":{},"geometry":{"type":"LineString","coordinates":[[139.76561205142823,35.72913418617276],[139.76563449765277,35.729227329562406]]}},{"type":"Feature","properties":{},"geometry":{"type":"LineString","coordinates":[[139.76563449765277,35.729227329562406],[139.76557411612941,35.72948118982498]]}},{"type":"Feature","properties":{},"geometry":{"type":"LineString","coordinates":[[139.76557411612941,35.72948118982498],[139.76556992276497,35.729498809203534]]}},{"type":"Feature","properties":{},"geometry":{"type":"LineString","coordinates":[[139.76556992276497,35.729498809203534],[139.76555862451465,35.72953814979999]]}},{"type":"Feature","properties":{},"geometry":{"type":"LineString","coordinates":[[139.76555862451465,35.72953814979999],[139.7655392977131,35.72956699204276]]}},{"type":"Feature","properties":{},"geometry":{"type":"LineString","coordinates":[[139.7655392977131,35.72956699204276],[139.7654478908928,35.729670736135176]]}},{"type":"Feature","properties":{},"geometry":{"type":"LineString","coordinates":[[139.7654478908928,35.729670736135176],[139.7652587665213,35.7299653800371]]}},{"type":"Feature","properties":{},"geometry":{"type":"LineString","coordinates":[[139.7652587665213,35.7299653800371],[139.76525334603508,35.72997382710413]]}},{"type":"Feature","properties":{},"geometry":{"type":"LineString","coordinates":[[139.76525334603508,35.72997382710413],[139.7650995802614,35.730213389270794]]}},{"type":"Feature","properties":{},"geometry":{"type":"LineString","coordinates":[[139.7650995802614,35.730213389270794],[139.76508947884201,35.730259684404494]]}},{"type":"Feature","properties":{},"geometry":{"type":"LineString","coordinates":[[139.76508947884201,35.730259684404494],[139.76492083624922,35.730421846042994]]}},{"type":"Feature","properties":{},"geometry":{"type":"LineString","coordinates":[[139.76492083624922,35.730421846042994],[139.76491736911603,35.73042464367143]]}},{"type":"Feature","properties":{},"geometry":{"type":"LineString","coordinates":[[139.76491736911603,35.73042464367143],[139.7647556396514,35.73055524431437]]}},{"type":"Feature","properties":{},"geometry":{"type":"LineString","coordinates":[[139.7647556396514,35.73055524431437],[139.76464032014212,35.73060568288499]]}},{"type":"Feature","properties":{},"geometry":{"type":"LineString","coordinates":[[139.76464032014212,35.73060568288499],[139.76446564898063,35.73073873936033]]}},{"type":"Feature","properties":{},"geometry":{"type":"LineString","coordinates":[[139.76446564898063,35.73073873936033],[139.7643080484363,35.73081855195252]]}},{"type":"Feature","properties":{},"geometry":{"type":"LineString","coordinates":[[139.7643080484363,35.73081855195252],[139.76406490281676,35.73088581338468]]}},{"type":"Feature","properties":{},"geometry":{"type":"LineString","coordinates":[[139.76406490281676,35.73088581338468],[139.76397975168837,35.73090833081958]]}},{"type":"Feature","properties":{},"geometry":{"type":"LineString","coordinates":[[139.76397975168837,35.73090833081958],[139.7639280459151,35.730919936036706]]}},{"type":"Feature","properties":{},"geometry":{"type":"LineString","coordinates":[[139.7639280459151,35.730919936036706],[139.7637692943833,35.73100011628628]]}},{"type":"Feature","properties":{},"geometry":{"type":"LineString","coordinates":[[139.7637692943833,35.73100011628628],[139.76350360368338,35.73115036864617]]}},{"type":"Feature","properties":{},"geometry":{"type":"LineString","coordinates":[[139.76350360368338,35.73115036864617],[139.7634843120796,35.73116137848549]]}},{"type":"Feature","properties":{},"geometry":{"type":"LineString","coordinates":[[139.7634843120796,35.73116137848549],[139.76318943410368,35.73132970871065]]}},{"type":"Feature","properties":{},"geometry":{"type":"LineString","coordinates":[[139.76318943410368,35.73132970871065],[139.76317622548208,35.73133730912097]]}},{"type":"Feature","properties":{},"geometry":{"type":"LineString","coordinates":[[139.76317622548208,35.73133730912097],[139.7628107177576,35.73154761558448]]}},{"type":"Feature","properties":{},"geometry":{"type":"LineString","coordinates":[[139.7628107177576,35.73154761558448],[139.76256643349348,35.7316273712279]]}},{"type":"Feature","properties":{},"geometry":{"type":"LineString","coordinates":[[139.76256643349348,35.7316273712279],[139.76248981672563,35.73163137260886]]}},{"type":"Feature","properties":{},"geometry":{"type":"LineString","coordinates":[[139.76248981672563,35.73163137260886],[139.76225959147746,35.73162853652032]]}},{"type":"Feature","properties":{},"geometry":{"type":"LineString","coordinates":[[139.76225959147746,35.73162853652032],[139.76220995912823,35.731620265370914]]}},{"type":"Feature","properties":{},"geometry":{"type":"LineString","coordinates":[[139.76220995912823,35.731620265370914],[139.76207047547035,35.73172374730654]]}},{"type":"Feature","properties":{},"geometry":{"type":"LineString","coordinates":[[139.76207047547035,35.73172374730654],[139.76198494177024,35.73171483794269]]}},{"type":"Feature","properties":{},"geometry":{"type":"LineString","coordinates":[[139.76198494177024,35.73171483794269],[139.76188615382708,35.7317206567357]]}},{"type":"Feature","properties":{},"geometry":{"type":"LineString","coordinates":[[139.76188615382708,35.7317206567357],[139.7618787117435,35.731720246876506]]}},{"type":"Feature","properties":{},"geometry":{"type":"LineString","coordinates":[[139.7618787117435,35.731720246876506],[139.76175032915071,35.731751836521674]]}},{"type":"Feature","properties":{},"geometry":{"type":"LineString","coordinates":[[139.76175032915071,35.731751836521674],[139.76172634216118,35.73175764859047]]}},{"type":"Feature","properties":{},"geometry":{"type":"LineString","coordinates":[[139.76172634216118,35.73175764859047],[139.76170067755484,35.73176671647341]]}},{"type":"Feature","properties":{},"geometry":{"type":"LineString","coordinates":[[139.76170067755484,35.73176671647341],[139.76163759865017,35.73178899953269]]}},{"type":"Feature","properties":{},"geometry":{"type":"LineString","coordinates":[[139.76163759865017,35.73178899953269],[139.7616084808216,35.73180813512392]]}},{"type":"Feature","properties":{},"geometry":{"type":"LineString","coordinates":[[139.7616084808216,35.73180813512392],[139.7615993147558,35.73181416776658]]}},{"type":"Feature","properties":{},"geometry":{"type":"LineString","coordinates":[[139.7615993147558,35.73181416776658],[139.76153892145425,35.73188132691905]]}},{"type":"Feature","properties":{},"geometry":{"type":"LineString","coordinates":[[139.76153892145425,35.73188132691905],[139.76152077479813,35.73193409499261]]}},{"type":"Feature","properties":{},"geometry":{"type":"LineString","coordinates":[[139.76152077479813,35.73193409499261],[139.76144800252652,35.732143985398096]]}},{"type":"Feature","properties":{},"geometry":{"type":"LineString","coordinates":[[139.76144800252652,35.732143985398096],[139.76138463668173,35.73226203726781]]}},{"type":"Feature","properties":{},"geometry":{"type":"LineString","coordinates":[[139.76138463668173,35.73226203726781],[139.761323376774,35.732374546031046]]}},{"type":"Feature","properties":{},"geometry":{"type":"LineString","coordinates":[[139.761323376774,35.732374546031046],[139.76133471360612,35.732386259805246]]}},{"type":"Feature","properties":{},"geometry":{"type":"LineString","coordinates":[[139.76133471360612,35.732386259805246],[139.76153550758409,35.732593770544526]]}},{"type":"Feature","properties":{},"geometry":{"type":"LineString","coordinates":[[139.76153550758409,35.732593770544526],[139.76184256810663,35.73289299935165]]}},{"type":"Feature","properties":{},"geometry":{"type":"LineString","coordinates":[[139.76184256810663,35.73289299935165],[139.76165306364825,35.73307501726542]]}},{"type":"Feature","properties":{},"geometry":{"type":"LineString","coordinates":[[139.76165306364825,35.73307501726542],[139.76177287113885,35.7331461983941]]}},{"type":"Feature","properties":{},"geometry":{"type":"LineString","coordinates":[[139.76177287113885,35.7331461983941],[139.76167257593443,35.733356247529926]]}},{"type":"Feature","properties":{},"geometry":{"type":"LineString","coordinates":[[139.76167257593443,35.733356247529926],[139.76160190816958,35.73347318682011]]}},{"type":"Feature","properties":{},"geometry":{"type":"LineString","coordinates":[[139.76160190816958,35.73347318682011],[139.761482225354,35.7337605780424]]}},{"type":"Feature","properties":{},"geometry":{"type":"LineString","coordinates":[[139.761482225354,35.7337605780424],[139.76172294172207,35.7338404451459]]}},{"type":"Feature","properties":{},"geometry":{"type":"LineString","coordinates":[[139.76172294172207,35.7338404451459],[139.7617594498773,35.733852558810085]]}},{"type":"Feature","properties":{},"geometry":{"type":"LineString","coordinates":[[139.7617594498773,35.733852558810085],[139.7621199814199,35.73397218518066]]}},{"type":"Feature","properties":{},"geometry":{"type":"LineString","coordinates":[[139.7621199814199,35.73397218518066],[139.76213148312075,35.73396111903362]]}},{"type":"Feature","properties":{},"geometry":{"type":"LineString","coordinates":[[139.76213148312075,35.73396111903362],[139.76234218419864,35.7337585151259]]}},{"type":"Feature","properties":{},"geometry":{"type":"LineString","coordinates":[[139.76234218419864,35.7337585151259],[139.7625426293788,35.73361868395924]]}},{"type":"Feature","properties":{},"geometry":{"type":"LineString","coordinates":[[139.7625426293788,35.73361868395924],[139.76266414279002,35.73369160332677]]}},{"type":"Feature","properties":{},"geometry":{"type":"LineString","coordinates":[[139.76266414279002,35.73369160332677],[139.76267107901054,35.73369576575186]]}},{"type":"Feature","properties":{},"geometry":{"type":"LineString","coordinates":[[139.76267107901054,35.73369576575186],[139.76269733379843,35.73371152179935]]}},{"type":"Feature","properties":{},"geometry":{"type":"LineString","coordinates":[[139.76269733379843,35.73371152179935],[139.76284900540014,35.73369718095878]]}},{"type":"Feature","properties":{},"geometry":{"type":"LineString","coordinates":[[139.76284900540014,35.73369718095878],[139.7630308431735,35.733646132936535]]}},{"type":"Feature","properties":{},"geometry":{"type":"LineString","coordinates":[[139.7630308431735,35.733646132936535],[139.76323558805333,35.733557990169416]]}},{"type":"Feature","properties":{},"geometry":{"type":"LineString","coordinates":[[139.76323558805333,35.733557990169416],[139.76328029558945,35.73353874007539]]}},{"type":"Feature","properties":{},"geometry":{"type":"LineString","coordinates":[[139.76328029558945,35.73353874007539],[139.7633124752027,35.73353613797076]]}},{"type":"Feature","properties":{},"geometry":{"type":"LineString","coordinates":[[139.7633124752027,35.73353613797076],[139.76356010633793,35.73367533274567]]}},{"type":"Feature","properties":{},"geometry":{"type":"LineString","coordinates":[[139.76356010633793,35.73367533274567],[139.7635682752004,35.73374144367772]]}},{"type":"Feature","properties":{},"geometry":{"type":"LineString","coordinates":[[139.7635682752004,35.73374144367772],[139.76357194254297,35.733771091814226]]}},{"type":"Feature","properties":{},"geometry":{"type":"LineString","coordinates":[[139.76357194254297,35.733771091814226],[139.76357669451255,35.73378715084053]]}},{"type":"Feature","properties":{},"geometry":{"type":"LineString","coordinates":[[139.76357669451255,35.73378715084053],[139.76357850319027,35.73379055191928]]}},{"type":"Feature","properties":{},"geometry":{"type":"LineString","coordinates":[[139.76357850319027,35.73379055191928],[139.76368528473517,35.733991362074796]]}},{"type":"Feature","properties":{},"geometry":{"type":"LineString","coordinates":[[139.76368528473517,35.733991362074796],[139.7638249871047,35.73416179178245]]}},{"type":"Feature","properties":{},"geometry":{"type":"LineString","coordinates":[[139.7638249871047,35.73416179178245],[139.7640666755507,35.73439712232759]]}},{"type":"Feature","properties":{},"geometry":{"type":"LineString","coordinates":[[139.7640666755507,35.73439712232759],[139.76434338018217,35.734604605730816]]}},{"type":"Feature","properties":{},"geometry":{"type":"LineString","coordinates":[[139.76434338018217,35.734604605730816],[139.7642718233236,35.73469147658608]]}},{"type":"Feature","properties":{},"geometry":{"type":"LineString","coordinates":[[139.7642718233236,35.73469147658608],[139.76384848257686,35.73504315405293]]}},{"type":"Feature","properties":{},"geometry":{"type":"LineString","coordinates":[[139.76384848257686,35.73504315405293],[139.76365069520995,35.735201914830405]]}},{"type":"Feature","properties":{},"geometry":{"type":"LineString","coordinates":[[139.76365069520995,35.735201914830405],[139.76351574748577,35.73531258296992]]}},{"type":"Feature","properties":{},"geometry":{"type":"LineString","coordinates":[[139.76351574748577,35.73531258296992],[139.7635126784476,35.73531509855156]]}},{"type":"Feature","properties":{},"geometry":{"type":"LineString","coordinates":[[139.7635126784476,35.73531509855156],[139.7636043018685,35.73538435980658]]}},{"type":"Feature","properties":{},"geometry":{"type":"LineString","coordinates":[[139.7636043018685,35.73538435980658],[139.76361609348896,35.735388398309965]]}},{"type":"Feature","properties":{},"geometry":{"type":"LineString","coordinates":[[139.76361609348896,35.735388398309965],[139.7648607026152,35.73581375495724]]}},{"type":"Feature","properties":{},"geometry":{"type":"LineString","coordinates":[[139.7648607026152,35.73581375495724],[139.76503260199908,35.73588128434532]]}},{"type":"Feature","properties":{},"geometry":{"type":"LineString","coordinates":[[139.76503260199908,35.73588128434532],[139.7652350101693,35.73598934171098]]}},{"type":"Feature","properties":{},"geometry":{"type":"LineString","coordinates":[[139.7652350101693,35.73598934171098],[139.7652691192027,35.736011614810074]]}},{"type":"Feature","properties":{},"geometry":{"type":"LineString","coordinates":[[139.7652691192027,35.736011614810074],[139.7653976459018,35.73608204199877]]}},{"type":"Feature","properties":{},"geometry":{"type":"LineString","coordinates":[[139.7653976459018,35.73608204199877],[139.7654627278628,35.73611362908818]]}},{"type":"Feature","properties":{},"geometry":{"type":"LineString","coordinates":[[139.7654627278628,35.73611362908818],[139.76570945016306,35.73617194326649]]}},{"type":"Feature","properties":{},"geometry":{"type":"LineString","coordinates":[[139.76570945016306,35.73617194326649],[139.76579639731378,35.73620843821325]]}},{"type":"Feature","properties":{},"geometry":{"type":"LineString","coordinates":[[139.76579639731378,35.73620843821325],[139.7658741555493,35.73623820163647]]}},{"type":"Feature","properties":{},"geometry":{"type":"LineString","coordinates":[[139.7658741555493,35.73623820163647],[139.7658752610597,35.73622744521386]]}},{"type":"Feature","properties":{},"geometry":{"type":"LineString","coordinates":[[139.7658752610597,35.73622744521386],[139.7663329088004,35.73639267668826]]}},{"type":"Feature","properties":{},"geometry":{"type":"LineString","coordinates":[[139.7663329088004,35.73639267668826],[139.76678826756603,35.73655381981491]]}},{"type":"Feature","properties":{},"geometry":{"type":"LineString","coordinates":[[139.76678826756603,35.73655381981491],[139.7667955847939,35.73655648303222]]}},{"type":"Feature","properties":{},"geometry":{"type":"LineString","coordinates":[[139.7667955847939,35.73655648303222],[139.76738532005655,35.73676359384913]]}},{"type":"Feature","properties":{},"geometry":{"type":"LineString","coordinates":[[139.76738532005655,35.73676359384913],[139.76739305911957,35.73676609876299]]}},{"type":"Feature","properties":{},"geometry":{"type":"LineString","coordinates":[[139.76739305911957,35.73676609876299],[139.76792041456466,35.73695377031918]]}},{"type":"Feature","properties":{},"geometry":{"type":"LineString","coordinates":[[139.76792041456466,35.73695377031918],[139.76795582777146,35.73696639510574]]}},{"type":"Feature","properties":{},"geometry":{"type":"LineString","coordinates":[[139.76795582777146,35.73696639510574],[139.76809214943788,35.73700127820884]]}},{"type":"Feature","properties":{},"geometry":{"type":"LineString","coordinates":[[139.76809214943788,35.73700127820884],[139.7684673677728,35.73713377462486]]}},{"type":"Feature","properties":{},"geometry":{"type":"LineString","coordinates":[[139.7684673677728,35.73713377462486],[139.76848336440827,35.73713941725351]]}},{"type":"Feature","properties":{},"geometry":{"type":"LineString","coordinates":[[139.76848336440827,35.73713941725351],[139.7687565257604,35.73722286083353]]}},{"type":"Feature","properties":{},"geometry":{"type":"LineString","coordinates":[[139.7687565257604,35.73722286083353],[139.76886094912805,35.73726201897645]]}},{"type":"Feature","properties":{},"geometry":{"type":"LineString","coordinates":[[139.76886094912805,35.73726201897645],[139.7688892566627,35.73727263412347]]}},{"type":"Feature","properties":{},"geometry":{"type":"LineString","coordinates":[[139.7688892566627,35.73727263412347],[139.76910117307338,35.73735211587117]]}},{"type":"Feature","properties":{},"geometry":{"type":"LineString","coordinates":[[139.76910117307338,35.73735211587117],[139.76915742959386,35.737372938750724]]}},{"type":"Feature","properties":{},"geometry":{"type":"LineString","coordinates":[[139.76915742959386,35.737372938750724],[139.76956752496227,35.73751703550377]]}},{"type":"Feature","properties":{},"geometry":{"type":"LineString","coordinates":[[139.76956752496227,35.73751703550377],[139.76976273455912,35.73758997526588]]}},{"type":"Feature","properties":{},"geometry":{"type":"LineString","coordinates":[[139.76976273455912,35.73758997526588],[139.77013599761574,35.737704050752264]]}},{"type":"Feature","properties":{},"geometry":{"type":"LineString","coordinates":[[139.77013599761574,35.737704050752264],[139.77041798602127,35.73779136865985]]}},{"type":"Feature","properties":{},"geometry":{"type":"LineString","coordinates":[[139.77041798602127,35.73779136865985],[139.7705797286032,35.737848936149895]]}},{"type":"Feature","properties":{},"geometry":{"type":"LineString","coordinates":[[139.7705797286032,35.737848936149895],[139.77078734441895,35.73792283275148]]}},{"type":"Feature","properties":{},"geometry":{"type":"LineString","coordinates":[[139.77078734441895,35.73792283275148],[139.77087313018555,35.737949461919904]]}},{"type":"Feature","properties":{},"geometry":{"type":"LineString","coordinates":[[139.77087313018555,35.737949461919904],[139.7706870665355,35.7381797977892]]}}]}