category,qid,ja_pageid,en_wiki,lat,lon,ja,en,zh,ko,fr,de,es,pt,it,nl,pl,ru,uk,hu,sv,tr,el,id,vi,th,bn,hi,ar,fa,ur,he
range,Q130135,196685,Atlas Mountains,31.061944444444446,-7.916111111111111,アトラス山脈,Atlas Mountains,阿特拉斯山脈,아틀라스산맥,Atlas,Atlas,Atlas,Cordilheira do Atlas,Atlante,Atlasgebergte,Atlas,Атлас,Атлаські гори,Atlasz,Atlasbergen,Atlas Dağları,Άτλας,Pegunungan Atlas,Dãy núi Atlas,เทือกเขาแอตลาส,এটলাস পর্বতমালা,अतलास पर्वत,جبال الأطلس,کوه‌های اطلس,کوہ اطلس,הרי האטלס
range,Q842139,1341972,Annamite Range,18.59,103.8,アンナン山脈,Annamite Range,安南山脈,안남산맥,Cordillère annamitique,Truong Son,Cordillera Annamita,Montanhas Anamitas,Catena Annamita,Annamitisch gebergte,Góry Annamskie,Чыонгшон,Аннамські гори,,Annamitiska bergskedjan,Annamite Dağları,,Deretan Annam,Dãy Trường Sơn,เทือกเขาอันนัม,,अन्नामी पहाड़ियाँ,الجبال الأنامية,رشته‌کوه اننیت,,הרי אנאמיט
range,Q12431,155147,Pyrenees,42.7,0.6,ピレネー山脈,Pyrenees,比利牛斯山脉,피레네산맥,Pyrénées,Pyrenäen,Pirineos,Pirenéus,Pirenei,Pyreneeën,Pireneje,Пиренеи,Піренеї,Pireneusok,Pyrenéerna,Pireneler,Πυρηναία,Pirenia,Pyrénées,เทือกเขาพิเรนีส,পিরিনীয় পর্বতমালা,पिरेने पर्वतमाला,البرانس,پیرنه,کوہ پائرینیس,הרי הפירנאים
range,Q1286,21699,Alps,46.57805555555556,8.615,アルプス山脈,Alps,阿尔卑斯山,알프스산맥,Alpes,Alpen,Alpes,Alpes,Alpi,Alpen,Alpy,Альпы,Альпи,Alpok,Alperna,Alpler,Άλπεις,Alpen,Anpơ,เทือกเขาแอลป์,আল্পস পর্বতমালা,ऐल्प्स,الألب,آلپ,الپس,הרי האלפים
range,Q1285,1853085,Apennine Mountains,42.469166666666666,13.565555555555555,アペニン山脈,Apennines,亚平宁山脉,아펜니노산맥,Apennins,Apennin,Apeninos,Apeninos,Appennini,Apennijnen,Apeniny,Апеннины,Апенніни,Appenninek,Apenninerna,Apenin Dağları,Απέννινα όρη,Pegunungan Apennini,Appennini,เทือกเขาแอเพนไนน์,,एपेनाइन पर्वत,أبينيني,آپننینی,اپنائن پہاڑ,הרי האפנינים
range,Q5477,32072,Caucasus Mountains,42.5,45,コーカサス山脈,Caucasus Mountains,高加索山脉,캅카스산맥,Caucase,Kaukasus,cordillera del Cáucaso,Cordilheira do Cáucaso,Catena del Caucaso,Kaukasus,Kaukaz,Кавказские горы,Кавказькі гори,Kaukázus,Kaukasus,Kafkas Dağları,Καύκασος,Pegunungan Kaukasus,Dãy núi Kavkaz,เทือกเขาคอเคซัส,ককেশাস পর্বতমালা,कॉकस पर्वत शृंखला,جبال القوقاز,رشته‌کوه قفقاز,قفقاز پہاڑیاں,הרי הקווקז
range,Q167021,202186,Zagros Mountains,33.666667,47,ザグロス山脈,Zagros Mountains,札格羅斯山脈,자그로스산맥,Zagros,Zāgros-Gebirge,Zagros,Cordilheira de Zagros,Monti Zagros,Zagrosgebergte,Zagros,Загрос,Загрос,Zagrosz,Zagros,Zagros Dağları,Όρη Ζάγκρος,Zagros,Dãy núi Zagros,เทือกเขาซากรอส,জগ্রোস পর্বতমালা,ज़ाग्रोस पर्वत,زاغروس,زاگرس,سلسلہ کوہ زاگرس,הרי זגרוס
range,Q5451,13348,Himalayas,29,84,ヒマラヤ山脈,Himalayas,喜马拉雅山脉,히말라야산맥,Himalaya,Himalaya,Himalaya,Himalaias,Himalaya,Himalaya,Himalaje,Гималаи,Гімалаї,Himalája,Himalaya,Himalaya Dağları,Ιμαλάια,Himalaya,Himalaya,เทือกเขาหิมาลัย,হিমালয় পর্বতমালা,हिमालय,هملايا,هیمالیا,ہمالیہ,הימלאיה
range,Q5463,96245,Rocky Mountains,44.15,-113.8,ロッキー山脈,Rocky Mountains,洛磯山脈,로키산맥,montagnes Rocheuses,Rocky Mountains,Montañas Rocosas,Montanhas Rochosas,Montagne Rocciose,Rocky Mountains,Góry Skaliste,Скалистые горы,Скелясті гори,Sziklás-hegység,Klippiga bergen,Rocky Dağları,Βραχώδη Όρη,Pegunungan Rocky,dãy núi Rocky,เทือกเขาร็อกกี,রকি পর্বতমালা,रॉकी पर्वत शृंखला,جبال روكي,رشته‌کوه راکی,سلسلہ کوہ راکی,הרי הרוקי
range,Q5456,15092,Andes,-21.826,-66.698,アンデス山脈,Andes,安地斯山脈,안데스산맥,cordillère des Andes,Anden,Cordillera de Los Andes,Andes,Ande,Andes,Andy,Анды,Анди,Andok,Anderna,And Dağları,Άνδεις,Andes,Andes,เทือกเขาแอนดีส,আন্দিজ পর্বতমালা,एन्डीज़ पर्वत शृंखला,أنديز,آند,سلسلہ کوہ انڈیز,הרי האנדים
range,Q35647,1624105,Pennines,54.702777777778,-2.4866666666667,ペナイン山脈,Pennines,奔宁山脉,페나인산맥,Pennines,Pennines,Peninos,Peninos,Monti Pennini,Penninisch Gebergte,Góry Pennińskie,Пеннинские горы,Пеннінські гори,Pennine-hegység,Penninerna,Pennine Dağları,Πέννινα Όρη,Pennines,Pennines,เพนไนนส์,,,بينينز,پنین,,הרי הפניין
range,Q186547,806662,Scandinavian Mountains,65,14,スカンディナヴィア山脈,Scandinavian Mountains,斯堪的纳维亚山脉,스칸디나비아산맥,Alpes scandinaves,Skandinavisches Gebirge,Alpes escandinavos,Alpes Escandinavos,Monti Scandinavi,Scandinavisch Hoogland,Góry Skandynawskie,Скандинавские горы,Скандинавські гори,Skandináv-hegység,Skanderna,İskandinav Dağları,Σκανδιναβικά Όρη,,Dãy núi Scandinavia,เทือกเขาสแกนดิเนเวีย,,स्कैंडिनेवियाई पहाड़,سلسلة الجبال الإسكندنافية,رشته‌کوه اسکاندیناوی,سلسلہ کوہ اسکینڈے نیویا,הרי סקנדינביה
range,Q35600,25671,Ural Mountains,60,59,ウラル山脈,Ural Mountains,乌拉尔山脉,우랄산맥,Oural,Ural,Montes Urales,Montes Urais,Urali,Oeral,Ural,Уральские горы,Уральські гори,Urál,Uralbergen,Ural Dağları,Ουράλια Όρη,Pegunungan Ural,Dãy núi Ural,เทือกเขายูรัล,ইউরাল পর্বতমালা,यूराल पर्वत,جبال الأورال,کوه‌های اورال,کوہ اورال,הרי אורל
range,Q5474,275837,Tian Shan,42.0375,80.125277777778,天山山脈,Tianshan Mountains,天山山脈,톈산산맥,Tian Shan,Tienshan,Tian Shan,Tian Shan,Tien Shan,Tiensjan,Tienszan,Тянь-Шань,Тянь-Шань,Tien-san,Tian Shan,Tanrı Dağları,Τιεν Σαν,Tian Shan,Thiên Sơn,เทียนชาน,থিয়েন শান পর্বতমালা,तियाँ शान,جبال تيان شان,تیان شان,تیان شان,טיין שאן
range,Q183295,197449,Drakensberg,-29.366666666667,29.533333333333,ドラケンスバーグ山脈,Drakensberg,德拉肯斯堡山脉,드라켄즈버그산맥,Drakensberg,Drakensberge,Drakensberg,Drakensberg,Monti dei Draghi,Drakensbergen,Góry Smocze,Драконовы горы,Драконові гори,Drakensberg,Drakensberg,Drakensberg,Ντράκενσμπεργκ,Drakensberg,Drakensberg,ดราเคนส์เบิร์ก,,द्रेकंस्बर्ग उद्यान,دراكنزبرغ,دراکنزبرگ,ڈراکنزبرگ,דראקנסברג
range,Q192583,629100,Great Dividing Range,-25,147,グレートディヴァイディング山脈,Great Dividing Range,大分水岭,그레이트디바이딩산맥,Cordillère australienne,Great Dividing Range,Gran Cordillera Divisoria,Cordilheira australiana,Grande Catena Divisoria,Groot Australisch Scheidingsgebergte,Wielkie Góry Wododziałowe,Большой Водораздельный хребет,Великий вододільний хребет,Nagy-Vízválasztó-hegység,Great Dividing Range,Büyük Su Bölümü Sıradağları,Οροσειρά Γκρέιτ Ντιβάιντινγκ,Pegunungan Pemisah Besar,Great Dividing Range,เทือกเขาเกรตดิไวดิง,,महान विभाजक पर्वतमाला,غريت ديفايدينغ,ایسترن هایلندز,گریٹ ڈیوائڈنگ رینج,ההרים המחלקים הגדולים
range,Q93332,320814,Appalachian Mountains,35.764722222222,-82.265277777778,アパラチア山脈,Appalachian Mountains,阿巴拉契亚山脉,애팔래치아산맥,Appalaches,Appalachen,Apalaches,Apalaches,Appalachi,Appalachen,Appalachy,Аппалачи,Аппалачі,Appalache-hegység,Appalacherna,Apalaş Dağları,Απαλάχια Όρη,Pegunungan Appalachia,dãy núi Appalachia,เทือกเขาแอปพาเลเชียน,অ্যাপালেচিয়ান পর্বতমালা,एपलाशियन पर्वतमाला,جبال الأبالاش,رشته‌کوه آپالیشین,اپالاچئین پہاڑ,הרי האפלצ'ים
range,Q5955,350325,Altai Mountains,49,89,アルタイ山脈,Altai Mountains,阿尔泰山脉,알타이산맥,Altaï,Altai,macizo de Altái,Altai,Monti Altaj,Altaj,Ałtaj,Алтайские горы,Алтайські гори,Altaj,Altaj,Altay Dağları,Αλτάι,Pegunungan Altai,Dãy núi Altay,เทือกเขาอัลไต,আলতাই পর্বতমালা,अल्ताई पर्वत शृंखला,جبال ألتاي,کوه‌های آلتای,التائی پہاڑ,הרי אלטאי
range,Q187871,193202,Kunlun Mountains,36,84,崑崙山脈,Kunlun Mountains,昆仑山脉,쿤룬산맥,Cordillère du Kunlun,Kunlun,Kunlun,Kunlun,Kunlun,Kunlun,Kunlun,Куньлунь,Куньлунь,Kunlun,Kunlun,Kunlun Dağları,Κουνλούν,Pegunungan Kunlun,Dãy núi Côn Lôn,เทือกเขาคุนหลุน,কুয়েনলুন পর্বতমালা,कुनलुन पर्वत,جبال كونلون,کونلون,سلسلہ کوہ کونلون,הרי קונלון
range,Q863798,661768,Qinling,33.96333334,107.61805557,秦嶺山脈,Qinling,秦岭,친링산맥,Monts Qinling,Qin Ling,Cordillera Qin,Qinling,monti Qin,Qinling Shan,Qin Ling,Циньлин,Ціньлін,Csinling-hegység,Qinling,Qin Dağları,,Qinling,Tần Lĩnh,,,,جبال تشينلينغ,چین‌لینگ,,צ'ין-לינג
range,Q5472,9188,Hindu Kush,35,71,ヒンドゥークシュ山脈,Hindu Kush,興都庫什山脈,힌두쿠시산맥,Hindou Kouch,Hindukusch,Hindú Kush,Hindu Kush,Hindu Kush,Hindoekoesj,Hindukusz,Гиндукуш,Гіндукуш,Hindukus,Hindukush,Hindukuş Dağları,Χίντου Κους,Hindu Kush,Hindu Kush,เทือกเขาฮินดูกูช,হিন্দুকুশ পর্বতমালা,हिन्दु कुश,هندوكوش,هندوکش,سلسلہ کوہ ہندوکش,הינדו-כוש
range,Q26777,200052,Sierra Nevada,37.73,-119.57,シエラネバダ山脈 (アメリカ合衆国),Sierra Nevada,內華達山脈,시에라네바다산맥,sierra Nevada,Sierra Nevada,Sierra Nevada,Serra Nevada,Sierra Nevada,Sierra Nevada,Sierra Nevada,Сьерра-Невада,Сьєрра-Невада,Sierra Nevada,Sierra Nevada,Sierra Nevada,Σιέρρα Νεβάδα,Pegunungan Sierra Nevada,Sierra Nevada,เซียร์ราเนวาดา,সিয়েরা নেভাদা,सिएरा नेवाडा,سييرا نيفادا,سیرا نوادا,,סיירה נבדה
range,Q156684,350332,Alaska Range,63.0694,-151.007,アラスカ山脈,Alaska Range,阿拉斯加山脈,알래스카산맥,chaîne d'Alaska,Alaskakette,Cordillera de Alaska,Cordilheira do Alasca,Catena dell'Alaska,Alaskagebergte,Alaska,Аляскинский хребет,Аляскинський хребет,Alaszkai-hegység,Alaska Range,,Οροσειρά της Αλάσκας,,dãy núi Alaska,เทือกเขาอะแลสกา,,अलास्का पर्वतमाला,,رشته کوه آلاسکا,,רכס אלסקה
range,Q765874,204153,Maya Mountains,16.501480296560597,-89.04626238007883,マヤ山脈,Maya Mountains,馬雅山脈,,Monts Maya,Maya Mountains,Montes Maya,Montes Maias,Monti Maya,Mayagebergte,Maya,Майя,Мая,,Maya Mountains,,,,Núi Maya,,,,جبال المايا,رشته‌کوه مایا,,הרי מאיה
range,Q929910,5046922,Brooks Range,68.2,-152.25,ブルックス山脈,Brooks Range,布鲁克斯山脉,,chaîne Brooks,Brookskette,Cordillera de Brooks,Cordilheira Brooks,Monti Brooks,Brooksgebergte,Góry Brooksa,Хребет Брукса,Хребет Брукса,,,Brooks Sıradağları,,Pegunungan Brooks,,,,,سلسلة بروكس,رشته‌کوه بروکس,,רכס ברוקס
range,Q1719533,2905905,Sierras de Córdoba,-30.84416667,-64.47611111,コルドバ山脈,Sierras de Córdoba,科爾多瓦山脈,,Sierras de Córdoba,Sierras de Córdoba,Sierras de Córdoba,,Sierras de Córdoba,Sierras de Córdoba,,Сьеррас-де-Кордова,,,,Sierras de Córdoba,,,,,,,,,,
range,Q1288,666691,Carpathian Mountains,47,25.5,カルパティア山脈,Carpathians,喀爾巴阡山脈,카르파티아산맥,Carpates,Karpaten,montes Cárpatos,Cárpatos,Carpazi,Karpaten,Karpaty,Карпаты,Карпати,Kárpátok,Karpaterna,Karpatlar,Καρπάθια Όρη,Pegunungan Karpatia,Dãy núi Karpat,เทือกเขาคาร์เพเทียน,কার্পেথীয় পর্বতমালা,कारपैथी पर्वत,الكربات,کوه‌های کارپات,کارپیتھین سلسلہ کوہ,הרי הקרפטים
range,Q217202,208835,Southern Carpathians,45.6,24.73,トランシルヴァニアアルプス山脈,Southern Carpathians,南喀尔巴阡山脉,트란실바니아알프스산맥,Alpes de Transylvanie,Transsilvanische Alpen,Cárpatos meridionales,,Alpi Transilvaniche,Transsylvanische Alpen,Karpaty Południowe,Южные Карпаты,Південні Карпати,Déli-Kárpátok,Transsylvanska alperna,Transilvanya Alpleri,Νότια Καρπάθια,Carpathians Selatan,,,,,,آلپ ترانسیلوانیا,,הקרפטים הדרומיים
range,Q1124584,2927265,Sierra Madre Occidental,26.745722222222,-108.05786111111,西シエラ・マドレ山脈,Sierra Madre Occidental,西馬德雷山脈,서시에라마드레 산맥,Sierra Madre occidentale,Sierra Madre Occidental,Sierra Madre Occidental,Sierra Madre Ocidental,Sierra Madre Occidentale,Westelijke Sierra Madre,Sierra Madre Zachodnia,Сьерра-Мадре Западная,Західна Сьєрра-Мадре,Nyugati-Sierra Madre,Sierra Madre Occidental,Sierra Madre Occidental,,Sierra Madre Barat,,,,,سييرا مادري الغربية,سیرا مادره باختری,,סיירה מדרה אוקסידנטל
range,Q203239,1360633,Sayan Mountains,53.251944444444,94.974444444444,サヤン山脈,Sayan Mountains,薩彥嶺,사얀산맥,monts Saïan,Sajangebirge,montes Sayanes,Montes Sayan,Monti Sajany,Sajan,Sajany,Саяны,Саяни,Szajánok,Sajanbergen,Sayan Dağları,Οροσειρά Σαγιάν,Pegunungan Sayan,Dãy núi Sayan,เทือกเขาซายัน,,सायन पर्वत शृंखला,جبال سايان,کوه‌های سایان,سیان پہاڑ,הרי סייאן
range,Q214284,350868,Stanovoy Range,55.5,127.5,スタノヴォイ山脈,Stanovoy Range,外兴安岭,스타노보이산맥,Monts Stanovoï,Stanowoigebirge,Montes Stanovoi,,Monti Stanovoj,Stanovojgebergte,Pasmo Stanowe,Становой хребет,Становий хребет,Sztanovoj-hegylánc,Stanovojbergen,Stanovoy Sıradağları,,,Dãy núi Stanovoy,,,,,رشته‌کوه استانووی,,רכס סטנובוי
range,Q170427,1850121,Balkan Mountains,42.78421,24.97626,バルカン山脈,Balkan Mountains,巴尔干山脉,발칸산맥,Grand Balkan,Balkangebirge,Montes Balcanes,Cordilheira dos Bálcãs,Monti Balcani,Balkangebergte,Stara Płanina,Стара-Планина,Балканські гори,Balkán-hegység,Balkanbergen,Koca Balkan Dağları,Αίμος,Pegunungan Balkan,Dãy núi Balkan,เทือกเขาบอลข่าน,,बाल्कन पर्वत शृंखला,جبال البلقان,رشته‌کوه بالکان,سلسلہ کوہ بلقان,הרי הבלקן
range,Q215917,1234842,Verkhoyansk Range,67,129,ベルホヤンスク山脈,Verkhoyansk Range,上揚斯克山脈,베르호얀스크산맥,Monts de Verkhoïansk,Werchojansker Gebirge,Cordillera Verjoyansk,Cordilheira Verkhoyansk,Monti di Verchojansk,Verchojanskgebergte,Góry Wierchojańskie,Верхоянский хребет,Верхоянський хребет,Verhojanszki-hegylánc,Verchojanskbergen,Verkhoyansk Dağları,,Pegunungan Verkhoyansk,Dãy núi Verkhoyansk,,ভেরখোয়ান্‌স্ক্‌,,جبال فرخويانسك,کوهستان ورخویانسک,,רכס ורחויאנסק
peninsula,Q31945,8619,Arabian Peninsula,23,46,アラビア半島,Arabian Peninsula,阿拉伯半岛,아라비아반도,Arabie,Arabische Halbinsel,Arabia,Arábia,penisola araba,Arabisch schiereiland,Półwysep Arabski,Аравийский полуостров,Аравійський півострів,Arab-félsziget,Arabiska halvön,Arap Yarımadası,Αραβία,Semenanjung Arab,Bán đảo Ả Rập,คาบสมุทรอาหรับ,আরব উপদ্বীপ,अरबी प्रायद्वीप,شبه الجزيرة العربية,شبه‌جزیره عربستان,جزیرہ نما عرب,חצי האי ערב
peninsula,Q60140,10156,Indian subcontinent,22.20775,76.97021,インド亜大陸,Indian subcontinent,印度次大陸,인도 아대륙,sous-continent indien,indischer Subkontinent,subcontinente indio,Subcontinente indiano,subcontinente indiano,Indiaas subcontinent,subkontynent indyjski,Индийский субконтинент,Індійський субконтинент,Indiai szubkontinens,Indiska subkontinenten,Hint altkıtası,Ινδική υποήπειρος,anak benua India,Tiểu lục địa Ấn Độ,อนุทวีปอินเดีย,ভারতীয় উপমহাদেশ,भारतीय उपमहाद्वीप,شبه القارة الهندية,شبه‌قاره هند,برصغیر پاک و ہند,תת-היבשת ההודית
peninsula,Q84170,144601,Labrador Peninsula,55,-69,ラブラドル半島,Labrador Peninsula,拉布拉多半岛,래브라도반도,péninsule du Québec-Labrador,Labrador-Halbinsel,Península del Labrador,Península do Labrador,Labrador,Labrador,Labrador,Лабрадор,Лабрадор,Labrador,Labradorhalvön,Labrador Yarımadası,Χερσόνησος Λαμπραντόρ,Jazirah Labrador,Bán đảo Labrador,คาบสมุทรแลบราดอร์,,,شبه جزيرة لبرادور,شبه‌جزیره لابرادور,,חצי האי לברדור
peninsula,Q73169,26725,Scandinavian Peninsula,63,14,スカンディナヴィア半島,Scandinavian Peninsula,斯堪的纳维亚半岛,스칸디나비아반도,péninsule Scandinave,Skandinavische Halbinsel,Península escandinava,Península Escandinava,Penisola scandinava,Scandinavisch Schiereiland,Półwysep Skandynawski,Скандинавский полуостров,Скандинавський півострів,Skandináv-félsziget,Skandinaviska halvön,İskandinav Yarımadası,Σκανδιναβική Χερσόνησος,Semenanjung Skandinavia,bán đảo Scandinavia,คาบสมุทรสแกนดิเนเวีย,,स्केंडिनेवियाई प्रायद्वीप,شبه الجزيرة الإسكندنافية,شبه جزیره اسکاندیناوی,,חצי האי סקנדינביה
peninsula,Q12837,18127,Iberian Peninsula,40.24,-4.2391666666667,イベリア半島,Iberian Peninsula,伊比利亚半岛,이베리아반도,péninsule Ibérique,Iberische Halbinsel,península ibérica,Península Ibérica,penisola iberica,Iberisch Schiereiland,Półwysep Iberyjski,Пиренейский полуостров,Піренейський пів острів,Ibériai-félsziget,Iberiska halvön,İber Yarımadası,Ιβηρική Χερσόνησος,Iberia,Bán đảo Iberia,คาบสมุทรไอบีเรีย,ইবেরীয় উপদ্বীপ,इबेरिया प्रायद्वीप,شبه الجزيرة الإيبيرية,شبه‌جزیرهٔ ایبریا,جزیرہ نما آئبیریا,חצי האי האיברי
peninsula,Q43467,95088,Mainland Southeast Asia,16,102,インドシナ半島,Mainland Southeast Asia,中南半岛,인도차이나반도,Indochine,Indochina,Indochina,Indochina,Indocina,Indochina,Indochiny,Индокитай,Індокитай,Indokína,Indokina,Hindiçin,Ινδοκίνα,Indochina,bán đảo Đông Dương,อินโดจีน,ইন্দোচীন,हिन्दचीन,الهند الصينية,هندوچین,ہندچین,הודו-סין
peninsula,Q51614,12871,Anatolia,39,35,アナトリア半島,Anatolia,安納托利亞,아나톨리아,Anatolie,Anatolien,Anatolia,Anatólia,Anatolia,Anatolië,Anatolia,Анатолия,Анатолія,Anatólia,Anatolien,Anadolu,Μικρά Ασία,Anatolia,Anatolia,อานาโตเลีย,আনাতোলিয়া,आनातोलिया,الأناضول,آناتولی,اناطولیہ,אסיה הקטנה
peninsula,Q23522,12868,Balkans,42,22,バルカン半島,Balkans,巴尔干半岛,발칸반도,Balkans,Balkanhalbinsel,península balcánica,Bálcãs,penisola balcanica,Balkan,Półwysep Bałkański,Балканский полуостров,Балканський півострів,Balkán-félsziget,Balkanhalvön,Balkanlar,Βαλκάνια,Balkan,Balkan,บอลข่าน,বলকান অঞ্চল,बाल्कन,البلقان,بالکان,بلقان,חבל הבלקן
peninsula,Q993,29552,Kamchatka Peninsula,57,160,カムチャツカ半島,Kamchatka Peninsula,堪察加半島,캄차카 반도,Kamtchatka,Kamtschatka,península de Kamchatka,Península de Kamchatka,Camciatca,Kamtsjatka,Kamczatka,Камчатка,Камчатський півострів,Kamcsatka,Kamtjatka,Kamçatka Yarımadası,Χερσόνησος Καμτσάτκα,Semenanjung Kamchatka,Bán đảo Kamchatka,คาบสมุทรคัมชัตคา,কামচাতকা উপদ্বীপ,कमचातका प्रायद्वीप,شبه جزيرة كمشتكا,شبه‌جزیره کامچاتکا,جزیرہ نما کامچاٹکا,קמצ'טקה
peninsula,Q18758,658774,Malay Peninsula,7,100,マレー半島,Malay Peninsula,马来半岛,말레이반도,péninsule Malaise,Malaiische Halbinsel,península de Malaca,Península da Malásia,penisola malese,Malakka,Półwysep Malajski,Малакка,Малакка,Maláj-félsziget,Malackahalvön,Malay Yarımadası,Μαλαϊκή χερσόνησος,Semenanjung Malaya,Bán đảo Mã Lai,คาบสมุทรมลายู,মালয় উপদ্বীপ,मलय प्रायद्वीप,شبه جزيرة ملايو,شبه‌جزیره مالایا,مالے جزیرہ نما,חצי האי המלאי
peninsula,Q483134,16498,Korean Peninsula,37.5,127,朝鮮半島,Korean Peninsula,朝鮮半島,한반도,péninsule de Corée,Koreanische Halbinsel,península de Corea,Península da Coreia,Penisola coreana,Koreaans Schiereiland,Półwysep Koreański,Корейский полуостров,Корейський півострів,Koreai-félsziget,Koreahalvön,Kore Yarımadası,Κορεατική Χερσόνησος,Semenanjung Korea,bán đảo Triều Tiên,คาบสมุทรเกาหลี,কোরীয় উপদ্বীপ,कोरियाई प्रायद्वीप,شبه جزيرة كوريا,شبه جزیره کره,کوریائی جزیرہ نما,חצי האי הקוריאני
peninsula,Q233770,190714,Cape York Peninsula,-15,143,ヨーク岬半島,Cape York Peninsula,约克角半岛,케이프요크반도,péninsule du cap York,Cape York Peninsula,Península del Cabo York,Península do Cabo York,Penisola di Capo York,Kaap York-schiereiland,Jork,Кейп-Йорк,Кейп-Йорк,York-félsziget,Kap Yorkhalvön,Cape York Yarımadası,Χερσόνησος του Κέιπ Γιορκ,Semenanjung Tanjung York,Bán đảo Cape York,คาบสมุทรเคปยอร์ก,কেপ ইয়র্ক উপদ্বীপ,यॉर्क अंतरीप प्रायद्वीप,شبه جزيرة كيب يورك,شبه‌جزیره کیپ یورک,,חצי האי כף יורק
peninsula,Q145694,63128,Italian Peninsula,42,14,イタリア半島,Italian Peninsula,意大利半島,이탈리아반도,péninsule italienne,Apenninhalbinsel,península itálica,Península apenina,penisola italiana,Apennijns Schiereiland,Półwysep Apeniński,Апеннинский полуостров,Апеннінський півострів,Appennini-félsziget,Apenninska halvön,İtalya Yarımadası,Ιταλική χερσόνησος,Semenanjung Italia,bán đảo Ý,คาบสมุทรอิตาลี,,इतालवी प्रायद्वीप,شبه الجزيرة الإيطالية,شبه‌جزیره ایتالیا,جزیرہ نما اٹلی,חצי האי האפניני
peninsula,Q178543,1869171,Baja California peninsula,28,-113.5,バハ・カリフォルニア半島,Baja California peninsula,下加利福尼亞半島,바하칼리포르니아반도,péninsule de Basse-Californie,Niederkalifornien,península de California,Península da Baixa Califórnia,Penisola di Bassa California,Neder-Californië,Półwysep Kalifornijski,Калифорния,Нижня Каліфорнія,Kaliforniai-félsziget,Baja California,Baja California Yarımadası,Χερσόνησος Μπάχα Καλιφόρνια,Semenanjung Baja California,bán đảo Baja California,คาบสมุทรบาฆากาลิฟอร์เนีย,বাজা ক্যালিফোর্নিয়া,बाजा कैलिफ़ोर्निया प्रायद्वीप,شبه جزيرة باخا كاليفورنيا,شبه‌جزیره باخا کالیفرنیا,باجا کیلیفورنیا,חצי האי באחה קליפורניה
peninsula,Q2661894,210682,Florida Peninsula,28.00000001,-81.50000001,フロリダ半島,Florida Peninsula,佛罗里达半岛,플로리다반도,péninsule de Floride,,Península de Florida,Península da Flórida,Penisola della Florida,Florida Peninsula,Floryda,Флорида,Флорида,,,,Χερσόνησος Φλόριντα,,,,,,,,,
peninsula,Q893152,844651,Boothia Peninsula,70.4333,-94.4,ブーシア半島,Boothia Peninsula,布西亚半岛,부시아반도,péninsule Boothia,Boothia,Península Boothia,Península de Boothia,Boothia,Boothia,Boothia (półwysep),Бутия,Бутія (півострів),,Boothiahalvön,Boothia Yarımadası,,,,,,,شبه جزيرة بوتيا,,,בות'יה (חצי אי)
peninsula,Q40556,96097,Horn of Africa,9.5,48,アフリカの角,Horn of Africa,非洲之角,아프리카의 뿔,Corne de l'Afrique,Horn von Afrika,Cuerno de África,Corno de África,Corno d'Africa,Hoorn van Afrika,Półwysep Somalijski,Сомали,Африканський Ріг,Északkelet-Afrika,Afrikas horn,Afrika Boynuzu,Κέρας της Αφρικής,Tanduk Afrika,Sừng châu Phi,จะงอยแอฟริกา,আফ্রিকার শৃঙ্গ,अफ़्रीका का सींग,القرن الإفريقي,شاخ آفریقا,قرن افریقہ,קרן אפריקה
peninsula,Q1827082,820385,San Francisco Peninsula,37.583333333333,-122.40111111111,サンフランシスコ半島,San Francisco Peninsula,旧金山半岛,샌프란시스코반도,péninsule de San Francisco,San Francisco Bay Area/Peninsula,Península de San Francisco,Península de São Francisco,Penisola di San Francisco,Schiereiland van San Francisco,,Сан-Франциско,Сан-Франциско,,,San Francisco Yarımadası,,Semenanjung San Francisco,bán đảo San Francisco,,,,شبه جزيرة سان فرانسيسكو,شبه جزیره سانفرانسیسکو,,חצי האי סן פרנסיסקו
peninsula,Q7835,57272,Crimea,45,34,クリミア半島,Crimea,克里米亞,크림반도,Crimée,Krim,península de Crimea,península da Crimeia,Crimea,Krim,Półwysep Krymski,Крымский полуостров,Кримський півострів,Krím,Krim,Kırım,Κριμαία,Krimea,bán đảo Krym,คาบสมุทรไครเมีย,ক্রিমিয়া,क्रीमिया,القرم,کریمه,جزیرہ نما کریمیا,חצי האי קרים
peninsula,Q849879,845495,Cape Bon,37.068889,11.043056,ボン岬半島,Cap Bon,卡本半岛,,cap Bon,Kap Bon,Cabo Bon,Cabo Bon,Capo Bon,Kaap Bon,Al-Watan al-Kibli,Бон,Бон,Cap Bon,Kap Bon,Resü't Tayyib Burnu,,Cape Bon,,,,काप बों,الرأس الطيب,,,כף בון
peninsula,Q858306,449637,Shandong Peninsula,37,121,山東半島,Shandong Peninsula,山东半岛,산둥반도,péninsule du Shandong,Shandong-Halbinsel,Península de Shandong,Península de Shandong,Penisola dello Shandong,Shandong Peninsula,Szantung,Шаньдунский полуостров,Шаньдун,,Shandonghalvön,Shandong Yarımadası,Χερσόνησος Σαντόνγκ,Semenanjung Shandong,Bán đảo Sơn Đông,,,शानदोंग प्रायद्वीप,شبه جزيرة شندون,شبه‌جزیره شاندونگ,جزیرہ نما شانڈونگ,חצי האי שאנדונג
peninsula,Q326917,23212,Liaodong Peninsula,40,122.5,遼東半島,Liaodong Peninsula,辽东半岛,랴오둥반도,péninsule du Liaodong,Liaodong,península de Liaodong,Península de Liaodong,penisola di Liaodong,Liaodong,Liaotung,Ляодунский полуостров,Ляодунський півострів,,Liaodong,Liaotung Yarımadası,,Semenanjung Liaodong,Bán đảo Liêu Đông,คาบสมุทรเหลียวตง,,,شبه جزيرة لياودونغ,شبه جزیره لیائودونگ,جزیرہ نما لیاوڈونگ,חצי האי ליאודונג
peninsula,Q239143,149379,Kowloon,22.316666666667,114.18333333333,九龍,Kowloon,九龍,가우룽,Kowloon,Kowloon,Kowloon,Kowloon,Kowloon,Kowloon,Koulun,Цзюлун,Коулун,Kaulung,Kowloon,Kowloon,Κόουλουν,Kowloon,Bán đảo Cửu Long,เกาลูน,কাউলুন,,كولون، هونغ كونغ,کاولون,کولون,קאולון
peninsula,Q875712,543776,Leizhou Peninsula,21,110,雷州半島,Leizhou Peninsula,雷州半岛,레이저우반도,péninsule de Leizhou,Leizhou-Halbinsel,Península de Leizhou,Península de Leicheu,Penisola di Leizhou,Leizhou-schiereiland,Leizhou Bandao,Лэйчжоу,Лейчжоу,,Leizhou Bandao,Leizhou Yarımadası,,Semenanjung Leizhou,Bán đảo Lôi Châu,,,,شبه جزيرة ليجو,,جزیرہ نما لیئژوو,חצי האי לייג'ואו
peninsula,Q2750823,203935,Bataan Peninsula,14.583333333333,120.46666666667,バターン半島,Bataan Peninsula,巴丹半岛,,péninsule de Bataan,,,Península de Bataan,Penisola di Bataan,Bataan Peninsula,Półwysep Bataan,,,,Bataanhalvön,,,,,,,,,,,
peninsula,Q36755,119938,Sinai Peninsula,29.5,34,シナイ半島,Sinai Peninsula,西奈半島,시나이반도,Sinaï,Sinai-Halbinsel,Península del Sinaí,Sinai,penisola del Sinai,Sinaï,Synaj,Синайский полуостров,Синайський півострів,Sínai-félsziget,Sinaihalvön,Sina Yarımadası,Χερσόνησος του Σινά,Semenanjung Sinai,Bán đảo Sinai,คาบสมุทรไซนาย,সিনাই উপদ্বীপ,सीनाई प्रायद्वीप,شبه جزيرة سيناء,شبه‌جزیره سینا,جزیرہ نما سینا,סיני
peninsula,Q78967,51914,Peloponnese,37.4,22.3,ペロポネソス半島,Peloponnese,伯罗奔尼撒,펠로폰네소스반도,Péloponnèse,Peloponnes,Peloponeso,Peloponeso,Peloponneso,Peloponnesos,Peloponez,Пелопоннес,Пелопоннес,Peloponnészosz,Peloponnesos,Mora Yarımadası,Πελοπόννησος,Peloponnesos,Peloponnesos,เพโลพอนนีส,পেলোপনেস,पेलोपोनीज़,بيلوبونيز,پلوپونز,موریہ,פלופונסוס
peninsula,Q23148,56934,Cornwall,50.3,-4.9,コーンウォール,,康沃爾郡,콘월주,Cornouailles,,Cornualles,Cornualha,Cornovaglia,,Kornwalia,Корнуолл,Корнуолл,Cornwall,,,Κορνουάλη,Kornwalia,,คอร์นวอลล์,কর্নওয়াল,कॉर्नवल,كورنوال,کورن وال,کونوال,קורנוול
peninsula,Q463529,389299,Cotentin Peninsula,49.5,-1.5,コタンタン半島,Cotentin Peninsula,科唐坦半島,코탕탱반도,Cotentin,Cotentin,Cotentin,Península do Cotentin,Cotentin,Cotentin,Półwysep Cotentin,Котантен,Котантен,,Cotentin,,Κοταντέν,Semenanjung Cotentin,Bán đảo Cotentin,,,,,شبه‌جزیره کوتنتن,,קוטנטן
peninsula,Q327,993135,Brittany,48,-3,ブルターニュ,Brittany,布列塔尼半岛,브르타뉴,Bretagne,Bretagne,Bretaña,Bretanha,Bretagna,Bretagne,Bretania,Бретань,Бретань,Bretagne,Bretagne,Breton,Βρετάνη,Bretonia,Bretagne,เบรอตาญ,ব্রতাইন,ब्रतान्य,بَرطانية,برتانی,برٹنی,ברטאן
peninsula,Q25389,203957,Jutland,55.62955,9.20105,ユトランド半島,Jutland,日德兰半岛,윌란반도,Jutland,Jütland,Península de Jutlandia,Jutlândia,Jutland,Jutland,Jutlandia,Ютландия,Ютландія,Jylland,Jylland,Yutland,Γιουτλάνδη,Jutland,Jutland,คาบสมุทรจัตแลนด์,,,يوتلاند,یوتلاند,جٹ لینڈ,יוטלנד
peninsula,Q506043,1854377,Angeln,54.666666666667,9.6666666666667,アンゲルン半島,Angeln,昂格尔恩半岛,,Angeln,Angeln,Angeln,Ânglia,Anglia,Angeln,Angeln,Ангельн,Ангельн,Angeln,Angeln,Angeln Yarımadası,,Anglia,,อังเงิลน์,,आंगल्न,أنغلن,,,אנגלן
peninsula,Q165608,197871,Kola Peninsula,68,36,コラ半島,Kola Peninsula,科拉半岛,콜라반도,péninsule de Kola,Halbinsel Kola,Península de Kola,Península de Kola,penisola di Kola,Kola,Półwysep Kolski,Кольский полуостров,Кольський півострів,Kola-félsziget,Kolahalvön,Kola Yarımadası,Χερσόνησος Κόλα,Semenanjung Kola,Bán đảo Kola,คาบสมุทรโคลา,,कोला प्रायद्वीप,شبه جزيرة كولا,شبه جزیره کولا,,חצי האי קולה
peninsula,Q819967,844685,Kanin Peninsula,67,45,カニン半島,Kanin Peninsula,卡寧半島,카닌반도,péninsule de Kanine,Kanin-Halbinsel,Península de Kanín,Península de Kanin,Penisola di Kanin,Kanin-schiereiland,Kanin,Канин,Канін,,Kaninhalvön,Kanin Yarımadası,,,,,,,شبه جزيرة كانين,شبه‌جزیره کانین,,חצי האי קאנין
peninsula,Q488266,949306,Yamal Peninsula,70.670880555556,70.136719444444,ヤマル半島,Yamal Peninsula,亚马尔半岛,야말반도,péninsule de Yamal,Jamal-Halbinsel,Península de Yamal,Península de Iamal,Penisola Jamal,Jamal-schiereiland,Jamał,Ямал,Ямал,Jamal-félsziget,Jamal,Yamal Yarımadası,Χερσόνησος Γιαμάλ,,Bán đảo Yamal,,,,شبه جزيرة يامال,شبه‌جزیره یامال,,חצי האי ימאל
peninsula,Q601056,2869150,Gyda Peninsula,70,79,ギダン半島,Gyda Peninsula,格達半島,기단반도,péninsule de Gydan,Gydan-Halbinsel,Península de Guida,Península de Guida,Penisola di Gyda,Gyda-schiereiland,Półwysep Gydański,Гыданский полуостров,Гиданський півострів,Gidai-félsziget,,Gyda Peninsula,,,,,,,,شبه‌جزیره گیدا,,
peninsula,Q37056,209151,Taymyr Peninsula,74,98,タイミル半島,Taymyr Peninsula,泰梅爾半島,타이미르반도,péninsule de Taïmyr,Taimyrhalbinsel,Península de Taimyr,Península de Taimir,penisola del Tajmyr,Tajmyr-schiereiland,Tajmyr,Таймыр,Таймир,Tajmir-félsziget,Tajmyrhalvön,Taymır Yarımadası,,Semenanjung Taymyr,Bán đảo Taymyr,คาบสมุทรไตมีร์,,तैमिर प्रायद्वीप,تايميار,شبه‌جزیره تایمیر,,חצי האי טיימיר
peninsula,Q1002,203911,Chukchi Peninsula,66,-174,チュクチ半島,Chukchi Peninsula,楚科奇半岛,축치반도,péninsule Tchouktche,Tschuktschen-Halbinsel,Chukchi,Península de Chukotka,Penisola dei Ciukci,Tsjoektsjenschiereiland,Półwysep Czukocki,Чукотский полуостров,Чукотський півострів,Csukcs-félsziget,Tjuktjerhalvön,Çukçi Yarımadası,Χερσόνησος Τσούκτσι,Semenanjung Chukotka,Bán đảo Chukotka,คาบสมุทรชุกชี,,चुकची प्रायद्वीप,شبه جزيرة تشوكشي,شبه‌جزیره چوکچی,چوکچی جزیرہ نما,חצי האי הצ'וקצ'י
peninsula,Q60064,232796,Alaska Peninsula,56.5,-158.75,アラスカ半島,Alaska Peninsula,阿拉斯加半島,알래스카반도,péninsule d'Alaska,Alaska-Halbinsel,Península de Alaska,Península do Alasca,Penisola di Alaska,Alaska-schiereiland,Alaska,Аляска,Аляска,Alaszkai-félsziget,Alaskahalvön,Alaska Yarımadası,Χερσόνησος της Αλάσκας,Semenanjung Alaska,bán đảo Alaska,คาบสมุทรอะแลสกา,আলাস্কা উপদ্বীপ,,شبه جزيرة ألاسكا,شبه جزیره آلاسکا,,אלסקה
peninsula,Q130978,133944,Yucatán Peninsula,19.551111111111112,-89.29638888888888,ユカタン半島,Yucatan Peninsula,尤卡坦半岛,유카탄반도,péninsule du Yucatán,Yucatán,península de Yucatán,Península de Iucatã,Penisola dello Yucatán,Yucatán,Jukatan,Юкатан,Юкатан,Yucatán-félsziget,Yucatánhalvön,Yucatán Yarımadası,Χερσόνησος Γιουκατάν,Semenanjung Yukatan,bán đảo Yucatán,คาบสมุทรยูกาตัน,,युकातान प्रायद्वीप,شبه جزيرة يوكاتان,شبه‌جزیره یوکاتان,جزیرہ نما یوکاتان,חצי האי יוקטן
peninsula,Q1521286,4909541,Taitao Peninsula,-46.5,-74.416666666667,タイタオ半島,Taitailei,泰陶半島,,péninsule de Taitao,Taitao,Península de Taitao,Península de Taitao,Penisola di Taitao,Taitao,Taitao,Тайтао,Тайтао,,Península de Taitao,Taitao Yarımadası,,,,,,,,,,חצי האי טאיטאו
peninsula,Q329884,1636730,Arnhem Land,-12.73,134.59,アーネムランド,Arnhem Land,阿纳姆地,,terre d'Arnhem,Arnhemland,Tierra de Arnhem,Terra de Arnhem,Terra di Arnhem,Arnhemland,Ziemia Arnhema,Арнем-Ленд,Арнемленд,Arnhem-föld,Arnhem land,,,Arnhem Land,Arnhem Land,,,,أرض أرنهيم,آرنهم‌لند,آرنہم لینڈ,ארץ ארנהם
peninsula,Q185605,207249,Antarctic Peninsula,-69,-66,南極半島,Antarctic Peninsula,南極半島,남극반도,péninsule Antarctique,Antarktische Halbinsel,Península Antártica,Península Antártica,Penisola Antartica,Antarctisch Schiereiland,Półwysep Antarktyczny,Антарктический полуостров,Антарктичний півострів,Antarktiszi-félsziget,Antarktiska halvön,Antarktika Yarımadası,Ανταρκτική Χερσόνησος,Semenanjung Antarktika,Bán đảo Nam Cực,คาบสมุทรแอนตาร์กติก,অ্যান্টার্কটিক উপদ্বীপ,अंटार्कटिक प्रायद्वीप,شبه الجزيرة القطبية الجنوبية,شبه‌جزیره جنوبگانی,,חצי האי האנטארקטי
peninsula,Q1253855,1104090,King Edward VII Land,-77.6667,-155,エドワード7世半島,King Edward VII Land,愛德華七世地,에드워드 7세반도,Terre du Roi-Édouard-VII,Edward-VII-Halbinsel,Península de Eduardo VII,Terra do Rei Eduardo VII,Terra di re Edward VII,King Edward VII Land,Półwysep Edwarda VII,Полуостров Эдуарда VII,Півострів Едуарда VII,,Edvard VII:s land,Kral VII. Edward Yarımadası,,,,,,,أرض الملك إدوارد السابع,سرزمین شاه ادوارد هفتم,,ארץ אדוארד השביעי
peninsula,Q213237,1099312,Valdés Peninsula,-42.5,-63.933333,バルデス半島,Valdes Peninsula,瓦尔德斯半岛,발데스반도,péninsule Valdés,Halbinsel Valdés,Península Valdés,Península Valdés,Penisola di Valdés,Valdés,Półwysep Valdés,Вальдес,Вальдес,Valdés-félsziget,Valdeshalvön,Valdés Yarımadası,Χερσόνησος Βαλντές,Semenanjung Valdés,Bán đảo Valdés,,,वालदेस प्रायद्वीप,شبه جزيرة فالديه,شبه جزیره والدز,,חצי האי ואלדס
peninsula,Q151559,909280,Gaspé Peninsula,48.72375,-65.45106,ガスペ半島,Gaspé Peninsula,加斯佩半岛,가스페반도,péninsule de la Gaspésie,Gaspésie,península de Gaspesia,Península de Gaspé,Penisola Gaspé,Gaspésie,Gaspésie,Гаспе,Гаспе,,Gaspéhalvön,Gaspé Yarımadası,,Gaspésie,,,,,غاسبيزيا,شبه‌جزیره گاسپه,گیسپے پیننسولا,גאספזי
desert,Q272514,202338,Great Salt Desert,34.737555555556,54.8271,カヴィール砂漠,Dasht-e Kavir,卡维尔盐漠,카비르 사막,Dacht-e Kavir,Kawir,Desierto de Kavir,Dasht-e Kavir,Dasht-e Kavir,Grote Zoutwoestijn,Wielka Pustynia Słona,Деште-Кевир,Деште-Кевір,Dast-e Kavír,Dasht-e Kavir,Kevir Çölü,Νταστ-ε Καβίρ,Dasht-e Kavir,,,দাশ্তে কাভির,दास्त-ए कावीर,صحراء كوير,دشت کویر,,דשת-י כוויר
desert,Q172702,149732,Karakum Desert,39,60,カラクム砂漠,Karakum Desert,卡拉庫姆沙漠,카라쿰 사막,désert du Karakoum,Karakum,Desierto de Karakum,Deserto de Karakum,deserto del Karakum,Karakum,Kara-kum,Каракумы,Каракуми,Kara-kum,Karakum,Karakum Çölü,Καρακούμ,Karakum,Hoang mạc Karakum,การากุม,কারাকুম মরুভূমি,काराकुम रेगिस्तान,صحراء قره قوم,قره‌قوم,کاراکم,קאראקום
desert,Q184364,192639,Kyzylkum Desert,42.441111111111,63.461388888889,キジルクム砂漠,Kyzyl Kum,克孜勒库姆沙漠,키질쿰 사막,désert du Kyzylkoum,Kysylkum,Kyzyl Kum,Quizilcum,deserto del Kizilkum,Kyzylkum,Kyzył-kum,Кызылкум,Кизилкум,Kizil-kum,Kyzyl Kum,Kızılkum Çölü,Κιζίλ Κουμ,Gurun Kyzylkum,Sa mạc Kyzylkum,,কিজিলকুম মরুভূমি,किज़िल कुम रेगिस्तान,قيزيل قوم,قیزیل قوم,کزل کم کا صحرا,מדבר קיזילקום
desert,Q1517734,204436,Gurbantünggüt Desert,45.133333333333,87.333333333333,グルバンテュンギュト砂漠,Gurbantünggüt Desert,古尔班通古特沙漠,구르반튱구트 사막,désert de Dzoosotoyn Elisen,Gurbantünggüt,Desierto de Gurbantünggüt,Deserto de Dzoosotoyn Elisen,Deserto Gurbantünggüt,Gurbantünggüt Desert,Gurbantünggüt,Дзосотын-Элисун,Дзосотин-Елісун,,Gurbantünggüt Shamo,Kurbantongut Çölü,,,,,,,صحراء قربان تونغوت,بیابان قربان‌تونغوت,,מדבר גורבאמטונגוט
desert,Q42070,32100,Gobi Desert,42.5,103,ゴビ砂漠,Gobi Desert,戈壁,고비 사막,désert de Gobi,Gobi,Desierto de Gobi,Deserto de Gobi,deserto del Gobi,Gobi,Gobi,Гоби,Ґобі,Góbi,Gobiöknen,Gobi Çölü,Γκόμπι,Gurun Gobi,Sa mạc Gobi,ทะเลทรายโกบี,গোবি মরুভূমি,गोबी मरुस्थल,صحراء جوبي,بیابان گبی,صحرائے گوبی,מדבר גובי
desert,Q1813864,204452,Saryesik-Atyrau Desert,45.5,77,サルイイシコトラウ砂漠,Saryesik-Atyrau Desert,,,,Saryesik-Atyrau,,Deserto de Saryesik-Atyrau,deserto di Saryesik-Atyrau,,Saryjesyk Atyrau,Сарыесик-Атырау,Сариєсік-Атирау,,,,,,,,,,صحراء سارجيسيك و اتيراو,بیابان ساری‌اسیک-آتیراو,,
desert,Q339162,1391122,Syrian desert,33.4,38.75,シリア砂漠,Syrian Desert,叙利亚沙漠,시리아 사막,désert de Syrie,Syrische Wüste,Desierto Sirio,Deserto Sírio,deserto siriaco,Syrische Woestijn,Pustynia Syryjska,Сирийская пустыня,Сирійська пустеля,Szír-sivatag,Syriska öknen,Suriye Çölü,Συριακή Έρημος,Gurun Suriah,Hoang mạc Syria,ทะเลทรายซีเรีย,সিরিয়া মরুভূমি,सीरियन,بادية الشام,صحرای سوریه,صحرائے شام,המדבר הסורי
desert,Q172691,156039,Thar Desert,26.984444444444,71.001666666667,タール砂漠,Thar Desert,塔尔沙漠,타르 사막,désert du Thar,Thar-Wüste,Desierto de Thar,Deserto do Thar,deserto di Thar,Tharwoestijn,Thar,Тар,Тар,Thár-sivatag,Thar,Tar çölü,Ταρ Έρημος,Gurun Thar,Thar,ทะเลทรายธาร์,থর মরুভূমি,थार मरुस्थल,صحراء طهار,بیابان تار,صحرائے تھر,טהאר
desert,Q132956,32101,Taklamakan Desert,38.9,82.2,タクラマカン砂漠,Taklamakan,塔克拉玛干沙漠,타커라마간 사막,désert du Taklamakan,Taklamakan,Taklamakán,Taklamakan,deserto di Taklamakan,Taklamakan,Takla Makan,Такла-Макан,Такла-Макан,Takla-Makán,Takla Makan,Taklamakan Çölü,Τάκλα Μακάν,Taklamakan,Sa mạc Taklamakan,ทะเลทรายทากลามากัน,তাকলা মাকান মরুভূমি,टकलामकान,تكلامكان,تکله‌مکان,صحرائے تکلامکان,טקלה מקאן
desert,Q1973934,4683482,Ad-Dahna Desert,24.1,45.433333333333,ダハナ砂漠,ad-Dahna Desert,達哈拉沙漠,아드다나 사막,Ad-Dahna,,Desierto de Ad-Dahna,Deserto de Ad-Dahna,deserto di al-Dahna,Ad-Dahna Desert,Mały Nefud,Малый Нефуд,Дехна,,Dahna,Dehna Çölü,Έρημος Αντ Ντάνα,,,,,अद-दहना रेगिस्तान,صحراء الدهناء,بیابان دهنا,صحرائے الدہنا,
desert,Q162843,854369,Negev,30.5,34.916666666667,ネゲヴ,Negev,內蓋夫,네게브 사막,Néguev,Negev,Néguev,Negueve,deserto del Negev,Negev,Pustynia Negew,Негев,Негев,Negev-sivatag,Negev,Necef Çölü,Νεγκέβ,Negev,Negev,ทะเลทรายเนเกฟ,নেগেভ,नेगेव रेगिस्तान,النقب,صحرای نگب,صحرائے نقب,הנגב
desert,Q749205,1389799,Nafud desert,28.3,41,ネフド砂漠,An Nafud,內夫得沙漠,네푸드 사막,Néfoud,Nefud,Desierto de An-Nafud,Deserto de Nefud,deserto del Nefūd,An Nafud,Wielki Nefud,Большой Нефуд,Великий Нефуд,Nefúd-sivatag,Nafud,Nefud Çölü,Αν Νάφουντ,Gurun Nafud,,,আন নুফূদ,अन-नफ़ूद रेगिस्तान,صحراء النفود الكبير,صحرای نفوذ,صحرائے نفود,נפוד
desert,Q939033,1524834,Badain Jaran Desert,40.0725,102.21,バダインジャラン砂漠,Badain Jaran Desert,巴丹吉林沙漠,바단지린 사막,désert de Badain Jaran,Badyn-Dscharan-Wüste,Desierto de Badain Jaran,Deserto de Badain Jaran,deserto di Badain Jaran,Badain Jaranwoestijn,,Бадын-Джаран,,Patain-Dzsaran,Badain Jaran Shamo,Badain Jara Çölü,Μπαντίν Τζαράν,,,ทะเลทรายปาตันจี๋หลิน,,,صحراء بادان جاران,بیابان باداین جاران,,בדאין חרן
desert,Q767128,202550,Lut Desert,30.26388888888889,59.24111111111111,ルート砂漠,Dasht-e Lut,盧特沙漠,루트 사막,Dasht-e Lut,Dascht-e Lut,Desierto de Lut,Dasht-e Lut,Dasht-e Lut,Dasht-e Lut,Pustynia Lut,Деште-Лут,Деште-Лут,Dast-e Lut,Dasht-e Lut,Lut Çölü,Έρημος Λουτ,Dasht-e Lut,Dasht-e Loot,ทะเลทรายแดชเตลูต,দাশ্‌তে লুত,दाश्त ए लूट,صحراء لوط,بیابان لوت,دشت لوت,דשת-י לות
desert,Q229269,184623,Rub' al Khali,20,50,ルブアルハリ砂漠,Rub' al Khali,鲁卜哈利沙漠,룹알할리 사막,Rub al-Khali,Rub al-Chali,Desierto de Rub al-Jali,Rub' al-Khali,Rub' al-Khali,Rub al Khali,Ar-Rab al-Chali,Руб-эль-Хали,Руб-ель-Халі,Rab-el-Háli,Rub al-Khali,Rubülhali Çölü,Ρουμπ αλ Κάλι,Rub' Al-Khali,Rub' al Khali,รุบอุลคอลี,আর-রুব' আল-খালি,रुब अल-ख़ाली,الربع الخالي,ربع‌الخالی,الربع الخالی,א-רובע אל-ח'אלי
desert,Q2088454,2765144,Registan Desert,30.453408333333,65.407105555556,レギスタン砂漠,Registan Desert,,레기스탄 사막,désert du Registan,,Desierto de Registán,Deserto de Registan,Rigestan,Registan Desert,Registan,Регистан,Регістан,,,,,,,,,,صحراء ريجستان,ریگستان,ریگستان,
desert,Q47141,191966,Atacama Desert,-24.5,-69.25,アタカマ砂漠,Atacama Desert,阿他加马沙漠,아타카마 사막,désert d'Atacama,Atacamawüste,Desierto de Atacama,Deserto de Atacama,deserto di Atacama,Atacama,Atakama,Атакама,Атакама,Atacama-sivatag,Atacamaöknen,Atacama Çölü,Ατακάμα,Gurun Atacama,Hoang mạc Atacama,ทะเลทรายอาตากามา,আতাকামা মরুভূমি,अटाकामा मरुस्थल,أتكاما,بیابان آتاکاما,صحرائے ایٹاکاما,מדבר אטקמה
desert,Q326896,190689,Great Sandy Desert,-20,125,グレートサンディ砂漠,Great Sandy Desert,大沙沙漠,그레이트샌디 사막,Grand désert de sable,Große Sandwüste,Gran Desierto Arenoso,Grande Deserto Arenoso,Gran Deserto Sabbioso,Grote Zandwoestijn,Wielka Pustynia Piaszczysta,Большая Песчаная пустыня,Велика Піщана пустеля,Nagy Homoksivatag,Stora Sandöknen,Büyük Kum Çölü,,Gurun Pasir Besar,,,,ग्रेट सैंडी,صحراء الرمل الكبرى,بیابان ماسه‌ای بزرگ,,מדבר החול הגדול
desert,Q273446,4139764,Great Basin Desert,39.0058,-114.2197,グレートベースン砂漠,Great Basin Desert,大盆地沙漠,그레이트베이슨 사막,Désert du Grand Bassin,Großes-Becken-Wüste,Desierto de la Gran Cuenca,Deserto da Grande Bacia,,Woestijn van het Grote Bekken,,Пустыня Большого Бассейна,Пустеля Великого Басейну,,Great Basin-öknen,Büyük Havza Çölü,,Gurun Lembah Besar,hoang mạc Đại Bồn địa,,গ্রেট বেসিন মরুভূমি,,صحراء الحوض العظيم,بیابان گریت بیسین,,מדבר האגן הגדול
desert,Q267267,209781,Colorado Desert,32.83,-115.27,コロラド砂漠,Colorado Desert,科罗拉多沙漠,콜로라도 사막,désert du Colorado,Colorado-Wüste,Desierto del Colorado,Deserto do Colorado,deserto del Colorado,Coloradowoestijn,Colorado Desert,Колорадо,Колорадо (пустеля),,Coloradoöknen,Kolorado Çölü,,Gurun Colorado,hoang mạc Colorado,,,,صحراء كولورادو,,,מדבר קולורדו
desert,Q189429,209520,Sonoran Desert,32.26,-112.92611111111111,ソノラ砂漠,Sonoran Desert,索诺拉沙漠,소노라 사막,désert de Sonora,Sonora-Wüste,Desierto de Sonora,Deserto de Sonora,deserto di Sonora,Sonorawoestijn,Pustynia Sonora,Сонора,Сонора,Sonora-sivatag,Sonoraöknen,Sonora Çölü,Σονόρα,Gurun Sonora,hoang mạc Sonora,ทะเลทรายโซนอรัน,সোনোরান মরুভূমি,सोनोरन,صحراء سونورا,بیابان سونورا,,מדבר סונורה
desert,Q880529,2384008,Black Rock Desert,40.883055555556,-119.06388888889,ブラックロック砂漠,Black Rock Desert,黑岩石沙漠,블랙록 사막,désert de Black Rock,Black Rock Desert,Desierto Black Rock,Deserto de Black Rock,deserto Black Rock,Black Rock Desert,,Блэк-Рок,Блек-Рок (пустеля),,,Kara Kaya Çölü,,,Sa mạc Black Rock,,,,صحراء بلاك روك,بیابان بلک راک,,מדבר הסלע השחור
desert,Q184355,209482,Mojave Desert,35.008333333333,-115.475,モハーヴェ砂漠,Mojave Desert,莫哈韦沙漠,모하비 사막,désert des Mojaves,Mojave-Wüste,Desierto de Mojave,Deserto de Mojave,deserto del Mojave,Mojavewoestijn,Mojave,Мохаве,Мохаве,Mojave-sivatag,Mojaveöknen,Mojave Çölü,Μοχάβι,Gurun Mojave,hoang mạc Mojave,ทะเลทรายโมฮาวี,মোহাভি মরুভূমি,मोज़ाबे मरुस्थल,صحراء موهافي,بیابان موهاوی,صحرائے موجاو,מדבר מוהאבי
desert,Q47700,210041,Kalahari Desert,-23,22,カラハリ砂漠,Kalahari Desert,喀拉哈里沙漠,칼라하리 사막,désert du Kalahari,Kalahari,Kalahari,Kalahari,Kalahari,Kalahari,Kalahari,Калахари,Калахарі,Kalahári,Kalahariöknen,Kalahari Çölü,Έρημος Καλαχάρι,Gurun Kalahari,Hoang mạc Kalahari,ทะเลทรายคาลาฮารี,কালাহারি মরুভূমি,कालाहारी मरुस्थल,صحراء كلهاري,بیابان کالاهاری,صحرائے کالاہاری,קלהארי
desert,Q6583,26929,Sahara,23.079722222222223,12.612222222222222,サハラ砂漠,Sahara,撒哈拉沙漠,사하라 사막,Sahara,Sahara,Sahara,deserto do Saara,deserto del Sahara,Sahara,Sahara,Сахара,Сахара,Szahara,Sahara,Sahra,Σαχάρα,Gurun Sahara,Sa mạc Sahara,ทะเลทรายสะฮารา,সাহারা মরুভূমি,सहारा मरुस्थल,الصحراء الكبرى,صحرای بزرگ آفریقا,صحرائے اعظم,סהרה
desert,Q131377,194399,Namib,-23,15,ナミブ砂漠,Namib,纳米布沙漠,나미브 사막,Désert du Namib,Namib,Namib,Deserto do Namibe,Deserto del Namib,Namibwoestijn,Namib,Намиб,Наміб,Namib-sivatag,Namiböknen,Namib Çölü,,Gurun Namib,Sa mạc Namib,ทะเลทรายนามิบ,,नामीब मरुस्थल,صحراء ناميب,بیابان نامیب,صحرائے نمیب,מדבר נמיב
desert,Q3279679,204419,Nyiri Desert,-2.3966666666667,37.260555555556,ニーリ砂漠,Nyiri Desert,,니이리 사막,,,Desierto de Nyiri,Deserto de Nyiri,deserto Nyiri,Nyiri Desert,,Ньири,Н'їрі,,,,,,,,,,صحراء نيري,بیابان نییری,,
desert,Q464909,204363,Nubian Desert,20.5,33,ヌビア砂漠,Nubian Desert,努比亞沙漠,누비아 사막,désert de Nubie,Nubische Wüste,Desierto de Nubia,Deserto da Núbia,deserto di Nubia,Nubische Woestijn,Pustynia Nubijska,Нубийская пустыня,Нубійська пустеля,Núbiai-sivatag,Nubiska öknen,Nübye Çölü,,Gurun Pasir Nubia,,ทะเลทรายนิวเบีย,নুবিয়ান মরুভূমি,नूबियन,صحراء النوبة,بیابان نوبیه,,המדבר הנובי
desert,Q181528,1064855,Libyan Desert,24,25,リビア砂漠,Libyan Desert,利比亚沙漠,리비아 사막,désert Libyque,Libysche Wüste,Desierto Líbico,Deserto da Líbia,deserto Libico-Nubiano,Libische Woestijn,Pustynia Libijska,Ливийская пустыня,Лівійська пустеля,Líbiai-sivatag,Libyska öknen,Libya Çölü,Λιβυκή Έρημος,Gurun Libya,,,,लीबियाई मरुस्थल,الصحراء الليبية,صحرای لیبی,صحرا لیبیا,מדבר לב
desert,Q272577,191715,Gibson Desert,-23.73,127.99666666667,ギブソン砂漠,Gibson Desert,吉布森沙漠,기브슨 사막,désert de Gibson,Gibsonwüste,Desierto de Gibson,Deserto de Gibson,deserto di Gibson,Gibsonwoestijn,Pustynia Gibsona,Пустыня Гибсона,Пустеля Гібсона,Gibson-sivatag,Gibsonöknen,Gibson Çölü,,Gurun Gibson,,,গিবসন মরুভূমি,,صحراء قبسون,بیابان گیبسون,,מדבר גיבסון
desert,Q145165,191726,Great Victoria Desert,-29.15222222222222,129.25972222222222,グレートビクトリア砂漠,Great Victoria Desert,大维多利亚沙漠,그레이트빅토리아 사막,Grand désert de Victoria,Große Victoria-Wüste,Gran Desierto de Victoria,Grande Deserto de Vitória,Gran Deserto Victoria,Grote Victoriawoestijn,Wielka Pustynia Wiktorii,Большая пустыня Виктория,Велика пустеля Вікторія,Nagy-Viktória-sivatag,Stora Victoriaöknen,Büyük Victoria Çölü,Έρημος Μεγάλη Βικτώρια,Gurun Victoria Besar,Hoang mạc Victoria lớn,ทะเลทรายเกรตวิกตอเรีย,গ্রেট ভিক্টোরিয়া মরুভূমি,ग्रेट विक्‍टोरिया,صحراء فكتوريا الكبرى,بیابان گریت ویکتوریا,,מדבר ויקטוריה הגדול
desert,Q211839,191976,Simpson Desert,-24.57,137.42,シンプソン砂漠,Simpson Desert,辛普森沙漠,심프슨 사막,désert de Simpson,Simpsonwüste,Desierto de Simpson,Deserto de Simpson,deserto Simpson,Simpsonwoestijn,Pustynia Simpsona,Симпсон,Пустеля Сімпсона,Simpson-sivatag,Simpsonöknen,Simpson Çölü,,Gurun Simpson,,ทะเลทรายซิมป์สัน,,अरुनता,صحراء سمبسون,بیابان سیمپسون,صحرائے سمپسن,מדבר סימפסון
desert,Q674262,1431249,Tanami Desert,-20,130,タナミ砂漠,Tanami Desert,塔纳米沙漠,타나미 사막,désert de Tanami,Tanamiwüste,Desierto de Tanami,Deserto de Tanami,Deserto di Tanami,Tanamiwoestijn,Tanami,Танами,Танамі,Tanami-sivatag,Tanami Desert,Tanami Çölü,,,,,,,صحراء تنامي,بیابان تانامی,,מדבר טאנאמי
desert,Q1430151,2393413,Sturt Stony Desert,-27,140,スタートストーニー砂漠,Sturt Stony Desert,,,Sturt Stony Desert,Sturt,Desierto Pedregoso de Sturt,Deserto Rochoso de Sturt,deserto pietroso di Sturt,Sturt Stony Desert,Sturt Stony Desert,,Кам'яниста пустеля Старта,,Sturt Stony Desert,,,,,,,,صحراء ستورت ستوني,,,
plain,Q169966,79869,Deccan Plateau,15,77,デカン高原,Deccan Plateau,德干高原,데칸고원,Deccan,Dekkan,Decán,Decão,altopiano del Deccan,Hoogland van Dekan,Dekan,Декан,Декан,Dekkán-fennsík,Deccan,Dekken Yaylası,Ντέκκαν,Dataran Tinggi Dekkan,Deccan,ที่ราบสูงเดกกัน,দাক্ষিণাত্য মালভূমি,दक्कन का पठार,هضبة الدكن,دکن,سطح مرتفع دکن,רמת דקאן
plain,Q161750,310995,Pamir Mountains,39.00194444444445,71.99975,パミール高原,Pamir Mountains,帕米爾高原,파미르고원,Pamir,Pamir,Cordillera del Pamir,Pamir,Pamir,Pamir,Pamir,Памир,Памір,Pamír,Pamir,Pamir Dağları,Παμίρ,Pegunungan Pamir,Dãy núi Pamir,เทือกเขาปามีร์,পামির পর্বতমালা,पामीर पर्वतमाला,جبال بامير,پامیر,سلسلہ کوہ پامیر,הרי פמיר
plain,Q179842,82060,Tibetan Plateau,33,88,チベット高原,Tibetan Plateau,青藏高原,티베트고원,plateau tibétain,Hochland von Tibet,Meseta Tibetana,Planalto do Tibete,altopiano del Tibet,Tibetaans Hoogland,Wyżyna Tybetańska,Тибетское нагорье,Тибетське плато,Tibeti-fennsík,Tibetanska högplatån,Tibet Platosu,Υψίπεδο του Θιβέτ,Dataran Tinggi Tibet,Cao nguyên Thanh Tạng,ที่ราบสูงทิเบต,তিব্বতীয় মালভূমি,तिब्बत का पठार,هضبة التبت,فلات تبت,سطح مرتفع تبت,הרמה הטיבטית
plain,Q237660,204352,Iranian plateau,36.283333,59.05,イラン高原,Iranian plateau,伊朗高原,이란고원,Plateau Iranien,Iranisches Hochland,Meseta iraní,Planalto iraniano,altopiano iranico,Hoogland van Iran,Wyżyna Irańska,Иранское нагорье,Іранське нагір'я,Iráni-fennsík,Iranska högplatån,İran platosu,Ιρανικό υψίπεδο,Dataran Tinggi Iran,Sơn nguyên Iran,ที่ราบสูงอิหร่าน,ইরানি মালভূমি,ईरान का पठार,الهضبة الإيرانية,فلات ایران,سطح مرتفع ایران,הרמה האיראנית
plain,Q319288,1893254,Ethiopian Highlands,10,38.166666666667,エチオピア高原,Ethiopian Highlands,衣索比亞高原,에티오피아고원,Plateaux d'Éthiopie,Hochland von Abessinien,Macizo abisino,Planalto da Etiópia,Acrocoro Etiopico,Ethiopisch Hoogland,Wyżyna Abisyńska,Эфиопское нагорье,Ефіопське нагір'я,Etióp-magasföld,Etiopiska höglandet,Etiyopya Yükseltileri,Αιθιοπικό υψίπεδο,Dataran Tinggi Etiopia,Cao nguyên Ethiopia,ที่สูงเอธิโอเปีย,,अबीसीनिया का पठार,مرتفعات إثيوبيا,بلندی‌های اتیوپی,ایتھوپیائی کوہستانی خطہ,הרמה האתיופית
plain,Q118899,3989509,Brazilian Highlands,-17.673239,-49.200004,ブラジル高原,Brazilian Highlands,巴西高原,브라질고원,Plateau brésilien,Brasilianisches Bergland,Meseta Brasileña,Planalto Brasileiro,Plateau Brasiliano,Hoogland van Brazilië,Wyżyna Brazylijska,Бразильское нагорье,Бразильське нагір'я,Brazil-felföld,Brasilianska skölden,Brezilya Platosu,,,Cao nguyên Brazil,,,ब्राज़ील का पठार,المرتفعات البرازيلية,کوهسارهای برزیل,,ההיילנדס בברזיל
plain,Q208347,79548,Gran Chaco,-19.1622,-61.4702,グランチャコ,Gran Chaco,大查科,그란차코,Gran Chaco,Gran Chaco,Gran Chaco,Chaco,Gran Chaco,Gran Chaco,Gran Chaco,Гран-Чако,Гран-Чако,Gran Chaco,Gran Chaco,Gran Chaco,,Gran Chaco,Gran Chaco,,,,غران تشاكو,گرن چاکو,,גראן צ'אקו
plain,Q26399,194024,Hoggar Mountains,23.288611,5.534167,ホガール山地,Hoggar Mountains,阿哈加爾高原,아하가르산맥,Hoggar,Hoggar,Hoggar,Hoggar,Ahaggar,Ahaggar,Ahaggar,Ахаггар,Ахаггар,Ahaggar-hegység,Ahaggar,Ahaggar,Αχαγκάρ,Pegunungan Ahaggar,Dãy núi Hoggar,เทือกเขาอาฮักการ์,আহাগ্‌গার পর্বতশ্রেণী,होगर पर्वत,جبال هقار,رشته‌کوه هوگار,ہوگر پہاڑ,הרי אהגר
plain,Q208807,73327,Guiana Highlands,5.143333,-60.7625,ギアナ高地,Guiana Highlands,圭亚那地盾,기아나 고지,plateau des Guyanes,Guayana,Tierras altas de Guayana,Planalto das Guianas,Massiccio della Guiana,Hoogland van Guyana,Wyżyna Gujańska,Гвианское нагорье,Гвіанське нагір'я,Guyanai-masszívum,Guyanas högland,Guyana Kalkanı,,,Khiên Guiana,,গুয়াইয়ানা উচ্চভূমি,गयाना शील्ड,مرتفعات غيانا,سپر گویان,,גויאנה
plain,Q755001,1889177,Paris Basin,48.5,2,パリ盆地,Paris Basin,巴黎盆地,파리 분지,bassin parisien,Pariser Becken,cuenca parisina,,bacino parigino,Bekken van Parijs,Basen Paryski,Парижский бассейн,Паризький басейн,Párizsi-medence,Parisbäckenet,Paris Havzası,,Cekungan Paris,Lòng chảo Paris,,,,حوض باريس,حوضه پاریس,پیرس طاس,האגן הפריזאי
plain,Q216622,193133,Tarim Basin,39.46666667,76.05,タリム盆地,Tarim Basin,塔里木盆地,타리무 분지,bassin du Tarim,Tarimbecken,cuenca del Tarim,Bacia do Tarim,Bacino del Tarim,Tarimbekken,Kotlina Kaszgarska,Таримская впадина,Таримський басейн,Tarim-medence,Tarimbäckenet,Tarım Havzası,,Cekungan Tarim,Lòng chảo Tarim,,তারিম অববাহিকা,तारिम द्रोणी,حوض تاريم,حوضه تاریم,تاریم طاس,אגן טארים
plain,Q932289,189085,Congo Basin,0,22,コンゴ盆地,Congo Basin,刚果盆地,콩고 분지,bassin du Congo,Kongobecken,cuenca hidrográfica del Congo,Bacia do Congo,bacino del fiume Congo,Kongobekken,Kotlina Konga,бассейн Конго,Конго синекліза,Kongó-medence,Kongobäckenet,Kongo Havzası,Λεκάνη του Κονγκό,Basin Kongo,,,,कांगो द्रोणी,حوض الكونغو,حوضه کنگو,کانگو طاس,אגן הקונגו
plain,Q191862,1576000,East European Plain,57.5,40,東ヨーロッパ平原,East European Plain,东欧平原,동유럽 평원,Plaine d'Europe orientale,Osteuropäische Ebene,Llanura europea oriental,Planície europeia oriental,Bassopiano sarmatico,Russisch Laagland,Nizina Wschodnioeuropejska,Восточно-Европейская равнина,Східноєвропейська рівнина,Kelet-európai-síkság,Östeuropeiska slätten,Rusya Ovası,Πεδιάδα της Ανατολικής Ευρώπης,,Đồng bằng Đông Âu,,,पूर्वी यूरोपीय मैदान,السهل الأوروبي الشرقي,دشت اروپای شرقی,,המישור המזרח אירופאי
plain,Q147304,257176,North China Plain,36.58,117.16,華北平原,North China Plain,华北平原,화베이 평원,Grande plaine du Nord de la Chine,Nordchinesische Ebene,Llanura del Norte de China,Planície do norte da China,pianura della Cina del Nord,Chinees Laagland,Nizina Chińska,Великая Китайская равнина,Велика китайська рівнина,Észak-kínai-síkság,,Kuzey Çin Ovası,Πεδιάδα της Βόρειας Κίνας,Dataran Tiongkok Utara,Bình nguyên Hoa Bắc,,,उत्तरी चीन का मैदान,سهل شمال الصين,دشت شمال چین,,מישור צפון סין
plain,Q1206587,2238478,Northeast China Plain,45,125,東北平原,Northeast China Plain,东北平原,둥베이 평원,Plaine du Nord-Est de la Chine,Nordostchinesische Ebene,Llanura del Noreste de China,,pianura della Cina del Nord-est,,Nizina Mandżurska,Маньчжурская равнина,Сунляо,,,Kuzeydoğu Çin Platosu,πεδιάδα βορειοανατολικής Κίνας,,Bình nguyên Đông Bắc,,,,,,,מישור צפון סין
plain,Q1278613,3966862,Yangtze Plain,32,118,長江中下游平原,Yangtze Plain,长江中下游平原,양자평원,,Ebene am Mittel- und Unterlauf des Jangtsekiang,,,,Jangtsevlakte,Changjiang Zhongxiayou Pingyuan,,,,Changjiang Zhongxiayou Pingyuan,Yangtze Ovası,,,,,,,,,,
plain,Q23867,1453436,Chengdu Plain,30.46833333,103.89833333,成都平原,Chengdu Plain,成都平原,청두 평원,plaine de Chengdu,Chengdu-Ebene,Llanura de Chengdu,,,,,,,,Chengduplatån,,,,,,,,,,,
plain,Q1052867,837251,Mekong Delta,10.04,105.8,メコンデルタ,Mekong Delta,湄公河三角洲,메콩 삼각주,delta du Mékong,Mekongdelta,Región Delta del Río Mekong,Delta do Rio Mekong (região),Delta del Mekong,Mekong-delta,Delta Mekongu,Дельта Меконга,Дельта Меконгу,Mekong-delta,Mekongdeltat,Mekong Deltası,Δέλτα του Μεκόνγκ,Delta Mekong,Đồng bằng sông Cửu Long,ดินดอนสามเหลี่ยมปากแม่น้ำโขง,মেকং ব-দ্বীপ,मेकांग डेल्टा,دلتا ميكونغ,مکونگ دلتا,دریائے میکانگ دہانہ,אזור נהר מקונג
plain,Q192305,2086313,Indo-Gangetic Plain,27,80,ヒンドゥスターン平野,Indo-Gangetic Plain,中央平原,힌두스탄 평원,Plaine indo-gangétique,Zentralindien,Llanura Indo-Gangética,Planície Indo-Gangética,pianura indo-gangetica,Indus-Gangesvlakte,Nizina Hindustańska,Индо-Гангская равнина,Індо-Гангська рівнина,Indo-Gangeszi-síkság,Indo-Gangetic Plain,Indo-Gangetic Ovası,Βόρεια πεδιάδα,Dataran Rendah Indo-Gangga,Đồng bằng Ấn-Hằng,ที่ราบลุ่มแม่น้ำสินธุ-คงคา,সিন্ধু-গাঙ্গেয় সমভূমি,सिन्धु-गंगा के मैदान,سهل الغانج الهندي,جلگه سند و گنگ,سندھ و گنگ کا میدان,מישור אינדוס-גנגס
plain,Q191566,206926,West Siberian Plain,62,76,西シベリア平原,West Siberian Plain,西西伯利亚平原,서시베리아 평원,plaine de Sibérie occidentale,Westsibirisches Tiefland,Llanura de Siberia Occidental,,Bassopiano della Siberia occidentale,West-Siberisch Laagland,Nizina Zachodniosyberyjska,Западно-Сибирская равнина,Західно-Сибірська рівнина,Nyugat-szibériai-alföld,Västsibiriska slätten,Batı Sibirya Ovası,Δυτική Σιβηρική Πεδιάδα,,Đồng bằng Tây Sibir,,,,سهل سيبيريا الغربية,دشت سیبری غربی,,מישור הסיביר המערבי
plain,Q602925,2042049,Kazakh Steppe,52.896,71.65,カザフステップ,Kazakh Steppe,哈薩克草原,,steppe kazakhe,Kasachensteppe,Estepa kazaja,,steppa del Kazakistan,Kazachse Steppe,Step Kazachski,Казахская степь,Казахський степ,Kazah-sztyepp,,Kazak bozkırı,Καζακική Στέπα,,,,,,سهوب كازاخستان,دشت قزاق,,הערבה הקזחית
plain,Q11767,4434,Mesopotamia,33.7,43.5,メソポタミア,Mesopotamia,美索不达米亚,메소포타미아,Mésopotamie,Mesopotamien,Mesopotamia,Mesopotâmia,Mesopotamia,Mesopotamië,Mezopotamia,Месопотамия,Межиріччя,Mezopotámia,Mesopotamien,Mezopotamya,Μεσοποταμία,Mesopotamia,Lưỡng Hà,เมโสโปเตเมีย,মেসোপটেমিয়া,मेसोपोटामिया,بلاد الرافدين,میان‌رودان,بین النہرین,מסופוטמיה
plain,Q560549,1575949,North European Plain,54,14,北ヨーロッパ平野,North European Plain,北歐平原,북유럽 평원,Plaine d'Europe du Nord,Mitteleuropäisches Tiefland,Llanura nordeuropea,Planície europeia setentrional,Pianura nordeuropea,Noord-Europese Laagvlakte,Nizina Środkowoeuropejska,Среднеевропейская равнина,Середньоєвропейська рівнина,,Nordeuropeiska låglandet,Kuzey Avrupa Ovası,Πεδιάδα της Βόρειας Ευρώπης,Dataran Eropa Utara,Đồng bằng Bắc Âu,,,,السهل الأوروبي الشمالي,دشت اروپای شمالی,,מישור צפון אירופה
plain,Q185032,80030,Pannonian Basin,46.5,20,パンノニア平原,Pannonian Basin,潘諾尼亞平原,판노니아 평원,plaine de Pannonie,Pannonische Tiefebene,Llanura Panónica,Planície da Panónia,Pianura Pannonica,Pannonische vlakte,Kotlina Panońska,Среднедунайская низменность,Тисо-Дунайська низовина,Kárpát-medence,Pannoniska slätten,Karpat Havzası,Πεδιάδα της Παννονίας,Cekungan Pannonia,Bồn địa Pannonia,ที่ราบพันโนเนีย,,,حوض بانونيا,جلگه پانونی,,המישור הפאנוני
plain,Q179528,2167577,Nile Delta,30.9,31.11666667,ナイル川デルタ,Nile Delta,尼罗河三角洲,나일강 삼각주,delta du Nil,Nildelta,Delta del Nilo,Delta do Nilo,Delta del Nilo,Nijldelta,Delta Nilu,дельта Нила,Дельта Нілу,Nílus-delta,Nildeltat,Nil Deltası,Δέλτα του Νείλου,Delta Nil,Châu thổ sông Nin,ดินดอนสามเหลี่ยมไนล์,নীল বদ্বীপ,,دلتا النيل,دلتای نیل,نیل ڈیلٹا,הדלתא של הנילוס
plain,Q29412,476343,Niger Delta,5.32611,6.47083,ニジェール・デルタ,Niger Delta,尼日爾河三角洲,나이저 델타,delta du Niger,Nigerdelta,Delta del Níger,Delta do Níger,Delta del Niger,Nigerdelta,Delta Nigru,Дельта Нигера,Дельта Нігеру,,,,Δέλτα του Νίγηρα,Delta Niger,,สามเหลี่ยมปากแม่น้ำไนเจอร์,,,دلتا النيجر,دلتای نیجر,,הניז'ר דלתה
plain,Q756832,4102197,Atlantic coastal plain,35.00044,-79.00003,大西洋海岸平野,Atlantic coastal plain,海濱平原,,plaine côtière atlantique,Atlantische Küstenebene,,,Pianura costiera dell'Atlantico,Atlantische Kustvlakte,Nizina Atlantycka,Приатлантическая низменность,,,,,,,Đồng bằng ven biển Đại Tây Dương,,,,,دشت ساحلی اطلس,,
plain,Q12707,347028,Great Plains,40,-100,グレートプレーンズ,Great Plains,大平原,그레이트플레인스,Grandes Plaines,Great Plains,Grandes Llanuras,Grandes Planícies,Grandi Pianure,Great Plains,Wielkie Równiny,Великие Равнины,Великі рівнини,,Great Plains,Büyük Düzlükler,Μεγάλες Πεδιάδες,Great Plains,Đại Bình nguyên Bắc Mỹ,เกรตเพลนส์,গ্রেট প্লেইনস,कनाडा तथा संयुक्त राज्य अमेरिका का ग्रेट प्लेन,السهول الكبرى,دشت بزرگ,عظیم میدان,המישורים הגדולים
plain,Q966943,209913,Great Basin,36.5786,-118.292,グレートベースン,Great Basin,大盆地,그레이트베이슨,Grand Bassin des États-Unis,Großes Becken,Gran Cuenca,Grande Bacia,Gran Bacino,grote Bekken,Wielka Kotlina,Большой Бассейн,Великий Басейн,Nagy-medence,Great Basin,Büyük Havza,,Great Basin,Đại Bồn địa,,,,الحوض العظيم,گریت بیسین,گریٹ بیسن,האגן הגדול
plain,Q194281,68137,Prairie,,,プレーリー,prairie,大草原,프레리,prairie,Prärie,Praderas de Norteamérica,pradaria,Prateria nordamericana,prairie,preria,прерия,Прерія,préri,Prärie,büyük çayırlık,Λειμώνας,Prairi,đồng cỏ,แพรรี,প্রেইরি,प्रेरी,سهوب البراري,مرغزار,,פרריה
plain,Q184382,764767,Pampas,-35,-62,パンパ,pampa,潘帕,팜파스,Pampa,Pampa,pampa,Pampas,Pampa,Pampa's,Pampa,Пампа,Пампа,pampa,Pampas,Pampa,πάμπα,Pampa,Pampa,ปัมปัส,পাম্পাস,पम्पास,بمبة,پامپا,پمپاز,פמפס
plain,Q141501,79453,Llanos,6.823111111111111,-67.64927777777778,リャノ,Llanos,洛斯亞諾斯,야노스,Llanos,Llanos,Llanos,Llanos,Los llanos,Los Llanos,Llanos,Льянос,Льянос,,Llanos,Llanos,,Llanos,Llanos,,লিয়ানোস,लानोज,سهول اللانوس,دشت یانوس,,לוס יאנוס
plain,Q381050,1336960,Nullarbor Plain,-30.76777778,128.97,ナラボー平原,Nullabor Plain,纳拉伯平原,,Plaine de Nullarbor,Nullarbor-Wüste,Llanura de Nullarbor,Planície de Nullarbor,Nullarbor Plain,Nullarborvlakte,Nullarbor,Налларбор,Налларбор,Nullarbor-síkság,Nullarbor,Nullarbor Düzlüğü,,Dataran Nullarbor,Đồng bằng Nullarbor,,নালার্বর সমভূমি,,صحراء نولاربور,نولاربور پلین,,מישור נלארבור
plain,Q31059,2882867,Chiayi–Tainan Plain,22.983333333333334,120.18333333333334,嘉南平原,Chianan Plain,嘉南平原,,plaine de Chianan,Chiananebene,Chianan,,,,,,,,,,,Dataran Chiayi–Tainan,Đồng bằng Gia Nam,,,,,,,
plain,Q1124865,25067,Kantō Plain,36,140,関東平野,Kantō Plain,關東平原,간토평야,plaine de Kantō,Kantō-Ebene,Llanura de Kantō,Planície de Kanto,pianura di Kantō,Kantō Plain,Kantō,Канто,Кантоська рівнина,Kantó-síkság,,Kantō Ovası,,Dataran Kantō,Đồng bằng Kantō,ที่ราบคันโต,,,,دشت کانتو,,מישור קנטו
ridge,Q207313,708165,Mid-Atlantic Ridge,38.46666944444444,-28.416666666666668,大西洋中央海嶺,Mid-Atlantic Ridge,大西洋洋中脊,대서양 중앙 해령,dorsale médio-atlantique,Mittelatlantischer Rücken,Dorsal mesoatlántica,Dorsal Mesoatlântica,Dorsale medio atlantica,Mid-Atlantische Rug,Grzbiet Śródatlantycki,Срединно-Атлантический хребет,Серединно-Атлантичний хребет,Közép-Atlanti-hátság,Mittatlantiska ryggen,Orta Atlantik Sırtı,Μεσο-Ατλαντική υφαλορράχη,Punggung tengah Atlantik,Sống núi giữa Đại Tây Dương,,মধ্য-আটলান্টিক শৈলশিরা,मध्य-अटलांटिक कटक,حيد منتصف الأطلسي,پشته میانی اقیانوس اطلس,,הרכס המרכז-אטלנטי
ridge,Q604529,786537,East Pacific Rise,-20,-114.5,東太平洋海嶺,East Pacific Rise,東太平洋海隆,동태평양 해팽,Dorsale est-Pacifique,Ostpazifischer Rücken,Dorsal del Pacífico Oriental,Dorsal do Pacífico Leste,Dorsale del Pacifico orientale,Oost-Pacifische Rug,Grzbiet Wschodniopacyficzny,Восточно-Тихоокеанское поднятие,Східно-Тихоокеанська височина,,,,,,Đới nâng đông Thái Bình Dương,,,,ارتفاع شرق المحيط الهادئ,خیز شرقی اقیانوس آرام,,הרכס המזרח-פסיפי
ridge,Q190604,786529,Central Indian Ridge,-34.6555,54.4828,中央インド洋海嶺,Central Indian Ridge,印度洋中洋脊,인도양중앙해령,dorsale centrale indienne,Zentralindischer Rücken,Dorsal Central del Índico,,Dorsale medio-indiana,,Grzbiet Środkowoindyjski,Центральноиндийский хребет,Центральноіндійський хребет,,,,,Punggung Hindia Tengah,,,কেন্দ্রীয় ভারত শৈলশিরা,,الحافة الهندية الوسطى,پشته میانی اقیانوس هند,,
ridge,Q153840,1778905,Southwest Indian Ridge,-25.5,70,南西インド洋海嶺,Southwest Indian Ridge,西南印度洋脊,남서인도양 해령,Dorsale sud-ouest indienne,Südwestindischer Rücken,Dorsal Suroeste del Índico,,Dorsale indiana sudoccidentale,,Grzbiet Zachodnioindyjski,Западно-Индийский хребет,Західно-Індійський хребет,,,,,,,,,,الأعراف الهندية الجنوبية الغربية,,,רכס האוקיינוס ההודי
ridge,Q558898,1778924,Southeast Indian Ridge,-25.5,70,南東インド洋海嶺,Southeast Indian Ridge,印度洋東南海嶺,,Dorsale sud-est indienne,Südostindischer Rücken,,,Dorsale indiana sudorientale,,Grzbiet Australijsko-Antarktyczny,Австрало-Антарктическое поднятие,Австрало-Антарктичне підняття,,,,,,,,,,الأعراف الهندية الجنوبية الشرقية,,,הרכס ההודי הדרום-מזרחי
ridge,Q558800,1444422,Pacific–Antarctic Ridge,-61.999555,-157.000165,太平洋南極海嶺,Pacific-Antarctic Ridge,太平洋-南极洋脊,태평양-남극 해령,Dorsale Pacifique-Antarctique,Pazifisch-Antarktischer Rücken,Dorsal Pacífico-Antártica,,Dorsale Pacifico-Antartica,,Grzbiet Pacyficzno-Antarktyczny,Южно-Тихоокеанское поднятие,Тихоокеансько-Антарктичний хребет,,Pacific-Antarctic Ridge,,,Punggung Pasifik–Antarktika,Sống núi Thái Bình Dương - Nam Cực,,,,سلسلة تلال المحيط الهادئ والقطب الجنوبي,پشته اقیانوس آرام-جنوبگان,,הרכס הפסיפי-אנטארקטי
ridge,Q603531,1779141,Chile Ridge,-43,-94,チリ海嶺,Chile Rise,智利海隆,칠레 해령,Dorsale du Chili,Chile-Rücken,Dorsal de Chile,Dorsal do Chile,Dorsale del Cile,Chilirug,Grzbiet Chilijski,Западно-Чилийское поднятие,Чилійська височина,,,Şili Sırtı,,,,,,,مرتفعات تشيلي,,,רכס צ'ילה
ridge,Q468239,3971492,South American–Antarctic Ridge,-54.8333,-0.666667,南アメリカ南極海嶺,American–Antarctic Ridge,亚美利加-南极中洋脊,,,Amerikanisch-Antarktischer Rücken,Dorsal Antártico-Americana,,Dorsale antartico-sudamericana,,Grzbiet Amerykańsko-Antarktyczny,Американо-Антарктический хребет,Американсько-Антарктичний хребет,,,,,,,,,,حيد أمريكا الجنوبية والقطب الجنوبي,,,
trench,Q510,309202,Mariana Trench,11.35,142.2,マリアナ海溝,Mariana Trench,马里亚纳海沟,마리아나 해구,fosse des Mariannes,Marianengraben,fosa de las Marianas,Fossa das Marianas,Fossa delle Marianne,Marianentrog,Rów Mariański,Марианский жёлоб,Маріанський жолоб,Mariana-árok,Marianergraven,Mariana Çukuru,Τάφρος των Μαριανών,Palung Mariana,rãnh Mariana,ร่องลึกก้นสมุทรมาเรียนา,মারিয়ানা খাত,मेरियाना गर्त,خندق ماريانا,درازگودال ماریانا,ماریانا ٹرینچ,שקע מריאנה
trench,Q119294,1645781,Tonga Trench,-22.944722222222,-174.73305555556,トンガ海溝,Tonga Trench,汤加海沟,,fosse des Tonga,Tongagraben,Fosa de Tonga,,Fossa di Tonga,Tongatrog,Rów Tonga,Тонга,Тонга,Tonga-árok,Tongagraven,Tonga Çukuru,,Palung Tonga,,ร่องลึกตองงา,টোঙ্গা খাত,टोंगा गर्त,خندق تونغا,,,שקע טונגה
trench,Q656364,100420,Philippine Trench,10.043928,126.68245,フィリピン海溝,Philippine Trench,菲律賓海溝,필리핀 해구,fosse des Philippines,Philippinengraben,Fosa de Filipinas,Fossa das Filipinas,Fossa delle Filippine,Filipijnentrog,Rów Filipiński,Филиппинский жёлоб,Філіппінський жолоб,,Filippinergraven,,,Palung Filipina,,ร่องลึกฟิลิปปินส์,ফিলিপাইন পরিখা,फिलीपींस गर्त,خندق الفلبين,,,שקע הפיליפינים
trench,Q119196,1648572,Kermadec Trench,-31,-177,ケルマデック海溝,Kermadec Trench,克馬德克海溝,,fosse des Kermadec,Kermadecgraben,Fosa de Kermadec,Fossa de Kermadec,Fossa delle Kermadec,,Rów Kermadec,Кермадек,Кермадек,,Kermadecgraven,Kermadec Çukuru,,Palung Kermadec,,,,,خندق كرماديك,,,שקע קרמדק
trench,Q118544,347622,Izu–Ogasawara Trench,29.65,142.68333333,伊豆・小笠原海溝,Izu-Ogasawara Trench,伊豆小笠原海溝,이즈-오가사와라 해구,Fosse d'Izu-Ogasawara,Boningraben,,,Fossa delle Izu-Ogasawara,,Rów Izu-Ogasawara,Идзу-Бонинский жёлоб,Ідзу-Оґасаварський жолоб,,,Izu-Ogasawara Çukuru,,,,,,,,درازگودال ایزو-اوگاساوارا,,שקע איזו-אוגסווארה
trench,Q118525,350872,Kuril–Kamchatka Trench,47.5,155.35,千島海溝,Kuril–Kamchatka Trench,千岛海沟,쿠릴-캄차카 해구,fosse des Kouriles,Kurilengraben,Fosa de las Kuriles,Fossa das Curilas-Camecháteca,Fossa delle Curili,Koerilentrog,Rów Kurylsko-Kamczacki,Курило-Камчатский жёлоб,Курило-Камчатський жолоб,,Kurilergraven,Kuril-Kamçatka Çukuru,Τάφρος Κουριλών-Καμτσάτκας,Palung Kuril-Kamchatka,Rãnh Kuril-Kamchatka,ร่องลึกก้นสมุทรคูริล–คัมชัตคา,,,خندق كوريل,درازگودال کوریل-کامچاتکا,,שקע קוריל-קמצ'טקה
trench,Q1423293,1778829,Yap Trench,10,138,ヤップ海溝,Yap Trench,雅浦海沟,,,Yapgraben,,,Fossa di Yap,,Rów Yap,,,,,,Τάφρος Γιαπ,,Rãnh Yap,,,,,,,
trench,Q666090,1352501,Puerto Rico Trench,19.835833333333,-66.754444444444,プエルトリコ海溝,Puerto Rico Trench,波多黎各海沟,푸에르토리코 해구,fosse de Porto Rico,Puerto-Rico-Graben,Fosa de Puerto Rico,Fossa de Porto Rico,Fossa di Porto Rico,Trog van Puerto Rico,Rów Portorykański,Пуэрто-Рико,Жолоб Пуерто-Ріко,,,Porto Riko Çukuru,,Palung Puerto Riko,,ร่องลึกปวยร์โตรีโก,পুয়ের্তো রিকো খাত,पुएर्टोरीको गर्त,خندق بورتو ريكو,درازگودال پورتوریکو,,שקע פוארטו ריקו
trench,Q118518,2671911,South Sandwich Trench,-55.66666667,-25.91666667,サウスサンドウィッチ海溝,South Sandwich Trench,南桑德韋奇海溝,사우스샌드위치 해구,fosse des Sandwich du Sud,Süd-Sandwich-Graben,Fosa de las Sandwich del Sur,Fossa Sandwich do Sul,Fossa delle Sandwich Australi,Zuid-Sandwichtrog,Rów Sandwichu Południowego,Южно-Сандвичев жёлоб,Південно-Сандвичів жолоб,,,,,Palung Sandwich Selatan,,,,,خندق ساندويتش الجنوبي,,,שקע דרום סנדוויץ
trench,Q118873,1181404,Peru–Chile Trench,-23,-71,ペルー・チリ海溝,Peru–Chile Trench,秘鲁-智利海沟,페루-칠레 해구,fosse du Pérou-Chili,Atacamagraben,Fosa de Perú-Chile,,Fossa di Atacama,Peru-Chilitrog,Rów Atakamski,Перуанско-Чилийский жёлоб,Атакамська западина,Atacama-árok,Atacamagraven,Peru-Şili Çukuru,,,,ร่องลึกเปรู-ชิลี,,आटाकामा गर्त,خندق بيرو-تشيلي,,,שקע פרו-צ'ילה
trench,Q118537,90359,Japan Trench,40.116666666667,144.31666666667,日本海溝,Japan Trench,日本海沟,일본 해구,fosse du Japon,Japangraben,Fosa de Japón,Fossa do Japão,Fossa del Giappone,Japantrog,Rów Japoński,Японский жёлоб,Японський жолоб,Japán-árok,Japanska graven,Japonya Çukuru,,Palung Jepang,Rãnh Nhật Bản,ร่องลึกบาดาลญี่ปุ่น,,,خندق اليابان,درازگودال ژاپن,,שקע יפן
trench,Q119177,1181604,Aleutian Trench,52,172,アリューシャン海溝,Aleutian Trench,阿留申海沟,알류샨 해구,fosse des Aléoutiennes,Aleutengraben,Fosa de las Aleutianas,Fossa das Aleutas,Fossa delle Aleutine,Aleoetentrog,Rów Aleucki,Алеутский жёлоб,Алеутська западина,,Aleutergraven,Aleut Çukuru,Αλεούτιο ρήγμα,Palung Aleut,,ร่องลึกก้นสมุทรอะลูเชียน,,,الخندق الأليوطي,درازگودال الیوشن,,השקע האלאוטי
trench,Q702908,667535,Ryukyu Trench,24.75,128,琉球海溝,Ryukyu Trench,琉球海溝,류큐 해구,fosse de Ryukyu,Ryūkyū-Graben,,,Fossa delle Ryūkyū,,Rów Riukiu,жёлоб Рюкю,Рюкю (жолоб),,,,Τάφρος των Ριούκιου,Palung Ryukyu,Rãnh Ryukyu,,,,,,,שקע ריוקיו
trench,Q118394,1649222,Sunda Trench,-10.31666667,109.96666667,ジャワ海溝,Sunda Trench,爪哇海沟,자바 해구,Fosse de la Sonde,Sundagraben,Fosa de Java,Fossa de Java,Fossa di Giava,Sundatrog,Rów Sundajski,Яванская впадина,Яванський жолоб,,Javagraven,Sunda Çukuru,,Palung Sunda,Rãnh Sunda,,সুন্ডা খাত,सुण्डा गर्त,خندق سوندا,گودال سوندا,,תעלת סונדה
trench,Q164040,2525786,Middle America Trench,14.682384722222222,-94.83674444444445,中央アメリカ海溝,Middle America Trench,中美洲海溝,,Fosse mésoaméricaine,Mittelamerikagraben,Fosa Mesoamericana,Fossa Mesoamericana,Fossa centroamericana,,Rów Środkowoamerykański,Центральноамериканский жёлоб,Центрально-Американський жолоб,,,,,,,,,,خندق أمريكا الوسطى,درازگودال آمریکای میانی,,שקע אמריקה התיכונה
island,Q223,1698863,Greenland,72,-40,グリーンランド,Greenland,格陵兰,그린란드,Groenland,Grönland,Groenlandia,Gronelândia,Groenlandia,Groenland,Grenlandia,Гренландия,Гренландія,Grönland,Grönland,Grönland,Γροιλανδία,Greenland,Greenland,กรีนแลนด์,গ্রিনল্যান্ড,ग्रीनलैण्ड,غرينلاند,گرینلند,گرین لینڈ,גרינלנד
island,Q40285,44038,New Guinea,-5,140,ニューギニア島,New Guinea,新幾內亞島,뉴기니섬,Nouvelle-Guinée,Neuguinea,Nueva Guinea,Nova Guiné,Nuova Guinea,Nieuw-Guinea,Nowa Gwinea,Новая Гвинея,Нова Гвінея,Új-Guinea,Nya Guinea,Yeni Gine,Νέα Γουινέα,Pulau Papua,New Guinea,เกาะนิวกินี,নিউ গিনি,नया गिनी,غينيا الجديدة,گینه نو,نیو گنی,גינאה החדשה
island,Q36117,67282,Borneo,-1,114,ボルネオ島,Borneo,婆罗洲,보르네오,Bornéo,Borneo,Isla de Borneo,Bornéu,Borneo,Borneo,Borneo,Борнео,Борнео,Borneó,Borneo,Borneo,Βόρνεο,Kalimantan,Borneo,บอร์เนียว,বোর্নিও,बोर्नियो,بورنيو,بورنئو,بورنیو,בורנאו
island,Q1019,28651,Madagascar,-20,47,マダガスカル,Madagascar,馬達加斯加,마다가스카르,Madagascar,Madagaskar,Madagascar,Madagáscar,Madagascar,Madagaskar,Madagaskar,Мадагаскар,Мадагаскар,Madagaszkár,Madagaskar,Madagaskar,Μαδαγασκάρη,Madagaskar,Madagascar,ประเทศมาดากัสการ์,মাদাগাস্কার,मेडागास्कर,مدغشقر,ماداگاسکار,مڈغاسکر,מדגסקר
island,Q81178,146280,Baffin Island,69,-73,バフィン島,Baffin Island,巴芬島,배핀섬,île de Baffin,Baffininsel,isla de Baffin,Ilha de Baffin,Isola di Baffin,Baffineiland,Ziemia Baffina,Баффинова Земля,Баффінова Земля,Baffin-sziget,Baffinön,Baffin Adası,Γη του Μπάφιν,Pulau Baffin,Đảo Baffin,เกาะแบฟฟิน,ব্যাফিন দ্বীপ,बैफ़िन द्वीप,بافين,جزیره بافین,جزیرہ بفین,באפין
island,Q3492,45016,Sumatra,-0.298888888888889,101.270830555556,スマトラ島,Sumatra,蘇門答臘,수마트라섬,Sumatra,Sumatra,Sumatra,Sumatra,Sumatra,Sumatra,Sumatra,Суматра,Суматра,Szumátra,Sumatra,Sumatra,Σουμάτρα,Sumatera,Sumatra,เกาะสุมาตรา,সুমাত্রা,सुमात्रा,سومطرة,سوماترا,سماٹرا,סומטרה
island,Q13989,6021,Honshu,36,138,本州,Honshu,本州岛,혼슈,Honshū,Honshū,Honshū,Honshu,Honshū,Honshu,Honsiu,Хонсю,Хоншю,Honsú,Honshu,Honshū,Χονσού,Honshu,đảo Honshu,เกาะฮนชู,হোনশু,होन्शू,هونشو,هونشو,ہونشو,הונשו
island,Q158129,146276,Victoria Island,71.451,-113.7541,ビクトリア島,Victoria Island,维多利亚岛,빅토리아섬,île Victoria,Victoria-Insel,Isla Victoria,Ilha Victoria,Isola Victoria,Victoria-eiland,Wyspa Wiktorii,Виктория,Вікторія,Victoria-sziget,Victoria Island,Victoria Adası,Νήσος Βικτώρια,Pulau Victoria,Đảo Victoria,เกาะวิกตอเรีย,,,جزيرة فكتوريا,جزیره ویکتوریا,جزیرہ وکٹوریا,ויקטוריה
island,Q23666,17096,Great Britain,53.833333333333,-2.4166666666667,グレートブリテン島,Great Britain,大不列顛島,그레이트브리튼섬,Grande-Bretagne,Großbritannien,Gran Bretaña,Grã-Bretanha,Gran Bretagna,Groot-Brittannië,Wielka Brytania,Великобритания,Велика Британія,Brit-sziget,Storbritannien,Büyük Britanya,Μεγάλη Βρετανία,Britania Raya,Đảo Anh,เกรตบริเตน,গ্রেট ব্রিটেন,ग्रेट ब्रिटेन,بريطانيا,بریتانیای کبیر,برطانیہ عظمی,בריטניה הגדולה
island,Q146841,146334,Ellesmere Island,79.5,-76.5,エルズミア島,Ellesmere Island,埃尔斯米尔岛,엘즈미어섬,île d'Ellesmere,Ellesmere-Insel,Isla de Ellesmere,Ilha Ellesmere,isola di Ellesmere,Ellesmere-eiland,Wyspa Ellesmere'a,Элсмир,Елсмір,Ellesmere-sziget,Ellesmereön,Ellesmere Adası,Έλσμιρ,Ellesmere,Đảo Ellesmere,เกาะเอลสเมียร์,,एल्ज़्मेयर द्वीप,جزيرة إليسمير,جزیره الزمیر,جزیرہ ایلیسمیرے,אלסמיר
island,Q3812,243638,Sulawesi,-2,121,スラウェシ島,Sulawesi,苏拉威西岛,술라웨시섬,Célèbes,Sulawesi,Célebes,Celebes,Sulawesi,Sulawesi,Celebes,Сулавеси,Сулавесі,Celebesz,Sulawesi,Sulawesi,Σουλαουέσι,Sulawesi,Sulawesi,เกาะซูลาเวซี,সুলাওয়েসি,सुलावेसी,سولاوسي,سولاوسی,سولاویسی,סולאווסי
island,Q120755,292568,South Island,-43.6,170.4,南島 (ニュージーランド),South Island,南島,남섬,île du Sud,Südinsel,Isla Sur,Ilha Sul,Isola del Sud,Zuidereiland,Wyspa Południowa,Южный остров,Південний острів,Déli-sziget,Sydön,Güney Adası,Νότιο Νησί,Pulau Selatan,Đảo Nam,เกาะใต้,দক্ষিণ দ্বীপ,दक्षिण द्वीप,الجزيرة الجنوبية,جزیره جنوبی,جنوبی جزیرہ,האי הדרומי
island,Q3757,3737,Java,-7.4916666666667,110.00444444444,ジャワ島,Java,爪哇岛,자와섬,Java,Java,Java,Java,Giava,Java,Jawa,Ява,Ява,Jáva,Java,Cava,Ιάβα,Jawa,Java,เกาะชวา,জাভা দ্বীপ,जावा,جاوة,جاوه,جاوا,ג'אווה
island,Q118863,235103,North Island,-39,176,北島 (ニュージーランド),North Island,北島,북섬,île du Nord,Nordinsel,Isla Norte,Ilha Norte,Isola del Nord,Noordereiland,Wyspa Północna,Северный остров,Північний острів,Északi-sziget,Nordön,Kuzey Adası,Βόρειο Νησί,Pulau Utara,Đảo Bắc,เกาะเหนือ,উত্তর দ্বীপ,उत्तर द्वीप,الجزيرة الشمالية,جزیره شمالی,شمالی جزیرہ,האי הצפוני
island,Q48335,104311,Newfoundland (island),48.5416666,-56.1249997,ニューファンドランド島,Newfoundland,纽芬兰岛,뉴펀들랜드(섬),Terre-Neuve,Neufundland,Isla de Terranova,Terra Nova,Terranova,Newfoundland,Nowa Fundlandia,Ньюфаундленд,Ньюфаундленд,Új-Fundland,Newfoundland,Newfoundland,Νέα Γη,Newfoundland,Newfoundland,เกาะนิวฟันด์แลนด์,নিউফাউন্ডল্যান্ড,न्यूफ़ाउण्डलैण्ड,نيوفاوندلاند,نیوفاندلند,نیو فاؤنڈ لینڈ,ניופאונדלנד
island,Q241,12648,Cuba,22,-79.5,キューバ,Cuba,古巴,쿠바,Cuba,Kuba,Cuba,Cuba,Cuba,Cuba,Kuba,Куба,Куба,Kuba,Kuba,Küba,Κούβα,Kuba,Cuba,ประเทศคิวบา,কিউবা,क्यूबा,كوبا,کوبا,کیوبا,קובה
island,Q125384,135060,Luzon,16,121,ルソン島,Luzon,呂宋,루손섬,Luçon,Luzon,Luzón,Lução,Luzon,Luzon,Luzon,Лусон,Лусон,Luzon,Luzon,Luzon,Λουζόν,Luson,Luzon,เกาะลูซอน,লুসোন দ্বীপ,लूज़ोन,لوزون,لوزون,لوزون,לוזון
island,Q678377,36689,Geography of Iceland,,,アイスランドの地理,Geography of Iceland,冰島地理,아이슬란드의 지리,géographie de l'Islande,Geographie Islands,geografía de Islandia,geografia da Islândia,geografia dell'Islanda,geografie van IJsland,geografia Islandii,география Исландии,Географія Ісландії,Izland földrajza,Islands geografi,İzlanda coğrafyası,,Geografi Islandia,,,আইসল্যান্ডের ভূগোল,,جغرافيا أيسلندا,جغرافیای ایسلند,,גאוגרפיה של איסלנד
island,Q124873,134639,Mindanao,7.5,125,ミンダナオ島,Mindanao,棉兰老,민다나오섬,Mindanao,Mindanao,Mindanao,Mindanau,Mindanao,Mindanao,Mindanao,Минданао,Мінданао,Mindanao,Mindanao,Mindanao,Μιντανάο,pulau Mindanau,Mindanao,มินดาเนา,মিন্দানাও,मिन्दनाओ,مندناو,میندانائو,مینداناؤ,מינדנאו
island,Q22890,17987,Ireland,53.351,-7.921,アイルランド島,Ireland,爱尔兰岛,아일랜드섬,Irlande,Irland,isla de Irlanda,Irlanda,Irlanda,Ierland,Irlandia,Ирландия,Ірландія,Ír-sziget,Irland,İrlanda,Ιρλανδία,Pulau Irlandia,Ireland,เกาะไอร์แลนด์,আয়ারল্যান্ড,आयरलैण्ड,أيرلندا,جزیره ایرلند,جزیرہ آئرلینڈ,אירלנד
island,Q35581,436,Hokkaido,43,142,北海道,Hokkaidō,北海道,홋카이도,Hokkaidō,Hokkaidō,Hokkaidō,Hokkaido,Hokkaidō,Hokkaido,Hokkaido,Хоккайдо,Хоккайдо,Hokkaidó,Hokkaido,Hokkaidō,Χοκκάιντο,Hokkaido,Hokkaidō,ฮกไกโด,হোক্কাইদো,होक्काइदो,هوكايدو,هوکایدو,ہوکائیدو,הוקאידו
island,Q7792,805805,Sakhalin,50.5,143,樺太,Sakhalin,库页岛,사할린섬,Sakhaline,Sachalin,Sajalín,Sacalina,Sachalin,Sachalin,Sachalin,Сахалин,Сахалін,Szahalin,Sachalin,Sahalin,Σαχαλίνη,Sakhalin,Sakhalin,เกาะซาฮาลิน,সাখালিন দ্বীপ,साख़ालिन,سخالين,ساخالین,سخالن جزیرہ,סחלין
island,Q25277,377743,Hispaniola,19,-71,イスパニョーラ島,Hispaniola,伊斯帕尼奥拉岛,히스파니올라섬,Hispaniola,Hispaniola,La Española,Ilha de São Domingos,Hispaniola,Hispaniola,Haiti,Гаити,Гаїті,Hispaniola,Hispaniola,Hispanyola,Ισπανιόλα,Hispaniola,Hispaniola,เกาะฮิสปันโยลา,,हिस्पानिओला,هسبنيولا,هیسپانیولا,ہسپانیولا,היספניולה
island,Q200226,195378,Banks Island,72.7504802,-121.502844,バンクス島,Banks Island,班克斯岛,뱅크스섬,île Banks,Banksinsel,Isla de Banks,Ilha Banks,isola di Banks,Bankseiland,Wyspa Banksa,Банкс,Бенкс,Banks-sziget,Banksön,Banks Adası,Μπανκς,Pulau Banks,Đảo Banks,เกาะแบงส์,,,جزيرة بانكس,جزیره بنکس,جزیرہ بینکس,בנקס
island,Q854,4508,Sri Lanka,7,81,スリランカ,Sri Lanka,斯里蘭卡,스리랑카,Sri Lanka,Sri Lanka,Sri Lanka,Sri Lanka,Sri Lanka,Sri Lanka,Sri Lanka,Шри-Ланка,Шрі-Ланка,Srí Lanka,Sri Lanka,Sri Lanka,Σρι Λάνκα,Sri Lanka,Sri Lanka,ประเทศศรีลังกา,শ্রীলঙ্কা,श्रीलंका,سريلانكا,سری‌لنکا,سری لنکا,סרי לנקה
island,Q34366,157437,Tasmania,-42,147,タスマニア州,Tasmania,塔斯馬尼亞州,태즈메이니아주,Tasmanie,Tasmanien,Tasmania,Tasmânia,Tasmania,Tasmanië,Tasmania,Тасмания,Тасманія,Tasmania,Tasmanien,Tasmanya,Τασμανία,Tasmania,Tasmania,รัฐแทสเมเนีย,তাসমানিয়া,टासमानिया,تسمانية,تاسمانی,تسمانیا,טסמניה
island,Q186841,193361,Devon Island,75,-87,デヴォン島,Devon Island,德文島,데번섬,île Devon,Devon Island,Isla Devon,Ilha de Devon,Isola di Devon,Devoneiland,Devon,Девон,Девон,Devon-sziget,Devonön,Devon Adası,Ντέβον,Pulau Devon,Đảo Devon,เกาะเดวอน,,,جزيرة ديفون,جزیره دوون,جزریہ ڈیون,דבון
island,Q217362,2021735,Severny Island,75.45,60.2,セヴェルヌィ島,Severny Island,謝韋爾內島,세베르니섬,île Severny,Nordinsel,Isla Séverny,Ilha Severny,isola Severnyj,Severny-eiland,Wyspa Północna,Северный остров,Північний острів,,Severnyjön,Severni Adası,Νήσος Σέβερνι,Pulau Utara,Đảo Severny,เกาะเซเวียร์นืย,,,جزيرة سيفيرني,جزیره سورنی,,סברני
island,Q1674067,366329,Isla Grande de Tierra del Fuego,-54.22180646611901,-67.6791638659682,フエゴ島,Isla Grande de Tierra del Fuego,火地岛,티에라델푸에고섬,Grande Île de Terre de Feu,Isla Grande de Tierra del Fuego,Isla Grande de Tierra del Fuego,Ilha Grande da Terra do Fogo,Isola Grande della Terra del Fuoco,Isla Grande de Tierra del Fuego,Isla Grande de Tierra del Fuego,Огненная Земля,Ісла Гранде де Тьєрра дель Фуего,Isla Grande de Tierra del Fuego,Isla Grande de Tierra del Fuego,Büyük Tierra del Fuego Adası,Μεγάλη Νήσος της Γης του Πυρός,Pulau Grande de Tierra del Fuego,Isla Grande de Tierra del Fuego,เกาะติเอร์ราเดลฟูเอโก,,,الجزيرة الكبرى لأرض النار,ایسلا گرند د تیرا دل فوئگو,,האי הגדול של ארץ האש
island,Q741243,4155696,Berkner Island,-79.666666666667,-46.333333333333,バークナー島,Berkner Island,伯克納島,버크너섬,île Berkner,Berkner-Insel,Isla Berkner,Ilha Berkner,isola Berkner,Berkner-eiland,Wyspa Berknera,Беркнер,Беркнер,,Berkner Island,Berkner Adası,Μπέρκνερ,,Đảo Berkner,,,,,جزیره برکنر,,
island,Q200223,228673,Alexander Island,-71,-70,アレクサンダー島,Alexander Island,亚历山大一世岛,알렉산더섬,île Alexandre-Ier,Alexander-I.-Insel,Isla Alejandro I,Ilha Alexandre I,isola Alessandro I,Alexandereiland,Wyspa Aleksandra,Земля Александра I,Земля Олександра I,I. Sándor-sziget,Alexander Island,Alexander Adası,Γη Αλεξάνδρου Α΄,Pulau Aleksander,Đảo Alexander,เกาะอเล็กซานเดอร์,,ऐलेक्ज़ैन्डर द्वीप,جزيرة ألكسندر,جزیره الکساندر,,ארץ אלכסנדר
island,Q207666,829744,Axel Heiberg Island,79.75,-91,アクセルハイバーグ島,Axel Heiberg Island,阿克塞尔海伯格岛,액슬하이버그섬,île Axel Heiberg,Axel-Heiberg-Insel,Isla Axel Heiberg,Ilha de Axel Heiberg,isola di Axel Heiberg,Axel Heibergeiland,Wyspa Axela Heiberga,Аксель-Хейберг,Аксел-Гейберг,Axel Heiberg-sziget,Axel Heiberg Island,Axel Heiberg Adası,Άξελ Χάιμπεργκ,Pulau Axel Heiberg,Đảo Axel Heiberg,เกาะอักเซลไฮเบิร์ก,,,جزيرة أكسل هايبرغ,جزیره اکسل هایبرگ,جزیرہ ایکیل ہیئبرگ,
island,Q207751,801756,Southampton Island,64.333333,-84.666667,サウサンプトン島,Southampton Island,南安普頓島,사우샘프턴섬,île Southampton,Southampton Island,Isla de Southampton,Ilha Southampton,isola di Southampton,Southamptoneiland,Southampton,Саутгемптон,Саутгемптон,Southampton-sziget,Salliq,Southampton Adası,Σαουθάμπτον,,Đảo Southampton,,,,جزيرة ساوثهامبتون,جزیره ساوت‌همپتن,جزیرہ ساؤتھمپٹن,סאות'המפטון
island,Q193264,402802,Marajó,-0.978611,-49.581667,マラジョ島,Marajó,馬拉若島,마라조섬,île de Marajó,Marajó,Marajó,Ilha de Marajó,Marajó,Marajó,Marajó,Маражо,Маражо,Marajó,Marajó,Marajó,Μαραζό,Marajó,Marajó,เกาะมาราฌอ,মারাজো,,ماراجو,ماراژو,,מרז'ו
island,Q21162,192094,Spitsbergen,78.75,16,スピッツベルゲン島,Spitsbergen,斯匹次卑尔根岛,스핏스베르겐 섬,Spitzberg,Spitzbergen,Spitsbergen,Spitsbergen,Spitsbergen,Spitsbergen,Spitsbergen,Западный Шпицберген,Західний Шпіцберген,Nyugati-föld,Spetsbergen,Spitsbergen,Σπιτσβέργη,Spitsbergen,Spitsbergen,เกาะสปิตส์บาร์เกิน,,,سبيتسبرغن,اسپیتس‌برگن,اسپیتس‌برگن,שפיצברגן
island,Q13987,6106,Kyushu,33,131,九州,Kyushu,九州,규슈,Kyūshū,Kyūshū,Kyūshū,Quiuxu,Kyūshū,Kyushu,Kiusiu,Кюсю,Кюшю,Kjúsú,Kyushu,Kyūshū,Κιούσου,Kyushu,Kyushu,เกาะคีวชู,কিউশু,क्यूशू,كيوشو,کیوشو,کیوشو,קיושו
island,Q59771,428952,New Britain,-5.75,150.6,ニューブリテン島,New Britain,新不列顛,뉴브리튼섬,Nouvelle-Bretagne,Neubritannien,Nueva Bretaña,Nova Bretanha,Nuova Britannia,Nieuw-Brittannië,Nowa Brytania,Новая Британия,Нова Британія,Új-Britannia,Niu Briten,Yeni Britanya,Νέα Βρετανία,New Britain,New Britain,นิวบริเตน,,न्यू ब्रिटेन,جزيرة نيو بريتين,بریتانیای نو,,בריטניה החדשה
island,Q22502,882663,Taiwan (island),23.766666666667,121,台湾,Taiwan Island,臺灣,대만,île de Taïwan,Taiwan,Taiwán,Ilha Formosa,Isola di Formosa,Taiwan,Tajwan,Тайвань,Тайвань,Tajvan,Taiwan,Tayvan,Ταϊβάν,Taiwan,Đài Loan,ภูมิศาสตร์ไต้หวัน,তাইওয়ান,ताइवान,تايوان,تایوان,تائیوان,טאיוואן
island,Q1081204,141435,Hainan Island,19.25,109.6666667,海南島,Hainan Island,海南島,하이난섬,Hainan,Insel Hainan,isla de Hainan,ilha de Hainan,Hainan,Hainan Island,,Хайнань,Хайнань,,Hainan Dao,,,Pulau Hainan,đảo Hải Nam,,,,جزيرة هاينان,,,
island,Q207925,804183,Prince of Wales Island (Nunavut),72.666667,-99,プリンスオブウェールズ島 (カナダ),Prince of Wales Island,威尔士亲王岛,프린스오브웨일스섬,île du Prince-de-Galles,Prince-of-Wales-Insel,Isla del Príncipe de Gales,Ilha do Príncipe de Gales,Isola Principe di Galles,Prins van Wales-eiland,Wyspa Księcia Walii,Остров Принца Уэльского,Острів Принца Уельського,Prince of Wales-sziget,Prince of Wales Island,Prince of Wales Adası,Πρίγκηπας Ουαλίας,,đảo Công tước xứ Wales,เกาะพรินซ์ออฟเวลส์,,,جزيرة أمير ويلز,جزیره پرینس ولز,جزیرہ پرنس آف ویلز,אי הנסיך מוויילס
island,Q601637,3565412,Prince of Wales Island (Alaska),55.631944444444,-132.9075,プリンスオブウェールズ島 (アラスカ州),Prince of Wales Island,威爾士親王島,프린스오브웨일스섬,île du Prince-de-Galles,Prince-of-Wales-Insel,Isla del Príncipe de Gales,Ilha do Príncipe de Gales,isola Principe di Galles,Prins van Waleseiland,Wyspa Księcia Walii,Остров Принца Уэльского,Острів Принца Уельського,,Prince of Wales Island,Galler Prensi Adası,Νήσος Πρίγκηπα Ουαλίας,Pulau Prince of Wales,,,,,برينس أوف ويلز,,جزیرہ پرنس آف ویلز,אי הנסיך מוולס
island,Q212806,2021731,Yuzhny Island,72,54,ユージヌィ島,Yuzhny Island,尤日內島,유즈니섬,île Ioujny,Juschny-Insel,isla Yuzhni,Ilha Yuzhny,isola Južnyj,Joezjny-eiland,Wyspa Południowa,Южный остров,Південний острів,,,Yujni Adası,Νήσος Γιούζνι,Pulau Selatan,Đảo Yuzhny,เกาะยุจนืย,,,جزيرة يوجني,جزیره یوژنی,,יוז'ני (אי)
island,Q170479,82474,Vancouver Island,49.633333,-125.7,バンクーバー島,Vancouver Island,溫哥華島,밴쿠버섬,île de Vancouver,Vancouver Island,Isla de Vancouver,Ilha Vancouver,isola di Vancouver,Vancouvereiland,Vancouver,Ванкувер,Ванкувер,Vancouver-sziget,Vancouver Island,Vancouver Adası,Νήσος Βανκούβερ,Pulau Vancouver,Đảo Vancouver,เกาะแวนคูเวอร์,,,جزيرة فانكوفر,جزیره ونکوور,,האי ונקובר
island,Q83067,433003,Timor,-9.083333333333334,125.08333333333333,ティモール島,Timor,帝汶,티모르섬,Timor,Timor,Timor,Timor,Timor,Timor,Timor,Тимор,Тимор,Timor,Timor,Timor,Τιμόρ,Pulau Timor,Timor,เกาะติมอร์,তিমুর,तिमोर द्वीप,تيمور,جزیره تیمور,جزیرہ تیمور,טימור
island,Q1460,58383,Sicily,37.6,14.016666666666667,シチリア,Sicily,西西里岛,시칠리아,Sicile,Sizilien,Sicilia,Sicília,Sicilia,Sicilië,Sycylia,Сицилия,Сицилія,Szicília,Sicilien,Sicilya,Σικελία,Sisilia,Sicilia,แคว้นซิซิลี,সিসিলি,सिसिली,صقلية,سیسیل,صقلیہ,סיציליה
island,Q212219,804537,Somerset Island (Nunavut),73.25,-93.5,サマーセット島,Somerset Island,萨默塞特岛,서머싯섬,île Somerset,Somerset Island,Isla Somerset,Ilha Somerset,isola di Somerset,Somerseteiland,Wyspa Somerset,Сомерсет,Сомерсет,,Somerset Island,Somerset Adası,Νήσος Σόμερσετ,Pulau Somerset (Nunavut),Đảo Somerset (Nunavut),,,,,جزیره سامرست,جزیرہ سمرسیٹ,
island,Q1462,58803,Sardinia,40,9,サルデーニャ,Sardinia,撒丁,사르데냐,Sardaigne,Sardinien,Cerdeña,Sardenha,Sardegna,Sardinië,Sardynia,Сардиния,Сардинія,Szardínia,Sardinien,Sardinya,Σαρδηνία,Sardinia,Sardegna,แคว้นซาร์ดิเนีย,সার্দিনিয়া,सारडीनिया,سردينيا,ساردنی,ساردینیا,סרדיניה
island,Q648391,488071,Kotelny Island,75.438888888889,138.82666666667,コテリヌイ島,Kotelny Island,科捷利內島,코텔니섬,île Kotelny,Kotelny-Insel,Isla Kotelni,Ilha Kotelny,isola Kotel'nyj,Kotelny,Kotielnyj,Котельный остров,Котельний острів,,Kotelnyjön,Kotelny Adası,Κοτέλνι,Pulau Kotelny,Đảo Kotelny,เกาะโคเตลนืย,,,جزيرة كوتيلني,جزیره کوتلنی,,קוטלני
island,Q873613,488076,Faddeyevsky Peninsula,75.45,143.85,ファデエフスキイ島,Faddeyevsky Peninsula,法捷耶夫岛,파데옙스키섬,péninsule Faddeïevski,Faddejewski-Halbinsel,,Península de Faddeyevsky,Faddeevskij,Faddejevski-schiereiland,,Фаддеевский полуостров,Фадєєвський півострів,,Faddejevskihalvön,Faddeyevsky Yarımadası,,,,,,,,شبه‌جزیره فدیفسکی,,
island,Q13991,6108,Shikoku,33.75,133.5,四国,Shikoku,四國,시코쿠,Shikoku,Shikoku,Shikoku,Shikoku,Shikoku,Shikoku,Sikoku,Сикоку,Шікоку,Sikoku,Shikoku,Shikoku,Σικόκου,Shikoku,Shikoku,เกาะชิโกกุ,শিকোকু,शिकोकू,شيكوكو,شیکوکو,شیکوکو,שיקוקו
island,Q201398,816677,Halmahera,0.698055555555556,127.841111111111,ハルマヘラ島,Halmahera Island,哈马黑拉岛,할마헤라섬,Halmahera,Halmahera,Halmahera,Halmaera,Halmahera,Halmahera,Halmahera,Хальмахера,Хальмахера,Halmahera,Halmahera,Halmahera,Χαλμαχέρα,Pulau Halmahera,Halmahera,ฮัลมาเฮรา,হালমাহেরা,हालमाहेरा,هالماهيرا,هالماهرا,ہالماہيرا,האלמאהרה
island,Q185532,792325,Seram Island,-3,129,セラム島,Seram,斯兰岛,스람섬,Céram,Seram,Ceram,Ceram,Ceram,Ceram,Seram,Серам,Серам,Seram,Seram,Seram Adası,Σέραμ,Pulau Seram,Seram,เกาะเซรัม,সেরাম দ্বীপ,सेरम द्वीप,جزيرة سيرام,جزیره سرام,,סראם
island,Q256293,3154621,Grande Terre (New Caledonia),-21.41,165.49,グランドテール島,Grande Terre,大特雷島,그랑드테르섬,Grande Terre,Grande Terre,Grande Terre,Grande Terre,Grande Terre,Grande Terre,Grande Terre,Гранд-Тер (Новая Каледония),Ґранд-Терр,,Grande Terre,Grande Terre,Γκραντ Τερ,,,,,,غراند تير,,,גרנד טר
island,Q217369,809643,Bathurst Island (Nunavut),75.75,-100,バサースト島 (カナダ),Bathurst Island,巴瑟斯特岛,배서스트섬,île de Bathurst,Bathurst Island,Isla de Bathurst,Ilha Bathurst,isola Bathurst,Bathursteiland,Wyspa Bathursta,Батерст,Батерст,Bathurst-sziget (Kanada),Bathurst Island,Bathurst Adası,Νήσος Μπάθερστ,Pulau Bathurst (Nunavut),Đảo Bathurst,,,,جزيرة باثرست,جزیره باترست,جزیرہ باتھورست,בת'רסט (אי)
island,Q213146,190791,Prince Patrick Island,76.7506738,-119.503421,プリンスパトリック島,Prince Patrick Island,帕特里克王子岛,프린스패트릭섬,île du Prince-Patrick,Prince Patrick Island,Isla del Príncipe Patrick,Ilha Prince Patrick,Isola del Principe Patrizio,Prins Patrickeiland,Wyspa Księcia Patryka,Принс-Патрик,Прінс-Патрік,Prince Patrick-sziget,Prince Patrick Island,Prince Patrick Adası,Νήσος Πρίγκηπα Πάτρικ,,,เกาะพรินซ์แพทริก,,,جزيرة الأمير باتريك,جزیره پرینس پاتریک,جزیرہ پرنس پیٹرک,אי הנסיך פטריק
island,Q583990,228584,Thurston Island,-72.23,-98.615277777778,サーストン島,Thurston Island,瑟斯顿岛,,île Thurston,Thurston-Insel,Isla Thurston,Ilha Thurston,isola Thurston,Thurston-eiland,Wyspa Thurstona,Терстон,Тарстон,,Thurston Island,Thurston Adası,Θέρστον,,,,,,جزيرة ثورستن,,,האי ת'רסטון
island,Q186367,498087,Sumbawa,-8.81682777777778,117.951477777778,スンバワ島,Sumbawa Island,松巴哇島,숨바와섬,Sumbawa,Sumbawa,Sumbawa,Sumbawa,Sumbawa,Sumbawa,Sumbawa,Сумбава,Сумбава,Sumbawa,Sumbawa,Sumbawa,Σούμπαουα,Pulau Sumbawa,Sumbawa,เกาะซุมบาวา,,सुम्बावा,سُمباوة,سامباوا,سومباوا,סומבאווה
island,Q148440,211652,Flores,-8.715,121.495555555556,フローレス島 (インドネシア),Flores Island,弗洛勒斯岛,플로레스섬,Florès,Flores,Isla de Flores,Flores,Flores,Flores,Flores,Флорес,Флорес,Flores,Flores,Flores,Φλόρες,Pulau Flores,Flores,เกาะโฟลเร็ซ,ফ্লোরেস,,جزيرة فلوريس,فلورس (جزیره),فلورس، انڈونیشیا,פלורס (אינדונזיה)
island,Q207374,830830,Nordaustlandet,79.8,22.4,北東島,Nordaustlandet,东北地岛,노르아우스틀라네섬,Nordaustlandet,Nordostland,Nordaustlandet,Nordaustlandet,Nordaustlandet,Nordaustlandet,Ziemia Północno-Wschodnia,Северо-Восточная Земля,Північно-Східна Земля,,Nordaustlandet,Nordaustlandet,Βορειοανατολική Γη,,Nordaustlandet,นูเราสต์ลันเนอ,,,نورأوستلانده,نورداوست‌لانت,,נורדאוסטלנדט
island,Q217372,743975,October Revolution Island,79.483333333333,96.833333333333,十月革命島,October Revolution Island,十月革命岛,옥탸브리스코이레볼류치섬,île de la Révolution-d'Octobre,Oktoberrevolutions-Insel,Isla Revolución de Octubre,Ilha da Revolução de Outubro,Isola della Rivoluzione d'Ottobre,Oktoberrevolutie,Wyspa Rewolucji Październikowej,Остров Октябрьской Революции,Острів Жовтневої Революції,Októberi forradalom-sziget,Oktoberrevolutionön,Ekim Devrimi Adası,νήσος της Οκτωβριανής Επανάστασης,Pulau Revolusi Oktober,Đảo Cách Mạng Tháng Mười,เกาะออกโทเบอร์เรโวลูชัน,,,جزيرة ثورة أكتوبر,جزیره انقلاب اکتبر,,
island,Q143246,830614,King William Island,69.166667,-97.416667,キングウィリアム島,King William Island,威廉王島,킹윌리엄섬,île du Roi-Guillaume,King William Island,Isla del Rey Guillermo,Ilha do Rei Guilherme,Isola di Re Guglielmo,Koning Willem-eiland,Wyspa Króla Williama,Кинг-Вильям,Кінг-Вільям,Vilmos király sziget,King Williams land,King William Adası,Νήσος Βασιλιά Ουίλιαμ,Pulau King William,Đảo King William,,,,جزيرة الملك وليام,جزیره کینگ ویلیام,جزیرہ کنگ ولیمز,אי המלך ויליאם
island,Q219737,291058,Samar,12.05,125.11666666667,サマール島,Samar Island,萨马岛,사마르섬,Samar,Samar,Sámar,Samar,Samar,Samar,Samar,Самар,Самар,Samar,Samar,Samar,Σαμάρ,pulau Samar,Samar,,,सामार,سامار,سامار,سامار,סאמאר
island,Q212777,458456,Negros,10,123,ネグロス島,Negros,内格罗斯岛,네그로스섬,Negros,Negros,Negros,Negros,Negros,Negros,Negros,Негрос,Негрос,Negros,Negros,Negros,Νέγκρος,pulau Buglas,Negros,,,निग्रोस्,نيغروس,نگروس,نیگروس,נגרוס
island,Q1061269,250809,Palawan (island),9.5,118.5,パラワン島,Palawan,巴拉望,팔라완섬,Palawan,Palawan,Palawan,Palawan,,Palawan,Palawan,Палаван,Палаван,,,Palawan,Παλαουάν,Palawan,Palawan,,,,بالاوان,پالاوان,,
island,Q329452,828283,Yos Sudarso Island,-7.895831,138.364167,ヨススダルソ島,Kolepom Island,約斯·蘇達索島,요스수다르소섬,Yos Sudarso,Yos-Sudarso-Insel,Isla de Yos Sudarso,Yos Sudarso,isola Yos Sudarso,Yos Sudarso,Yos Sudarso,Йос-Сударсо,Йос-Сударсо,,Pulau Dolak,,Νήσος Γιος Σουντάρσο,Pulau Kolepom,Đảo Yos Sudarso,เกาะยซ ซูดาร์โซ,,,جزيرة يوس سودارسو,جزیره یوس سودارسو,یوس سدارسو,
island,Q332359,459944,Panay,11.15,122.48333333333,パナイ島,Panay,班乃岛,파나이섬,Panay,Panay,Panay,Panay,Panay,Panay,Panay,Панай,Панай,Panay,Panay,Panay,Πανάι,Panay,Panay,ปาไนย์,,पनाय,باناي,پانای,,פאנאי
island,Q188428,828450,Bangka Island,-2.25,106,バンカ島,Bangka Island,邦加島,방카섬,Bangka,Bangka,Isla de Bangka,Bangka,Bangka,Banka,Bangka,Банка,Банка,,Bangka,,Μπάνγκα,Pulau Bangka,Bangka,,,,بانغكا,جزیره بانگکا,بانگکا,באנגקה
island,Q650720,744899,Bolshevik Island,78.609166666667,102.92805555556,ボリシェヴィク島,Bolshevik Island,布爾什維克島,볼셰비크섬,île Bolchevique,Bolschewik-Insel,Isla Bolchevique,Ilha Bolchevique,isola Bolscevica,Bolsjevik,Bolszewik,Большевик,Більшовик,Bolsevik-sziget,Bolsjevikön,Bolşevik Adası,Νησί των Μπολσεβίκων,Pulau Bolshevik,Đảo Bolshevik,เกาะบอลเชวิค,,,جزيرة البلاشفة,جزیره بولشویک,,
island,Q215001,292462,Ellef Ringnes Island,78.5,-102.25,エルフリングネース島,Ellef Ringnes Island,埃勒夫靈內斯島,엘레프링네스섬,île Ellef Ringnes,Ellef Ringnes Island,Isla Ellef Ringnes,Ilha Ellef Ringnes,isola di Ellef Ringnes,Ellef Ringnes-eiland,Wyspa Ellefa Ringnesa,Эллеф-Рингнес,Еллеф-Рінґнес,,Ellef Ringnes Island,Ellef Ringnes Adası,Έλεφ Ρίνγκνες,,,,,,جزيرة اليف رينجنس,جزیره الف رینگنس,جزیرہ ایلف رنگرز,
island,Q206368,832161,Sumba,-9.7283306,120.0011111,スンバ島,Sumba Island,松巴島,숨바섬,Sumba,Sumba,Sumba,Sumba,isola Sumba,Sumba,Sumba,Сумба,Сумба,Sumba,Sumba,Sumba,Σούμπα,Pulau Sumba,Sumba,เกาะซุมบา,,सुम्बा,جزيرة سومبا,سومبا,سومبا,סומבה (אינדונזיה)
island,Q645180,830660,Bylot Island,73.216667,-78.566667,バイロト島,Bylot Island,拜洛特岛,,île Bylot,Bylot-Insel,Isla Bylot,Ilha de Bylot,isola di Bylot,Byloteiland,Wyspa Bylota,Байлот,Байлот,,Bylot Island,Bylot Adası,Μπάιλοτ,,,,,,جزيرة بيلوت,جزیره بایلت,جزیرہ بائلوٹ,
island,Q766,6362,Jamaica,18.18,-77.4,ジャマイカ,Jamaica,牙買加,자메이카,Jamaïque,Jamaika,Jamaica,Jamaica,Giamaica,Jamaica,Jamajka,Ямайка,Ямайка,Jamaica,Jamaica,Jamaika,Τζαμάικα,Jamaika,Jamaica,ประเทศจาเมกา,জ্যামাইকা,जमैका,جامايكا,جامائیکا,جمیکا,ג'מייקה
island,Q68740,155037,Hawaiʻi (island),19.59,-155.435,ハワイ島,Hawaii,夏威夷島,하와이섬,Hawaï,Hawaiʻi,Isla de Hawái,Ilha Havai,Isola di Hawaii,Hawaï,Hawaiʻi,Гавайи,Гаваї,Hawaii,Hawaii,Hawaii,Χαβάη,Hawaii,Hawaii,เกาะฮาวาย,,हवाई (द्वीप),هاواي,هاوایی,ہوائی,הוואי
island,Q208198,203742,Viti Levu,-17.8,178,ビティレブ島,Viti Levu,维提岛,비치레부섬,Viti Levu,Viti Levu,Viti Levu,Viti Levu,Viti Levu,Viti Levu,Viti Levu,Вити-Леву,Віті-Леву,,Viti Levu,Viti Levu,Βίτι Λέβου,Viti Levu,Viti Levu,วีตีเลวู,,विति लेवु,فيتي ليفو,ویتی لوو,,ויטי לוו
island,Q188489,503119,Cape Breton Island,46.186732,-60.770781,ケープ・ブレトン島,Cape Breton Island,布雷顿角岛,케이프브레튼 섬,île du Cap-Breton,Kap-Breton-Insel,Isla del Cabo Bretón,Ilha Cape Breton,isola del Capo Bretone,Cape Bretoneiland,Cape Breton,Кейп-Бретон,Кейп-Бретон,Breton-foki-sziget,Kap Bretonön,Cape Breton Adası,Κέιπ Μπρετόν,Pulau Tanjung Breton,Đảo Cape Breton,เกาะเคปเบรตัน,,,جزيرة كيب بريتون,جزیره کیپ برتون,,האי קייפ ברטון
island,Q201766,74314,Bougainville Island,-6.2444444444444,155.38388888889,ブーゲンビル島,Bougainville Island,布干维尔岛,부건빌섬,île Bougainville,Bougainville,Bougainville,Bougainville,Bougainville,Bougainville,Bougainville,Бугенвиль,Бугенвіль,Bougainville,Bougainville,Bougainville,Μπουγκαινβίλ,Pulau Bougainville,Bougainville,เกาะบูเกนวิลล์,,,جزيرة بوغانفيل,جزیره بوگنویل,جزیرہ بوگاینویل,בוגנוויל
island,Q211800,341609,Mindoro,12.93,121.09,ミンドロ島,Mindoro,民都洛,민도로섬,Mindoro,Mindoro,Mindoro,Mindoro,Mindoro,Mindoro,Mindoro,Миндоро,Міндоро,Mindoro,Mindoro,Mindoro,Μιντόρο,Mindoro,Mindoro,มินโดโร,মিন্দোরো,मिन्दोरो,ميندورو,میندورو,,מינדורו
island,Q837267,832244,Prince Charles Island,67.783333,-76.2,プリンスチャールズ島,Prince Charles Island,查爾斯王子島,프린스찰스섬,île Prince-Charles,Prince Charles Island,Isla del Príncipe Carlos,Ilha do Príncipe Carlos,isola del Principe Carlo,Prins Charleseiland,Wyspa Księcia Karola,Принс-Чарльз,Прінс-Чарлз,,Prince Charles Island,Prince Charles Adası,Νήσος Πρίγκηπα Καρόλου,,,,,,جزيرة الأمير تشارلز,جزیره پرینس چارلز,,אי הנסיך צ'ארלס
island,Q271030,894461,Buru,-3.44583055555556,126.632219444444,ブル島,Buru Island,布魯島,부루섬,Buru,Buru,Buru,Buru,Buru,Buru,Buru,Буру,Буру,Buru,Buru,,Μπούρου,Pulau Buru,Buru,เกาะบูรู,,बूरू द्वीप,جزيرة بورو,بورو (جزیره),,בורו
island,Q204387,844406,Kodiak Island,57.466666666667,-153.43333333333,コディアック島,Kodiak Island,科迪亚克岛,코디악 섬,île Kodiak,Kodiak-Insel,Isla Kodiak,Ilha Kodiak,isola Kodiak,Kodiak,Kodiak,Кадьяк,Кадьяк,Kodiak-sziget,Kodiak Island,Kodiak Adası,Κόντιακ,Pulau Kodiak,,เกาะโคดีแอก,,,جزيرة كودياك,جزیره کودیاک,جزیرہ کوڈیاک,קודיאק
island,Q644636,54560,Cyprus (island),35,33,キプロス島,Cyprus,塞浦路斯島,키프로스섬,Chypre,Zypern,Isla de Chipre,Chipre,Cipro,Cyprus,Cypr,Кипр,Кіпр,Ciprus,Cypern,Kıbrıs,Κύπρος,Siprus,,,,,قبرص,,,קפריסין
island,Q248654,744001,Komsomolets Island,80.484166666667,94.996388888889,コムソモレツ島,Komsomolets Island,共青团员岛,콤소몰레츠섬,île Komsomolets,Komsomolez-Insel,Isla Komsomolets,Ilha Komsomolets,isola Komsomolec,Komsomolets,Komsomolec,Комсомолец,Комсомолець,Komszomolec-sziget,Komsomoletsön,Komsomolets Adası,Νήσος Κομσομόλετς,,Đảo Komsomolets,เกาะคอมโซโมเลตส์,,,جزيرة كومسوموليتس,جزیره کومسومولتس,,
island,Q1183,40131,Puerto Rico,18.25,-66.5,プエルトリコ,Puerto Rico,波多黎各,푸에르토리코,Porto Rico,Puerto Rico,Puerto Rico,Porto Rico,Porto Rico,Puerto Rico,Portoryko,Пуэрто-Рико,Пуерто-Рико,Puerto Rico,Puerto Rico,Porto Riko,Πουέρτο Ρίκο,Puerto Riko,Puerto Rico,ปวยร์โตรีโก,পুয়ের্তো রিকো,पोर्टो रीको,بورتوريكو,پورتوریکو,پورٹو ریکو,פוארטו ריקו
island,Q14112,41797,Corsica,42.15,9.0833333333333,コルシカ島,Corsica,科西嘉,코르시카,Corse,Korsika,Córcega,Córsega,Corsica,Corsica,Korsyka,Корсика,Корсика,Korzika,Korsika,Korsika,Κορσική,Korsika,Corse,คอร์ซิกา,কর্স,कोर्सिका,كورسيكا,کُرس,کورسیکا,קורסיקה
island,Q215089,428960,New Ireland (island),-3.33,152,ニューアイルランド島,New Ireland,新爱尔兰岛,뉴아일랜드섬,Nouvelle-Irlande,Neuirland,Nueva Irlanda,Nova Irlanda,Nuova Irlanda,Nieuw-Ierland,Nowa Irlandia,Новая Ирландия,Нова Ірландія,Új-Írország,Niu Ailan,Yeni İrlanda,Νέα Ιρλανδία,New Ireland,New Ireland,เกาะนิวไอร์แลนด์,,,أيرلندا الجديدة,ایرلند نو,,אירלנד החדשה
island,Q1228827,3228631,Disko Island,69.75,-53.5,ディスコ島,Disko Island,迪斯科岛,,Disko,Diskoinsel,Isla Disko,Ilha Disko,isola di Disko,Qeqertarsuaq,Disko,Диско,Діско,Disko-sziget,Disko,Disko Adası,Νήσος Ντίσκο,Pulau Disko,,,,,جزيرة ديسكو,جزیره دیسکو,,
island,Q504449,872478,Chiloé Island,-42.676666666667,-73.993333333333,チロエ島,Chiloé Island,奇洛埃岛,칠로에섬,île de Chiloé,Chiloé,Isla Grande de Chiloé,Ilha Grande de Chiloé,Chiloé,Chiloé,Chiloé,Чилоэ,Чилое,,Chiloé,Chiloé,Νήσος Τσιλοέ,Pulau Chiloé,Chiloé (đảo),,,,جزيرة شيلوي,جزیره شیلوئه,,צ'ילואה
island,Q34374,54473,Crete,35.309722222222,24.893333333333,クレタ島,Crete,克里特岛,크레타,Crète,Kreta,Creta,Creta,Creta,Kreta,Kreta,Крит,Крит,Kréta,Kreta,Girit,Κρήτη,Kreta,Crete,ครีต,ক্রিট,क्रीत,كريت,کرت,کریٹ,כרתים
island,Q575033,835247,Anticosti Island,49.5,-63,アンティコスティ島,Anticosti Island,安蒂科斯蒂島,앙티코스티섬,île d'Anticosti,Anticosti,Isla de Anticosti,Ilha Anticosti,isola d'Anticosti,Anticosti,Anticosti,Антикости,Антикості,,Anticostiön,Anticosti Adası,Αντικόστι,Pulau Anticosti,,,,,جزيرة أنتيكوستي,جزیره آنتیکاستی,,אנטיקוסטי
island,Q106594,191328,Wrangel Island,71.233333333333,-179.4,ウランゲリ島,Wrangel Island,弗兰格尔岛,브란겔섬,île Wrangel,Wrangelinsel,Isla de Wrangel,Ilha de Wrangel,isola di Wrangel,Wrangel,Wyspa Wrangla,Остров Врангеля,Острів Врангеля,Vrangel-sziget,Wrangels ö,Vrangel Adası,Νήσος Βράνγκελ,Pulau Wrangel,Đảo Wrangel,เกาะแรงเกล,ভ্রাংগেল দ্বীপ,रैंगल द्वीप,جزيرة رانجل,جزیره ورانگل,,וראנגל
island,Q501337,191211,"Roosevelt Island, Antarctica",-79.333333333333,-162,ルーズベルト島 (南極),Roosevelt Island,羅斯福島,루스벨트섬,île Roosevelt,Roosevelt-Insel,Isla Roosevelt,Ilha Roosevelt,isola Roosevelt,Roosevelt,Wyspa Roosevelta,Остров Рузвельта,Острів Рузвельта,,Roosevelt Island,Roosevelt Adası (Antarktika),Ρούσβελτ,,,,,,جزيرة روزفلت,جزیره روزولت,,רוזוולט
island,Q211377,118545,Leyte,10.8,124.9,レイテ島,Leyte,莱特,레이테섬,Leyte,Leyte,Leyte,Leyte,Leyte,Leyte,Leyte,Лейте,Лейте,Leyte,Leyte,Leyte,Λέιτε,pulau Leite,Leyte,เลย์เต,,लेयते,ليتي,لیته,,לייטה
island,Q25535,430318,Zealand,55.57,11.89,シェラン島,Zealand,西蘭島,셸란섬,Seeland,Seeland,Selandia,Zelândia,Sjælland,Seeland,Zelandia,Зеландия,Зеландія,Sjælland,Själland,Sjaelland,Σέλαιν,Zealand,Zealand,เกาะเชลลันด์,জিল্যান্ড,ज़ीलैंड,زيلند,زیلند,زیلینڈ,שלן
island,Q674504,292455,Cornwallis Island (Nunavut),75.133333,-95,コーンウォリス島,Cornwallis Island,康沃利斯岛,콘월리스섬,île Cornwallis,Cornwallis Island,Isla Cornwallis,Ilha Cornwallis,isola Cornwallis,Cornwallis,Wyspa Cornwallisa,Корнуоллис,Корнуолліс,,Cornwallis Island,Cornwallis Adası,,,,,,,جزيرة كورنواليس,جزیره کورنوالیس,,
island,Q642226,221298,East Falkland,-51.806111111111,-58.787222222222,東フォークランド島,islas Malvinas,索莱达岛,동포클랜드섬,Malouine orientale,Ostfalkland,Isla Soledad,Malvina Oriental,Falkland Orientale,Oost-Falkland,Falkland Wschodni,Восточный Фолкленд,Східний Фолкленд,Kelet-Falkland,Östra Falkland,Soledad Adası,,Falkland Timur,Đông Falkland,,,,جزيرة فوكلاند الشرقية,فالکلند شرقی,ایسٹ فالکلینڈ,אי פוקלנד המזרחי
island,Q733338,767371,West Falkland,-51.7975,-60.131944444444,西フォークランド島,West Falkland,大马尔维纳岛,서포클랜드섬,île de Grande Malouine,Westfalkland,Isla Gran Malvina,Malvina Ocidental,Falkland Occidentale,West-Falkland,Falkland Zachodni,Западный Фолкленд,Західний Фолкленд,Nyugat-Falkland,Västra Falkland,Büyük Malvina Adası,,Falkland Barat,Tây Falkland,,,,جزيرة فوكلاند الغربية,فالکلند غربی,ویسٹ فالکلینڈ,אי פוקלנד המערבי
island,Q1130726,4034356,Siple Island,-73.65,-125.2,サイプル島,Siple Island,錫普爾島,,île Siple,Siple-Insel,Isla Siple,Ilha Siple,isola Siple,Siple-eiland,Wyspa Siple'a,Сипл,Острів Сайпл,,Siple Island,Siple Adası,Νήσος Σάιπλ,,,,,,جزيرة سيبل,,,האי סיפל
island,Q1978,47738,Prince Edward Island,46.4,-63.2,プリンスエドワードアイランド州,Prince Edward Island,愛德華王子島,프린스에드워드아일랜드주,Île-du-Prince-Édouard,Prince Edward Island,Isla del Príncipe Eduardo,Ilha do Príncipe Eduardo,Isola del Principe Edoardo,Prins Edwardeiland,Wyspa Księcia Edwarda,Остров Принца Эдуарда,Острів Принца Едварда,Prince Edward-sziget,Prince Edward Island,Prens Edward Adası,Νήσος του Πρίγκηπα Εδουάρδου,Pulau Pangeran Edward,Đảo Hoàng tử Edward,รัฐพรินซ์เอดเวิร์ดไอแลนด์,প্রিন্স এডওয়ার্ড দ্বীপ,प्रिंस एडवर्ड द्वीप,جزيرة الأمير إدوارد,جزیره پرنس ادوارد,پرنس ایڈورڈ آئی لینڈ,אי הנסיך אדוארד
island,Q4648,652827,Bali (island),-8.35638888888889,115.071941666667,バリ島,Bali Island,巴厘岛,발리섬,Bali,Bali,Bali,Bali,Bali,Bali,Bali,Бали,Балі,Bali,Bali,Bali Adası,Μπαλί,Pulau Bali,Bali,,বালি,बाली,بالي,بالی,بالی,באלי
island,Q1774076,3275812,Zhoushan Island,30.057777777778,122.13805555556,舟山島,Zhoushan Island,舟山岛,저우산섬,île de Zhoushan,Zhoushan,Isla Zhoushan,,,Zhoushan Island,,,,,Zhoushan Dao,,,Pulau Zhoushan,Đảo Chu San,,,,,,,
island,Q134116,801624,Melville Island (Northwest Territories and Nunavut),75.50135,-113.50515,メルヴィル島 (カナダ),Melville Island,梅尔维尔岛,멜빌섬,île Melville,Melville Island,Isla Melville,Ilha Melville,isola di Melville,Melville-eiland,Wyspa Melville'a,Мелвилл,Мелвілл,Melville-sziget,Melvilleön,Melville Adası,Μέλβιλ,,Đảo Melville,,,,جزيرة ميلفيل,جزیره ملویل,جزیرہ میلویل,מלוויל
island,Q504763,1053965,Melville Island (Northern Territory),-11.5,130.93333333333,メルヴィル島 (オーストラリア),Melville Island,梅尔维尔岛,멜빌섬,île Melville,Melville Island,Isla Melville,Ilha Melville,Melville,Melville-eiland,Wyspa Melville'a,Мелвилл,Мелвілл,Melville-sziget,Melvilleön,Melville Adası,Νήσος Μέλβιλ,Pulau Melville,Đảo Melville,,,,جزيرة ملفيل,جزیره ملویل,,מלוויל
island,Q1048284,891459,Wellington Island,-49.366666666667,-74.916666666667,ウェリントン島,Wellington Island,惠靈頓島,웰링턴섬,île Wellington,Wellington,Isla Wellington,Ilha Wellington,isola Wellington,Wellington-eiland,Wellington,Веллингтон,Веллінгтон,,Isla Wellington,Wellington Adası,Νήσος Βέλινγκτον,Pulau Wellington,,,,,جزيرة ويلينغتون,جزیره ولینگتون,,
island,Q14056,226293,Jan Mayen,70.983,-8.5336,ヤンマイエン島,Jan Mayen,揚馬延,얀마옌섬,île Jan Mayen,Jan Mayen,Jan Mayen,Jan Mayen,Jan Mayen,Jan Mayen,Jan Mayen,Ян-Майен,Ян-Маєн,Jan Mayen-sziget,Jan Mayen,Jan Mayen,Γιαν Μάγεν,Jan Mayen,Jan Mayen,ยานไมเอน,ইয়ান মায়েন,यान मायन,يان ماين,یان ماین,جان ماین,יאן מאיין
island,Q34497,122659,Saint Helena,-15.95,-5.7166666666667,セントヘレナ,Saint Helena,圣赫勒拿,세인트헬레나,Sainte-Hélène,St. Helena,Isla Santa Elena,Santa Helena,Sant'Elena,Sint-Helena,Wyspa Świętej Heleny,остров Святой Елены,Острів Святої Єлени,Szent Ilona,Sankt Helena,Saint Helena,Νήσος Αγίας Ελένης,Saint Helena,Saint Helena,เซนต์เฮเลนา,সেন্ট হেলেনা,सन्त हेलेना,سانت هيلينا,سینت هلینا,سینٹ ہلینا,סנט הלנה
island,Q25279,343280,Curaçao,12.2,-69,キュラソー (オランダ王国),Curaçao,库拉索,퀴라소,Curaçao,Curaçao,Curazao,Curaçau,Curaçao,Curaçao,Curaçao,Кюрасао,Кюрасао,Curaçao,Curaçao,Curaçao,Κουρασάο,Curaçao,Curaçao,กือราเซา,কুরাকাও,कुराकाओ,كوراساو,کوراسائو,کیوراساؤ,קוראסאו
island,Q21203,47181,Aruba,12.515,-69.975,アルバ,Aruba,阿魯巴,아루바,Aruba,Aruba,Aruba,Aruba,Aruba,Aruba,Aruba,Аруба,Аруба,Aruba,Aruba,Aruba,Αρούμπα,Aruba,Aruba,อารูบา,আরুবা,अरूबा,أروبا,آروبا,اروبا,ארובה
island,Q25396,355049,Bonaire,12.2,-68.25,ボネール島,Bonaire,博奈尔,보네르섬,Bonaire,Bonaire,Bonaire,Bonaire,Bonaire,Bonaire,Bonaire,Бонайре,Бонайре,Bonaire,Bonaire,Bonaire,Μποναίρ,Bonaire,Bonaire,โบแนเรอ,বোনাইর,बोनेयेर,بونير,بونیر,بونایر,בונייר
island,Q46197,234756,Ascension Island,-7.95,-14.35,アセンション島,Ascension Island,阿森松岛,어센션섬,île de l'Ascension,Ascension Insel,Isla Ascensión,Ilha de Ascensão,Isola di Ascensione,Ascension Eiland,Wyspa Wniebowstąpienia,остров Вознесения,Острів Вознесіння,Ascension-sziget,Ascension,Ascension Adası,Νήσος Αναλήψεως,Pulau Ascension,Đảo Ascension,อัสเซนชัน,অ্যাসেনশন দ্বীপ,असेन्शियन द्वीप,جزيرة أسينشين,اسنشن,جزیرہ اسینشن,אסנשן
island,Q220982,252421,Tristan da Cunha,-37.15,-12.3,トリスタンダクーニャ,Tristan da Cunha,特里斯坦-达库尼亚,트리스탄다쿠냐 제도,Tristan da Cunha,Tristan da Cunha,Tristán de Acuña,Arquipélago de Tristão da Cunha,Tristan da Cunha,Tristan da Cunha,Tristan da Cunha,Тристан-да-Кунья,Трістан-да-Кунья,Tristan da Cunha,Tristan da Cunha,Tristan da Cunha,Τριστάν ντα Κούνια,Tristan da Cunha,Tristan da Cunha,ตริสตันดากูนยา,ট্রিস্টান ডা কুনহা,त्रिस्तान दा कून्हा,تريستان دا كونا,تریستان,ترسٹان دا کونیا,טריסטן דה קונה
island,Q131198,157812,Heard Island and McDonald Islands,-53.07833333333333,73.5075,ハード島とマクドナルド諸島,Heard Island and McDonald Islands,赫德島和麥克唐納群島,허드 맥도널드 제도,îles Heard-et-MacDonald,Heard und McDonaldinseln,Islas Heard y McDonald,Ilha Heard e Ilhas McDonald,Isole Heard e McDonald,Heard en McDonaldeilanden,Wyspy Heard i McDonalda,Остров Херд и острова Макдональд,Острів Герд і острови Макдональд,Heard-sziget és McDonald-szigetek,Heard- och McDonaldöarna,Heard Adası ve McDonald Adaları,Νήσοι Χερντ και Μακντόναλντ,Pulau Heard dan Kepulauan McDonald,Đảo Heard và quần đảo McDonald,เกาะเฮิร์ดและหมู่เกาะแมกดอนัลด์,হার্ড দ্বীপ এবং ম্যাকডোনাল্ড দ্বীপপুঞ্জ,हर्ड द्वीप और मैकडोनाल्ड द्वीप,جزيرة هيرد وجزر ماكدونالد,جزیره هرد و جزایر مک‌دونالد,جزیرہ ہرڈ و جزائر مکڈونلڈ,האי הרד ואיי מקדונלד
island,Q161258,161127,Clipperton Island,10.293888888889,-109.21722222222,クリッパートン島,Clipperton Island,克利珀頓島,클리퍼턴섬,La Passion–Clipperton,Clipperton-Insel,Isla Clipperton,Ilha de Clipperton,Isola Clipperton,Clipperton,Wyspa Clippertona,Клиппертон,Кліппертон,Clipperton-sziget,Clippertonön,Clipperton Adası,Νήσος Κλίπερτον,Pulau Clipperton,Clipperton,เกาะกลีแปร์ตอน,ক্লিপারটন দ্বীপপুঞ্জ,क्लिपरटन द्वीप,جزيرة كليبرتون,جزیره کلیپرتون,جزیرہ کلپرٹن,קליפרטון
island,Q25362,343863,Saint Barthélemy,17.897728,-62.8342438,サン・バルテルミー島,Saint Barthélemy,聖巴泰勒米,생바르텔레미,Saint-Barthélemy,Saint-Barthélemy,San Bartolomé,São Bartolomeu,Saint-Barthélemy,Saint-Barthélemy,Saint-Barthélemy,Сен-Бартелеми,Сен-Бартельмі,Saint-Barthélemy,Saint-Barthélemy,Saint Barthélemy,Άγιος Βαρθολομαίος,Saint-Barthélemy,Saint-Barthélemy,แซ็ง-บาร์เตเลมี,সেন্ট-বার্থেলেমি,सेंट बार्थेलेमी,سان بارتيلمي,سنت بارثلمی,سینٹ بارتھیملے,סן ברתלמי
island,Q1137202,237258,South Georgia,-54.316666666667,-36.65,サウスジョージア島,South Georgia,南喬治亞島,사우스조지아섬,île de Géorgie du Sud,Südgeorgien,San Pedro (Georgia del Sur),Geórgia do Sul,Georgia del Sud,Zuid-Georgia,Georgia Południowa,Южная Георгия,Південна Георгія,Déli-Georgia,Sydgeorgien,Güney Georgia Adası,,Georgia Selatan (pulau),Đảo Nam Georgia,เกาะเซาท์จอร์เจีย,,,جزيرة جورجيا الجنوبية,جزیره جورجیای جنوبی,جنوبی جارجیا (جزیرہ),ג'ורג'יה הדרומית
island,Q23408,160370,Bouvet Island,-54.42,3.36,ブーベ島,Bouvet Island,布韦岛,부베섬,île Bouvet,Bouvetinsel,Isla Bouvet,Ilha Bouvet,isola Bouvet,Bouveteiland,Wyspa Bouveta,Остров Буве,Буве,Bouvet-sziget,Bouvetön,Bouvet Adası,Μπουβέ,Pulau Bouvet,Đảo Bouvet,เกาะบูเว,বোভেত দ্বীপ,बूवे द्वीप,جزيرة بوفيه,جزیره بووه,جزیرہ بووہ,בובה
island,Q131347,4125,Oʻahu,21.485,-157.965,オアフ島,Oahu,歐胡島,오아후섬,Oahu,Oʻahu,Oahu,Oahu,Oahu,Oahu,O'ahu,Оаху,Оаху,Oahu,Oahu,Oahu,Οάχου,Oahu,Oahu,เกาะโอวาฮู,,ओहाऊ,أواهو، هاواي,اوآهو,اوآہو,אואהו
island,Q14452,270638,Easter Island,-27.12,-109.35,イースター島,Easter Island,復活節島,이스터섬,île de Pâques,Osterinsel,Isla de Pascua,Ilha de Páscoa,Isola di Pasqua,Paaseiland,Wyspa Wielkanocna,остров Пасхи,Острів Пасхи,Húsvét-sziget,Påskön,Paskalya Adası,Νησί του Πάσχα,Pulau Paskah,Đảo Phục Sinh,เกาะอีสเตอร์,ইস্টার দ্বীপ,ईस्टर द्वीप,جزيرة القيامة,جزیره ایستر,جزیرہ ایسٹر,אי הפסחא
island,Q1427436,1025148,Chatham Island,-43.91,-176.49,チャタム島,Chatham Island,查塔姆島,채텀섬,île Chatham,Chatham Island,Isla Chatham,Ilha Chatham,isola Chatham,Chatham Island,Wyspa Chatham,Чатем,Чатем,,Chatham Island,Chatham Adası,Νησί Τσάταμ,Pulau Chatham,Đảo Chatham,,,,,جزیره چاتام,,
island,Q1047492,8716,Minamitorishima,24.286666666667,153.98055555556,南鳥島,Minamitorishima,南鳥島,미나미토리섬,île Minamitori,Minami-Torishima,Minami Torishima,Minamitorishima,Minami Torishima,Minamitorishima,Minami Tori-shima,Минамитори,Острів Мінамі-Торішіма,,Minami-Torishima,Minami Torishima,Μινάμι-Τόρι-σίμα,,Minamitorishima,มินามิโทริชิมะ,,,مينامي-توري-شيما,مینامی-توری-شیما,مینامی توری شیما,
island,Q201633,49441,Iwo Jima,24.78,141.32,硫黄島 (東京都),Iwo Jima,硫磺岛,이오섬,Iwo Jima,Iwojima,Iōtō,Iwo Jima,Iwo Jima,Iwo Jima,Iwo Jima,Ио,Іото,,Iwo Jima,Iwo Jima,Ίβο Τζίμα,Iwo Jima,Đảo Iō,อิโวะจิมะ,ইয়ো জিমা,,إيو جيما,ایووجیما,,איוו ג'ימה
island,Q29151,102269,Jeju Island,33.38,126.55,済州島,Jeju Island,济州岛,제주도,île de Jeju,Jejudo,Jeju,Jeju,Isola di Jeju,Jeju,Czedżu,Чеджудо,Острів Чеджу,Csedzsu-sziget,Jeju,Jejudo,Νησί Τζέτζου,Pulau Jeju,Đảo Jeju,จังหวัดปกครองตนเองพิเศษเชจู,চেজু দ্বীপ,जेजू द्वीप,جزيرة جيجو,ججودو,جینودو,צ'ג'ו
island,Q600614,29475,Okinawa Island,26.483333333333,127.95,沖縄本島,Okinawa,沖繩島,오키나와섬,Okinawa,Okinawa Hontō,Isla de Okinawa,Okinawa,isola di Okinawa,Okinawa,Okinawa,Окинава,Острів Окінава,Okinava,Okinawa,Okinawa Adası,Οκινάουα,Pulau Okinawa,Okinawa,เกาะโอกินาวะ,,,جزيرة أوكيناوا,جزیره اوکیناوا,جزیرہ اوکیناوا,אוקינאווה
island,Q998623,19514,Sado Island,38.0675,138.3975,佐渡島,Sado Island,佐渡岛,사도가섬,île de Sado,Sado,Isla Sado,,isola di Sado,Sado,Sado,Садо,Садо,,Sado,Sado Adası,,Pulau Sado,,,,,,,,סאדו
island,Q504373,6120,Awaji Island,34.383333333333,134.83333333333,淡路島,Awaji Island,淡路島,아와지섬,île d'Awaji,Awaji-shima,Isla Awaji,Ilha Awaji,isola Awaji,Awaji,Awaji,Авадзи,Авадзі,,Awaji,Awaji Adası,Αβάτζι,Awaji,Awaji,เกาะอาวาจิ,আয়াজি দ্বীপ,अवाजी द्वीप,أواجي,جزیره آواجی,,אוואג'י
island,Q697278,105958,Amami Ōshima,28.283333333333,129.36666666667,奄美大島,Amami Ōshima,奄美大島,아마미오섬,Amami-ōshima,Amami-Ōshima,Amami Oshima,Amami Ōshima,Amami Ōshima,Amami Ōshima,Amami-Ōshima,Осима,Амамі Ошіма,,Amami-Ōshima,Amami,Αμάμι Οσίμα,Amami Ōshima,Amami Ōshima,,,,أمامي أوشيما,آمامی اوشیما,,אממי אושימה
island,Q242176,14931,Yakushima,30.358611111111,130.52861111111,屋久島,Yakushima,屋久島,야쿠섬,Yakushima,Yakushima,Yakushima,Yakushima,Yakushima,Yakushima,Yakushima,Якусима,Якушіма,Jakusima,Yakushima,Yakuşima,Γιακουσίμα,Yakushima,Yakushima,ยากูชิมะ,,,ياكوشيما,یاکوشیما,,יקושימה
island,Q696228,1211279,Tanegashima,30.573888888889,130.98111111111,種子島,Tanegashima,種子島,다네가섬,île Tanega,Tanegashima,Tanegashima,Tanegashima,Tanegashima,Tanegashima,Tanegashima,Танегасима,Танегашіма,,Tanega-shima,Tanegashima,,Tanegashima,Tanegashima,ทาเนงาชิมะ,,,,تانه‌گاشیما,,טנגשימה
island,Q47863,202419,Midway Atoll,28.2075,-177.35,ミッドウェー島,Midway Atoll,中途島,미드웨이 환초,îles Midway,Midwayinseln,Islas Midway,Atol Midway,Atollo di Midway,Midway,Midway,Мидуэй,Мідвей,Midway-atoll,Midwayöarna,Midway Adası,Ατόλλη Μίντγουαιη,Atol Midway,Đảo san hô vòng Midway,มิดเวย์อะทอลล์,মিডওয়ে,मिडवे,جزر ميدواي,جزیره مرجانی میدوی,جزیرہ مڈوے,אטול מידוויי
islands,Q185018,290635,Franz Josef Land,80.566666666667,54.783333333333,ゼムリャフランツァヨシファ,Franz Josef Land,法兰士约瑟夫地群岛,제믈랴프란차이오시파 제도,Terre François-Joseph,Franz-Josef-Land,Tierra de Francisco José,Terra de Francisco José,Terra di Francesco Giuseppe,Frans Jozefland,Ziemia Franciszka Józefa,Земля Франца-Иосифа,Земля Франца-Йосифа,Ferenc József-föld,Frans Josefs land,Franz Josef Toprakları,Γη του Φραγκίσκου Ιωσήφ,Daratan Franz Josef,Zemlya Frantsa-Iosifa,ฟรานซ์โจเซฟแลนด์,,फ़्रांज़ योसेफ़ द्वीपसमूह,أرخبيل فرنسوا جوزيف,مجمع‌الجزایر فرانز جوزف,,ארץ פרנץ יוזף
islands,Q35086,233535,South Georgia and the South Sandwich Islands,-54.25,-36.75,サウスジョージア・サウスサンドウィッチ諸島,South Georgia and the South Sandwich Islands,南乔治亚和南桑威奇群岛,사우스조지아 사우스샌드위치 제도,Géorgie du Sud-et-les Îles Sandwich du Sud,Südgeorgien und die Südlichen Sandwichinseln,Islas Georgias del Sur y Sandwich del Sur,Ilhas Geórgia do Sul e Sandwich do Sul,Georgia del Sud e isole Sandwich meridionali,Zuid-Georgia en de Zuidelijke Sandwicheilanden,Georgia Południowa i Sandwich Południowy,Южная Георгия и Южные Сандвичевы острова,Південна Джорджія і Південні Сандвічеві Острови,Déli-Georgia és Déli-Sandwich-szigetek,Sydgeorgien och Sydsandwichöarna,Güney Georgia ve Güney Sandwich Adaları,Νήσοι Νότια Γεωργία και Νότιες Σάντουιτς,Georgia Selatan dan Kepulauan Sandwich Selatan,Nam Georgia và Quần đảo Nam Sandwich,เกาะเซาท์จอร์เจียและหมู่เกาะเซาท์แซนด์วิช,দক্ষিণ জর্জিয়া ও দক্ষিণ স্যন্ডউইচ দ্বীপপুঞ্জ,दक्षिण जॉर्जिया एवं दक्षिण सैंडविच द्वीप समूह,جورجيا الجنوبية وجزر ساندويتش الجنوبية,جزایر جورجیای جنوبی و ساندویچ جنوبی,جنوبی جارجیا و جزائر جنوبی سینڈوچ,איי ג'ורג'יה הדרומית ואיי סנדוויץ' הדרומיים
islands,Q23635,69377,Bermuda,32.32,-64.74,バミューダ諸島,Bermuda,百慕大,버뮤다,Bermudes,Bermuda,Bermudas,Bermudas,Bermuda,Bermuda,Bermudy,Бермудские Острова,Бермудські острови,Bermuda,Bermuda,Bermuda,Βερμούδες,Bermuda,Bermuda,เบอร์มิวดา,বারমুডা,बरमूडा,برمودا,برمودا,برمودا,ברמודה
islands,Q131198,157812,Heard Island and McDonald Islands,-53.07833333333333,73.5075,ハード島とマクドナルド諸島,Heard Island and McDonald Islands,赫德島和麥克唐納群島,허드 맥도널드 제도,îles Heard-et-MacDonald,Heard und McDonaldinseln,Islas Heard y McDonald,Ilha Heard e Ilhas McDonald,Isole Heard e McDonald,Heard en McDonaldeilanden,Wyspy Heard i McDonalda,Остров Херд и острова Макдональд,Острів Герд і острови Макдональд,Heard-sziget és McDonald-szigetek,Heard- och McDonaldöarna,Heard Adası ve McDonald Adaları,Νήσοι Χερντ και Μακντόναλντ,Pulau Heard dan Kepulauan McDonald,Đảo Heard và quần đảo McDonald,เกาะเฮิร์ดและหมู่เกาะแมกดอนัลด์,হার্ড দ্বীপ এবং ম্যাকডোনাল্ড দ্বীপপুঞ্জ,हर्ड द्वीप और मैकडोनाल्ड द्वीप,جزيرة هيرد وجزر ماكدونالد,جزیره هرد و جزایر مک‌دونالد,جزیرہ ہرڈ و جزائر مکڈونلڈ,האי הרד ואיי מקדונלד
islands,Q5785,207946,Cayman Islands,19.5,-80.5,ケイマン諸島,Cayman Islands,開曼群島,케이맨 제도,îles Caïmans,Cayman Islands,Islas Caimán,Ilhas Cayman,Isole Cayman,Kaaimaneilanden,Kajmany,Каймановы Острова,Кайманові острови,Kajmán-szigetek,Caymanöarna,Cayman Adaları,Νησιά Καϋμάν,Kepulauan Cayman,Quần đảo Cayman,หมู่เกาะเคย์แมน,কেইম্যান দ্বীপপুঞ্জ,केमन द्वीपसमूह,جزر كايمان,جزایر کیمن,جزائر کیمین,איי קיימן
islands,Q25231,192060,Svalbard,78.15706,15.86426,スヴァールバル諸島,Svalbard,斯瓦尔巴,스발바르 제도,Svalbard,Spitzbergen,Svalbard,Svalbard,Svalbard,Spitsbergen,Svalbard,Шпицберген,Шпіцберген,Spitzbergák,Svalbard,Svalbard,Αρχιπέλαγος Σβάλμπαρντ,Svalbard,Svalbard,สฟาลบาร์,স্ভালবার্দ,स्वालबार्ड,سفالبارد,سوالبارد,سوالبارد,סבאלברד
islands,Q669037,56619,West Indies,21.98333333,-79.03333333,西インド諸島,West Indies,西印度群岛,서인도 제도,grande région Caraïbe,Westindische Inseln,Indias Occidentales,Índias Ocidentais,Indie occidentali,West-Indië,Indie Zachodnie,Вест-Индия,Вест-Індія,Karib-térség,Västindien,Batı Hint Adaları,Δυτικές Ινδίες,Hindia Barat,Tây Ấn,หมู่เกาะเวสต์อินดีส,ওয়েস্ট ইন্ডিজ,पश्चिमी द्वीपसमूह,الهند الغربية,هند غربی,ویسٹ انڈیز,איי הודו המערבית
islands,Q85377,1331523,Arctic Archipelago,75,-90,北極諸島,Canadian Arctic Archipelago,北极群岛,북극 제도,archipel arctique canadien,kanadisch-arktischer Archipel,Archipiélago Ártico Canadiense,Arquipélago Ártico Canadiano,Arcipelago artico canadese,Canadese Arctische Eilanden,Archipelag Arktyczny,Канадский Арктический архипелаг,Канадський Арктичний архіпелаг,Kanadai északi sarkvidéki szigetek,Kanadas arktiska öar,Kanada Arktik Adaları,Καναδικό Αρκτικό Αρχιπέλαγος,Kepulauan Arktik,Quần đảo Bắc Cực thuộc Canada,กลุ่มเกาะอาร์กติกแคนาดา,,आर्कटिक द्वीपसमूह,أرخبيل القطب الشمالي الكندي,مجمع‌الجزایر قطبی کانادا,کینیڈین قطب شمالی مجموعہ الجزائر,הארכיפלג הארקטי הקנדי
islands,Q208643,1138005,Malay Archipelago,-2.080581841855006,126.54688694172819,マレー諸島,Malay Archipelago,马来群岛,말레이 제도,Insulinde,Malaiischer Archipel,Archipiélago malayo,Arquipélago malaio,arcipelago malese,Maleise archipel,Archipelag Malajski,Малайский архипелаг,Малайський архіпелаг,maláj szigetvilág,Malajiska arkipelagen,Malay takımadaları,Μαλαϊκό Αρχιπέλαγος,Kepulauan Melayu,Quần đảo Mã Lai,กลุ่มเกาะมลายู,মালয় দ্বীপপুঞ্জ,मलय द्वीपसमूह,أرخبيل الملايو,مجمع‌الجزایر مالایی,مالے مجموعہ الجزائر,הארכיפלג המלאי
islands,Q841337,1747190,Japanese archipelago,36,138,日本列島,Japanese archipelago,日本列島,일본 열도,archipel japonais,Japanischer Archipel,archipiélago japonés,Arquipélago japonês,,Japanese archipel,Wyspy Japońskie,Японский архипелаг,Японський архіпелаг,Japán-szigetek,Japanska övärlden,Japon Takımadaları,Αρχιπέλαγος της Ιαπωνίας,Kepulauan Jepang,quần đảo Nhật Bản,หมู่เกาะญี่ปุ่น,জাপান দ্বীপপুঞ্জ,जापानी द्वीपसमूह,الأرخبيل الياباني,مجمع‌الجزایر ژاپن,جاپانی مجموعہ الجزائر,ארכיפלג יפן
islands,Q252,100,Indonesia,-2,118,インドネシア,Indonesia,印度尼西亚,인도네시아,Indonésie,Indonesien,Indonesia,Indonésia,Indonesia,Indonesië,Indonezja,Индонезия,Індонезія,Indonézia,Indonesien,Endonezya,Ινδονησία,Indonesia,Indonesia,ประเทศอินโดนีเซีย,ইন্দোনেশিয়া,इंडोनेशिया,إندونيسيا,اندونزی,انڈونیشیا,אינדונזיה
islands,Q928,252152,Philippines,12,123,フィリピン,Philippines,菲律賓,필리핀,Philippines,Philippinen,Filipinas,Filipinas,Filippine,Filipijnen,Filipiny,Филиппины,Філіппіни,Fülöp-szigetek,Filippinerna,Filipinler,Φιλιππίνες,Filipina,Philippines,ประเทศฟิลิปปินส์,ফিলিপাইন,फ़िलीपीन्स,الفلبين,فیلیپین,فلپائن,הפיליפינים
islands,Q5363289,881690,Lucayan Archipelago,23.74,-75.37,バハマ諸島,Lucayan Archipelago,卢卡亚群岛,루케이언 제도,îles Lucayes,Lucayische Inseln,Archipiélago de las Lucayas,Arquipélago das Lucaias,Arcipelago delle Bahama,,Bahamy,Багамские острова,Багамські острови,,Lucayan-arkipelagen,Lucayan Adaları,Αρχιπέλαγος Λουκάγιαν,,Quần đảo Lucayan,กลุ่มเกาะลูคายัน,,,,مجمع‌الجزایر لوکایی,لوکای مجمع الجزائر,
islands,Q1050549,1877357,Thousand Islands,44.333333333333,-76,サウザンド諸島,Thousand Islands,千島群島,사우전드 제도,archipel des Mille-Îles,Thousand Islands,Islas Thousand,Ilhas Thousand,Thousand Islands,Thousand Islands,Tysiąc Wysp,Тысяча островов,Тисяча островів,Ezer sziget,Thousand Islands,,,Kepulauan Seribu,,หมู่เกาะเทาซันด์,,,ألف جزيرة,هزار جزیره,تھاؤزینڈ آئی لینڈز,אלף האיים
islands,Q186233,185969,Andaman Islands,12.5,92.75,アンダマン諸島,Andaman Islands,安达曼群岛,안다만 제도,îles Andaman,Andamanen,islas Andamán,Ilhas Andamão,Andamane,Andamanen,Andamany,Андаманские острова,Андаманські острови,,Andamanerna,Andaman Adaları,Νήσοι Ανταμάν,Andaman,Quần đảo Andaman,หมู่เกาะอันดามัน,আন্দামান দ্বীপপুঞ্জ,अण्डमान,جزر أندمان,جزایر آندامان,جزائر انڈمان,איי אנדמן
islands,Q157286,192474,Nicobar Islands,7.8666666666667,93.5,ニコバル諸島,Nicobar Islands,尼科巴群岛,니코바르 제도,îles Nicobar,Nikobaren,Islas Nicobar,Ilhas Nicobar,Nicobare,Nicobar Islands,Nikobary,Никобарские острова,Нікобарські острови,,Nicobar Islands,Nicobar Adaları,,Kepulauan Nikobar,Quần đảo Nicobar,หมู่เกาะนิโคบาร์,নিকোবর দ্বীপপুঞ্জ,निकोबार द्वीपसमूह,جزر نيكوبار,جزایر نیکوبار,,
islands,Q757549,1138975,Atolls of the Maldives,4.175,73.508888888889,モルディブ諸島,atoll of the Maldives,马尔代夫环礁,,atoll des Maldives,Atolle der Malediven,,,,atol van de Malediven,,,,Maldív-szigeteki atoll,atoll i Maldiverna,mercan adası (Maldivler),,,,,মালদ্বীপের প্রবাল দ্বীপপুঞ্জ,,آتولات جزر المالديف,,,אטולים של האיים המלדיביים
islands,Q140510,208240,Alexander Archipelago,56.6666667,-134.0833333,アレキサンダー諸島,Alexander Archipelago,亚历山大群岛,알렉산더 제도,archipel Alexandre,Alexanderarchipel,Archipiélago Alexander,Arquipélago de Alexandre,Arcipelago Alessandro,Alexanderarchipel,Archipelag Aleksandra,Архипелаг Александра,Архіпелаг Олександра,Alexander-szigetek,Alexanderarkipelagen,Alexander Takımadaları,Αλεξάνδρου Αρχιπέλαγος,Kepulauan Alexander,Quần đảo Alexander,กลุ่มเกาะอะเล็กซานเดอร์,,,أرخبيل ألكسندر,مجمع‌الجزایر الکساندر,,ארכיפלג אלכסנדר
islands,Q1464773,4325346,West Estonian archipelago,58.5,23,西エストニア諸島,West Estonian archipelago,西愛沙尼亞群島,서에스토니아 제도,archipel de Moonsund,Moonsund-Inseln,Archipiélago Moonsund,Arquipélago Moonsund,arcipelago dell'Estonia occidentale,Moonsund-archipel,Archipelag Zachodnioestoński,Моонзундский архипелаг,Моонзундський архіпелаг,Nyugat-észt szigetvilág,Estlands västra skärgård,Batı Estonya Takımadaları,,Kepulauan Moonsund,Quần đảo Tây Estonia,,পশ্চিম এস্তোনীয় দ্বীপপুঞ্জ,,أرخبيل غرب إستونيا,مجمع‌الجزایر استونی غربی,,
islands,Q1140416,3972259,Mergui Archipelago,12,98,メルギー諸島,Mergui Archipelago,丹老群岛,메르귀 제도,îles Mergui,Mergui-Archipel,Archipiélago de Mergui,Arquipélago de Mergui,Arcipelago di Mergui,Mergui Archipelago,Archipelag Mergui,Мьей,,,Merguiarkipelagen,Mergui Takımadaları,,Kepulauan Mergui,Quần đảo Mergui,กลุ่มเกาะมะริด,,,أرخبيل الميرغي,,,
islands,Q9648,95266,Falkland Islands,-51.73,-59.22,フォークランド諸島,Falkland Islands,福克蘭群島,포클랜드 제도,îles Malouines,Falklandinseln,Islas Malvinas,Ilhas Malvinas,Isole Falkland,Falklandeilanden,Falklandy,Фолклендские острова,Фолклендські острови,Falkland-szigetek,Falklandsöarna,Falkland Adaları,Νήσοι Φόκλαντ,Kepulauan Falkland,Quần đảo Falkland,หมู่เกาะฟอล์กแลนด์,ফকল্যান্ড দ্বীপপুঞ্জ,फ़ॉकलैंड द्वीपसमूह,جزر فوكلاند,جزایر فالکلند,جزائر فاکلینڈ,איי פוקלנד
islands,Q4628,28528,Faroe Islands,61.969944444444,-6.8444805555556,フェロー諸島,Faroe Islands,法罗群岛,페로 제도,îles Féroé,Färöer,Islas Feroe,Ilhas Feroe,Fær Øer,Faeröer,Wyspy Owcze,Фарерские острова,Фарерські острови,Feröer,Färöarna,Faroe Adaları,Νήσοι Φερόες,Kepulauan Faroe,Quần đảo Faroe,หมู่เกาะแฟโร,ফ্যারো দ্বীপপুঞ্জ,फ़रो द्वीपसमूह,جزر فارو,جزایر فارو,جزائرفارو,איי פארו
islands,Q18221,231467,Turks and Caicos Islands,21.78,-71.8,タークス・カイコス諸島,Turks and Caicos Islands,特克斯和凯科斯群岛,터크스 케이커스 제도,Îles Turques et Caïques,Turks- und Caicosinseln,Islas Turcas y Caicos,Ilhas Turcas e Caicos,Turks e Caicos,Turks- en Caicoseilanden,Turks i Caicos,Тёркс и Кайкос,Острови Теркс і Кайкос,Turks- és Caicos-szigetek,Turks- och Caicosöarna,Turks ve Caicos Adaları,Τερκ και Κάικος,Kepulauan Turks dan Caicos,Quần đảo Turks và Caicos,หมู่เกาะเติกส์และเคคอส,টার্কস ও কেইকোস দ্বীপপুঞ্জ,तुर्क और केकोस द्वीपसमूह,جزر توركس وكيكوس,جزایر تورکس و کایکوس,جزائر کیکس و ترکیہ,איי טרקס וקייקוס
islands,Q16644,60630,Northern Mariana Islands,16.705,145.78,北マリアナ諸島,Northern Mariana Islands,北马里亚纳群岛,북마리아나 제도,îles Mariannes du Nord,Nördliche Marianen,Islas Marianas del Norte,Marianas Setentrionais,Isole Marianne Settentrionali,Noordelijke Marianen,Mariany Północne,Северные Марианские Острова,Північні Маріанські острови,Északi-Mariana-szigetek,Nordmarianerna,Kuzey Mariana Adaları,Βόρειες Μαριάνες Νήσοι,Kepulauan Mariana Utara,Quần đảo Bắc Mariana,หมู่เกาะนอร์เทิร์นมาเรียนา,উত্তর মারিয়ানা দ্বীপপুঞ্জ,उत्तरी मारियाना द्वीप,جزر ماريانا الشمالية,جزایر ماریانای شمالی,جزائر شمالی ماریانا,איי מריאנה הצפוניים
islands,Q35672,209991,Pitcairn Islands,-25.0677812,-130.1045778,ピトケアン諸島,Pitcairn Islands,皮特凯恩群岛,핏케언 제도,îles Pitcairn,Pitcairninseln,Islas Pitcairn,Ilhas Pitcairn,Isole Pitcairn,Pitcairneilanden,Pitcairn,Острова Питкэрн,Піткерн,Pitcairn-szigetek,Pitcairnöarna,Pitcairn Adaları,Νήσοι Πίτκερν,Kepulauan Pitcairn,Quần đảo Pitcairn,หมู่เกาะพิตแคร์น,পিটকেয়ার্ন দ্বীপপুঞ্জ,पिटकेर्न द्वीपसमूह,جزر بيتكيرن,جزایر پیت‌کرن,جزائر پٹکیرن,פיטקרן
islands,Q13383295,27016,Ogasawara Islands,27,142.16667,小笠原諸島,Ogasawara Archipelago,小笠原群岛,오가사와라 제도,archipel d'Ogasawara,Ogasawara-Inseln,Islas Ogasawara,Ilhas Ogasawara,Isole Ogasawara,Ogasawara-eilanden,Ogasawara,Огасавара,Острови Оґасавара,,Ogasawaraöarna,,Νήσοι Ογκασαβάρα,Kepulauan Ogasawara,,,,,,,,
islands,Q864302,26877,Izu Islands,34.333333333333,139.66666666667,伊豆諸島,Izu Islands,伊豆群島,이즈 제도,archipel d'Izu,Izu-Inseln,Islas Izu,Ilhas Izu,Isole Izu,Izu-eilanden,Wyspy Izu,Идзу,Острови Ідзу,,Izuöarna,Izu Adaları,Νήσοι Ίζου,Kepulauan Izu,Quần đảo Izu,หมู่เกาะอิซุ,,,جزر إيزو,جزایر ایزو,,איי איזו
islands,Q119285,104824,Aleutian Islands,52,-174,アリューシャン列島,Aleutian Islands,阿留申群島,알류샨 열도,îles Aléoutiennes,Aleuten,Islas Aleutianas,Ilhas Aleutas,Isole Aleutine,Aleoeten,Aleuty,Алеутские острова,Алеутські острови,Aleut-szigetek,Aleuterna,Aleut Adaları,Αλεούτιες νήσοι,Kepulauan Aleut,quần đảo Aleut,หมู่เกาะอะลูเชียน,অ্যালিউশিয়ান দ্বীপপুঞ্জ,अल्यूत द्वीपसमूह,الجزر الأليوطية,جزایر الوشن,,האיים האלאוטיים
islands,Q80389,481680,Kuril Islands,47,152.1,千島列島,Kuril Islands,千島群島,쿠릴 열도,îles Kouriles,Kurilen,Islas Kuriles,Ilhas Curilas,Isole Curili,Koerilen,Wyspy Kurylskie,Курильские острова,Курильські острови,Kuril-szigetek,Kurilerna,Kuril Adaları,Κουρίλες,Kepulauan Kuril,Quần đảo Kuril,หมู่เกาะคูริล,কুরিল দ্বীপপুঞ্জ,कुरील द्वीप समूह,جزر الكوريل,جزایر کوریل,,האיים הקוריליים
islands,Q6897416,1070992,Ryukyu Islands,26.332808333333,127.74902222222,南西諸島,Ryukyu Islands,琉球群島,난세이 제도,archipel Nansei,Nansei-Inseln,Islas Nansei,Ilhas Léquias,isole Nansei,Nansei-eilanden,Wyspy Nansei,Рюкю,Рюкю (острови),Nansei-szigetek,Nanseiöarna,Nansei Adaları,Νήσοι Ριούκιου,Kepulauan Nansei,quần đảo Nansei,หมู่เกาะรีวกีว,,रयुक्यु द्वीपसमूह,جزر ريوكيو,جزایر ریوکیو,جزائر ریوکیو,איי ריוקיו
islands,Q26988,230872,Cook Islands,-21.233333333333334,-159.78333333333333,クック諸島,Cook Islands,库克群岛,쿡 제도,Îles Cook,Cookinseln,Islas Cook,Ilhas Cook,Isole Cook,Cookeilanden,Wyspy Cooka,Острова Кука,Острови Кука,Cook-szigetek,Cooköarna,Cook Adaları,Νήσοι Κουκ,Kepulauan Cook,Quần đảo Cook,หมู่เกาะคุก,কুক দ্বীপপুঞ্জ,कुक द्वीपसमूह,جزر كوك,جزایر کوک,جزائر کک,איי קוק
islands,Q154190,422439,Sunda Islands,-2,110,スンダ列島,Sunda Islands,巽他群島,순다 열도,îles de la Sonde,Sundainseln,Islas de la Sonda,Ilhas da Sonda,Isole della Sonda,Sunda-eilanden,Archipelag Sundajski,Зондские острова,Зондські острови,Szunda-szigetek,Sundaöarna,Sunda Adaları,Νήσοι Σούνδες,Kepulauan Sunda,Quần đảo Sunda,หมู่เกาะซุนดา,,सुंदा द्वीप समूह,جزر صوندا,جزایر سوندا,جزائر سنڈا,איי סונדה
islands,Q5813,1974894,Canary Islands,28,-15.75,カナリア諸島,Canary Islands,加那利群岛,카나리아 제도,îles Canaries,Kanarische Inseln,Canarias,Canárias,Isole Canarie,Canarische Eilanden,Wyspy Kanaryjskie,Канарские острова,Канарські острови,Kanári-szigetek,Kanarieöarna,Kanarya Adaları,Κανάριες Νήσοι,Kepulauan Kanaria,Quần đảo Canaria,แคว้นกานาเรียส,কানারি দ্বীপপুঞ্জ,कैनरी द्वीपसमूह,جزر الكناري,جزایر قناری,جزائر کناری,האיים הקנריים
islands,Q26253,2053707,Madeira,32.75,-17,マデイラ諸島,Madeira,马德拉自治区,마데이라 제도,Madère,Madeira,Madeira,Madeira,Madera,Madeira,Madera,Мадейра,Мадейра,Madeira-szigetek,Madeira,Madeira Adaları,Μαδέρα,Madeira,Madeira,มาเดรา,,मदेरा,ماديرا,مادیرا,مادیعیرا,מדיירה
islands,Q25263,4695,Azores,38.624,-28.031,アゾレス諸島,Azores,亚速尔群岛,아소르스 제도,Açores,Azoren,Azores,Açores,Azzorre,Azoren,Azory,Асориш,Азорські острови,Azori-szigetek,Azorerna,Azorlar,Αζόρες,Azores,Açores,อะโซร์ส,আজোরেস,एज़ोरेस,الأزور,آزور,آزورس,האיים האזוריים
islands,Q271674,274804,Phoenix Islands,-3.66666667,-172.33333333,フェニックス諸島,Phoenix Islands,菲尼克斯群岛,피닉스 제도,îles Phœnix,Phoenixinseln,Islas Fénix,Ilhas Fénix,Isole della Fenice,Phoenixeilanden,Feniks,Острова Феникс,Острови Фенікс,Phoenix-szigetek,Phoenixöarna,Phoenix Adaları,Νησιά Φοίνικα,Kepulauan Phoenix,Quần đảo Phoenix,,,,جزر فينيكس,جزایر فینیکس,,איי פניקס
islands,Q118350,92602,Caroline Islands,7.3825,147.0375,カロリン諸島,Caroline Islands,加罗林群岛,캐롤라인 제도,îles Carolines,Karolinen,Islas Carolinas,Ilhas Carolinas,Isole Caroline,Carolinen,Karoliny,Каролинские острова,Каролінські острови,Karolina-szigetek,Karolinerna,Caroline Adaları,Καρολίνες νήσοι,Kepulauan Caroline,Quần đảo Caroline,หมู่เกาะแคโรไลน์,,कैरोलाइन द्वीपसमूह,أرخبيل كارولين,جزایر کارولین,جزائر کیرولن,איי קרוליין
islands,Q192188,234506,Chagos Archipelago,-6.2833333333333,72.083333333333,チャゴス諸島,Chagos Archipelago,查戈斯群岛,차고스 제도,archipel des Chagos,Chagos-Archipel,Archipiélago de Chagos,Arquipélago de Chagos,Isole Chagos,Chagosarchipel,Czagos,Чагос,Архіпелаг Чагос,,Chagosöarna,Chagos,Τσάγκος Αρχιπέλαγος,Kepulauan Chagos,Chagos,กลุ่มเกาะชากอส,,फेहंद्वीप,أرخبيل تشاغوس,مجمع‌الجزایر چاگوس,جزائر چاگوس,ארכיפלג צ'גוס
islands,Q38095,115721,Galápagos Islands,-0.66666666666667,-90.55,ガラパゴス諸島,Galapagos Islands,加拉帕戈斯群岛,갈라파고스 제도,îles Galápagos,Galapagosinseln,Islas Galápagos,Galápagos,Galápagos,Galapagoseilanden,Galapagos,Галапагос,Галапагоські острови,Galápagos-szigetek,Galápagosöarna,Galapagos Adaları,Νησιά Γκαλάπαγος,Kepulauan Galápagos,Quần đảo Galápagos,หมู่เกาะกาลาปาโกส,গালাপাগোস দ্বীপপুঞ্জ,गैलापागोस द्वीपसमूह,أرخبيل غالاباغوس,گالاپاگوس,جزائر گالاپاگوز,איי גלאפגוס
islands,Q172697,400180,Marquesas Islands,-8.9,-139.6,マルキーズ諸島,Marquesas Islands,馬克薩斯群島,마르키즈 제도,îles Marquises,Marquesas-Inseln,islas Marquesas,Arquipélago das Marquesas,Isole Marchesi,Marquesaseilanden,Markizy,Маркизские острова,Маркізькі острови,Marquises-szigetek,Marquesasöarna,Markiz Adaları,Νήσοι Μαρκέζας,Kepulauan Marquesas,Quần đảo Marquises,หมู่เกาะมาร์เคซัส,মার্কেসাস দ্বীপপুঞ্জ,मार्केसस द्वीपसमूह,جزر ماركيساس,جزایر مارکیز,جزائر ماکیئساس,איי מרקיז
islands,Q183963,192156,Tuamotus,-18.75,-141.76,トゥアモトゥ諸島,Tuamotus,土阿莫土群岛,투아모투 제도,îles Tuamotu,Tuamotu-Archipel,Archipiélago Tuamotu,Arquipélago de Tuamotu,Isole Tuamotu,Tuamotu,Tuamotu,Туамоту,Туамоту,Tuamotu-szigetek,Tuamotuöarna,,Τουαμότου Αρχιπέλαγος,Kepulauan Tuamotu,Tuamotu,ตูอาโมตัส,,,جزر تواموتو,مجمع‌الجزایر توآموت,جزائر تواموتو,ארכיפלג טואמוטו
islands,Q118920,208003,Society Islands,-16.85,-151.4,ソシエテ諸島,Society Islands,社會群島,소시에테 제도,archipel de la Société,Gesellschaftsinseln,islas de la Sociedad,Arquipélago da Sociedade,Isole della Società,Genootschapseilanden,Wyspy Towarzystwa,Острова Общества,Острови Товариства,Társaság-szigetek,Sällskapsöarna,Sosyete Adaları,Εταιρείας Νήσοι,Kepulauan Masyarakat,Quần đảo Société,หมู่เกาะโซไซเอตี,,,جزر الجمعية,جزایر انجمن,جزائر سوسائٹی,איי החברה
islands,Q162126,171774,Samoan Islands,-14,-171,サモア諸島,Samoan Islands,萨摩亚群岛,사모아 제도,îles Samoa,Samoainseln,Archipiélago de Samoa,Ilhas Samoa,Isole Samoa,Samoa-eilanden,Wyspy Samoa,Самоа,Самоа (архіпелаг),,Samoaöarna,Samoa Adaları,,Kepulauan Samoa,Quần đảo Samoa,หมู่เกาะซามัว,,,جزر ساموا,جزایر ساموآ,جزائر سامووا,איי סמואה
islands,Q672,252279,Tuvalu,-7.475,178.005556,ツバル,Tuvalu,吐瓦魯,투발루,Tuvalu,Tuvalu,Tuvalu,Tuvalu,Tuvalu,Tuvalu,Tuvalu,Тувалу,Тувалу,Tuvalu,Tuvalu,Tuvalu,Τουβαλού,Tuvalu,Tuvalu,ประเทศตูวาลู,টুভালু,तुवालू,توفالو,تووالو,تووالو,טובאלו
islands,Q709,63179,Marshall Islands,9.82,169.29,マーシャル諸島,Marshall Islands,馬紹爾群島,마셜 제도,Îles Marshall,Marshallinseln,Islas Marshall,Ilhas Marshall,Isole Marshall,Marshalleilanden,Wyspy Marshalla,Маршалловы Острова,Маршаллові Острови,Marshall-szigetek,Marshallöarna,Marshall Adaları,Νησιά Μάρσαλ,Kepulauan Marshall,Quần đảo Marshall,สาธารณรัฐหมู่เกาะมาร์แชลล์,মার্শাল দ্বীপপুঞ্জ,मार्शल द्वीपसमूह,جزر مارشال,جزایر مارشال,جزائر مارشل,איי מרשל
islands,Q712,9060,Fiji,-18,178,フィジー,Fiji,斐濟,피지,Fidji,Fidschi,Fiyi,Fiji,Figi,Fiji,Fidżi,Фиджи,Фіджі,Fidzsi-szigetek,Fiji,Fiji,Φίτζι,Fiji,Fiji,ประเทศฟิจิ,ফিজি,फ़िजी,فيجي,فیجی,فجی,פיג'י
islands,Q154628,259315,Bismarck Archipelago,-5,150.1,ビスマルク諸島,Bismarck Archipelago,俾斯麦群岛,비스마르크 제도,archipel Bismarck,Bismarck-Archipel,Archipiélago Bismarck,Arquipélago de Bismarck,Arcipelago di Bismarck,Bismarckarchipel,Archipelag Bismarcka,Архипелаг Бисмарка,Архіпелаг Бісмарка,Bismarck-szigetek,Bismarckarkipelagen,Bismarck Adaları,Αρχιπέλαγος του Μπίσμαρκ,Kepulauan Bismarck,Quần đảo Bismarck,กลุ่มเกาะบิสมาร์ก,,,أرخبيل بسمارك,مجمع‌الجزایر بیسمارک,مجموعہ الجزائر بسمارک,ארכיפלג ביסמרק
islands,Q1042,28200,Seychelles,-7.1,52.766667,セーシェル,Seychelles,塞舌尔,세이셸,Seychelles,Seychellen,Seychelles,Seychelles,Seychelles,Seychellen,Seszele,Сейшельские Острова,Сейшельські Острови,Seychelle-szigetek,Seychellerna,Seyşeller,Σεϋχέλλες,Seychelles,Seychelles,ประเทศเซเชลส์,সেশেলস,सेशेल्स,سيشل,سیشل,سیشیلز,סיישל
islands,Q678,27033,Tonga,-20.587778,-174.810278,トンガ,Tonga,東加,통가,Tonga,Tonga,Tonga,Tonga,Tonga,Tonga,Tonga,Тонга,Тонга,Tonga,Tonga,Tonga,Τόνγκα,Tonga,Tonga,ประเทศตองงา,টোঙ্গা,टोंगा,تونغا,تونگا,ٹونگا,טונגה
islands,Q494869,1516696,Barlavento Islands,17,-24,バルラヴェント諸島,Barlavento Islands,向风群岛,바를라벤투 제도,îles de Barlavento,Ilhas de Barlavento,Barlovento,Ilhas de Barlavento,Ilhas do Barlavento,Barlavento,Wyspy Zawietrzne,Острова Барловенто,острови Барловенту,,Barlavento,Barlavento Adaları,,Kepulauan Barlavento,,หมู่เกาะบาร์ลาเว็งตู,,,الجزر لافينتو,جزایر بارلاونتو,بارلاوینتو جزائر,בארלאוונטו
islands,Q500453,1516284,Sotavento Islands,15,-24,ソタヴェント諸島,Sotavento Islands,背風群島,소타벤투 제도,îles de Sotavento,Ilhas de Sotavento,Sotavento,Ilhas de Sotavento,Ilhas do Sotavento,Sotavento,Wyspy Podwietrzne,острова Сотовенту,Сотавенту (острови),,Sotavento,,,Kepulauan Sotavento,,หมู่เกาะซอตาเว็งตู,,,جزر سوتافينتو,جزایر بارلاونتو,سوتاوینتو جزائر,סוטאוונטו
islands,Q634740,140815,Comoro Islands,-12.2,44.25,コモロ諸島,Comoros Islands,科摩罗群岛,코모로 제도,archipel des Comores,Archipel der Komoren,Archipiélago de las Comoras,Arquipélago das Comores,,Comoren,Komory,Коморские острова,Коморські острови,,Komorerna,Komor Takımadaları,,Kepulauan Komoro,quần đảo Comoro,,,कोमोरो द्वीपसमूह,جزر القمر,جزایر کومورو,,ארכיפלג קומורו
islands,Q208268,192584,Commander Islands,55,166.4,コマンドルスキー諸島,Commander Islands,科曼多尔群岛,코만도르스키예 제도,îles Komandorski,Kommandeurinseln,Islas del Comandante,Ilhas Comandante,isole del Commodoro,Komandorski-eilanden,Wyspy Komandorskie,Командорские острова,Командорські острови,Parancsnok-szigetek,Kommendörsöarna,Komandor Adaları,Νήσοι του Κυβερνήτη,Kepulauan Komandan,Quần đảo Komandorski,หมู่เกาะคอมมานเดอร์,কোমান্দর্স্কি দ্বীপপুঞ্জ,,جزر كوماندر,جزیره‌های کماندورسکی,,איי קומנדור
islands,Q36004,207741,Cocos (Keeling) Islands,-12.1175,96.895,ココス諸島,Cocos (Keeling) Islands,科科斯（基林）群島,코코스 제도,îles Cocos,Kokosinseln,islas Cocos,Ilhas Cocos,Isole Cocos,Cocoseilanden,Wyspy Kokosowe,Кокосовые острова,Кокосові острови,Kókusz (Keeling)-szigetek,Kokosöarna,Cocos Adaları,Νησιά Κόκος,Kepulauan Cocos,Quần đảo Cocos (Keeling),หมู่เกาะโคโคส,কোকোস (কিলিং) দ্বীপপুঞ্জ,कोकोस (कीलिंग) द्वीपसमूह,جزر كوكوس,جزایر کوکوس,جزائر کوکوس,איי קוקוס
islands,Q156325,399254,Juan Fernández Islands,-33.641388888889,-78.841111111111,ファン・フェルナンデス諸島,Juan Fernández Islands,胡安·費爾南德斯群島,후안페르난데스 제도,archipel Juan Fernández,Juan-Fernández-Inseln,Archipiélago Juan Fernández,Arquipélago Juan Fernández,Isole Juan Fernández,Juan Fernández-archipel,archipelag Juan Fernández,Острова Хуан-Фернандес,Хуан-Фернандес,Juan Fernandez-szigetek,Juan Fernández-öarna,Juan Fernández Adaları,Αρχιπέλαγος Χουάν Φερνάντεζ,Kepulauan Juan Fernández,Quần đảo Juan Fernández,หมู่เกาะควนเฟร์นันเดซ,হুয়ান ফার্নান্দেজ দ্বীপপুঞ্জ,,جزر خوان فرنانديز,جزایر خوان فرناندز,جزائر جوآن فرنانڈیز,איי חואן פרננדס
islands,Q114935,386988,Kermadec Islands,-29.276944444444,-177.92333333333,ケルマデック諸島,Kermadec Islands,克马德克群岛,커르머덱 제도,îles Kermadec,Kermadecinseln,Islas Kermadec,Ilhas Kermadec,Isole Kermadec,Kermadeceilanden,Kermadec,Кермадек,Кермадек,Kermadec-szigetek,Kermadecöarna,Kermadec Adaları,,Kepulauan Kermadec,Quần đảo Kermadec,,,,جزر كرماديك,جزایر کرمادک,جزائر کرمیڈک,איי קרמאדק
islands,Q46623,206806,Prince Edward Islands,-46.88,37.75,プリンス・エドワード諸島,Prince Edward Islands,爱德华王子群岛,프린스에드워드 제도,îles du Prince-Édouard,Prinz-Edward-Inseln,Islas del Príncipe Eduardo,Ilhas do Príncipe Eduardo,Isole del Principe Edoardo,Prins Edwardeilanden,Wyspy Księcia Edwarda,Острова Принс-Эдуард,Принс-Едуард,Prince Edward-szigetek,Prins Edwardöarna,Prens Edward Adaları,Νήσοι Πρίγκιπα Εδουάρδου,Kepulauan Pangeran Edward,,,,,جزر الأمير إدوارد,جزایر پرینس ادوارد,پرنس ایڈورڈ جزائر,איי הנסיך אדוארד
islands,Q46772,190678,Kerguelen Islands,-49.25,69.15,ケルゲレン諸島,Kerguelen Islands,凯尔盖朗群岛,케르겔렌 제도,îles Kerguelen,Kerguelen,Kerguelen,Ilhas Kerguelen,Isole Kerguelen,Kergueleneilanden,Wyspy Kerguelena,Кергелен,Кергелен,Kerguelen-szigetek,Kerguelen,Kerguelen Adaları,Αρχιπέλαγος Κεργκελέν,Kepulauan Kerguelen,Kerguelen,หมู่เกาะแกร์เกแลน,কার্গেলেন দ্বীপপুঞ্জ,केर्गुएलेन द्वीप समूह,جزر كيرغولين,جزایر کرگولن,جزائر کرگولن,איי קרגלן
