"title","filename","url"
"海岸線","C23-06_01_GML.zip","C23/C23-06/C23-06_01_GML.zip"
"海岸線","C23-06_02_GML.zip","C23/C23-06/C23-06_02_GML.zip"
"海岸線","C23-06_03_GML.zip","C23/C23-06/C23-06_03_GML.zip"
"海岸線","C23-06_04_GML.zip","C23/C23-06/C23-06_04_GML.zip"
"海岸線","C23-06_05_GML.zip","C23/C23-06/C23-06_05_GML.zip"
"海岸線","C23-06_06_GML.zip","C23/C23-06/C23-06_06_GML.zip"
"海岸線","C23-06_07_GML.zip","C23/C23-06/C23-06_07_GML.zip"
"海岸線","C23-06_08_GML.zip","C23/C23-06/C23-06_08_GML.zip"
"海岸線","C23-06_12_GML.zip","C23/C23-06/C23-06_12_GML.zip"
"海岸線","C23-06_13_GML.zip","C23/C23-06/C23-06_13_GML.zip"
"海岸線","C23-06_14_GML.zip","C23/C23-06/C23-06_14_GML.zip"
"海岸線","C23-06_15_GML.zip","C23/C23-06/C23-06_15_GML.zip"
"海岸線","C23-06_16_GML.zip","C23/C23-06/C23-06_16_GML.zip"
"海岸線","C23-06_17_GML.zip","C23/C23-06/C23-06_17_GML.zip"
"海岸線","C23-06_18_GML.zip","C23/C23-06/C23-06_18_GML.zip"
"海岸線","C23-06_22_GML.zip","C23/C23-06/C23-06_22_GML.zip"
"海岸線","C23-06_23_GML.zip","C23/C23-06/C23-06_23_GML.zip"
"海岸線","C23-06_24_GML.zip","C23/C23-06/C23-06_24_GML.zip"
"海岸線","C23-06_26_GML.zip","C23/C23-06/C23-06_26_GML.zip"
"海岸線","C23-06_27_GML.zip","C23/C23-06/C23-06_27_GML.zip"
"海岸線","C23-06_28_GML.zip","C23/C23-06/C23-06_28_GML.zip"
"海岸線","C23-06_30_GML.zip","C23/C23-06/C23-06_30_GML.zip"
"海岸線","C23-06_31_GML.zip","C23/C23-06/C23-06_31_GML.zip"
"海岸線","C23-06_32_GML.zip","C23/C23-06/C23-06_32_GML.zip"
"海岸線","C23-06_33_GML.zip","C23/C23-06/C23-06_33_GML.zip"
"海岸線","C23-06_34_GML.zip","C23/C23-06/C23-06_34_GML.zip"
"海岸線","C23-06_35_GML.zip","C23/C23-06/C23-06_35_GML.zip"
"海岸線","C23-06_36_GML.zip","C23/C23-06/C23-06_36_GML.zip"
"海岸線","C23-06_37_GML.zip","C23/C23-06/C23-06_37_GML.zip"
"海岸線","C23-06_38_GML.zip","C23/C23-06/C23-06_38_GML.zip"
"海岸線","C23-06_39_GML.zip","C23/C23-06/C23-06_39_GML.zip"
"海岸線","C23-06_40_GML.zip","C23/C23-06/C23-06_40_GML.zip"
"海岸線","C23-06_41_GML.zip","C23/C23-06/C23-06_41_GML.zip"
"海岸線","C23-06_42_GML.zip","C23/C23-06/C23-06_42_GML.zip"
"海岸線","C23-06_43_GML.zip","C23/C23-06/C23-06_43_GML.zip"
"海岸線","C23-06_44_GML.zip","C23/C23-06/C23-06_44_GML.zip"
"海岸線","C23-06_45_GML.zip","C23/C23-06/C23-06_45_GML.zip"
"海岸線","C23-06_46_GML.zip","C23/C23-06/C23-06_46_GML.zip"
"海岸線","C23-06_47_GML.zip","C23/C23-06/C23-06_47_GML.zip"
"海岸保全施設","P23-12_01_GML.zip","P23/P23-12/P23-12_01_GML.zip"
"海岸保全施設","P23-12_02_GML.zip","P23/P23-12/P23-12_02_GML.zip"
"海岸保全施設","P23-12_03_GML.zip","P23/P23-12/P23-12_03_GML.zip"
"海岸保全施設","P23-12_04_GML.zip","P23/P23-12/P23-12_04_GML.zip"
"海岸保全施設","P23-12_05_GML.zip","P23/P23-12/P23-12_05_GML.zip"
"海岸保全施設","P23-12_06_GML.zip","P23/P23-12/P23-12_06_GML.zip"
"海岸保全施設","P23-12_07_GML.zip","P23/P23-12/P23-12_07_GML.zip"
"海岸保全施設","P23-12_08_GML.zip","P23/P23-12/P23-12_08_GML.zip"
"海岸保全施設","P23-12_12_GML.zip","P23/P23-12/P23-12_12_GML.zip"
"海岸保全施設","P23-12_13_GML.zip","P23/P23-12/P23-12_13_GML.zip"
"海岸保全施設","P23-12_14_GML.zip","P23/P23-12/P23-12_14_GML.zip"
"海岸保全施設","P23-12_15_GML.zip","P23/P23-12/P23-12_15_GML.zip"
"海岸保全施設","P23-12_16_GML.zip","P23/P23-12/P23-12_16_GML.zip"
"海岸保全施設","P23-12_17_GML.zip","P23/P23-12/P23-12_17_GML.zip"
"海岸保全施設","P23-12_18_GML.zip","P23/P23-12/P23-12_18_GML.zip"
"海岸保全施設","P23-12_22_GML.zip","P23/P23-12/P23-12_22_GML.zip"
"海岸保全施設","P23-12_23_GML.zip","P23/P23-12/P23-12_23_GML.zip"
"海岸保全施設","P23-12_24_GML.zip","P23/P23-12/P23-12_24_GML.zip"
"海岸保全施設","P23-12_26_GML.zip","P23/P23-12/P23-12_26_GML.zip"
"海岸保全施設","P23-12_27_GML.zip","P23/P23-12/P23-12_27_GML.zip"
"海岸保全施設","P23-12_28_GML.zip","P23/P23-12/P23-12_28_GML.zip"
"海岸保全施設","P23-12_30_GML.zip","P23/P23-12/P23-12_30_GML.zip"
"海岸保全施設","P23-12_31_GML.zip","P23/P23-12/P23-12_31_GML.zip"
"海岸保全施設","P23-12_32_GML.zip","P23/P23-12/P23-12_32_GML.zip"
"海岸保全施設","P23-12_33_GML.zip","P23/P23-12/P23-12_33_GML.zip"
"海岸保全施設","P23-12_34_GML.zip","P23/P23-12/P23-12_34_GML.zip"
"海岸保全施設","P23-12_35_GML.zip","P23/P23-12/P23-12_35_GML.zip"
"海岸保全施設","P23-12_36_GML.zip","P23/P23-12/P23-12_36_GML.zip"
"海岸保全施設","P23-12_37_GML.zip","P23/P23-12/P23-12_37_GML.zip"
"海岸保全施設","P23-12_38_GML.zip","P23/P23-12/P23-12_38_GML.zip"
"海岸保全施設","P23-12_39_GML.zip","P23/P23-12/P23-12_39_GML.zip"
"海岸保全施設","P23-12_40_GML.zip","P23/P23-12/P23-12_40_GML.zip"
"海岸保全施設","P23-12_41_GML.zip","P23/P23-12/P23-12_41_GML.zip"
"海岸保全施設","P23-12_42_GML.zip","P23/P23-12/P23-12_42_GML.zip"
"海岸保全施設","P23-12_43_GML.zip","P23/P23-12/P23-12_43_GML.zip"
"海岸保全施設","P23-12_44_GML.zip","P23/P23-12/P23-12_44_GML.zip"
"海岸保全施設","P23-12_45_GML.zip","P23/P23-12/P23-12_45_GML.zip"
"海岸保全施設","P23-12_46_GML.zip","P23/P23-12/P23-12_46_GML.zip"
"海岸保全施設","P23-12_47_GML.zip","P23/P23-12/P23-12_47_GML.zip"
"湖沼","W09-05_GML.zip","W09/W09-05/W09-05_GML.zip"
"流域メッシュ","W07-09_3036-jgd_GML.zip","W07/W07-09/W07-09_3036-jgd_GML.zip"
"流域メッシュ","W07-09_3623-jgd_GML.zip","W07/W07-09/W07-09_3623-jgd_GML.zip"
"流域メッシュ","W07-09_3624-jgd_GML.zip","W07/W07-09/W07-09_3624-jgd_GML.zip"
"流域メッシュ","W07-09_3641-jgd_GML.zip","W07/W07-09/W07-09_3641-jgd_GML.zip"
"流域メッシュ","W07-09_3653-jgd_GML.zip","W07/W07-09/W07-09_3653-jgd_GML.zip"
"流域メッシュ","W07-09_3741-jgd_GML.zip","W07/W07-09/W07-09_3741-jgd_GML.zip"
"流域メッシュ","W07-09_3841-jgd_GML.zip","W07/W07-09/W07-09_3841-jgd_GML.zip"
"流域メッシュ","W07-09_3927-jgd_GML.zip","W07/W07-09/W07-09_3927-jgd_GML.zip"
"流域メッシュ","W07-09_3928-jgd_GML.zip","W07/W07-09/W07-09_3928-jgd_GML.zip"
"流域メッシュ","W07-09_3942-jgd_GML.zip","W07/W07-09/W07-09_3942-jgd_GML.zip"
"流域メッシュ","W07-09_4027-jgd_GML.zip","W07/W07-09/W07-09_4027-jgd_GML.zip"
"流域メッシュ","W07-09_4028-jgd_GML.zip","W07/W07-09/W07-09_4028-jgd_GML.zip"
"流域メッシュ","W07-09_4040-jgd_GML.zip","W07/W07-09/W07-09_4040-jgd_GML.zip"
"流域メッシュ","W07-09_4042-jgd_GML.zip","W07/W07-09/W07-09_4042-jgd_GML.zip"
"流域メッシュ","W07-09_4142-jgd_GML.zip","W07/W07-09/W07-09_4142-jgd_GML.zip"
"流域メッシュ","W07-09_4440-jgd_GML.zip","W07/W07-09/W07-09_4440-jgd_GML.zip"
"流域メッシュ","W07-09_4530-jgd_GML.zip","W07/W07-09/W07-09_4530-jgd_GML.zip"
"流域メッシュ","W07-09_4531-jgd_GML.zip","W07/W07-09/W07-09_4531-jgd_GML.zip"
"流域メッシュ","W07-09_4540-jgd_GML.zip","W07/W07-09/W07-09_4540-jgd_GML.zip"
"流域メッシュ","W07-09_4630-jgd_GML.zip","W07/W07-09/W07-09_4630-jgd_GML.zip"
"流域メッシュ","W07-09_4631-jgd_GML.zip","W07/W07-09/W07-09_4631-jgd_GML.zip"
"流域メッシュ","W07-09_4729-jgd_GML.zip","W07/W07-09/W07-09_4729-jgd_GML.zip"
"流域メッシュ","W07-09_4730-jgd_GML.zip","W07/W07-09/W07-09_4730-jgd_GML.zip"
"流域メッシュ","W07-09_4731-jgd_GML.zip","W07/W07-09/W07-09_4731-jgd_GML.zip"
"流域メッシュ","W07-09_4739-jgd_GML.zip","W07/W07-09/W07-09_4739-jgd_GML.zip"
"流域メッシュ","W07-09_4740-jgd_GML.zip","W07/W07-09/W07-09_4740-jgd_GML.zip"
"流域メッシュ","W07-09_4828-jgd_GML.zip","W07/W07-09/W07-09_4828-jgd_GML.zip"
"流域メッシュ","W07-09_4829-jgd_GML.zip","W07/W07-09/W07-09_4829-jgd_GML.zip"
"流域メッシュ","W07-09_4830-jgd_GML.zip","W07/W07-09/W07-09_4830-jgd_GML.zip"
"流域メッシュ","W07-09_4831-jgd_GML.zip","W07/W07-09/W07-09_4831-jgd_GML.zip"
"流域メッシュ","W07-09_4839-jgd_GML.zip","W07/W07-09/W07-09_4839-jgd_GML.zip"
"流域メッシュ","W07-09_4928-jgd_GML.zip","W07/W07-09/W07-09_4928-jgd_GML.zip"
"流域メッシュ","W07-09_4929-jgd_GML.zip","W07/W07-09/W07-09_4929-jgd_GML.zip"
"流域メッシュ","W07-09_4930-jgd_GML.zip","W07/W07-09/W07-09_4930-jgd_GML.zip"
"流域メッシュ","W07-09_4931-jgd_GML.zip","W07/W07-09/W07-09_4931-jgd_GML.zip"
"流域メッシュ","W07-09_4932-jgd_GML.zip","W07/W07-09/W07-09_4932-jgd_GML.zip"
"流域メッシュ","W07-09_4933-jgd_GML.zip","W07/W07-09/W07-09_4933-jgd_GML.zip"
"流域メッシュ","W07-09_4934-jgd_GML.zip","W07/W07-09/W07-09_4934-jgd_GML.zip"
"流域メッシュ","W07-09_4939-jgd_GML.zip","W07/W07-09/W07-09_4939-jgd_GML.zip"
"流域メッシュ","W07-09_5029-jgd_GML.zip","W07/W07-09/W07-09_5029-jgd_GML.zip"
"流域メッシュ","W07-09_5030-jgd_GML.zip","W07/W07-09/W07-09_5030-jgd_GML.zip"
"流域メッシュ","W07-09_5031-jgd_GML.zip","W07/W07-09/W07-09_5031-jgd_GML.zip"
"流域メッシュ","W07-09_5032-jgd_GML.zip","W07/W07-09/W07-09_5032-jgd_GML.zip"
"流域メッシュ","W07-09_5033-jgd_GML.zip","W07/W07-09/W07-09_5033-jgd_GML.zip"
"流域メッシュ","W07-09_5034-jgd_GML.zip","W07/W07-09/W07-09_5034-jgd_GML.zip"
"流域メッシュ","W07-09_5035-jgd_GML.zip","W07/W07-09/W07-09_5035-jgd_GML.zip"
"流域メッシュ","W07-09_5036-jgd_GML.zip","W07/W07-09/W07-09_5036-jgd_GML.zip"
"流域メッシュ","W07-09_5038-jgd_GML.zip","W07/W07-09/W07-09_5038-jgd_GML.zip"
"流域メッシュ","W07-09_5039-jgd_GML.zip","W07/W07-09/W07-09_5039-jgd_GML.zip"
"流域メッシュ","W07-09_5129-jgd_GML.zip","W07/W07-09/W07-09_5129-jgd_GML.zip"
"流域メッシュ","W07-09_5130-jgd_GML.zip","W07/W07-09/W07-09_5130-jgd_GML.zip"
"流域メッシュ","W07-09_5131-jgd_GML.zip","W07/W07-09/W07-09_5131-jgd_GML.zip"
"流域メッシュ","W07-09_5132-jgd_GML.zip","W07/W07-09/W07-09_5132-jgd_GML.zip"
"流域メッシュ","W07-09_5133-jgd_GML.zip","W07/W07-09/W07-09_5133-jgd_GML.zip"
"流域メッシュ","W07-09_5134-jgd_GML.zip","W07/W07-09/W07-09_5134-jgd_GML.zip"
"流域メッシュ","W07-09_5135-jgd_GML.zip","W07/W07-09/W07-09_5135-jgd_GML.zip"
"流域メッシュ","W07-09_5136-jgd_GML.zip","W07/W07-09/W07-09_5136-jgd_GML.zip"
"流域メッシュ","W07-09_5137-jgd_GML.zip","W07/W07-09/W07-09_5137-jgd_GML.zip"
"流域メッシュ","W07-09_5138-jgd_GML.zip","W07/W07-09/W07-09_5138-jgd_GML.zip"
"流域メッシュ","W07-09_5139-jgd_GML.zip","W07/W07-09/W07-09_5139-jgd_GML.zip"
"流域メッシュ","W07-09_5229-jgd_GML.zip","W07/W07-09/W07-09_5229-jgd_GML.zip"
"流域メッシュ","W07-09_5231-jgd_GML.zip","W07/W07-09/W07-09_5231-jgd_GML.zip"
"流域メッシュ","W07-09_5232-jgd_GML.zip","W07/W07-09/W07-09_5232-jgd_GML.zip"
"流域メッシュ","W07-09_5233-jgd_GML.zip","W07/W07-09/W07-09_5233-jgd_GML.zip"
"流域メッシュ","W07-09_5234-jgd_GML.zip","W07/W07-09/W07-09_5234-jgd_GML.zip"
"流域メッシュ","W07-09_5235-jgd_GML.zip","W07/W07-09/W07-09_5235-jgd_GML.zip"
"流域メッシュ","W07-09_5236-jgd_GML.zip","W07/W07-09/W07-09_5236-jgd_GML.zip"
"流域メッシュ","W07-09_5237-jgd_GML.zip","W07/W07-09/W07-09_5237-jgd_GML.zip"
"流域メッシュ","W07-09_5238-jgd_GML.zip","W07/W07-09/W07-09_5238-jgd_GML.zip"
"流域メッシュ","W07-09_5239-jgd_GML.zip","W07/W07-09/W07-09_5239-jgd_GML.zip"
"流域メッシュ","W07-09_5240-jgd_GML.zip","W07/W07-09/W07-09_5240-jgd_GML.zip"
"流域メッシュ","W07-09_5332-jgd_GML.zip","W07/W07-09/W07-09_5332-jgd_GML.zip"
"流域メッシュ","W07-09_5333-jgd_GML.zip","W07/W07-09/W07-09_5333-jgd_GML.zip"
"流域メッシュ","W07-09_5334-jgd_GML.zip","W07/W07-09/W07-09_5334-jgd_GML.zip"
"流域メッシュ","W07-09_5335-jgd_GML.zip","W07/W07-09/W07-09_5335-jgd_GML.zip"
"流域メッシュ","W07-09_5336-jgd_GML.zip","W07/W07-09/W07-09_5336-jgd_GML.zip"
"流域メッシュ","W07-09_5337-jgd_GML.zip","W07/W07-09/W07-09_5337-jgd_GML.zip"
"流域メッシュ","W07-09_5338-jgd_GML.zip","W07/W07-09/W07-09_5338-jgd_GML.zip"
"流域メッシュ","W07-09_5339-jgd_GML.zip","W07/W07-09/W07-09_5339-jgd_GML.zip"
"流域メッシュ","W07-09_5340-jgd_GML.zip","W07/W07-09/W07-09_5340-jgd_GML.zip"
"流域メッシュ","W07-09_5433-jgd_GML.zip","W07/W07-09/W07-09_5433-jgd_GML.zip"
"流域メッシュ","W07-09_5436-jgd_GML.zip","W07/W07-09/W07-09_5436-jgd_GML.zip"
"流域メッシュ","W07-09_5437-jgd_GML.zip","W07/W07-09/W07-09_5437-jgd_GML.zip"
"流域メッシュ","W07-09_5438-jgd_GML.zip","W07/W07-09/W07-09_5438-jgd_GML.zip"
"流域メッシュ","W07-09_5439-jgd_GML.zip","W07/W07-09/W07-09_5439-jgd_GML.zip"
"流域メッシュ","W07-09_5440-jgd_GML.zip","W07/W07-09/W07-09_5440-jgd_GML.zip"
"流域メッシュ","W07-09_5536-jgd_GML.zip","W07/W07-09/W07-09_5536-jgd_GML.zip"
"流域メッシュ","W07-09_5537-jgd_GML.zip","W07/W07-09/W07-09_5537-jgd_GML.zip"
"流域メッシュ","W07-09_5538-jgd_GML.zip","W07/W07-09/W07-09_5538-jgd_GML.zip"
"流域メッシュ","W07-09_5539-jgd_GML.zip","W07/W07-09/W07-09_5539-jgd_GML.zip"
"流域メッシュ","W07-09_5540-jgd_GML.zip","W07/W07-09/W07-09_5540-jgd_GML.zip"
"流域メッシュ","W07-09_5541-jgd_GML.zip","W07/W07-09/W07-09_5541-jgd_GML.zip"
"流域メッシュ","W07-09_5636-jgd_GML.zip","W07/W07-09/W07-09_5636-jgd_GML.zip"
"流域メッシュ","W07-09_5637-jgd_GML.zip","W07/W07-09/W07-09_5637-jgd_GML.zip"
"流域メッシュ","W07-09_5638-jgd_GML.zip","W07/W07-09/W07-09_5638-jgd_GML.zip"
"流域メッシュ","W07-09_5639-jgd_GML.zip","W07/W07-09/W07-09_5639-jgd_GML.zip"
"流域メッシュ","W07-09_5640-jgd_GML.zip","W07/W07-09/W07-09_5640-jgd_GML.zip"
"流域メッシュ","W07-09_5641-jgd_GML.zip","W07/W07-09/W07-09_5641-jgd_GML.zip"
"流域メッシュ","W07-09_5738-jgd_GML.zip","W07/W07-09/W07-09_5738-jgd_GML.zip"
"流域メッシュ","W07-09_5739-jgd_GML.zip","W07/W07-09/W07-09_5739-jgd_GML.zip"
"流域メッシュ","W07-09_5740-jgd_GML.zip","W07/W07-09/W07-09_5740-jgd_GML.zip"
"流域メッシュ","W07-09_5741-jgd_GML.zip","W07/W07-09/W07-09_5741-jgd_GML.zip"
"流域メッシュ","W07-09_5839-jgd_GML.zip","W07/W07-09/W07-09_5839-jgd_GML.zip"
"流域メッシュ","W07-09_5840-jgd_GML.zip","W07/W07-09/W07-09_5840-jgd_GML.zip"
"流域メッシュ","W07-09_5841-jgd_GML.zip","W07/W07-09/W07-09_5841-jgd_GML.zip"
"流域メッシュ","W07-09_5939-jgd_GML.zip","W07/W07-09/W07-09_5939-jgd_GML.zip"
"流域メッシュ","W07-09_5940-jgd_GML.zip","W07/W07-09/W07-09_5940-jgd_GML.zip"
"流域メッシュ","W07-09_5941-jgd_GML.zip","W07/W07-09/W07-09_5941-jgd_GML.zip"
"流域メッシュ","W07-09_5942-jgd_GML.zip","W07/W07-09/W07-09_5942-jgd_GML.zip"
"流域メッシュ","W07-09_6039-jgd_GML.zip","W07/W07-09/W07-09_6039-jgd_GML.zip"
"流域メッシュ","W07-09_6040-jgd_GML.zip","W07/W07-09/W07-09_6040-jgd_GML.zip"
"流域メッシュ","W07-09_6041-jgd_GML.zip","W07/W07-09/W07-09_6041-jgd_GML.zip"
"流域メッシュ","W07-09_6139-jgd_GML.zip","W07/W07-09/W07-09_6139-jgd_GML.zip"
"流域メッシュ","W07-09_6140-jgd_GML.zip","W07/W07-09/W07-09_6140-jgd_GML.zip"
"流域メッシュ","W07-09_6141-jgd_GML.zip","W07/W07-09/W07-09_6141-jgd_GML.zip"
"流域メッシュ","W07-09_6239-jgd_GML.zip","W07/W07-09/W07-09_6239-jgd_GML.zip"
"流域メッシュ","W07-09_6240-jgd_GML.zip","W07/W07-09/W07-09_6240-jgd_GML.zip"
"流域メッシュ","W07-09_6241-jgd_GML.zip","W07/W07-09/W07-09_6241-jgd_GML.zip"
"流域メッシュ","W07-09_6243-jgd_GML.zip","W07/W07-09/W07-09_6243-jgd_GML.zip"
"流域メッシュ","W07-09_6339-jgd_GML.zip","W07/W07-09/W07-09_6339-jgd_GML.zip"
"流域メッシュ","W07-09_6340-jgd_GML.zip","W07/W07-09/W07-09_6340-jgd_GML.zip"
"流域メッシュ","W07-09_6341-jgd_GML.zip","W07/W07-09/W07-09_6341-jgd_GML.zip"
"流域メッシュ","W07-09_6342-jgd_GML.zip","W07/W07-09/W07-09_6342-jgd_GML.zip"
"流域メッシュ","W07-09_6343-jgd_GML.zip","W07/W07-09/W07-09_6343-jgd_GML.zip"
"流域メッシュ","W07-09_6439-jgd_GML.zip","W07/W07-09/W07-09_6439-jgd_GML.zip"
"流域メッシュ","W07-09_6440-jgd_GML.zip","W07/W07-09/W07-09_6440-jgd_GML.zip"
"流域メッシュ","W07-09_6441-jgd_GML.zip","W07/W07-09/W07-09_6441-jgd_GML.zip"
"流域メッシュ","W07-09_6442-jgd_GML.zip","W07/W07-09/W07-09_6442-jgd_GML.zip"
"流域メッシュ","W07-09_6443-jgd_GML.zip","W07/W07-09/W07-09_6443-jgd_GML.zip"
"流域メッシュ","W07-09_6444-jgd_GML.zip","W07/W07-09/W07-09_6444-jgd_GML.zip"
"流域メッシュ","W07-09_6445-jgd_GML.zip","W07/W07-09/W07-09_6445-jgd_GML.zip"
"流域メッシュ","W07-09_6540-jgd_GML.zip","W07/W07-09/W07-09_6540-jgd_GML.zip"
"流域メッシュ","W07-09_6541-jgd_GML.zip","W07/W07-09/W07-09_6541-jgd_GML.zip"
"流域メッシュ","W07-09_6542-jgd_GML.zip","W07/W07-09/W07-09_6542-jgd_GML.zip"
"流域メッシュ","W07-09_6543-jgd_GML.zip","W07/W07-09/W07-09_6543-jgd_GML.zip"
"流域メッシュ","W07-09_6544-jgd_GML.zip","W07/W07-09/W07-09_6544-jgd_GML.zip"
"流域メッシュ","W07-09_6545-jgd_GML.zip","W07/W07-09/W07-09_6545-jgd_GML.zip"
"流域メッシュ","W07-09_6546-jgd_GML.zip","W07/W07-09/W07-09_6546-jgd_GML.zip"
"流域メッシュ","W07-09_6641-jgd_GML.zip","W07/W07-09/W07-09_6641-jgd_GML.zip"
"流域メッシュ","W07-09_6642-jgd_GML.zip","W07/W07-09/W07-09_6642-jgd_GML.zip"
"流域メッシュ","W07-09_6643-jgd_GML.zip","W07/W07-09/W07-09_6643-jgd_GML.zip"
"流域メッシュ","W07-09_6644-jgd_GML.zip","W07/W07-09/W07-09_6644-jgd_GML.zip"
"流域メッシュ","W07-09_6645-jgd_GML.zip","W07/W07-09/W07-09_6645-jgd_GML.zip"
"流域メッシュ","W07-09_6646-jgd_GML.zip","W07/W07-09/W07-09_6646-jgd_GML.zip"
"流域メッシュ","W07-09_6647-jgd_GML.zip","W07/W07-09/W07-09_6647-jgd_GML.zip"
"流域メッシュ","W07-09_6741-jgd_GML.zip","W07/W07-09/W07-09_6741-jgd_GML.zip"
"流域メッシュ","W07-09_6742-jgd_GML.zip","W07/W07-09/W07-09_6742-jgd_GML.zip"
"流域メッシュ","W07-09_6747-jgd_GML.zip","W07/W07-09/W07-09_6747-jgd_GML.zip"
"流域メッシュ","W07-09_6748-jgd_GML.zip","W07/W07-09/W07-09_6748-jgd_GML.zip"
"流域メッシュ","W07-09_6840-jgd_GML.zip","W07/W07-09/W07-09_6840-jgd_GML.zip"
"流域メッシュ","W07-09_6841-jgd_GML.zip","W07/W07-09/W07-09_6841-jgd_GML.zip"
"流域メッシュ","W07-09_6842-jgd_GML.zip","W07/W07-09/W07-09_6842-jgd_GML.zip"
"流域メッシュ","W07-09_6847-jgd_GML.zip","W07/W07-09/W07-09_6847-jgd_GML.zip"
"流域メッシュ","W07-09_6848-jgd_GML.zip","W07/W07-09/W07-09_6848-jgd_GML.zip"
"ダム","W01-14_GML.zip","W01/W01-14/W01-14_GML.zip"
"河川","W05-09_01_GML.zip","W05/W05-09/W05-09_01_GML.zip"
"河川","W05-07_02_GML.zip","W05/W05-07/W05-07_02_GML.zip"
"河川","W05-07_03_GML.zip","W05/W05-07/W05-07_03_GML.zip"
"河川","W05-07_04_GML.zip","W05/W05-07/W05-07_04_GML.zip"
"河川","W05-07_05_GML.zip","W05/W05-07/W05-07_05_GML.zip"
"河川","W05-07_06_GML.zip","W05/W05-07/W05-07_06_GML.zip"
"河川","W05-07_07_GML.zip","W05/W05-07/W05-07_07_GML.zip"
"河川","W05-08_08_GML.zip","W05/W05-08/W05-08_08_GML.zip"
"河川","W05-08_09_GML.zip","W05/W05-08/W05-08_09_GML.zip"
"河川","W05-08_10_GML.zip","W05/W05-08/W05-08_10_GML.zip"
"河川","W05-08_11_GML.zip","W05/W05-08/W05-08_11_GML.zip"
"河川","W05-08_12_GML.zip","W05/W05-08/W05-08_12_GML.zip"
"河川","W05-08_13_GML.zip","W05/W05-08/W05-08_13_GML.zip"
"河川","W05-08_14_GML.zip","W05/W05-08/W05-08_14_GML.zip"
"河川","W05-07_15_GML.zip","W05/W05-07/W05-07_15_GML.zip"
"河川","W05-07_16_GML.zip","W05/W05-07/W05-07_16_GML.zip"
"河川","W05-07_17_GML.zip","W05/W05-07/W05-07_17_GML.zip"
"河川","W05-07_18_GML.zip","W05/W05-07/W05-07_18_GML.zip"
"河川","W05-08_19_GML.zip","W05/W05-08/W05-08_19_GML.zip"
"河川","W05-08_20_GML.zip","W05/W05-08/W05-08_20_GML.zip"
"河川","W05-08_21_GML.zip","W05/W05-08/W05-08_21_GML.zip"
"河川","W05-08_22_GML.zip","W05/W05-08/W05-08_22_GML.zip"
"河川","W05-08_23_GML.zip","W05/W05-08/W05-08_23_GML.zip"
"河川","W05-08_24_GML.zip","W05/W05-08/W05-08_24_GML.zip"
"河川","W05-09_25_GML.zip","W05/W05-09/W05-09_25_GML.zip"
"河川","W05-09_26_GML.zip","W05/W05-09/W05-09_26_GML.zip"
"河川","W05-09_27_GML.zip","W05/W05-09/W05-09_27_GML.zip"
"河川","W05-09_28_GML.zip","W05/W05-09/W05-09_28_GML.zip"
"河川","W05-09_29_GML.zip","W05/W05-09/W05-09_29_GML.zip"
"河川","W05-09_30_GML.zip","W05/W05-09/W05-09_30_GML.zip"
"河川","W05-08_31_GML.zip","W05/W05-08/W05-08_31_GML.zip"
"河川","W05-08_32_GML.zip","W05/W05-08/W05-08_32_GML.zip"
"河川","W05-08_33_GML.zip","W05/W05-08/W05-08_33_GML.zip"
"河川","W05-08_34_GML.zip","W05/W05-08/W05-08_34_GML.zip"
"河川","W05-08_35_GML.zip","W05/W05-08/W05-08_35_GML.zip"
"河川","W05-06_36_GML.zip","W05/W05-06/W05-06_36_GML.zip"
"河川","W05-06_37_GML.zip","W05/W05-06/W05-06_37_GML.zip"
"河川","W05-06_38_GML.zip","W05/W05-06/W05-06_38_GML.zip"
"河川","W05-06_39_GML.zip","W05/W05-06/W05-06_39_GML.zip"
"河川","W05-07_40_GML.zip","W05/W05-07/W05-07_40_GML.zip"
"河川","W05-07_41_GML.zip","W05/W05-07/W05-07_41_GML.zip"
"河川","W05-07_42_GML.zip","W05/W05-07/W05-07_42_GML.zip"
"河川","W05-07_43_GML.zip","W05/W05-07/W05-07_43_GML.zip"
"河川","W05-07_44_GML.zip","W05/W05-07/W05-07_44_GML.zip"
"河川","W05-07_45_GML.zip","W05/W05-07/W05-07_45_GML.zip"
"河川","W05-07_46_GML.zip","W05/W05-07/W05-07_46_GML.zip"
"河川","W05-07_47_GML.zip","W05/W05-07/W05-07_47_GML.zip"
"標高・傾斜度3次メッシュ","G04-a-11_3036-jgd_GML.zip","G04-a/G04-a-11/G04-a-11_3036-jgd_GML.zip"
"標高・傾斜度3次メッシュ","G04-a-11_3622-jgd_GML.zip","G04-a/G04-a-11/G04-a-11_3622-jgd_GML.zip"
"標高・傾斜度3次メッシュ","G04-a-11_3623-jgd_GML.zip","G04-a/G04-a-11/G04-a-11_3623-jgd_GML.zip"
"標高・傾斜度3次メッシュ","G04-a-11_3624-jgd_GML.zip","G04-a/G04-a-11/G04-a-11_3624-jgd_GML.zip"
"標高・傾斜度3次メッシュ","G04-a-11_3631-jgd_GML.zip","G04-a/G04-a-11/G04-a-11_3631-jgd_GML.zip"
"標高・傾斜度3次メッシュ","G04-a-11_3641-jgd_GML.zip","G04-a/G04-a-11/G04-a-11_3641-jgd_GML.zip"
"標高・傾斜度3次メッシュ","G04-a-11_3653-jgd_GML.zip","G04-a/G04-a-11/G04-a-11_3653-jgd_GML.zip"
"標高・傾斜度3次メッシュ","G04-a-11_3724-jgd_GML.zip","G04-a/G04-a-11/G04-a-11_3724-jgd_GML.zip"
"標高・傾斜度3次メッシュ","G04-a-11_3725-jgd_GML.zip","G04-a/G04-a-11/G04-a-11_3725-jgd_GML.zip"
"標高・傾斜度3次メッシュ","G04-a-11_3741-jgd_GML.zip","G04-a/G04-a-11/G04-a-11_3741-jgd_GML.zip"
"標高・傾斜度3次メッシュ","G04-a-11_3823-jgd_GML.zip","G04-a/G04-a-11/G04-a-11_3823-jgd_GML.zip"
"標高・傾斜度3次メッシュ","G04-a-11_3824-jgd_GML.zip","G04-a/G04-a-11/G04-a-11_3824-jgd_GML.zip"
"標高・傾斜度3次メッシュ","G04-a-11_3831-jgd_GML.zip","G04-a/G04-a-11/G04-a-11_3831-jgd_GML.zip"
"標高・傾斜度3次メッシュ","G04-a-11_3841-jgd_GML.zip","G04-a/G04-a-11/G04-a-11_3841-jgd_GML.zip"
"標高・傾斜度3次メッシュ","G04-a-11_3926-jgd_GML.zip","G04-a/G04-a-11/G04-a-11_3926-jgd_GML.zip"
"標高・傾斜度3次メッシュ","G04-a-11_3927-jgd_GML.zip","G04-a/G04-a-11/G04-a-11_3927-jgd_GML.zip"
"標高・傾斜度3次メッシュ","G04-a-11_3928-jgd_GML.zip","G04-a/G04-a-11/G04-a-11_3928-jgd_GML.zip"
"標高・傾斜度3次メッシュ","G04-a-11_3942-jgd_GML.zip","G04-a/G04-a-11/G04-a-11_3942-jgd_GML.zip"
"標高・傾斜度3次メッシュ","G04-a-11_4027-jgd_GML.zip","G04-a/G04-a-11/G04-a-11_4027-jgd_GML.zip"
"標高・傾斜度3次メッシュ","G04-a-11_4028-jgd_GML.zip","G04-a/G04-a-11/G04-a-11_4028-jgd_GML.zip"
"標高・傾斜度3次メッシュ","G04-a-11_4040-jgd_GML.zip","G04-a/G04-a-11/G04-a-11_4040-jgd_GML.zip"
"標高・傾斜度3次メッシュ","G04-a-11_4042-jgd_GML.zip","G04-a/G04-a-11/G04-a-11_4042-jgd_GML.zip"
"標高・傾斜度3次メッシュ","G04-a-11_4128-jgd_GML.zip","G04-a/G04-a-11/G04-a-11_4128-jgd_GML.zip"
"標高・傾斜度3次メッシュ","G04-a-11_4129-jgd_GML.zip","G04-a/G04-a-11/G04-a-11_4129-jgd_GML.zip"
"標高・傾斜度3次メッシュ","G04-a-11_4142-jgd_GML.zip","G04-a/G04-a-11/G04-a-11_4142-jgd_GML.zip"
"標高・傾斜度3次メッシュ","G04-a-11_4229-jgd_GML.zip","G04-a/G04-a-11/G04-a-11_4229-jgd_GML.zip"
"標高・傾斜度3次メッシュ","G04-a-11_4230-jgd_GML.zip","G04-a/G04-a-11/G04-a-11_4230-jgd_GML.zip"
"標高・傾斜度3次メッシュ","G04-a-11_4328-jgd_GML.zip","G04-a/G04-a-11/G04-a-11_4328-jgd_GML.zip"
"標高・傾斜度3次メッシュ","G04-a-11_4329-jgd_GML.zip","G04-a/G04-a-11/G04-a-11_4329-jgd_GML.zip"
"標高・傾斜度3次メッシュ","G04-a-11_4429-jgd_GML.zip","G04-a/G04-a-11/G04-a-11_4429-jgd_GML.zip"
"標高・傾斜度3次メッシュ","G04-a-11_4440-jgd_GML.zip","G04-a/G04-a-11/G04-a-11_4440-jgd_GML.zip"
"標高・傾斜度3次メッシュ","G04-a-11_4529-jgd_GML.zip","G04-a/G04-a-11/G04-a-11_4529-jgd_GML.zip"
"標高・傾斜度3次メッシュ","G04-a-11_4530-jgd_GML.zip","G04-a/G04-a-11/G04-a-11_4530-jgd_GML.zip"
"標高・傾斜度3次メッシュ","G04-a-11_4531-jgd_GML.zip","G04-a/G04-a-11/G04-a-11_4531-jgd_GML.zip"
"標高・傾斜度3次メッシュ","G04-a-11_4540-jgd_GML.zip","G04-a/G04-a-11/G04-a-11_4540-jgd_GML.zip"
"標高・傾斜度3次メッシュ","G04-a-11_4629-jgd_GML.zip","G04-a/G04-a-11/G04-a-11_4629-jgd_GML.zip"
"標高・傾斜度3次メッシュ","G04-a-11_4630-jgd_GML.zip","G04-a/G04-a-11/G04-a-11_4630-jgd_GML.zip"
"標高・傾斜度3次メッシュ","G04-a-11_4631-jgd_GML.zip","G04-a/G04-a-11/G04-a-11_4631-jgd_GML.zip"
"標高・傾斜度3次メッシュ","G04-a-11_4728-jgd_GML.zip","G04-a/G04-a-11/G04-a-11_4728-jgd_GML.zip"
"標高・傾斜度3次メッシュ","G04-a-11_4729-jgd_GML.zip","G04-a/G04-a-11/G04-a-11_4729-jgd_GML.zip"
"標高・傾斜度3次メッシュ","G04-a-11_4730-jgd_GML.zip","G04-a/G04-a-11/G04-a-11_4730-jgd_GML.zip"
"標高・傾斜度3次メッシュ","G04-a-11_4731-jgd_GML.zip","G04-a/G04-a-11/G04-a-11_4731-jgd_GML.zip"
"標高・傾斜度3次メッシュ","G04-a-11_4739-jgd_GML.zip","G04-a/G04-a-11/G04-a-11_4739-jgd_GML.zip"
"標高・傾斜度3次メッシュ","G04-a-11_4740-jgd_GML.zip","G04-a/G04-a-11/G04-a-11_4740-jgd_GML.zip"
"標高・傾斜度3次メッシュ","G04-a-11_4828-jgd_GML.zip","G04-a/G04-a-11/G04-a-11_4828-jgd_GML.zip"
"標高・傾斜度3次メッシュ","G04-a-11_4829-jgd_GML.zip","G04-a/G04-a-11/G04-a-11_4829-jgd_GML.zip"
"標高・傾斜度3次メッシュ","G04-a-11_4830-jgd_GML.zip","G04-a/G04-a-11/G04-a-11_4830-jgd_GML.zip"
"標高・傾斜度3次メッシュ","G04-a-11_4831-jgd_GML.zip","G04-a/G04-a-11/G04-a-11_4831-jgd_GML.zip"
"標高・傾斜度3次メッシュ","G04-a-11_4839-jgd_GML.zip","G04-a/G04-a-11/G04-a-11_4839-jgd_GML.zip"
"標高・傾斜度3次メッシュ","G04-a-11_4928-jgd_GML.zip","G04-a/G04-a-11/G04-a-11_4928-jgd_GML.zip"
"標高・傾斜度3次メッシュ","G04-a-11_4929-jgd_GML.zip","G04-a/G04-a-11/G04-a-11_4929-jgd_GML.zip"
"標高・傾斜度3次メッシュ","G04-a-11_4930-jgd_GML.zip","G04-a/G04-a-11/G04-a-11_4930-jgd_GML.zip"
"標高・傾斜度3次メッシュ","G04-a-11_4931-jgd_GML.zip","G04-a/G04-a-11/G04-a-11_4931-jgd_GML.zip"
"標高・傾斜度3次メッシュ","G04-a-11_4932-jgd_GML.zip","G04-a/G04-a-11/G04-a-11_4932-jgd_GML.zip"
"標高・傾斜度3次メッシュ","G04-a-11_4933-jgd_GML.zip","G04-a/G04-a-11/G04-a-11_4933-jgd_GML.zip"
"標高・傾斜度3次メッシュ","G04-a-11_4934-jgd_GML.zip","G04-a/G04-a-11/G04-a-11_4934-jgd_GML.zip"
"標高・傾斜度3次メッシュ","G04-a-11_4939-jgd_GML.zip","G04-a/G04-a-11/G04-a-11_4939-jgd_GML.zip"
"標高・傾斜度3次メッシュ","G04-a-11_5029-jgd_GML.zip","G04-a/G04-a-11/G04-a-11_5029-jgd_GML.zip"
"標高・傾斜度3次メッシュ","G04-a-11_5030-jgd_GML.zip","G04-a/G04-a-11/G04-a-11_5030-jgd_GML.zip"
"標高・傾斜度3次メッシュ","G04-a-11_5031-jgd_GML.zip","G04-a/G04-a-11/G04-a-11_5031-jgd_GML.zip"
"標高・傾斜度3次メッシュ","G04-a-11_5032-jgd_GML.zip","G04-a/G04-a-11/G04-a-11_5032-jgd_GML.zip"
"標高・傾斜度3次メッシュ","G04-a-11_5033-jgd_GML.zip","G04-a/G04-a-11/G04-a-11_5033-jgd_GML.zip"
"標高・傾斜度3次メッシュ","G04-a-11_5034-jgd_GML.zip","G04-a/G04-a-11/G04-a-11_5034-jgd_GML.zip"
"標高・傾斜度3次メッシュ","G04-a-11_5035-jgd_GML.zip","G04-a/G04-a-11/G04-a-11_5035-jgd_GML.zip"
"標高・傾斜度3次メッシュ","G04-a-11_5036-jgd_GML.zip","G04-a/G04-a-11/G04-a-11_5036-jgd_GML.zip"
"標高・傾斜度3次メッシュ","G04-a-11_5038-jgd_GML.zip","G04-a/G04-a-11/G04-a-11_5038-jgd_GML.zip"
"標高・傾斜度3次メッシュ","G04-a-11_5039-jgd_GML.zip","G04-a/G04-a-11/G04-a-11_5039-jgd_GML.zip"
"標高・傾斜度3次メッシュ","G04-a-11_5129-jgd_GML.zip","G04-a/G04-a-11/G04-a-11_5129-jgd_GML.zip"
"標高・傾斜度3次メッシュ","G04-a-11_5130-jgd_GML.zip","G04-a/G04-a-11/G04-a-11_5130-jgd_GML.zip"
"標高・傾斜度3次メッシュ","G04-a-11_5131-jgd_GML.zip","G04-a/G04-a-11/G04-a-11_5131-jgd_GML.zip"
"標高・傾斜度3次メッシュ","G04-a-11_5132-jgd_GML.zip","G04-a/G04-a-11/G04-a-11_5132-jgd_GML.zip"
"標高・傾斜度3次メッシュ","G04-a-11_5133-jgd_GML.zip","G04-a/G04-a-11/G04-a-11_5133-jgd_GML.zip"
"標高・傾斜度3次メッシュ","G04-a-11_5134-jgd_GML.zip","G04-a/G04-a-11/G04-a-11_5134-jgd_GML.zip"
"標高・傾斜度3次メッシュ","G04-a-11_5135-jgd_GML.zip","G04-a/G04-a-11/G04-a-11_5135-jgd_GML.zip"
"標高・傾斜度3次メッシュ","G04-a-11_5136-jgd_GML.zip","G04-a/G04-a-11/G04-a-11_5136-jgd_GML.zip"
"標高・傾斜度3次メッシュ","G04-a-11_5137-jgd_GML.zip","G04-a/G04-a-11/G04-a-11_5137-jgd_GML.zip"
"標高・傾斜度3次メッシュ","G04-a-11_5138-jgd_GML.zip","G04-a/G04-a-11/G04-a-11_5138-jgd_GML.zip"
"標高・傾斜度3次メッシュ","G04-a-11_5139-jgd_GML.zip","G04-a/G04-a-11/G04-a-11_5139-jgd_GML.zip"
"標高・傾斜度3次メッシュ","G04-a-11_5229-jgd_GML.zip","G04-a/G04-a-11/G04-a-11_5229-jgd_GML.zip"
"標高・傾斜度3次メッシュ","G04-a-11_5231-jgd_GML.zip","G04-a/G04-a-11/G04-a-11_5231-jgd_GML.zip"
"標高・傾斜度3次メッシュ","G04-a-11_5232-jgd_GML.zip","G04-a/G04-a-11/G04-a-11_5232-jgd_GML.zip"
"標高・傾斜度3次メッシュ","G04-a-11_5233-jgd_GML.zip","G04-a/G04-a-11/G04-a-11_5233-jgd_GML.zip"
"標高・傾斜度3次メッシュ","G04-a-11_5234-jgd_GML.zip","G04-a/G04-a-11/G04-a-11_5234-jgd_GML.zip"
"標高・傾斜度3次メッシュ","G04-a-11_5235-jgd_GML.zip","G04-a/G04-a-11/G04-a-11_5235-jgd_GML.zip"
"標高・傾斜度3次メッシュ","G04-a-11_5236-jgd_GML.zip","G04-a/G04-a-11/G04-a-11_5236-jgd_GML.zip"
"標高・傾斜度3次メッシュ","G04-a-11_5237-jgd_GML.zip","G04-a/G04-a-11/G04-a-11_5237-jgd_GML.zip"
"標高・傾斜度3次メッシュ","G04-a-11_5238-jgd_GML.zip","G04-a/G04-a-11/G04-a-11_5238-jgd_GML.zip"
"標高・傾斜度3次メッシュ","G04-a-11_5239-jgd_GML.zip","G04-a/G04-a-11/G04-a-11_5239-jgd_GML.zip"
"標高・傾斜度3次メッシュ","G04-a-11_5240-jgd_GML.zip","G04-a/G04-a-11/G04-a-11_5240-jgd_GML.zip"
"標高・傾斜度3次メッシュ","G04-a-11_5332-jgd_GML.zip","G04-a/G04-a-11/G04-a-11_5332-jgd_GML.zip"
"標高・傾斜度3次メッシュ","G04-a-11_5333-jgd_GML.zip","G04-a/G04-a-11/G04-a-11_5333-jgd_GML.zip"
"標高・傾斜度3次メッシュ","G04-a-11_5334-jgd_GML.zip","G04-a/G04-a-11/G04-a-11_5334-jgd_GML.zip"
"標高・傾斜度3次メッシュ","G04-a-11_5335-jgd_GML.zip","G04-a/G04-a-11/G04-a-11_5335-jgd_GML.zip"
"標高・傾斜度3次メッシュ","G04-a-11_5336-jgd_GML.zip","G04-a/G04-a-11/G04-a-11_5336-jgd_GML.zip"
"標高・傾斜度3次メッシュ","G04-a-11_5337-jgd_GML.zip","G04-a/G04-a-11/G04-a-11_5337-jgd_GML.zip"
"標高・傾斜度3次メッシュ","G04-a-11_5338-jgd_GML.zip","G04-a/G04-a-11/G04-a-11_5338-jgd_GML.zip"
"標高・傾斜度3次メッシュ","G04-a-11_5339-jgd_GML.zip","G04-a/G04-a-11/G04-a-11_5339-jgd_GML.zip"
"標高・傾斜度3次メッシュ","G04-a-11_5340-jgd_GML.zip","G04-a/G04-a-11/G04-a-11_5340-jgd_GML.zip"
"標高・傾斜度3次メッシュ","G04-a-11_5432-jgd_GML.zip","G04-a/G04-a-11/G04-a-11_5432-jgd_GML.zip"
"標高・傾斜度3次メッシュ","G04-a-11_5433-jgd_GML.zip","G04-a/G04-a-11/G04-a-11_5433-jgd_GML.zip"
"標高・傾斜度3次メッシュ","G04-a-11_5435-jgd_GML.zip","G04-a/G04-a-11/G04-a-11_5435-jgd_GML.zip"
"標高・傾斜度3次メッシュ","G04-a-11_5436-jgd_GML.zip","G04-a/G04-a-11/G04-a-11_5436-jgd_GML.zip"
"標高・傾斜度3次メッシュ","G04-a-11_5437-jgd_GML.zip","G04-a/G04-a-11/G04-a-11_5437-jgd_GML.zip"
"標高・傾斜度3次メッシュ","G04-a-11_5438-jgd_GML.zip","G04-a/G04-a-11/G04-a-11_5438-jgd_GML.zip"
"標高・傾斜度3次メッシュ","G04-a-11_5439-jgd_GML.zip","G04-a/G04-a-11/G04-a-11_5439-jgd_GML.zip"
"標高・傾斜度3次メッシュ","G04-a-11_5440-jgd_GML.zip","G04-a/G04-a-11/G04-a-11_5440-jgd_GML.zip"
"標高・傾斜度3次メッシュ","G04-a-11_5531-jgd_GML.zip","G04-a/G04-a-11/G04-a-11_5531-jgd_GML.zip"
"標高・傾斜度3次メッシュ","G04-a-11_5536-jgd_GML.zip","G04-a/G04-a-11/G04-a-11_5536-jgd_GML.zip"
"標高・傾斜度3次メッシュ","G04-a-11_5537-jgd_GML.zip","G04-a/G04-a-11/G04-a-11_5537-jgd_GML.zip"
"標高・傾斜度3次メッシュ","G04-a-11_5538-jgd_GML.zip","G04-a/G04-a-11/G04-a-11_5538-jgd_GML.zip"
"標高・傾斜度3次メッシュ","G04-a-11_5539-jgd_GML.zip","G04-a/G04-a-11/G04-a-11_5539-jgd_GML.zip"
"標高・傾斜度3次メッシュ","G04-a-11_5540-jgd_GML.zip","G04-a/G04-a-11/G04-a-11_5540-jgd_GML.zip"
"標高・傾斜度3次メッシュ","G04-a-11_5541-jgd_GML.zip","G04-a/G04-a-11/G04-a-11_5541-jgd_GML.zip"
"標高・傾斜度3次メッシュ","G04-a-11_5636-jgd_GML.zip","G04-a/G04-a-11/G04-a-11_5636-jgd_GML.zip"
"標高・傾斜度3次メッシュ","G04-a-11_5637-jgd_GML.zip","G04-a/G04-a-11/G04-a-11_5637-jgd_GML.zip"
"標高・傾斜度3次メッシュ","G04-a-11_5638-jgd_GML.zip","G04-a/G04-a-11/G04-a-11_5638-jgd_GML.zip"
"標高・傾斜度3次メッシュ","G04-a-11_5639-jgd_GML.zip","G04-a/G04-a-11/G04-a-11_5639-jgd_GML.zip"
"標高・傾斜度3次メッシュ","G04-a-11_5640-jgd_GML.zip","G04-a/G04-a-11/G04-a-11_5640-jgd_GML.zip"
"標高・傾斜度3次メッシュ","G04-a-11_5641-jgd_GML.zip","G04-a/G04-a-11/G04-a-11_5641-jgd_GML.zip"
"標高・傾斜度3次メッシュ","G04-a-11_5738-jgd_GML.zip","G04-a/G04-a-11/G04-a-11_5738-jgd_GML.zip"
"標高・傾斜度3次メッシュ","G04-a-11_5739-jgd_GML.zip","G04-a/G04-a-11/G04-a-11_5739-jgd_GML.zip"
"標高・傾斜度3次メッシュ","G04-a-11_5740-jgd_GML.zip","G04-a/G04-a-11/G04-a-11_5740-jgd_GML.zip"
"標高・傾斜度3次メッシュ","G04-a-11_5741-jgd_GML.zip","G04-a/G04-a-11/G04-a-11_5741-jgd_GML.zip"
"標高・傾斜度3次メッシュ","G04-a-11_5839-jgd_GML.zip","G04-a/G04-a-11/G04-a-11_5839-jgd_GML.zip"
"標高・傾斜度3次メッシュ","G04-a-11_5840-jgd_GML.zip","G04-a/G04-a-11/G04-a-11_5840-jgd_GML.zip"
"標高・傾斜度3次メッシュ","G04-a-11_5841-jgd_GML.zip","G04-a/G04-a-11/G04-a-11_5841-jgd_GML.zip"
"標高・傾斜度3次メッシュ","G04-a-11_5939-jgd_GML.zip","G04-a/G04-a-11/G04-a-11_5939-jgd_GML.zip"
"標高・傾斜度3次メッシュ","G04-a-11_5940-jgd_GML.zip","G04-a/G04-a-11/G04-a-11_5940-jgd_GML.zip"
"標高・傾斜度3次メッシュ","G04-a-11_5941-jgd_GML.zip","G04-a/G04-a-11/G04-a-11_5941-jgd_GML.zip"
"標高・傾斜度3次メッシュ","G04-a-11_5942-jgd_GML.zip","G04-a/G04-a-11/G04-a-11_5942-jgd_GML.zip"
"標高・傾斜度3次メッシュ","G04-a-11_6039-jgd_GML.zip","G04-a/G04-a-11/G04-a-11_6039-jgd_GML.zip"
"標高・傾斜度3次メッシュ","G04-a-11_6040-jgd_GML.zip","G04-a/G04-a-11/G04-a-11_6040-jgd_GML.zip"
"標高・傾斜度3次メッシュ","G04-a-11_6041-jgd_GML.zip","G04-a/G04-a-11/G04-a-11_6041-jgd_GML.zip"
"標高・傾斜度3次メッシュ","G04-a-11_6139-jgd_GML.zip","G04-a/G04-a-11/G04-a-11_6139-jgd_GML.zip"
"標高・傾斜度3次メッシュ","G04-a-11_6140-jgd_GML.zip","G04-a/G04-a-11/G04-a-11_6140-jgd_GML.zip"
"標高・傾斜度3次メッシュ","G04-a-11_6141-jgd_GML.zip","G04-a/G04-a-11/G04-a-11_6141-jgd_GML.zip"
"標高・傾斜度3次メッシュ","G04-a-11_6239-jgd_GML.zip","G04-a/G04-a-11/G04-a-11_6239-jgd_GML.zip"
"標高・傾斜度3次メッシュ","G04-a-11_6240-jgd_GML.zip","G04-a/G04-a-11/G04-a-11_6240-jgd_GML.zip"
"標高・傾斜度3次メッシュ","G04-a-11_6241-jgd_GML.zip","G04-a/G04-a-11/G04-a-11_6241-jgd_GML.zip"
"標高・傾斜度3次メッシュ","G04-a-11_6243-jgd_GML.zip","G04-a/G04-a-11/G04-a-11_6243-jgd_GML.zip"
"標高・傾斜度3次メッシュ","G04-a-11_6339-jgd_GML.zip","G04-a/G04-a-11/G04-a-11_6339-jgd_GML.zip"
"標高・傾斜度3次メッシュ","G04-a-11_6340-jgd_GML.zip","G04-a/G04-a-11/G04-a-11_6340-jgd_GML.zip"
"標高・傾斜度3次メッシュ","G04-a-11_6341-jgd_GML.zip","G04-a/G04-a-11/G04-a-11_6341-jgd_GML.zip"
"標高・傾斜度3次メッシュ","G04-a-11_6342-jgd_GML.zip","G04-a/G04-a-11/G04-a-11_6342-jgd_GML.zip"
"標高・傾斜度3次メッシュ","G04-a-11_6343-jgd_GML.zip","G04-a/G04-a-11/G04-a-11_6343-jgd_GML.zip"
"標高・傾斜度3次メッシュ","G04-a-11_6439-jgd_GML.zip","G04-a/G04-a-11/G04-a-11_6439-jgd_GML.zip"
"標高・傾斜度3次メッシュ","G04-a-11_6440-jgd_GML.zip","G04-a/G04-a-11/G04-a-11_6440-jgd_GML.zip"
"標高・傾斜度3次メッシュ","G04-a-11_6441-jgd_GML.zip","G04-a/G04-a-11/G04-a-11_6441-jgd_GML.zip"
"標高・傾斜度3次メッシュ","G04-a-11_6442-jgd_GML.zip","G04-a/G04-a-11/G04-a-11_6442-jgd_GML.zip"
"標高・傾斜度3次メッシュ","G04-a-11_6443-jgd_GML.zip","G04-a/G04-a-11/G04-a-11_6443-jgd_GML.zip"
"標高・傾斜度3次メッシュ","G04-a-11_6444-jgd_GML.zip","G04-a/G04-a-11/G04-a-11_6444-jgd_GML.zip"
"標高・傾斜度3次メッシュ","G04-a-11_6445-jgd_GML.zip","G04-a/G04-a-11/G04-a-11_6445-jgd_GML.zip"
"標高・傾斜度3次メッシュ","G04-a-11_6540-jgd_GML.zip","G04-a/G04-a-11/G04-a-11_6540-jgd_GML.zip"
"標高・傾斜度3次メッシュ","G04-a-11_6541-jgd_GML.zip","G04-a/G04-a-11/G04-a-11_6541-jgd_GML.zip"
"標高・傾斜度3次メッシュ","G04-a-11_6542-jgd_GML.zip","G04-a/G04-a-11/G04-a-11_6542-jgd_GML.zip"
"標高・傾斜度3次メッシュ","G04-a-11_6543-jgd_GML.zip","G04-a/G04-a-11/G04-a-11_6543-jgd_GML.zip"
"標高・傾斜度3次メッシュ","G04-a-11_6544-jgd_GML.zip","G04-a/G04-a-11/G04-a-11_6544-jgd_GML.zip"
"標高・傾斜度3次メッシュ","G04-a-11_6545-jgd_GML.zip","G04-a/G04-a-11/G04-a-11_6545-jgd_GML.zip"
"標高・傾斜度3次メッシュ","G04-a-11_6546-jgd_GML.zip","G04-a/G04-a-11/G04-a-11_6546-jgd_GML.zip"
"標高・傾斜度3次メッシュ","G04-a-11_6641-jgd_GML.zip","G04-a/G04-a-11/G04-a-11_6641-jgd_GML.zip"
"標高・傾斜度3次メッシュ","G04-a-11_6642-jgd_GML.zip","G04-a/G04-a-11/G04-a-11_6642-jgd_GML.zip"
"標高・傾斜度3次メッシュ","G04-a-11_6643-jgd_GML.zip","G04-a/G04-a-11/G04-a-11_6643-jgd_GML.zip"
"標高・傾斜度3次メッシュ","G04-a-11_6644-jgd_GML.zip","G04-a/G04-a-11/G04-a-11_6644-jgd_GML.zip"
"標高・傾斜度3次メッシュ","G04-a-11_6645-jgd_GML.zip","G04-a/G04-a-11/G04-a-11_6645-jgd_GML.zip"
"標高・傾斜度3次メッシュ","G04-a-11_6646-jgd_GML.zip","G04-a/G04-a-11/G04-a-11_6646-jgd_GML.zip"
"標高・傾斜度3次メッシュ","G04-a-11_6647-jgd_GML.zip","G04-a/G04-a-11/G04-a-11_6647-jgd_GML.zip"
"標高・傾斜度3次メッシュ","G04-a-11_6740-jgd_GML.zip","G04-a/G04-a-11/G04-a-11_6740-jgd_GML.zip"
"標高・傾斜度3次メッシュ","G04-a-11_6741-jgd_GML.zip","G04-a/G04-a-11/G04-a-11_6741-jgd_GML.zip"
"標高・傾斜度3次メッシュ","G04-a-11_6742-jgd_GML.zip","G04-a/G04-a-11/G04-a-11_6742-jgd_GML.zip"
"標高・傾斜度3次メッシュ","G04-a-11_6747-jgd_GML.zip","G04-a/G04-a-11/G04-a-11_6747-jgd_GML.zip"
"標高・傾斜度3次メッシュ","G04-a-11_6748-jgd_GML.zip","G04-a/G04-a-11/G04-a-11_6748-jgd_GML.zip"
"標高・傾斜度3次メッシュ","G04-a-11_6840-jgd_GML.zip","G04-a/G04-a-11/G04-a-11_6840-jgd_GML.zip"
"標高・傾斜度3次メッシュ","G04-a-11_6841-jgd_GML.zip","G04-a/G04-a-11/G04-a-11_6841-jgd_GML.zip"
"標高・傾斜度3次メッシュ","G04-a-11_6842-jgd_GML.zip","G04-a/G04-a-11/G04-a-11_6842-jgd_GML.zip"
"標高・傾斜度3次メッシュ","G04-a-11_6847-jgd_GML.zip","G04-a/G04-a-11/G04-a-11_6847-jgd_GML.zip"
"標高・傾斜度3次メッシュ","G04-a-11_6848-jgd_GML.zip","G04-a/G04-a-11/G04-a-11_6848-jgd_GML.zip"
"標高・傾斜度4次メッシュ","G04-c-11_3036-jgd_GML.zip","G04-c/G04-c-11/G04-c-11_3036-jgd_GML.zip"
"標高・傾斜度4次メッシュ","G04-c-11_3622-jgd_GML.zip","G04-c/G04-c-11/G04-c-11_3622-jgd_GML.zip"
"標高・傾斜度4次メッシュ","G04-c-11_3623-jgd_GML.zip","G04-c/G04-c-11/G04-c-11_3623-jgd_GML.zip"
"標高・傾斜度4次メッシュ","G04-c-11_3624-jgd_GML.zip","G04-c/G04-c-11/G04-c-11_3624-jgd_GML.zip"
"標高・傾斜度4次メッシュ","G04-c-11_3631-jgd_GML.zip","G04-c/G04-c-11/G04-c-11_3631-jgd_GML.zip"
"標高・傾斜度4次メッシュ","G04-c-11_3641-jgd_GML.zip","G04-c/G04-c-11/G04-c-11_3641-jgd_GML.zip"
"標高・傾斜度4次メッシュ","G04-c-11_3653-jgd_GML.zip","G04-c/G04-c-11/G04-c-11_3653-jgd_GML.zip"
"標高・傾斜度4次メッシュ","G04-c-11_3724-jgd_GML.zip","G04-c/G04-c-11/G04-c-11_3724-jgd_GML.zip"
"標高・傾斜度4次メッシュ","G04-c-11_3725-jgd_GML.zip","G04-c/G04-c-11/G04-c-11_3725-jgd_GML.zip"
"標高・傾斜度4次メッシュ","G04-c-11_3741-jgd_GML.zip","G04-c/G04-c-11/G04-c-11_3741-jgd_GML.zip"
"標高・傾斜度4次メッシュ","G04-c-11_3823-jgd_GML.zip","G04-c/G04-c-11/G04-c-11_3823-jgd_GML.zip"
"標高・傾斜度4次メッシュ","G04-c-11_3824-jgd_GML.zip","G04-c/G04-c-11/G04-c-11_3824-jgd_GML.zip"
"標高・傾斜度4次メッシュ","G04-c-11_3831-jgd_GML.zip","G04-c/G04-c-11/G04-c-11_3831-jgd_GML.zip"
"標高・傾斜度4次メッシュ","G04-c-11_3841-jgd_GML.zip","G04-c/G04-c-11/G04-c-11_3841-jgd_GML.zip"
"標高・傾斜度4次メッシュ","G04-c-11_3926-jgd_GML.zip","G04-c/G04-c-11/G04-c-11_3926-jgd_GML.zip"
"標高・傾斜度4次メッシュ","G04-c-11_3927-jgd_GML.zip","G04-c/G04-c-11/G04-c-11_3927-jgd_GML.zip"
"標高・傾斜度4次メッシュ","G04-c-11_3928-jgd_GML.zip","G04-c/G04-c-11/G04-c-11_3928-jgd_GML.zip"
"標高・傾斜度4次メッシュ","G04-c-11_3942-jgd_GML.zip","G04-c/G04-c-11/G04-c-11_3942-jgd_GML.zip"
"標高・傾斜度4次メッシュ","G04-c-11_4027-jgd_GML.zip","G04-c/G04-c-11/G04-c-11_4027-jgd_GML.zip"
"標高・傾斜度4次メッシュ","G04-c-11_4028-jgd_GML.zip","G04-c/G04-c-11/G04-c-11_4028-jgd_GML.zip"
"標高・傾斜度4次メッシュ","G04-c-11_4040-jgd_GML.zip","G04-c/G04-c-11/G04-c-11_4040-jgd_GML.zip"
"標高・傾斜度4次メッシュ","G04-c-11_4042-jgd_GML.zip","G04-c/G04-c-11/G04-c-11_4042-jgd_GML.zip"
"標高・傾斜度4次メッシュ","G04-c-11_4128-jgd_GML.zip","G04-c/G04-c-11/G04-c-11_4128-jgd_GML.zip"
"標高・傾斜度4次メッシュ","G04-c-11_4129-jgd_GML.zip","G04-c/G04-c-11/G04-c-11_4129-jgd_GML.zip"
"標高・傾斜度4次メッシュ","G04-c-11_4142-jgd_GML.zip","G04-c/G04-c-11/G04-c-11_4142-jgd_GML.zip"
"標高・傾斜度4次メッシュ","G04-c-11_4229-jgd_GML.zip","G04-c/G04-c-11/G04-c-11_4229-jgd_GML.zip"
"標高・傾斜度4次メッシュ","G04-c-11_4230-jgd_GML.zip","G04-c/G04-c-11/G04-c-11_4230-jgd_GML.zip"
"標高・傾斜度4次メッシュ","G04-c-11_4328-jgd_GML.zip","G04-c/G04-c-11/G04-c-11_4328-jgd_GML.zip"
"標高・傾斜度4次メッシュ","G04-c-11_4329-jgd_GML.zip","G04-c/G04-c-11/G04-c-11_4329-jgd_GML.zip"
"標高・傾斜度4次メッシュ","G04-c-11_4429-jgd_GML.zip","G04-c/G04-c-11/G04-c-11_4429-jgd_GML.zip"
"標高・傾斜度4次メッシュ","G04-c-11_4440-jgd_GML.zip","G04-c/G04-c-11/G04-c-11_4440-jgd_GML.zip"
"標高・傾斜度4次メッシュ","G04-c-11_4529-jgd_GML.zip","G04-c/G04-c-11/G04-c-11_4529-jgd_GML.zip"
"標高・傾斜度4次メッシュ","G04-c-11_4530-jgd_GML.zip","G04-c/G04-c-11/G04-c-11_4530-jgd_GML.zip"
"標高・傾斜度4次メッシュ","G04-c-11_4531-jgd_GML.zip","G04-c/G04-c-11/G04-c-11_4531-jgd_GML.zip"
"標高・傾斜度4次メッシュ","G04-c-11_4540-jgd_GML.zip","G04-c/G04-c-11/G04-c-11_4540-jgd_GML.zip"
"標高・傾斜度4次メッシュ","G04-c-11_4629-jgd_GML.zip","G04-c/G04-c-11/G04-c-11_4629-jgd_GML.zip"
"標高・傾斜度4次メッシュ","G04-c-11_4630-jgd_GML.zip","G04-c/G04-c-11/G04-c-11_4630-jgd_GML.zip"
"標高・傾斜度4次メッシュ","G04-c-11_4631-jgd_GML.zip","G04-c/G04-c-11/G04-c-11_4631-jgd_GML.zip"
"標高・傾斜度4次メッシュ","G04-c-11_4728-jgd_GML.zip","G04-c/G04-c-11/G04-c-11_4728-jgd_GML.zip"
"標高・傾斜度4次メッシュ","G04-c-11_4729-jgd_GML.zip","G04-c/G04-c-11/G04-c-11_4729-jgd_GML.zip"
"標高・傾斜度4次メッシュ","G04-c-11_4730-jgd_GML.zip","G04-c/G04-c-11/G04-c-11_4730-jgd_GML.zip"
"標高・傾斜度4次メッシュ","G04-c-11_4731-jgd_GML.zip","G04-c/G04-c-11/G04-c-11_4731-jgd_GML.zip"
"標高・傾斜度4次メッシュ","G04-c-11_4739-jgd_GML.zip","G04-c/G04-c-11/G04-c-11_4739-jgd_GML.zip"
"標高・傾斜度4次メッシュ","G04-c-11_4740-jgd_GML.zip","G04-c/G04-c-11/G04-c-11_4740-jgd_GML.zip"
"標高・傾斜度4次メッシュ","G04-c-11_4828-jgd_GML.zip","G04-c/G04-c-11/G04-c-11_4828-jgd_GML.zip"
"標高・傾斜度4次メッシュ","G04-c-11_4829-jgd_GML.zip","G04-c/G04-c-11/G04-c-11_4829-jgd_GML.zip"
"標高・傾斜度4次メッシュ","G04-c-11_4830-jgd_GML.zip","G04-c/G04-c-11/G04-c-11_4830-jgd_GML.zip"
"標高・傾斜度4次メッシュ","G04-c-11_4831-jgd_GML.zip","G04-c/G04-c-11/G04-c-11_4831-jgd_GML.zip"
"標高・傾斜度4次メッシュ","G04-c-11_4839-jgd_GML.zip","G04-c/G04-c-11/G04-c-11_4839-jgd_GML.zip"
"標高・傾斜度4次メッシュ","G04-c-11_4928-jgd_GML.zip","G04-c/G04-c-11/G04-c-11_4928-jgd_GML.zip"
"標高・傾斜度4次メッシュ","G04-c-11_4929-jgd_GML.zip","G04-c/G04-c-11/G04-c-11_4929-jgd_GML.zip"
"標高・傾斜度4次メッシュ","G04-c-11_4930-jgd_GML.zip","G04-c/G04-c-11/G04-c-11_4930-jgd_GML.zip"
"標高・傾斜度4次メッシュ","G04-c-11_4931-jgd_GML.zip","G04-c/G04-c-11/G04-c-11_4931-jgd_GML.zip"
"標高・傾斜度4次メッシュ","G04-c-11_4932-jgd_GML.zip","G04-c/G04-c-11/G04-c-11_4932-jgd_GML.zip"
"標高・傾斜度4次メッシュ","G04-c-11_4933-jgd_GML.zip","G04-c/G04-c-11/G04-c-11_4933-jgd_GML.zip"
"標高・傾斜度4次メッシュ","G04-c-11_4934-jgd_GML.zip","G04-c/G04-c-11/G04-c-11_4934-jgd_GML.zip"
"標高・傾斜度4次メッシュ","G04-c-11_4939-jgd_GML.zip","G04-c/G04-c-11/G04-c-11_4939-jgd_GML.zip"
"標高・傾斜度4次メッシュ","G04-c-11_5029-jgd_GML.zip","G04-c/G04-c-11/G04-c-11_5029-jgd_GML.zip"
"標高・傾斜度4次メッシュ","G04-c-11_5030-jgd_GML.zip","G04-c/G04-c-11/G04-c-11_5030-jgd_GML.zip"
"標高・傾斜度4次メッシュ","G04-c-11_5031-jgd_GML.zip","G04-c/G04-c-11/G04-c-11_5031-jgd_GML.zip"
"標高・傾斜度4次メッシュ","G04-c-11_5032-jgd_GML.zip","G04-c/G04-c-11/G04-c-11_5032-jgd_GML.zip"
"標高・傾斜度4次メッシュ","G04-c-11_5033-jgd_GML.zip","G04-c/G04-c-11/G04-c-11_5033-jgd_GML.zip"
"標高・傾斜度4次メッシュ","G04-c-11_5034-jgd_GML.zip","G04-c/G04-c-11/G04-c-11_5034-jgd_GML.zip"
"標高・傾斜度4次メッシュ","G04-c-11_5035-jgd_GML.zip","G04-c/G04-c-11/G04-c-11_5035-jgd_GML.zip"
"標高・傾斜度4次メッシュ","G04-c-11_5036-jgd_GML.zip","G04-c/G04-c-11/G04-c-11_5036-jgd_GML.zip"
"標高・傾斜度4次メッシュ","G04-c-11_5038-jgd_GML.zip","G04-c/G04-c-11/G04-c-11_5038-jgd_GML.zip"
"標高・傾斜度4次メッシュ","G04-c-11_5039-jgd_GML.zip","G04-c/G04-c-11/G04-c-11_5039-jgd_GML.zip"
"標高・傾斜度4次メッシュ","G04-c-11_5129-jgd_GML.zip","G04-c/G04-c-11/G04-c-11_5129-jgd_GML.zip"
"標高・傾斜度4次メッシュ","G04-c-11_5130-jgd_GML.zip","G04-c/G04-c-11/G04-c-11_5130-jgd_GML.zip"
"標高・傾斜度4次メッシュ","G04-c-11_5131-jgd_GML.zip","G04-c/G04-c-11/G04-c-11_5131-jgd_GML.zip"
"標高・傾斜度4次メッシュ","G04-c-11_5132-jgd_GML.zip","G04-c/G04-c-11/G04-c-11_5132-jgd_GML.zip"
"標高・傾斜度4次メッシュ","G04-c-11_5133-jgd_GML.zip","G04-c/G04-c-11/G04-c-11_5133-jgd_GML.zip"
"標高・傾斜度4次メッシュ","G04-c-11_5134-jgd_GML.zip","G04-c/G04-c-11/G04-c-11_5134-jgd_GML.zip"
"標高・傾斜度4次メッシュ","G04-c-11_5135-jgd_GML.zip","G04-c/G04-c-11/G04-c-11_5135-jgd_GML.zip"
"標高・傾斜度4次メッシュ","G04-c-11_5136-jgd_GML.zip","G04-c/G04-c-11/G04-c-11_5136-jgd_GML.zip"
"標高・傾斜度4次メッシュ","G04-c-11_5137-jgd_GML.zip","G04-c/G04-c-11/G04-c-11_5137-jgd_GML.zip"
"標高・傾斜度4次メッシュ","G04-c-11_5138-jgd_GML.zip","G04-c/G04-c-11/G04-c-11_5138-jgd_GML.zip"
"標高・傾斜度4次メッシュ","G04-c-11_5139-jgd_GML.zip","G04-c/G04-c-11/G04-c-11_5139-jgd_GML.zip"
"標高・傾斜度4次メッシュ","G04-c-11_5229-jgd_GML.zip","G04-c/G04-c-11/G04-c-11_5229-jgd_GML.zip"
"標高・傾斜度4次メッシュ","G04-c-11_5231-jgd_GML.zip","G04-c/G04-c-11/G04-c-11_5231-jgd_GML.zip"
"標高・傾斜度4次メッシュ","G04-c-11_5232-jgd_GML.zip","G04-c/G04-c-11/G04-c-11_5232-jgd_GML.zip"
"標高・傾斜度4次メッシュ","G04-c-11_5233-jgd_GML.zip","G04-c/G04-c-11/G04-c-11_5233-jgd_GML.zip"
"標高・傾斜度4次メッシュ","G04-c-11_5234-jgd_GML.zip","G04-c/G04-c-11/G04-c-11_5234-jgd_GML.zip"
"標高・傾斜度4次メッシュ","G04-c-11_5235-jgd_GML.zip","G04-c/G04-c-11/G04-c-11_5235-jgd_GML.zip"
"標高・傾斜度4次メッシュ","G04-c-11_5236-jgd_GML.zip","G04-c/G04-c-11/G04-c-11_5236-jgd_GML.zip"
"標高・傾斜度4次メッシュ","G04-c-11_5237-jgd_GML.zip","G04-c/G04-c-11/G04-c-11_5237-jgd_GML.zip"
"標高・傾斜度4次メッシュ","G04-c-11_5238-jgd_GML.zip","G04-c/G04-c-11/G04-c-11_5238-jgd_GML.zip"
"標高・傾斜度4次メッシュ","G04-c-11_5239-jgd_GML.zip","G04-c/G04-c-11/G04-c-11_5239-jgd_GML.zip"
"標高・傾斜度4次メッシュ","G04-c-11_5240-jgd_GML.zip","G04-c/G04-c-11/G04-c-11_5240-jgd_GML.zip"
"標高・傾斜度4次メッシュ","G04-c-11_5332-jgd_GML.zip","G04-c/G04-c-11/G04-c-11_5332-jgd_GML.zip"
"標高・傾斜度4次メッシュ","G04-c-11_5333-jgd_GML.zip","G04-c/G04-c-11/G04-c-11_5333-jgd_GML.zip"
"標高・傾斜度4次メッシュ","G04-c-11_5334-jgd_GML.zip","G04-c/G04-c-11/G04-c-11_5334-jgd_GML.zip"
"標高・傾斜度4次メッシュ","G04-c-11_5335-jgd_GML.zip","G04-c/G04-c-11/G04-c-11_5335-jgd_GML.zip"
"標高・傾斜度4次メッシュ","G04-c-11_5336-jgd_GML.zip","G04-c/G04-c-11/G04-c-11_5336-jgd_GML.zip"
"標高・傾斜度4次メッシュ","G04-c-11_5337-jgd_GML.zip","G04-c/G04-c-11/G04-c-11_5337-jgd_GML.zip"
"標高・傾斜度4次メッシュ","G04-c-11_5338-jgd_GML.zip","G04-c/G04-c-11/G04-c-11_5338-jgd_GML.zip"
"標高・傾斜度4次メッシュ","G04-c-11_5339-jgd_GML.zip","G04-c/G04-c-11/G04-c-11_5339-jgd_GML.zip"
"標高・傾斜度4次メッシュ","G04-c-11_5340-jgd_GML.zip","G04-c/G04-c-11/G04-c-11_5340-jgd_GML.zip"
"標高・傾斜度4次メッシュ","G04-c-11_5432-jgd_GML.zip","G04-c/G04-c-11/G04-c-11_5432-jgd_GML.zip"
"標高・傾斜度4次メッシュ","G04-c-11_5433-jgd_GML.zip","G04-c/G04-c-11/G04-c-11_5433-jgd_GML.zip"
"標高・傾斜度4次メッシュ","G04-c-11_5435-jgd_GML.zip","G04-c/G04-c-11/G04-c-11_5435-jgd_GML.zip"
"標高・傾斜度4次メッシュ","G04-c-11_5436-jgd_GML.zip","G04-c/G04-c-11/G04-c-11_5436-jgd_GML.zip"
"標高・傾斜度4次メッシュ","G04-c-11_5437-jgd_GML.zip","G04-c/G04-c-11/G04-c-11_5437-jgd_GML.zip"
"標高・傾斜度4次メッシュ","G04-c-11_5438-jgd_GML.zip","G04-c/G04-c-11/G04-c-11_5438-jgd_GML.zip"
"標高・傾斜度4次メッシュ","G04-c-11_5439-jgd_GML.zip","G04-c/G04-c-11/G04-c-11_5439-jgd_GML.zip"
"標高・傾斜度4次メッシュ","G04-c-11_5440-jgd_GML.zip","G04-c/G04-c-11/G04-c-11_5440-jgd_GML.zip"
"標高・傾斜度4次メッシュ","G04-c-11_5531-jgd_GML.zip","G04-c/G04-c-11/G04-c-11_5531-jgd_GML.zip"
"標高・傾斜度4次メッシュ","G04-c-11_5536-jgd_GML.zip","G04-c/G04-c-11/G04-c-11_5536-jgd_GML.zip"
"標高・傾斜度4次メッシュ","G04-c-11_5537-jgd_GML.zip","G04-c/G04-c-11/G04-c-11_5537-jgd_GML.zip"
"標高・傾斜度4次メッシュ","G04-c-11_5538-jgd_GML.zip","G04-c/G04-c-11/G04-c-11_5538-jgd_GML.zip"
"標高・傾斜度4次メッシュ","G04-c-11_5539-jgd_GML.zip","G04-c/G04-c-11/G04-c-11_5539-jgd_GML.zip"
"標高・傾斜度4次メッシュ","G04-c-11_5540-jgd_GML.zip","G04-c/G04-c-11/G04-c-11_5540-jgd_GML.zip"
"標高・傾斜度4次メッシュ","G04-c-11_5541-jgd_GML.zip","G04-c/G04-c-11/G04-c-11_5541-jgd_GML.zip"
"標高・傾斜度4次メッシュ","G04-c-11_5636-jgd_GML.zip","G04-c/G04-c-11/G04-c-11_5636-jgd_GML.zip"
"標高・傾斜度4次メッシュ","G04-c-11_5637-jgd_GML.zip","G04-c/G04-c-11/G04-c-11_5637-jgd_GML.zip"
"標高・傾斜度4次メッシュ","G04-c-11_5638-jgd_GML.zip","G04-c/G04-c-11/G04-c-11_5638-jgd_GML.zip"
"標高・傾斜度4次メッシュ","G04-c-11_5639-jgd_GML.zip","G04-c/G04-c-11/G04-c-11_5639-jgd_GML.zip"
"標高・傾斜度4次メッシュ","G04-c-11_5640-jgd_GML.zip","G04-c/G04-c-11/G04-c-11_5640-jgd_GML.zip"
"標高・傾斜度4次メッシュ","G04-c-11_5641-jgd_GML.zip","G04-c/G04-c-11/G04-c-11_5641-jgd_GML.zip"
"標高・傾斜度4次メッシュ","G04-c-11_5738-jgd_GML.zip","G04-c/G04-c-11/G04-c-11_5738-jgd_GML.zip"
"標高・傾斜度4次メッシュ","G04-c-11_5739-jgd_GML.zip","G04-c/G04-c-11/G04-c-11_5739-jgd_GML.zip"
"標高・傾斜度4次メッシュ","G04-c-11_5740-jgd_GML.zip","G04-c/G04-c-11/G04-c-11_5740-jgd_GML.zip"
"標高・傾斜度4次メッシュ","G04-c-11_5741-jgd_GML.zip","G04-c/G04-c-11/G04-c-11_5741-jgd_GML.zip"
"標高・傾斜度4次メッシュ","G04-c-11_5839-jgd_GML.zip","G04-c/G04-c-11/G04-c-11_5839-jgd_GML.zip"
"標高・傾斜度4次メッシュ","G04-c-11_5840-jgd_GML.zip","G04-c/G04-c-11/G04-c-11_5840-jgd_GML.zip"
"標高・傾斜度4次メッシュ","G04-c-11_5841-jgd_GML.zip","G04-c/G04-c-11/G04-c-11_5841-jgd_GML.zip"
"標高・傾斜度4次メッシュ","G04-c-11_5939-jgd_GML.zip","G04-c/G04-c-11/G04-c-11_5939-jgd_GML.zip"
"標高・傾斜度4次メッシュ","G04-c-11_5940-jgd_GML.zip","G04-c/G04-c-11/G04-c-11_5940-jgd_GML.zip"
"標高・傾斜度4次メッシュ","G04-c-11_5941-jgd_GML.zip","G04-c/G04-c-11/G04-c-11_5941-jgd_GML.zip"
"標高・傾斜度4次メッシュ","G04-c-11_5942-jgd_GML.zip","G04-c/G04-c-11/G04-c-11_5942-jgd_GML.zip"
"標高・傾斜度4次メッシュ","G04-c-11_6039-jgd_GML.zip","G04-c/G04-c-11/G04-c-11_6039-jgd_GML.zip"
"標高・傾斜度4次メッシュ","G04-c-11_6040-jgd_GML.zip","G04-c/G04-c-11/G04-c-11_6040-jgd_GML.zip"
"標高・傾斜度4次メッシュ","G04-c-11_6041-jgd_GML.zip","G04-c/G04-c-11/G04-c-11_6041-jgd_GML.zip"
"標高・傾斜度4次メッシュ","G04-c-11_6139-jgd_GML.zip","G04-c/G04-c-11/G04-c-11_6139-jgd_GML.zip"
"標高・傾斜度4次メッシュ","G04-c-11_6140-jgd_GML.zip","G04-c/G04-c-11/G04-c-11_6140-jgd_GML.zip"
"標高・傾斜度4次メッシュ","G04-c-11_6141-jgd_GML.zip","G04-c/G04-c-11/G04-c-11_6141-jgd_GML.zip"
"標高・傾斜度4次メッシュ","G04-c-11_6239-jgd_GML.zip","G04-c/G04-c-11/G04-c-11_6239-jgd_GML.zip"
"標高・傾斜度4次メッシュ","G04-c-11_6240-jgd_GML.zip","G04-c/G04-c-11/G04-c-11_6240-jgd_GML.zip"
"標高・傾斜度4次メッシュ","G04-c-11_6241-jgd_GML.zip","G04-c/G04-c-11/G04-c-11_6241-jgd_GML.zip"
"標高・傾斜度4次メッシュ","G04-c-11_6243-jgd_GML.zip","G04-c/G04-c-11/G04-c-11_6243-jgd_GML.zip"
"標高・傾斜度4次メッシュ","G04-c-11_6339-jgd_GML.zip","G04-c/G04-c-11/G04-c-11_6339-jgd_GML.zip"
"標高・傾斜度4次メッシュ","G04-c-11_6340-jgd_GML.zip","G04-c/G04-c-11/G04-c-11_6340-jgd_GML.zip"
"標高・傾斜度4次メッシュ","G04-c-11_6341-jgd_GML.zip","G04-c/G04-c-11/G04-c-11_6341-jgd_GML.zip"
"標高・傾斜度4次メッシュ","G04-c-11_6342-jgd_GML.zip","G04-c/G04-c-11/G04-c-11_6342-jgd_GML.zip"
"標高・傾斜度4次メッシュ","G04-c-11_6343-jgd_GML.zip","G04-c/G04-c-11/G04-c-11_6343-jgd_GML.zip"
"標高・傾斜度4次メッシュ","G04-c-11_6439-jgd_GML.zip","G04-c/G04-c-11/G04-c-11_6439-jgd_GML.zip"
"標高・傾斜度4次メッシュ","G04-c-11_6440-jgd_GML.zip","G04-c/G04-c-11/G04-c-11_6440-jgd_GML.zip"
"標高・傾斜度4次メッシュ","G04-c-11_6441-jgd_GML.zip","G04-c/G04-c-11/G04-c-11_6441-jgd_GML.zip"
"標高・傾斜度4次メッシュ","G04-c-11_6442-jgd_GML.zip","G04-c/G04-c-11/G04-c-11_6442-jgd_GML.zip"
"標高・傾斜度4次メッシュ","G04-c-11_6443-jgd_GML.zip","G04-c/G04-c-11/G04-c-11_6443-jgd_GML.zip"
"標高・傾斜度4次メッシュ","G04-c-11_6444-jgd_GML.zip","G04-c/G04-c-11/G04-c-11_6444-jgd_GML.zip"
"標高・傾斜度4次メッシュ","G04-c-11_6445-jgd_GML.zip","G04-c/G04-c-11/G04-c-11_6445-jgd_GML.zip"
"標高・傾斜度4次メッシュ","G04-c-11_6540-jgd_GML.zip","G04-c/G04-c-11/G04-c-11_6540-jgd_GML.zip"
"標高・傾斜度4次メッシュ","G04-c-11_6541-jgd_GML.zip","G04-c/G04-c-11/G04-c-11_6541-jgd_GML.zip"
"標高・傾斜度4次メッシュ","G04-c-11_6542-jgd_GML.zip","G04-c/G04-c-11/G04-c-11_6542-jgd_GML.zip"
"標高・傾斜度4次メッシュ","G04-c-11_6543-jgd_GML.zip","G04-c/G04-c-11/G04-c-11_6543-jgd_GML.zip"
"標高・傾斜度4次メッシュ","G04-c-11_6544-jgd_GML.zip","G04-c/G04-c-11/G04-c-11_6544-jgd_GML.zip"
"標高・傾斜度4次メッシュ","G04-c-11_6545-jgd_GML.zip","G04-c/G04-c-11/G04-c-11_6545-jgd_GML.zip"
"標高・傾斜度4次メッシュ","G04-c-11_6546-jgd_GML.zip","G04-c/G04-c-11/G04-c-11_6546-jgd_GML.zip"
"標高・傾斜度4次メッシュ","G04-c-11_6641-jgd_GML.zip","G04-c/G04-c-11/G04-c-11_6641-jgd_GML.zip"
"標高・傾斜度4次メッシュ","G04-c-11_6642-jgd_GML.zip","G04-c/G04-c-11/G04-c-11_6642-jgd_GML.zip"
"標高・傾斜度4次メッシュ","G04-c-11_6643-jgd_GML.zip","G04-c/G04-c-11/G04-c-11_6643-jgd_GML.zip"
"標高・傾斜度4次メッシュ","G04-c-11_6644-jgd_GML.zip","G04-c/G04-c-11/G04-c-11_6644-jgd_GML.zip"
"標高・傾斜度4次メッシュ","G04-c-11_6645-jgd_GML.zip","G04-c/G04-c-11/G04-c-11_6645-jgd_GML.zip"
"標高・傾斜度4次メッシュ","G04-c-11_6646-jgd_GML.zip","G04-c/G04-c-11/G04-c-11_6646-jgd_GML.zip"
"標高・傾斜度4次メッシュ","G04-c-11_6647-jgd_GML.zip","G04-c/G04-c-11/G04-c-11_6647-jgd_GML.zip"
"標高・傾斜度4次メッシュ","G04-c-11_6740-jgd_GML.zip","G04-c/G04-c-11/G04-c-11_6740-jgd_GML.zip"
"標高・傾斜度4次メッシュ","G04-c-11_6741-jgd_GML.zip","G04-c/G04-c-11/G04-c-11_6741-jgd_GML.zip"
"標高・傾斜度4次メッシュ","G04-c-11_6742-jgd_GML.zip","G04-c/G04-c-11/G04-c-11_6742-jgd_GML.zip"
"標高・傾斜度4次メッシュ","G04-c-11_6747-jgd_GML.zip","G04-c/G04-c-11/G04-c-11_6747-jgd_GML.zip"
"標高・傾斜度4次メッシュ","G04-c-11_6748-jgd_GML.zip","G04-c/G04-c-11/G04-c-11_6748-jgd_GML.zip"
"標高・傾斜度4次メッシュ","G04-c-11_6840-jgd_GML.zip","G04-c/G04-c-11/G04-c-11_6840-jgd_GML.zip"
"標高・傾斜度4次メッシュ","G04-c-11_6841-jgd_GML.zip","G04-c/G04-c-11/G04-c-11_6841-jgd_GML.zip"
"標高・傾斜度4次メッシュ","G04-c-11_6842-jgd_GML.zip","G04-c/G04-c-11/G04-c-11_6842-jgd_GML.zip"
"標高・傾斜度4次メッシュ","G04-c-11_6847-jgd_GML.zip","G04-c/G04-c-11/G04-c-11_6847-jgd_GML.zip"
"標高・傾斜度4次メッシュ","G04-c-11_6848-jgd_GML.zip","G04-c/G04-c-11/G04-c-11_6848-jgd_GML.zip"
"標高・傾斜度5次メッシュ","G04-d-11_3036-jgd_GML.zip","G04-d/G04-d-11/G04-d-11_3036-jgd_GML.zip"
"標高・傾斜度5次メッシュ","G04-d-11_3622-jgd_GML.zip","G04-d/G04-d-11/G04-d-11_3622-jgd_GML.zip"
"標高・傾斜度5次メッシュ","G04-d-11_3623-jgd_GML.zip","G04-d/G04-d-11/G04-d-11_3623-jgd_GML.zip"
"標高・傾斜度5次メッシュ","G04-d-11_3624-jgd_GML.zip","G04-d/G04-d-11/G04-d-11_3624-jgd_GML.zip"
"標高・傾斜度5次メッシュ","G04-d-11_3631-jgd_GML.zip","G04-d/G04-d-11/G04-d-11_3631-jgd_GML.zip"
"標高・傾斜度5次メッシュ","G04-d-11_3641-jgd_GML.zip","G04-d/G04-d-11/G04-d-11_3641-jgd_GML.zip"
"標高・傾斜度5次メッシュ","G04-d-11_3653-jgd_GML.zip","G04-d/G04-d-11/G04-d-11_3653-jgd_GML.zip"
"標高・傾斜度5次メッシュ","G04-d-11_3724-jgd_GML.zip","G04-d/G04-d-11/G04-d-11_3724-jgd_GML.zip"
"標高・傾斜度5次メッシュ","G04-d-11_3725-jgd_GML.zip","G04-d/G04-d-11/G04-d-11_3725-jgd_GML.zip"
"標高・傾斜度5次メッシュ","G04-d-11_3741-jgd_GML.zip","G04-d/G04-d-11/G04-d-11_3741-jgd_GML.zip"
"標高・傾斜度5次メッシュ","G04-d-11_3823-jgd_GML.zip","G04-d/G04-d-11/G04-d-11_3823-jgd_GML.zip"
"標高・傾斜度5次メッシュ","G04-d-11_3824-jgd_GML.zip","G04-d/G04-d-11/G04-d-11_3824-jgd_GML.zip"
"標高・傾斜度5次メッシュ","G04-d-11_3831-jgd_GML.zip","G04-d/G04-d-11/G04-d-11_3831-jgd_GML.zip"
"標高・傾斜度5次メッシュ","G04-d-11_3841-jgd_GML.zip","G04-d/G04-d-11/G04-d-11_3841-jgd_GML.zip"
"標高・傾斜度5次メッシュ","G04-d-11_3926-jgd_GML.zip","G04-d/G04-d-11/G04-d-11_3926-jgd_GML.zip"
"標高・傾斜度5次メッシュ","G04-d-11_3927-jgd_GML.zip","G04-d/G04-d-11/G04-d-11_3927-jgd_GML.zip"
"標高・傾斜度5次メッシュ","G04-d-11_3928-jgd_GML.zip","G04-d/G04-d-11/G04-d-11_3928-jgd_GML.zip"
"標高・傾斜度5次メッシュ","G04-d-11_3942-jgd_GML.zip","G04-d/G04-d-11/G04-d-11_3942-jgd_GML.zip"
"標高・傾斜度5次メッシュ","G04-d-11_4027-jgd_GML.zip","G04-d/G04-d-11/G04-d-11_4027-jgd_GML.zip"
"標高・傾斜度5次メッシュ","G04-d-11_4028-jgd_GML.zip","G04-d/G04-d-11/G04-d-11_4028-jgd_GML.zip"
"標高・傾斜度5次メッシュ","G04-d-11_4040-jgd_GML.zip","G04-d/G04-d-11/G04-d-11_4040-jgd_GML.zip"
"標高・傾斜度5次メッシュ","G04-d-11_4042-jgd_GML.zip","G04-d/G04-d-11/G04-d-11_4042-jgd_GML.zip"
"標高・傾斜度5次メッシュ","G04-d-11_4128-jgd_GML.zip","G04-d/G04-d-11/G04-d-11_4128-jgd_GML.zip"
"標高・傾斜度5次メッシュ","G04-d-11_4129-jgd_GML.zip","G04-d/G04-d-11/G04-d-11_4129-jgd_GML.zip"
"標高・傾斜度5次メッシュ","G04-d-11_4142-jgd_GML.zip","G04-d/G04-d-11/G04-d-11_4142-jgd_GML.zip"
"標高・傾斜度5次メッシュ","G04-d-11_4229-jgd_GML.zip","G04-d/G04-d-11/G04-d-11_4229-jgd_GML.zip"
"標高・傾斜度5次メッシュ","G04-d-11_4230-jgd_GML.zip","G04-d/G04-d-11/G04-d-11_4230-jgd_GML.zip"
"標高・傾斜度5次メッシュ","G04-d-11_4328-jgd_GML.zip","G04-d/G04-d-11/G04-d-11_4328-jgd_GML.zip"
"標高・傾斜度5次メッシュ","G04-d-11_4329-jgd_GML.zip","G04-d/G04-d-11/G04-d-11_4329-jgd_GML.zip"
"標高・傾斜度5次メッシュ","G04-d-11_4429-jgd_GML.zip","G04-d/G04-d-11/G04-d-11_4429-jgd_GML.zip"
"標高・傾斜度5次メッシュ","G04-d-11_4440-jgd_GML.zip","G04-d/G04-d-11/G04-d-11_4440-jgd_GML.zip"
"標高・傾斜度5次メッシュ","G04-d-11_4529-jgd_GML.zip","G04-d/G04-d-11/G04-d-11_4529-jgd_GML.zip"
"標高・傾斜度5次メッシュ","G04-d-11_4530-jgd_GML.zip","G04-d/G04-d-11/G04-d-11_4530-jgd_GML.zip"
"標高・傾斜度5次メッシュ","G04-d-11_4531-jgd_GML.zip","G04-d/G04-d-11/G04-d-11_4531-jgd_GML.zip"
"標高・傾斜度5次メッシュ","G04-d-11_4540-jgd_GML.zip","G04-d/G04-d-11/G04-d-11_4540-jgd_GML.zip"
"標高・傾斜度5次メッシュ","G04-d-11_4629-jgd_GML.zip","G04-d/G04-d-11/G04-d-11_4629-jgd_GML.zip"
"標高・傾斜度5次メッシュ","G04-d-11_4630-jgd_GML.zip","G04-d/G04-d-11/G04-d-11_4630-jgd_GML.zip"
"標高・傾斜度5次メッシュ","G04-d-11_4631-jgd_GML.zip","G04-d/G04-d-11/G04-d-11_4631-jgd_GML.zip"
"標高・傾斜度5次メッシュ","G04-d-11_4728-jgd_GML.zip","G04-d/G04-d-11/G04-d-11_4728-jgd_GML.zip"
"標高・傾斜度5次メッシュ","G04-d-11_4729-jgd_GML.zip","G04-d/G04-d-11/G04-d-11_4729-jgd_GML.zip"
"標高・傾斜度5次メッシュ","G04-d-11_4730-jgd_GML.zip","G04-d/G04-d-11/G04-d-11_4730-jgd_GML.zip"
"標高・傾斜度5次メッシュ","G04-d-11_4731-jgd_GML.zip","G04-d/G04-d-11/G04-d-11_4731-jgd_GML.zip"
"標高・傾斜度5次メッシュ","G04-d-11_4739-jgd_GML.zip","G04-d/G04-d-11/G04-d-11_4739-jgd_GML.zip"
"標高・傾斜度5次メッシュ","G04-d-11_4740-jgd_GML.zip","G04-d/G04-d-11/G04-d-11_4740-jgd_GML.zip"
"標高・傾斜度5次メッシュ","G04-d-11_4828-jgd_GML.zip","G04-d/G04-d-11/G04-d-11_4828-jgd_GML.zip"
"標高・傾斜度5次メッシュ","G04-d-11_4829-jgd_GML.zip","G04-d/G04-d-11/G04-d-11_4829-jgd_GML.zip"
"標高・傾斜度5次メッシュ","G04-d-11_4830-jgd_GML.zip","G04-d/G04-d-11/G04-d-11_4830-jgd_GML.zip"
"標高・傾斜度5次メッシュ","G04-d-11_4831-jgd_GML.zip","G04-d/G04-d-11/G04-d-11_4831-jgd_GML.zip"
"標高・傾斜度5次メッシュ","G04-d-11_4839-jgd_GML.zip","G04-d/G04-d-11/G04-d-11_4839-jgd_GML.zip"
"標高・傾斜度5次メッシュ","G04-d-11_4928-jgd_GML.zip","G04-d/G04-d-11/G04-d-11_4928-jgd_GML.zip"
"標高・傾斜度5次メッシュ","G04-d-11_4929-jgd_GML.zip","G04-d/G04-d-11/G04-d-11_4929-jgd_GML.zip"
"標高・傾斜度5次メッシュ","G04-d-11_4930-jgd_GML.zip","G04-d/G04-d-11/G04-d-11_4930-jgd_GML.zip"
"標高・傾斜度5次メッシュ","G04-d-11_4931-jgd_GML.zip","G04-d/G04-d-11/G04-d-11_4931-jgd_GML.zip"
"標高・傾斜度5次メッシュ","G04-d-11_4932-jgd_GML.zip","G04-d/G04-d-11/G04-d-11_4932-jgd_GML.zip"
"標高・傾斜度5次メッシュ","G04-d-11_4933-jgd_GML.zip","G04-d/G04-d-11/G04-d-11_4933-jgd_GML.zip"
"標高・傾斜度5次メッシュ","G04-d-11_4934-jgd_GML.zip","G04-d/G04-d-11/G04-d-11_4934-jgd_GML.zip"
"標高・傾斜度5次メッシュ","G04-d-11_4939-jgd_GML.zip","G04-d/G04-d-11/G04-d-11_4939-jgd_GML.zip"
"標高・傾斜度5次メッシュ","G04-d-11_5029-jgd_GML.zip","G04-d/G04-d-11/G04-d-11_5029-jgd_GML.zip"
"標高・傾斜度5次メッシュ","G04-d-11_5030-jgd_GML.zip","G04-d/G04-d-11/G04-d-11_5030-jgd_GML.zip"
"標高・傾斜度5次メッシュ","G04-d-11_5031-jgd_GML.zip","G04-d/G04-d-11/G04-d-11_5031-jgd_GML.zip"
"標高・傾斜度5次メッシュ","G04-d-11_5032-jgd_GML.zip","G04-d/G04-d-11/G04-d-11_5032-jgd_GML.zip"
"標高・傾斜度5次メッシュ","G04-d-11_5033-jgd_GML.zip","G04-d/G04-d-11/G04-d-11_5033-jgd_GML.zip"
"標高・傾斜度5次メッシュ","G04-d-11_5034-jgd_GML.zip","G04-d/G04-d-11/G04-d-11_5034-jgd_GML.zip"
"標高・傾斜度5次メッシュ","G04-d-11_5035-jgd_GML.zip","G04-d/G04-d-11/G04-d-11_5035-jgd_GML.zip"
"標高・傾斜度5次メッシュ","G04-d-11_5036-jgd_GML.zip","G04-d/G04-d-11/G04-d-11_5036-jgd_GML.zip"
"標高・傾斜度5次メッシュ","G04-d-11_5038-jgd_GML.zip","G04-d/G04-d-11/G04-d-11_5038-jgd_GML.zip"
"標高・傾斜度5次メッシュ","G04-d-11_5039-jgd_GML.zip","G04-d/G04-d-11/G04-d-11_5039-jgd_GML.zip"
"標高・傾斜度5次メッシュ","G04-d-11_5129-jgd_GML.zip","G04-d/G04-d-11/G04-d-11_5129-jgd_GML.zip"
"標高・傾斜度5次メッシュ","G04-d-11_5130-jgd_GML.zip","G04-d/G04-d-11/G04-d-11_5130-jgd_GML.zip"
"標高・傾斜度5次メッシュ","G04-d-11_5131-jgd_GML.zip","G04-d/G04-d-11/G04-d-11_5131-jgd_GML.zip"
"標高・傾斜度5次メッシュ","G04-d-11_5132-jgd_GML.zip","G04-d/G04-d-11/G04-d-11_5132-jgd_GML.zip"
"標高・傾斜度5次メッシュ","G04-d-11_5133-jgd_GML.zip","G04-d/G04-d-11/G04-d-11_5133-jgd_GML.zip"
"標高・傾斜度5次メッシュ","G04-d-11_5134-jgd_GML.zip","G04-d/G04-d-11/G04-d-11_5134-jgd_GML.zip"
"標高・傾斜度5次メッシュ","G04-d-11_5135-jgd_GML.zip","G04-d/G04-d-11/G04-d-11_5135-jgd_GML.zip"
"標高・傾斜度5次メッシュ","G04-d-11_5136-jgd_GML.zip","G04-d/G04-d-11/G04-d-11_5136-jgd_GML.zip"
"標高・傾斜度5次メッシュ","G04-d-11_5137-jgd_GML.zip","G04-d/G04-d-11/G04-d-11_5137-jgd_GML.zip"
"標高・傾斜度5次メッシュ","G04-d-11_5138-jgd_GML.zip","G04-d/G04-d-11/G04-d-11_5138-jgd_GML.zip"
"標高・傾斜度5次メッシュ","G04-d-11_5139-jgd_GML.zip","G04-d/G04-d-11/G04-d-11_5139-jgd_GML.zip"
"標高・傾斜度5次メッシュ","G04-d-11_5229-jgd_GML.zip","G04-d/G04-d-11/G04-d-11_5229-jgd_GML.zip"
"標高・傾斜度5次メッシュ","G04-d-11_5231-jgd_GML.zip","G04-d/G04-d-11/G04-d-11_5231-jgd_GML.zip"
"標高・傾斜度5次メッシュ","G04-d-11_5232-jgd_GML.zip","G04-d/G04-d-11/G04-d-11_5232-jgd_GML.zip"
"標高・傾斜度5次メッシュ","G04-d-11_5233-jgd_GML.zip","G04-d/G04-d-11/G04-d-11_5233-jgd_GML.zip"
"標高・傾斜度5次メッシュ","G04-d-11_5234-jgd_GML.zip","G04-d/G04-d-11/G04-d-11_5234-jgd_GML.zip"
"標高・傾斜度5次メッシュ","G04-d-11_5235-jgd_GML.zip","G04-d/G04-d-11/G04-d-11_5235-jgd_GML.zip"
"標高・傾斜度5次メッシュ","G04-d-11_5236-jgd_GML.zip","G04-d/G04-d-11/G04-d-11_5236-jgd_GML.zip"
"標高・傾斜度5次メッシュ","G04-d-11_5237-jgd_GML.zip","G04-d/G04-d-11/G04-d-11_5237-jgd_GML.zip"
"標高・傾斜度5次メッシュ","G04-d-11_5238-jgd_GML.zip","G04-d/G04-d-11/G04-d-11_5238-jgd_GML.zip"
"標高・傾斜度5次メッシュ","G04-d-11_5239-jgd_GML.zip","G04-d/G04-d-11/G04-d-11_5239-jgd_GML.zip"
"標高・傾斜度5次メッシュ","G04-d-11_5240-jgd_GML.zip","G04-d/G04-d-11/G04-d-11_5240-jgd_GML.zip"
"標高・傾斜度5次メッシュ","G04-d-11_5332-jgd_GML.zip","G04-d/G04-d-11/G04-d-11_5332-jgd_GML.zip"
"標高・傾斜度5次メッシュ","G04-d-11_5333-jgd_GML.zip","G04-d/G04-d-11/G04-d-11_5333-jgd_GML.zip"
"標高・傾斜度5次メッシュ","G04-d-11_5334-jgd_GML.zip","G04-d/G04-d-11/G04-d-11_5334-jgd_GML.zip"
"標高・傾斜度5次メッシュ","G04-d-11_5335-jgd_GML.zip","G04-d/G04-d-11/G04-d-11_5335-jgd_GML.zip"
"標高・傾斜度5次メッシュ","G04-d-11_5336-jgd_GML.zip","G04-d/G04-d-11/G04-d-11_5336-jgd_GML.zip"
"標高・傾斜度5次メッシュ","G04-d-11_5337-jgd_GML.zip","G04-d/G04-d-11/G04-d-11_5337-jgd_GML.zip"
"標高・傾斜度5次メッシュ","G04-d-11_5338-jgd_GML.zip","G04-d/G04-d-11/G04-d-11_5338-jgd_GML.zip"
"標高・傾斜度5次メッシュ","G04-d-11_5339-jgd_GML.zip","G04-d/G04-d-11/G04-d-11_5339-jgd_GML.zip"
"標高・傾斜度5次メッシュ","G04-d-11_5340-jgd_GML.zip","G04-d/G04-d-11/G04-d-11_5340-jgd_GML.zip"
"標高・傾斜度5次メッシュ","G04-d-11_5432-jgd_GML.zip","G04-d/G04-d-11/G04-d-11_5432-jgd_GML.zip"
"標高・傾斜度5次メッシュ","G04-d-11_5433-jgd_GML.zip","G04-d/G04-d-11/G04-d-11_5433-jgd_GML.zip"
"標高・傾斜度5次メッシュ","G04-d-11_5435-jgd_GML.zip","G04-d/G04-d-11/G04-d-11_5435-jgd_GML.zip"
"標高・傾斜度5次メッシュ","G04-d-11_5436-jgd_GML.zip","G04-d/G04-d-11/G04-d-11_5436-jgd_GML.zip"
"標高・傾斜度5次メッシュ","G04-d-11_5437-jgd_GML.zip","G04-d/G04-d-11/G04-d-11_5437-jgd_GML.zip"
"標高・傾斜度5次メッシュ","G04-d-11_5438-jgd_GML.zip","G04-d/G04-d-11/G04-d-11_5438-jgd_GML.zip"
"標高・傾斜度5次メッシュ","G04-d-11_5439-jgd_GML.zip","G04-d/G04-d-11/G04-d-11_5439-jgd_GML.zip"
"標高・傾斜度5次メッシュ","G04-d-11_5440-jgd_GML.zip","G04-d/G04-d-11/G04-d-11_5440-jgd_GML.zip"
"標高・傾斜度5次メッシュ","G04-d-11_5531-jgd_GML.zip","G04-d/G04-d-11/G04-d-11_5531-jgd_GML.zip"
"標高・傾斜度5次メッシュ","G04-d-11_5536-jgd_GML.zip","G04-d/G04-d-11/G04-d-11_5536-jgd_GML.zip"
"標高・傾斜度5次メッシュ","G04-d-11_5537-jgd_GML.zip","G04-d/G04-d-11/G04-d-11_5537-jgd_GML.zip"
"標高・傾斜度5次メッシュ","G04-d-11_5538-jgd_GML.zip","G04-d/G04-d-11/G04-d-11_5538-jgd_GML.zip"
"標高・傾斜度5次メッシュ","G04-d-11_5539-jgd_GML.zip","G04-d/G04-d-11/G04-d-11_5539-jgd_GML.zip"
"標高・傾斜度5次メッシュ","G04-d-11_5540-jgd_GML.zip","G04-d/G04-d-11/G04-d-11_5540-jgd_GML.zip"
"標高・傾斜度5次メッシュ","G04-d-11_5541-jgd_GML.zip","G04-d/G04-d-11/G04-d-11_5541-jgd_GML.zip"
"標高・傾斜度5次メッシュ","G04-d-11_5636-jgd_GML.zip","G04-d/G04-d-11/G04-d-11_5636-jgd_GML.zip"
"標高・傾斜度5次メッシュ","G04-d-11_5637-jgd_GML.zip","G04-d/G04-d-11/G04-d-11_5637-jgd_GML.zip"
"標高・傾斜度5次メッシュ","G04-d-11_5638-jgd_GML.zip","G04-d/G04-d-11/G04-d-11_5638-jgd_GML.zip"
"標高・傾斜度5次メッシュ","G04-d-11_5639-jgd_GML.zip","G04-d/G04-d-11/G04-d-11_5639-jgd_GML.zip"
"標高・傾斜度5次メッシュ","G04-d-11_5640-jgd_GML.zip","G04-d/G04-d-11/G04-d-11_5640-jgd_GML.zip"
"標高・傾斜度5次メッシュ","G04-d-11_5641-jgd_GML.zip","G04-d/G04-d-11/G04-d-11_5641-jgd_GML.zip"
"標高・傾斜度5次メッシュ","G04-d-11_5738-jgd_GML.zip","G04-d/G04-d-11/G04-d-11_5738-jgd_GML.zip"
"標高・傾斜度5次メッシュ","G04-d-11_5739-jgd_GML.zip","G04-d/G04-d-11/G04-d-11_5739-jgd_GML.zip"
"標高・傾斜度5次メッシュ","G04-d-11_5740-jgd_GML.zip","G04-d/G04-d-11/G04-d-11_5740-jgd_GML.zip"
"標高・傾斜度5次メッシュ","G04-d-11_5741-jgd_GML.zip","G04-d/G04-d-11/G04-d-11_5741-jgd_GML.zip"
"標高・傾斜度5次メッシュ","G04-d-11_5839-jgd_GML.zip","G04-d/G04-d-11/G04-d-11_5839-jgd_GML.zip"
"標高・傾斜度5次メッシュ","G04-d-11_5840-jgd_GML.zip","G04-d/G04-d-11/G04-d-11_5840-jgd_GML.zip"
"標高・傾斜度5次メッシュ","G04-d-11_5841-jgd_GML.zip","G04-d/G04-d-11/G04-d-11_5841-jgd_GML.zip"
"標高・傾斜度5次メッシュ","G04-d-11_5939-jgd_GML.zip","G04-d/G04-d-11/G04-d-11_5939-jgd_GML.zip"
"標高・傾斜度5次メッシュ","G04-d-11_5940-jgd_GML.zip","G04-d/G04-d-11/G04-d-11_5940-jgd_GML.zip"
"標高・傾斜度5次メッシュ","G04-d-11_5941-jgd_GML.zip","G04-d/G04-d-11/G04-d-11_5941-jgd_GML.zip"
"標高・傾斜度5次メッシュ","G04-d-11_5942-jgd_GML.zip","G04-d/G04-d-11/G04-d-11_5942-jgd_GML.zip"
"標高・傾斜度5次メッシュ","G04-d-11_6039-jgd_GML.zip","G04-d/G04-d-11/G04-d-11_6039-jgd_GML.zip"
"標高・傾斜度5次メッシュ","G04-d-11_6040-jgd_GML.zip","G04-d/G04-d-11/G04-d-11_6040-jgd_GML.zip"
"標高・傾斜度5次メッシュ","G04-d-11_6041-jgd_GML.zip","G04-d/G04-d-11/G04-d-11_6041-jgd_GML.zip"
"標高・傾斜度5次メッシュ","G04-d-11_6139-jgd_GML.zip","G04-d/G04-d-11/G04-d-11_6139-jgd_GML.zip"
"標高・傾斜度5次メッシュ","G04-d-11_6140-jgd_GML.zip","G04-d/G04-d-11/G04-d-11_6140-jgd_GML.zip"
"標高・傾斜度5次メッシュ","G04-d-11_6141-jgd_GML.zip","G04-d/G04-d-11/G04-d-11_6141-jgd_GML.zip"
"標高・傾斜度5次メッシュ","G04-d-11_6239-jgd_GML.zip","G04-d/G04-d-11/G04-d-11_6239-jgd_GML.zip"
"標高・傾斜度5次メッシュ","G04-d-11_6240-jgd_GML.zip","G04-d/G04-d-11/G04-d-11_6240-jgd_GML.zip"
"標高・傾斜度5次メッシュ","G04-d-11_6241-jgd_GML.zip","G04-d/G04-d-11/G04-d-11_6241-jgd_GML.zip"
"標高・傾斜度5次メッシュ","G04-d-11_6243-jgd_GML.zip","G04-d/G04-d-11/G04-d-11_6243-jgd_GML.zip"
"標高・傾斜度5次メッシュ","G04-d-11_6339-jgd_GML.zip","G04-d/G04-d-11/G04-d-11_6339-jgd_GML.zip"
"標高・傾斜度5次メッシュ","G04-d-11_6340-jgd_GML.zip","G04-d/G04-d-11/G04-d-11_6340-jgd_GML.zip"
"標高・傾斜度5次メッシュ","G04-d-11_6341-jgd_GML.zip","G04-d/G04-d-11/G04-d-11_6341-jgd_GML.zip"
"標高・傾斜度5次メッシュ","G04-d-11_6342-jgd_GML.zip","G04-d/G04-d-11/G04-d-11_6342-jgd_GML.zip"
"標高・傾斜度5次メッシュ","G04-d-11_6343-jgd_GML.zip","G04-d/G04-d-11/G04-d-11_6343-jgd_GML.zip"
"標高・傾斜度5次メッシュ","G04-d-11_6439-jgd_GML.zip","G04-d/G04-d-11/G04-d-11_6439-jgd_GML.zip"
"標高・傾斜度5次メッシュ","G04-d-11_6440-jgd_GML.zip","G04-d/G04-d-11/G04-d-11_6440-jgd_GML.zip"
"標高・傾斜度5次メッシュ","G04-d-11_6441-jgd_GML.zip","G04-d/G04-d-11/G04-d-11_6441-jgd_GML.zip"
"標高・傾斜度5次メッシュ","G04-d-11_6442-jgd_GML.zip","G04-d/G04-d-11/G04-d-11_6442-jgd_GML.zip"
"標高・傾斜度5次メッシュ","G04-d-11_6443-jgd_GML.zip","G04-d/G04-d-11/G04-d-11_6443-jgd_GML.zip"
"標高・傾斜度5次メッシュ","G04-d-11_6444-jgd_GML.zip","G04-d/G04-d-11/G04-d-11_6444-jgd_GML.zip"
"標高・傾斜度5次メッシュ","G04-d-11_6445-jgd_GML.zip","G04-d/G04-d-11/G04-d-11_6445-jgd_GML.zip"
"標高・傾斜度5次メッシュ","G04-d-11_6540-jgd_GML.zip","G04-d/G04-d-11/G04-d-11_6540-jgd_GML.zip"
"標高・傾斜度5次メッシュ","G04-d-11_6541-jgd_GML.zip","G04-d/G04-d-11/G04-d-11_6541-jgd_GML.zip"
"標高・傾斜度5次メッシュ","G04-d-11_6542-jgd_GML.zip","G04-d/G04-d-11/G04-d-11_6542-jgd_GML.zip"
"標高・傾斜度5次メッシュ","G04-d-11_6543-jgd_GML.zip","G04-d/G04-d-11/G04-d-11_6543-jgd_GML.zip"
"標高・傾斜度5次メッシュ","G04-d-11_6544-jgd_GML.zip","G04-d/G04-d-11/G04-d-11_6544-jgd_GML.zip"
"標高・傾斜度5次メッシュ","G04-d-11_6545-jgd_GML.zip","G04-d/G04-d-11/G04-d-11_6545-jgd_GML.zip"
"標高・傾斜度5次メッシュ","G04-d-11_6641-jgd_GML.zip","G04-d/G04-d-11/G04-d-11_6641-jgd_GML.zip"
"標高・傾斜度5次メッシュ","G04-d-11_6642-jgd_GML.zip","G04-d/G04-d-11/G04-d-11_6642-jgd_GML.zip"
"標高・傾斜度5次メッシュ","G04-d-11_6643-jgd_GML.zip","G04-d/G04-d-11/G04-d-11_6643-jgd_GML.zip"
"標高・傾斜度5次メッシュ","G04-d-11_6644-jgd_GML.zip","G04-d/G04-d-11/G04-d-11_6644-jgd_GML.zip"
"標高・傾斜度5次メッシュ","G04-d-11_6645-jgd_GML.zip","G04-d/G04-d-11/G04-d-11_6645-jgd_GML.zip"
"標高・傾斜度5次メッシュ","G04-d-11_6740-jgd_GML.zip","G04-d/G04-d-11/G04-d-11_6740-jgd_GML.zip"
"標高・傾斜度5次メッシュ","G04-d-11_6741-jgd_GML.zip","G04-d/G04-d-11/G04-d-11_6741-jgd_GML.zip"
"標高・傾斜度5次メッシュ","G04-d-11_6742-jgd_GML.zip","G04-d/G04-d-11/G04-d-11_6742-jgd_GML.zip"
"標高・傾斜度5次メッシュ","G04-d-11_6840-jgd_GML.zip","G04-d/G04-d-11/G04-d-11_6840-jgd_GML.zip"
"標高・傾斜度5次メッシュ","G04-d-11_6841-jgd_GML.zip","G04-d/G04-d-11/G04-d-11_6841-jgd_GML.zip"
"標高・傾斜度5次メッシュ","G04-d-11_6842-jgd_GML.zip","G04-d/G04-d-11/G04-d-11_6842-jgd_GML.zip"
"低位地帯","G08-15_01_GML.zip","G08/G08-15/G08-15_01_GML.zip"
"低位地帯","G08-15_02_GML.zip","G08/G08-15/G08-15_02_GML.zip"
"低位地帯","G08-15_03_GML.zip","G08/G08-15/G08-15_03_GML.zip"
"低位地帯","G08-15_04_GML.zip","G08/G08-15/G08-15_04_GML.zip"
"低位地帯","G08-15_05_GML.zip","G08/G08-15/G08-15_05_GML.zip"
"低位地帯","G08-15_06_GML.zip","G08/G08-15/G08-15_06_GML.zip"
"低位地帯","G08-15_07_GML.zip","G08/G08-15/G08-15_07_GML.zip"
"低位地帯","G08-15_08_GML.zip","G08/G08-15/G08-15_08_GML.zip"
"低位地帯","G08-15_09_GML.zip","G08/G08-15/G08-15_09_GML.zip"
"低位地帯","G08-15_10_GML.zip","G08/G08-15/G08-15_10_GML.zip"
"低位地帯","G08-15_11_GML.zip","G08/G08-15/G08-15_11_GML.zip"
"低位地帯","G08-15_12_GML.zip","G08/G08-15/G08-15_12_GML.zip"
"低位地帯","G08-15_13_GML.zip","G08/G08-15/G08-15_13_GML.zip"
"低位地帯","G08-15_14_GML.zip","G08/G08-15/G08-15_14_GML.zip"
"低位地帯","G08-15_15_GML.zip","G08/G08-15/G08-15_15_GML.zip"
"低位地帯","G08-15_16_GML.zip","G08/G08-15/G08-15_16_GML.zip"
"低位地帯","G08-15_17_GML.zip","G08/G08-15/G08-15_17_GML.zip"
"低位地帯","G08-15_18_GML.zip","G08/G08-15/G08-15_18_GML.zip"
"低位地帯","G08-15_19_GML.zip","G08/G08-15/G08-15_19_GML.zip"
"低位地帯","G08-15_20_GML.zip","G08/G08-15/G08-15_20_GML.zip"
"低位地帯","G08-15_21_GML.zip","G08/G08-15/G08-15_21_GML.zip"
"低位地帯","G08-15_22_GML.zip","G08/G08-15/G08-15_22_GML.zip"
"低位地帯","G08-15_23_GML.zip","G08/G08-15/G08-15_23_GML.zip"
"低位地帯","G08-15_24_GML.zip","G08/G08-15/G08-15_24_GML.zip"
"低位地帯","G08-15_25_GML.zip","G08/G08-15/G08-15_25_GML.zip"
"低位地帯","G08-15_26_GML.zip","G08/G08-15/G08-15_26_GML.zip"
"低位地帯","G08-15_27_GML.zip","G08/G08-15/G08-15_27_GML.zip"
"低位地帯","G08-15_28_GML.zip","G08/G08-15/G08-15_28_GML.zip"
"低位地帯","G08-15_29_GML.zip","G08/G08-15/G08-15_29_GML.zip"
"低位地帯","G08-15_30_GML.zip","G08/G08-15/G08-15_30_GML.zip"
"低位地帯","G08-15_31_GML.zip","G08/G08-15/G08-15_31_GML.zip"
"低位地帯","G08-15_32_GML.zip","G08/G08-15/G08-15_32_GML.zip"
"低位地帯","G08-15_33_GML.zip","G08/G08-15/G08-15_33_GML.zip"
"低位地帯","G08-15_34_GML.zip","G08/G08-15/G08-15_34_GML.zip"
"低位地帯","G08-15_35_GML.zip","G08/G08-15/G08-15_35_GML.zip"
"低位地帯","G08-15_36_GML.zip","G08/G08-15/G08-15_36_GML.zip"
"低位地帯","G08-15_37_GML.zip","G08/G08-15/G08-15_37_GML.zip"
"低位地帯","G08-15_38_GML.zip","G08/G08-15/G08-15_38_GML.zip"
"低位地帯","G08-15_39_GML.zip","G08/G08-15/G08-15_39_GML.zip"
"低位地帯","G08-15_40_GML.zip","G08/G08-15/G08-15_40_GML.zip"
"低位地帯","G08-15_41_GML.zip","G08/G08-15/G08-15_41_GML.zip"
"低位地帯","G08-15_42_GML.zip","G08/G08-15/G08-15_42_GML.zip"
"低位地帯","G08-15_43_GML.zip","G08/G08-15/G08-15_43_GML.zip"
"低位地帯","G08-15_44_GML.zip","G08/G08-15/G08-15_44_GML.zip"
"低位地帯","G08-15_45_GML.zip","G08/G08-15/G08-15_45_GML.zip"
"低位地帯","G08-15_46_GML.zip","G08/G08-15/G08-15_46_GML.zip"
"低位地帯","G08-15_47_GML.zip","G08/G08-15/G08-15_47_GML.zip"
"大規模盛土造成地","A54-23_GEOJSON.zip","A54/A54-23//A54-23_GEOJSON.zip"
"土地利用3次メッシュ","L03-a-06_3035-jgd_GML.zip","L03-a/L03-a-06/L03-a-06_3035-jgd_GML.zip"
"土地利用3次メッシュ","L03-a-21_3036-jgd2011_GML.zip","L03-a/L03-a-21/L03-a-21_3036-jgd2011_GML.zip"
"土地利用3次メッシュ","L03-a-21_3622-jgd2011_GML.zip","L03-a/L03-a-21/L03-a-21_3622-jgd2011_GML.zip"
"土地利用3次メッシュ","L03-a-21_3623-jgd2011_GML.zip","L03-a/L03-a-21/L03-a-21_3623-jgd2011_GML.zip"
"土地利用3次メッシュ","L03-a-21_3624-jgd2011_GML.zip","L03-a/L03-a-21/L03-a-21_3624-jgd2011_GML.zip"
"土地利用3次メッシュ","L03-a-21_3631-jgd2011_GML.zip","L03-a/L03-a-21/L03-a-21_3631-jgd2011_GML.zip"
"土地利用3次メッシュ","L03-a-21_3641-jgd2011_GML.zip","L03-a/L03-a-21/L03-a-21_3641-jgd2011_GML.zip"
"土地利用3次メッシュ","L03-a-21_3653-jgd2011_GML.zip","L03-a/L03-a-21/L03-a-21_3653-jgd2011_GML.zip"
"土地利用3次メッシュ","L03-a-21_3724-jgd2011_GML.zip","L03-a/L03-a-21/L03-a-21_3724-jgd2011_GML.zip"
"土地利用3次メッシュ","L03-a-21_3725-jgd2011_GML.zip","L03-a/L03-a-21/L03-a-21_3725-jgd2011_GML.zip"
"土地利用3次メッシュ","L03-a-21_3741-jgd2011_GML.zip","L03-a/L03-a-21/L03-a-21_3741-jgd2011_GML.zip"
"土地利用3次メッシュ","L03-a-21_3823-jgd2011_GML.zip","L03-a/L03-a-21/L03-a-21_3823-jgd2011_GML.zip"
"土地利用3次メッシュ","L03-a-21_3824-jgd2011_GML.zip","L03-a/L03-a-21/L03-a-21_3824-jgd2011_GML.zip"
"土地利用3次メッシュ","L03-a-21_3831-jgd2011_GML.zip","L03-a/L03-a-21/L03-a-21_3831-jgd2011_GML.zip"
"土地利用3次メッシュ","L03-a-21_3841-jgd2011_GML.zip","L03-a/L03-a-21/L03-a-21_3841-jgd2011_GML.zip"
"土地利用3次メッシュ","L03-a-06_3923-jgd_GML.zip","L03-a/L03-a-06/L03-a-06_3923-jgd_GML.zip"
"土地利用3次メッシュ","L03-a-06_3924-jgd_GML.zip","L03-a/L03-a-06/L03-a-06_3924-jgd_GML.zip"
"土地利用3次メッシュ","L03-a-21_3926-jgd2011_GML.zip","L03-a/L03-a-21/L03-a-21_3926-jgd2011_GML.zip"
"土地利用3次メッシュ","L03-a-21_3927-jgd2011_GML.zip","L03-a/L03-a-21/L03-a-21_3927-jgd2011_GML.zip"
"土地利用3次メッシュ","L03-a-21_3928-jgd2011_GML.zip","L03-a/L03-a-21/L03-a-21_3928-jgd2011_GML.zip"
"土地利用3次メッシュ","L03-a-06_3931-jgd_GML.zip","L03-a/L03-a-06/L03-a-06_3931-jgd_GML.zip"
"土地利用3次メッシュ","L03-a-06_3941-jgd_GML.zip","L03-a/L03-a-06/L03-a-06_3941-jgd_GML.zip"
"土地利用3次メッシュ","L03-a-21_3942-jgd2011_GML.zip","L03-a/L03-a-21/L03-a-21_3942-jgd2011_GML.zip"
"土地利用3次メッシュ","L03-a-06_4026-jgd_GML.zip","L03-a/L03-a-06/L03-a-06_4026-jgd_GML.zip"
"土地利用3次メッシュ","L03-a-21_4027-jgd2011_GML.zip","L03-a/L03-a-21/L03-a-21_4027-jgd2011_GML.zip"
"土地利用3次メッシュ","L03-a-21_4028-jgd2011_GML.zip","L03-a/L03-a-21/L03-a-21_4028-jgd2011_GML.zip"
"土地利用3次メッシュ","L03-a-21_4040-jgd2011_GML.zip","L03-a/L03-a-21/L03-a-21_4040-jgd2011_GML.zip"
"土地利用3次メッシュ","L03-a-06_4041-jgd_GML.zip","L03-a/L03-a-06/L03-a-06_4041-jgd_GML.zip"
"土地利用3次メッシュ","L03-a-21_4042-jgd2011_GML.zip","L03-a/L03-a-21/L03-a-21_4042-jgd2011_GML.zip"
"土地利用3次メッシュ","L03-a-21_4128-jgd2011_GML.zip","L03-a/L03-a-21/L03-a-21_4128-jgd2011_GML.zip"
"土地利用3次メッシュ","L03-a-21_4129-jgd2011_GML.zip","L03-a/L03-a-21/L03-a-21_4129-jgd2011_GML.zip"
"土地利用3次メッシュ","L03-a-06_4140-jgd_GML.zip","L03-a/L03-a-06/L03-a-06_4140-jgd_GML.zip"
"土地利用3次メッシュ","L03-a-06_4141-jgd_GML.zip","L03-a/L03-a-06/L03-a-06_4141-jgd_GML.zip"
"土地利用3次メッシュ","L03-a-21_4142-jgd2011_GML.zip","L03-a/L03-a-21/L03-a-21_4142-jgd2011_GML.zip"
"土地利用3次メッシュ","L03-a-06_4228-jgd_GML.zip","L03-a/L03-a-06/L03-a-06_4228-jgd_GML.zip"
"土地利用3次メッシュ","L03-a-21_4229-jgd2011_GML.zip","L03-a/L03-a-21/L03-a-21_4229-jgd2011_GML.zip"
"土地利用3次メッシュ","L03-a-21_4230-jgd2011_GML.zip","L03-a/L03-a-21/L03-a-21_4230-jgd2011_GML.zip"
"土地利用3次メッシュ","L03-a-21_4328-jgd2011_GML.zip","L03-a/L03-a-21/L03-a-21_4328-jgd2011_GML.zip"
"土地利用3次メッシュ","L03-a-21_4329-jgd2011_GML.zip","L03-a/L03-a-21/L03-a-21_4329-jgd2011_GML.zip"
"土地利用3次メッシュ","L03-a-21_4429-jgd2011_GML.zip","L03-a/L03-a-21/L03-a-21_4429-jgd2011_GML.zip"
"土地利用3次メッシュ","L03-a-21_4440-jgd2011_GML.zip","L03-a/L03-a-21/L03-a-21_4440-jgd2011_GML.zip"
"土地利用3次メッシュ","L03-a-21_4529-jgd2011_GML.zip","L03-a/L03-a-21/L03-a-21_4529-jgd2011_GML.zip"
"土地利用3次メッシュ","L03-a-21_4530-jgd2011_GML.zip","L03-a/L03-a-21/L03-a-21_4530-jgd2011_GML.zip"
"土地利用3次メッシュ","L03-a-21_4531-jgd2011_GML.zip","L03-a/L03-a-21/L03-a-21_4531-jgd2011_GML.zip"
"土地利用3次メッシュ","L03-a-21_4540-jgd2011_GML.zip","L03-a/L03-a-21/L03-a-21_4540-jgd2011_GML.zip"
"土地利用3次メッシュ","L03-a-21_4629-jgd2011_GML.zip","L03-a/L03-a-21/L03-a-21_4629-jgd2011_GML.zip"
"土地利用3次メッシュ","L03-a-21_4630-jgd2011_GML.zip","L03-a/L03-a-21/L03-a-21_4630-jgd2011_GML.zip"
"土地利用3次メッシュ","L03-a-21_4631-jgd2011_GML.zip","L03-a/L03-a-21/L03-a-21_4631-jgd2011_GML.zip"
"土地利用3次メッシュ","L03-a-21_4728-jgd2011_GML.zip","L03-a/L03-a-21/L03-a-21_4728-jgd2011_GML.zip"
"土地利用3次メッシュ","L03-a-21_4729-jgd2011_GML.zip","L03-a/L03-a-21/L03-a-21_4729-jgd2011_GML.zip"
"土地利用3次メッシュ","L03-a-21_4730-jgd2011_GML.zip","L03-a/L03-a-21/L03-a-21_4730-jgd2011_GML.zip"
"土地利用3次メッシュ","L03-a-21_4731-jgd2011_GML.zip","L03-a/L03-a-21/L03-a-21_4731-jgd2011_GML.zip"
"土地利用3次メッシュ","L03-a-21_4739-jgd2011_GML.zip","L03-a/L03-a-21/L03-a-21_4739-jgd2011_GML.zip"
"土地利用3次メッシュ","L03-a-21_4740-jgd2011_GML.zip","L03-a/L03-a-21/L03-a-21_4740-jgd2011_GML.zip"
"土地利用3次メッシュ","L03-a-06_4827-jgd_GML.zip","L03-a/L03-a-06/L03-a-06_4827-jgd_GML.zip"
"土地利用3次メッシュ","L03-a-21_4828-jgd2011_GML.zip","L03-a/L03-a-21/L03-a-21_4828-jgd2011_GML.zip"
"土地利用3次メッシュ","L03-a-21_4829-jgd2011_GML.zip","L03-a/L03-a-21/L03-a-21_4829-jgd2011_GML.zip"
"土地利用3次メッシュ","L03-a-21_4830-jgd2011_GML.zip","L03-a/L03-a-21/L03-a-21_4830-jgd2011_GML.zip"
"土地利用3次メッシュ","L03-a-21_4831-jgd2011_GML.zip","L03-a/L03-a-21/L03-a-21_4831-jgd2011_GML.zip"
"土地利用3次メッシュ","L03-a-21_4839-jgd2011_GML.zip","L03-a/L03-a-21/L03-a-21_4839-jgd2011_GML.zip"
"土地利用3次メッシュ","L03-a-21_4928-jgd2011_GML.zip","L03-a/L03-a-21/L03-a-21_4928-jgd2011_GML.zip"
"土地利用3次メッシュ","L03-a-21_4929-jgd2011_GML.zip","L03-a/L03-a-21/L03-a-21_4929-jgd2011_GML.zip"
"土地利用3次メッシュ","L03-a-21_4930-jgd2011_GML.zip","L03-a/L03-a-21/L03-a-21_4930-jgd2011_GML.zip"
"土地利用3次メッシュ","L03-a-21_4931-jgd2011_GML.zip","L03-a/L03-a-21/L03-a-21_4931-jgd2011_GML.zip"
"土地利用3次メッシュ","L03-a-21_4932-jgd2011_GML.zip","L03-a/L03-a-21/L03-a-21_4932-jgd2011_GML.zip"
"土地利用3次メッシュ","L03-a-21_4933-jgd2011_GML.zip","L03-a/L03-a-21/L03-a-21_4933-jgd2011_GML.zip"
"土地利用3次メッシュ","L03-a-21_4934-jgd2011_GML.zip","L03-a/L03-a-21/L03-a-21_4934-jgd2011_GML.zip"
"土地利用3次メッシュ","L03-a-21_4939-jgd2011_GML.zip","L03-a/L03-a-21/L03-a-21_4939-jgd2011_GML.zip"
"土地利用3次メッシュ","L03-a-21_5029-jgd2011_GML.zip","L03-a/L03-a-21/L03-a-21_5029-jgd2011_GML.zip"
"土地利用3次メッシュ","L03-a-21_5030-jgd2011_GML.zip","L03-a/L03-a-21/L03-a-21_5030-jgd2011_GML.zip"
"土地利用3次メッシュ","L03-a-21_5031-jgd2011_GML.zip","L03-a/L03-a-21/L03-a-21_5031-jgd2011_GML.zip"
"土地利用3次メッシュ","L03-a-21_5032-jgd2011_GML.zip","L03-a/L03-a-21/L03-a-21_5032-jgd2011_GML.zip"
"土地利用3次メッシュ","L03-a-21_5033-jgd2011_GML.zip","L03-a/L03-a-21/L03-a-21_5033-jgd2011_GML.zip"
"土地利用3次メッシュ","L03-a-21_5034-jgd2011_GML.zip","L03-a/L03-a-21/L03-a-21_5034-jgd2011_GML.zip"
"土地利用3次メッシュ","L03-a-21_5035-jgd2011_GML.zip","L03-a/L03-a-21/L03-a-21_5035-jgd2011_GML.zip"
"土地利用3次メッシュ","L03-a-21_5036-jgd2011_GML.zip","L03-a/L03-a-21/L03-a-21_5036-jgd2011_GML.zip"
"土地利用3次メッシュ","L03-a-21_5038-jgd2011_GML.zip","L03-a/L03-a-21/L03-a-21_5038-jgd2011_GML.zip"
"土地利用3次メッシュ","L03-a-21_5039-jgd2011_GML.zip","L03-a/L03-a-21/L03-a-21_5039-jgd2011_GML.zip"
"土地利用3次メッシュ","L03-a-21_5129-jgd2011_GML.zip","L03-a/L03-a-21/L03-a-21_5129-jgd2011_GML.zip"
"土地利用3次メッシュ","L03-a-21_5130-jgd2011_GML.zip","L03-a/L03-a-21/L03-a-21_5130-jgd2011_GML.zip"
"土地利用3次メッシュ","L03-a-21_5131-jgd2011_GML.zip","L03-a/L03-a-21/L03-a-21_5131-jgd2011_GML.zip"
"土地利用3次メッシュ","L03-a-21_5132-jgd2011_GML.zip","L03-a/L03-a-21/L03-a-21_5132-jgd2011_GML.zip"
"土地利用3次メッシュ","L03-a-21_5133-jgd2011_GML.zip","L03-a/L03-a-21/L03-a-21_5133-jgd2011_GML.zip"
"土地利用3次メッシュ","L03-a-21_5134-jgd2011_GML.zip","L03-a/L03-a-21/L03-a-21_5134-jgd2011_GML.zip"
"土地利用3次メッシュ","L03-a-21_5135-jgd2011_GML.zip","L03-a/L03-a-21/L03-a-21_5135-jgd2011_GML.zip"
"土地利用3次メッシュ","L03-a-21_5136-jgd2011_GML.zip","L03-a/L03-a-21/L03-a-21_5136-jgd2011_GML.zip"
"土地利用3次メッシュ","L03-a-21_5137-jgd2011_GML.zip","L03-a/L03-a-21/L03-a-21_5137-jgd2011_GML.zip"
"土地利用3次メッシュ","L03-a-21_5138-jgd2011_GML.zip","L03-a/L03-a-21/L03-a-21_5138-jgd2011_GML.zip"
"土地利用3次メッシュ","L03-a-21_5139-jgd2011_GML.zip","L03-a/L03-a-21/L03-a-21_5139-jgd2011_GML.zip"
"土地利用3次メッシュ","L03-a-21_5229-jgd2011_GML.zip","L03-a/L03-a-21/L03-a-21_5229-jgd2011_GML.zip"
"土地利用3次メッシュ","L03-a-21_5231-jgd2011_GML.zip","L03-a/L03-a-21/L03-a-21_5231-jgd2011_GML.zip"
"土地利用3次メッシュ","L03-a-21_5232-jgd2011_GML.zip","L03-a/L03-a-21/L03-a-21_5232-jgd2011_GML.zip"
"土地利用3次メッシュ","L03-a-21_5233-jgd2011_GML.zip","L03-a/L03-a-21/L03-a-21_5233-jgd2011_GML.zip"
"土地利用3次メッシュ","L03-a-21_5234-jgd2011_GML.zip","L03-a/L03-a-21/L03-a-21_5234-jgd2011_GML.zip"
"土地利用3次メッシュ","L03-a-21_5235-jgd2011_GML.zip","L03-a/L03-a-21/L03-a-21_5235-jgd2011_GML.zip"
"土地利用3次メッシュ","L03-a-21_5236-jgd2011_GML.zip","L03-a/L03-a-21/L03-a-21_5236-jgd2011_GML.zip"
"土地利用3次メッシュ","L03-a-21_5237-jgd2011_GML.zip","L03-a/L03-a-21/L03-a-21_5237-jgd2011_GML.zip"
"土地利用3次メッシュ","L03-a-21_5238-jgd2011_GML.zip","L03-a/L03-a-21/L03-a-21_5238-jgd2011_GML.zip"
"土地利用3次メッシュ","L03-a-21_5239-jgd2011_GML.zip","L03-a/L03-a-21/L03-a-21_5239-jgd2011_GML.zip"
"土地利用3次メッシュ","L03-a-21_5240-jgd2011_GML.zip","L03-a/L03-a-21/L03-a-21_5240-jgd2011_GML.zip"
"土地利用3次メッシュ","L03-a-21_5332-jgd2011_GML.zip","L03-a/L03-a-21/L03-a-21_5332-jgd2011_GML.zip"
"土地利用3次メッシュ","L03-a-21_5333-jgd2011_GML.zip","L03-a/L03-a-21/L03-a-21_5333-jgd2011_GML.zip"
"土地利用3次メッシュ","L03-a-21_5334-jgd2011_GML.zip","L03-a/L03-a-21/L03-a-21_5334-jgd2011_GML.zip"
"土地利用3次メッシュ","L03-a-21_5335-jgd2011_GML.zip","L03-a/L03-a-21/L03-a-21_5335-jgd2011_GML.zip"
"土地利用3次メッシュ","L03-a-21_5336-jgd2011_GML.zip","L03-a/L03-a-21/L03-a-21_5336-jgd2011_GML.zip"
"土地利用3次メッシュ","L03-a-21_5337-jgd2011_GML.zip","L03-a/L03-a-21/L03-a-21_5337-jgd2011_GML.zip"
"土地利用3次メッシュ","L03-a-21_5338-jgd2011_GML.zip","L03-a/L03-a-21/L03-a-21_5338-jgd2011_GML.zip"
"土地利用3次メッシュ","L03-a-21_5339-jgd2011_GML.zip","L03-a/L03-a-21/L03-a-21_5339-jgd2011_GML.zip"
"土地利用3次メッシュ","L03-a-21_5340-jgd2011_GML.zip","L03-a/L03-a-21/L03-a-21_5340-jgd2011_GML.zip"
"土地利用3次メッシュ","L03-a-21_5432-jgd2011_GML.zip","L03-a/L03-a-21/L03-a-21_5432-jgd2011_GML.zip"
"土地利用3次メッシュ","L03-a-21_5433-jgd2011_GML.zip","L03-a/L03-a-21/L03-a-21_5433-jgd2011_GML.zip"
"土地利用3次メッシュ","L03-a-21_5435-jgd2011_GML.zip","L03-a/L03-a-21/L03-a-21_5435-jgd2011_GML.zip"
"土地利用3次メッシュ","L03-a-21_5436-jgd2011_GML.zip","L03-a/L03-a-21/L03-a-21_5436-jgd2011_GML.zip"
"土地利用3次メッシュ","L03-a-21_5437-jgd2011_GML.zip","L03-a/L03-a-21/L03-a-21_5437-jgd2011_GML.zip"
"土地利用3次メッシュ","L03-a-21_5438-jgd2011_GML.zip","L03-a/L03-a-21/L03-a-21_5438-jgd2011_GML.zip"
"土地利用3次メッシュ","L03-a-21_5439-jgd2011_GML.zip","L03-a/L03-a-21/L03-a-21_5439-jgd2011_GML.zip"
"土地利用3次メッシュ","L03-a-21_5440-jgd2011_GML.zip","L03-a/L03-a-21/L03-a-21_5440-jgd2011_GML.zip"
"土地利用3次メッシュ","L03-a-21_5531-jgd2011_GML.zip","L03-a/L03-a-21/L03-a-21_5531-jgd2011_GML.zip"
"土地利用3次メッシュ","L03-a-21_5536-jgd2011_GML.zip","L03-a/L03-a-21/L03-a-21_5536-jgd2011_GML.zip"
"土地利用3次メッシュ","L03-a-21_5537-jgd2011_GML.zip","L03-a/L03-a-21/L03-a-21_5537-jgd2011_GML.zip"
"土地利用3次メッシュ","L03-a-21_5538-jgd2011_GML.zip","L03-a/L03-a-21/L03-a-21_5538-jgd2011_GML.zip"
"土地利用3次メッシュ","L03-a-21_5539-jgd2011_GML.zip","L03-a/L03-a-21/L03-a-21_5539-jgd2011_GML.zip"
"土地利用3次メッシュ","L03-a-21_5540-jgd2011_GML.zip","L03-a/L03-a-21/L03-a-21_5540-jgd2011_GML.zip"
"土地利用3次メッシュ","L03-a-21_5541-jgd2011_GML.zip","L03-a/L03-a-21/L03-a-21_5541-jgd2011_GML.zip"
"土地利用3次メッシュ","L03-a-21_5636-jgd2011_GML.zip","L03-a/L03-a-21/L03-a-21_5636-jgd2011_GML.zip"
"土地利用3次メッシュ","L03-a-21_5637-jgd2011_GML.zip","L03-a/L03-a-21/L03-a-21_5637-jgd2011_GML.zip"
"土地利用3次メッシュ","L03-a-21_5638-jgd2011_GML.zip","L03-a/L03-a-21/L03-a-21_5638-jgd2011_GML.zip"
"土地利用3次メッシュ","L03-a-21_5639-jgd2011_GML.zip","L03-a/L03-a-21/L03-a-21_5639-jgd2011_GML.zip"
"土地利用3次メッシュ","L03-a-21_5640-jgd2011_GML.zip","L03-a/L03-a-21/L03-a-21_5640-jgd2011_GML.zip"
"土地利用3次メッシュ","L03-a-21_5641-jgd2011_GML.zip","L03-a/L03-a-21/L03-a-21_5641-jgd2011_GML.zip"
"土地利用3次メッシュ","L03-a-21_5738-jgd2011_GML.zip","L03-a/L03-a-21/L03-a-21_5738-jgd2011_GML.zip"
"土地利用3次メッシュ","L03-a-21_5739-jgd2011_GML.zip","L03-a/L03-a-21/L03-a-21_5739-jgd2011_GML.zip"
"土地利用3次メッシュ","L03-a-21_5740-jgd2011_GML.zip","L03-a/L03-a-21/L03-a-21_5740-jgd2011_GML.zip"
"土地利用3次メッシュ","L03-a-21_5741-jgd2011_GML.zip","L03-a/L03-a-21/L03-a-21_5741-jgd2011_GML.zip"
"土地利用3次メッシュ","L03-a-21_5839-jgd2011_GML.zip","L03-a/L03-a-21/L03-a-21_5839-jgd2011_GML.zip"
"土地利用3次メッシュ","L03-a-21_5840-jgd2011_GML.zip","L03-a/L03-a-21/L03-a-21_5840-jgd2011_GML.zip"
"土地利用3次メッシュ","L03-a-21_5841-jgd2011_GML.zip","L03-a/L03-a-21/L03-a-21_5841-jgd2011_GML.zip"
"土地利用3次メッシュ","L03-a-21_5939-jgd2011_GML.zip","L03-a/L03-a-21/L03-a-21_5939-jgd2011_GML.zip"
"土地利用3次メッシュ","L03-a-21_5940-jgd2011_GML.zip","L03-a/L03-a-21/L03-a-21_5940-jgd2011_GML.zip"
"土地利用3次メッシュ","L03-a-21_5941-jgd2011_GML.zip","L03-a/L03-a-21/L03-a-21_5941-jgd2011_GML.zip"
"土地利用3次メッシュ","L03-a-21_5942-jgd2011_GML.zip","L03-a/L03-a-21/L03-a-21_5942-jgd2011_GML.zip"
"土地利用3次メッシュ","L03-a-21_6039-jgd2011_GML.zip","L03-a/L03-a-21/L03-a-21_6039-jgd2011_GML.zip"
"土地利用3次メッシュ","L03-a-21_6040-jgd2011_GML.zip","L03-a/L03-a-21/L03-a-21_6040-jgd2011_GML.zip"
"土地利用3次メッシュ","L03-a-21_6041-jgd2011_GML.zip","L03-a/L03-a-21/L03-a-21_6041-jgd2011_GML.zip"
"土地利用3次メッシュ","L03-a-21_6139-jgd2011_GML.zip","L03-a/L03-a-21/L03-a-21_6139-jgd2011_GML.zip"
"土地利用3次メッシュ","L03-a-21_6140-jgd2011_GML.zip","L03-a/L03-a-21/L03-a-21_6140-jgd2011_GML.zip"
"土地利用3次メッシュ","L03-a-21_6141-jgd2011_GML.zip","L03-a/L03-a-21/L03-a-21_6141-jgd2011_GML.zip"
"土地利用3次メッシュ","L03-a-21_6239-jgd2011_GML.zip","L03-a/L03-a-21/L03-a-21_6239-jgd2011_GML.zip"
"土地利用3次メッシュ","L03-a-21_6240-jgd2011_GML.zip","L03-a/L03-a-21/L03-a-21_6240-jgd2011_GML.zip"
"土地利用3次メッシュ","L03-a-21_6241-jgd2011_GML.zip","L03-a/L03-a-21/L03-a-21_6241-jgd2011_GML.zip"
"土地利用3次メッシュ","L03-a-21_6243-jgd2011_GML.zip","L03-a/L03-a-21/L03-a-21_6243-jgd2011_GML.zip"
"土地利用3次メッシュ","L03-a-21_6339-jgd2011_GML.zip","L03-a/L03-a-21/L03-a-21_6339-jgd2011_GML.zip"
"土地利用3次メッシュ","L03-a-21_6340-jgd2011_GML.zip","L03-a/L03-a-21/L03-a-21_6340-jgd2011_GML.zip"
"土地利用3次メッシュ","L03-a-21_6341-jgd2011_GML.zip","L03-a/L03-a-21/L03-a-21_6341-jgd2011_GML.zip"
"土地利用3次メッシュ","L03-a-21_6342-jgd2011_GML.zip","L03-a/L03-a-21/L03-a-21_6342-jgd2011_GML.zip"
"土地利用3次メッシュ","L03-a-21_6343-jgd2011_GML.zip","L03-a/L03-a-21/L03-a-21_6343-jgd2011_GML.zip"
"土地利用3次メッシュ","L03-a-21_6439-jgd2011_GML.zip","L03-a/L03-a-21/L03-a-21_6439-jgd2011_GML.zip"
"土地利用3次メッシュ","L03-a-21_6440-jgd2011_GML.zip","L03-a/L03-a-21/L03-a-21_6440-jgd2011_GML.zip"
"土地利用3次メッシュ","L03-a-21_6441-jgd2011_GML.zip","L03-a/L03-a-21/L03-a-21_6441-jgd2011_GML.zip"
"土地利用3次メッシュ","L03-a-21_6442-jgd2011_GML.zip","L03-a/L03-a-21/L03-a-21_6442-jgd2011_GML.zip"
"土地利用3次メッシュ","L03-a-21_6443-jgd2011_GML.zip","L03-a/L03-a-21/L03-a-21_6443-jgd2011_GML.zip"
"土地利用3次メッシュ","L03-a-21_6444-jgd2011_GML.zip","L03-a/L03-a-21/L03-a-21_6444-jgd2011_GML.zip"
"土地利用3次メッシュ","L03-a-21_6445-jgd2011_GML.zip","L03-a/L03-a-21/L03-a-21_6445-jgd2011_GML.zip"
"土地利用3次メッシュ","L03-a-21_6540-jgd2011_GML.zip","L03-a/L03-a-21/L03-a-21_6540-jgd2011_GML.zip"
"土地利用3次メッシュ","L03-a-21_6541-jgd2011_GML.zip","L03-a/L03-a-21/L03-a-21_6541-jgd2011_GML.zip"
"土地利用3次メッシュ","L03-a-21_6542-jgd2011_GML.zip","L03-a/L03-a-21/L03-a-21_6542-jgd2011_GML.zip"
"土地利用3次メッシュ","L03-a-21_6543-jgd2011_GML.zip","L03-a/L03-a-21/L03-a-21_6543-jgd2011_GML.zip"
"土地利用3次メッシュ","L03-a-21_6544-jgd2011_GML.zip","L03-a/L03-a-21/L03-a-21_6544-jgd2011_GML.zip"
"土地利用3次メッシュ","L03-a-21_6545-jgd2011_GML.zip","L03-a/L03-a-21/L03-a-21_6545-jgd2011_GML.zip"
"土地利用3次メッシュ","L03-a-21_6546-jgd2011_GML.zip","L03-a/L03-a-21/L03-a-21_6546-jgd2011_GML.zip"
"土地利用3次メッシュ","L03-a-21_6641-jgd2011_GML.zip","L03-a/L03-a-21/L03-a-21_6641-jgd2011_GML.zip"
"土地利用3次メッシュ","L03-a-21_6642-jgd2011_GML.zip","L03-a/L03-a-21/L03-a-21_6642-jgd2011_GML.zip"
"土地利用3次メッシュ","L03-a-21_6643-jgd2011_GML.zip","L03-a/L03-a-21/L03-a-21_6643-jgd2011_GML.zip"
"土地利用3次メッシュ","L03-a-21_6644-jgd2011_GML.zip","L03-a/L03-a-21/L03-a-21_6644-jgd2011_GML.zip"
"土地利用3次メッシュ","L03-a-21_6645-jgd2011_GML.zip","L03-a/L03-a-21/L03-a-21_6645-jgd2011_GML.zip"
"土地利用3次メッシュ","L03-a-21_6646-jgd2011_GML.zip","L03-a/L03-a-21/L03-a-21_6646-jgd2011_GML.zip"
"土地利用3次メッシュ","L03-a-21_6647-jgd2011_GML.zip","L03-a/L03-a-21/L03-a-21_6647-jgd2011_GML.zip"
"土地利用3次メッシュ","L03-a-21_6740-jgd2011_GML.zip","L03-a/L03-a-21/L03-a-21_6740-jgd2011_GML.zip"
"土地利用3次メッシュ","L03-a-21_6741-jgd2011_GML.zip","L03-a/L03-a-21/L03-a-21_6741-jgd2011_GML.zip"
"土地利用3次メッシュ","L03-a-21_6742-jgd2011_GML.zip","L03-a/L03-a-21/L03-a-21_6742-jgd2011_GML.zip"
"土地利用3次メッシュ","L03-a-21_6747-jgd2011_GML.zip","L03-a/L03-a-21/L03-a-21_6747-jgd2011_GML.zip"
"土地利用3次メッシュ","L03-a-21_6748-jgd2011_GML.zip","L03-a/L03-a-21/L03-a-21_6748-jgd2011_GML.zip"
"土地利用3次メッシュ","L03-a-21_6840-jgd2011_GML.zip","L03-a/L03-a-21/L03-a-21_6840-jgd2011_GML.zip"
"土地利用3次メッシュ","L03-a-21_6841-jgd2011_GML.zip","L03-a/L03-a-21/L03-a-21_6841-jgd2011_GML.zip"
"土地利用3次メッシュ","L03-a-21_6842-jgd2011_GML.zip","L03-a/L03-a-21/L03-a-21_6842-jgd2011_GML.zip"
"土地利用3次メッシュ","L03-a-21_6847-jgd2011_GML.zip","L03-a/L03-a-21/L03-a-21_6847-jgd2011_GML.zip"
"土地利用3次メッシュ","L03-a-21_6848-jgd2011_GML.zip","L03-a/L03-a-21/L03-a-21_6848-jgd2011_GML.zip"
"土地利用細分メッシュ","L03-b-06_3035-jgd_GML.zip","L03-b/L03-b-06/L03-b-06_3035-jgd_GML.zip"
"土地利用細分メッシュ","L03-b-21_3036-jgd2011_GML.zip","L03-b/L03-b-21/L03-b-21_3036-jgd2011_GML.zip"
"土地利用細分メッシュ","L03-b-21_3622-jgd2011_GML.zip","L03-b/L03-b-21/L03-b-21_3622-jgd2011_GML.zip"
"土地利用細分メッシュ","L03-b-21_3623-jgd2011_GML.zip","L03-b/L03-b-21/L03-b-21_3623-jgd2011_GML.zip"
"土地利用細分メッシュ","L03-b-21_3624-jgd2011_GML.zip","L03-b/L03-b-21/L03-b-21_3624-jgd2011_GML.zip"
"土地利用細分メッシュ","L03-b-21_3631-jgd2011_GML.zip","L03-b/L03-b-21/L03-b-21_3631-jgd2011_GML.zip"
"土地利用細分メッシュ","L03-b-21_3641-jgd2011_GML.zip","L03-b/L03-b-21/L03-b-21_3641-jgd2011_GML.zip"
"土地利用細分メッシュ","L03-b-21_3653-jgd2011_GML.zip","L03-b/L03-b-21/L03-b-21_3653-jgd2011_GML.zip"
"土地利用細分メッシュ","L03-b-21_3724-jgd2011_GML.zip","L03-b/L03-b-21/L03-b-21_3724-jgd2011_GML.zip"
"土地利用細分メッシュ","L03-b-21_3725-jgd2011_GML.zip","L03-b/L03-b-21/L03-b-21_3725-jgd2011_GML.zip"
"土地利用細分メッシュ","L03-b-21_3741-jgd2011_GML.zip","L03-b/L03-b-21/L03-b-21_3741-jgd2011_GML.zip"
"土地利用細分メッシュ","L03-b-21_3823-jgd2011_GML.zip","L03-b/L03-b-21/L03-b-21_3823-jgd2011_GML.zip"
"土地利用細分メッシュ","L03-b-21_3824-jgd2011_GML.zip","L03-b/L03-b-21/L03-b-21_3824-jgd2011_GML.zip"
"土地利用細分メッシュ","L03-b-21_3831-jgd2011_GML.zip","L03-b/L03-b-21/L03-b-21_3831-jgd2011_GML.zip"
"土地利用細分メッシュ","L03-b-21_3841-jgd2011_GML.zip","L03-b/L03-b-21/L03-b-21_3841-jgd2011_GML.zip"
"土地利用細分メッシュ","L03-b-06_3923-jgd_GML.zip","L03-b/L03-b-06/L03-b-06_3923-jgd_GML.zip"
"土地利用細分メッシュ","L03-b-06_3924-jgd_GML.zip","L03-b/L03-b-06/L03-b-06_3924-jgd_GML.zip"
"土地利用細分メッシュ","L03-b-21_3926-jgd2011_GML.zip","L03-b/L03-b-21/L03-b-21_3926-jgd2011_GML.zip"
"土地利用細分メッシュ","L03-b-21_3927-jgd2011_GML.zip","L03-b/L03-b-21/L03-b-21_3927-jgd2011_GML.zip"
"土地利用細分メッシュ","L03-b-21_3928-jgd2011_GML.zip","L03-b/L03-b-21/L03-b-21_3928-jgd2011_GML.zip"
"土地利用細分メッシュ","L03-b-06_3931-jgd_GML.zip","L03-b/L03-b-06/L03-b-06_3931-jgd_GML.zip"
"土地利用細分メッシュ","L03-b-06_3941-jgd_GML.zip","L03-b/L03-b-06/L03-b-06_3941-jgd_GML.zip"
"土地利用細分メッシュ","L03-b-21_3942-jgd2011_GML.zip","L03-b/L03-b-21/L03-b-21_3942-jgd2011_GML.zip"
"土地利用細分メッシュ","L03-b-06_4026-jgd_GML.zip","L03-b/L03-b-06/L03-b-06_4026-jgd_GML.zip"
"土地利用細分メッシュ","L03-b-21_4027-jgd2011_GML.zip","L03-b/L03-b-21/L03-b-21_4027-jgd2011_GML.zip"
"土地利用細分メッシュ","L03-b-21_4028-jgd2011_GML.zip","L03-b/L03-b-21/L03-b-21_4028-jgd2011_GML.zip"
"土地利用細分メッシュ","L03-b-21_4040-jgd2011_GML.zip","L03-b/L03-b-21/L03-b-21_4040-jgd2011_GML.zip"
"土地利用細分メッシュ","L03-b-06_4041-jgd_GML.zip","L03-b/L03-b-06/L03-b-06_4041-jgd_GML.zip"
"土地利用細分メッシュ","L03-b-21_4042-jgd2011_GML.zip","L03-b/L03-b-21/L03-b-21_4042-jgd2011_GML.zip"
"土地利用細分メッシュ","L03-b-21_4128-jgd2011_GML.zip","L03-b/L03-b-21/L03-b-21_4128-jgd2011_GML.zip"
"土地利用細分メッシュ","L03-b-21_4129-jgd2011_GML.zip","L03-b/L03-b-21/L03-b-21_4129-jgd2011_GML.zip"
"土地利用細分メッシュ","L03-b-06_4140-jgd_GML.zip","L03-b/L03-b-06/L03-b-06_4140-jgd_GML.zip"
"土地利用細分メッシュ","L03-b-06_4141-jgd_GML.zip","L03-b/L03-b-06/L03-b-06_4141-jgd_GML.zip"
"土地利用細分メッシュ","L03-b-21_4142-jgd2011_GML.zip","L03-b/L03-b-21/L03-b-21_4142-jgd2011_GML.zip"
"土地利用細分メッシュ","L03-b-06_4228-jgd_GML.zip","L03-b/L03-b-06/L03-b-06_4228-jgd_GML.zip"
"土地利用細分メッシュ","L03-b-21_4229-jgd2011_GML.zip","L03-b/L03-b-21/L03-b-21_4229-jgd2011_GML.zip"
"土地利用細分メッシュ","L03-b-21_4230-jgd2011_GML.zip","L03-b/L03-b-21/L03-b-21_4230-jgd2011_GML.zip"
"土地利用細分メッシュ","L03-b-21_4328-jgd2011_GML.zip","L03-b/L03-b-21/L03-b-21_4328-jgd2011_GML.zip"
"土地利用細分メッシュ","L03-b-21_4329-jgd2011_GML.zip","L03-b/L03-b-21/L03-b-21_4329-jgd2011_GML.zip"
"土地利用細分メッシュ","L03-b-21_4429-jgd2011_GML.zip","L03-b/L03-b-21/L03-b-21_4429-jgd2011_GML.zip"
"土地利用細分メッシュ","L03-b-21_4440-jgd2011_GML.zip","L03-b/L03-b-21/L03-b-21_4440-jgd2011_GML.zip"
"土地利用細分メッシュ","L03-b-21_4529-jgd2011_GML.zip","L03-b/L03-b-21/L03-b-21_4529-jgd2011_GML.zip"
"土地利用細分メッシュ","L03-b-21_4530-jgd2011_GML.zip","L03-b/L03-b-21/L03-b-21_4530-jgd2011_GML.zip"
"土地利用細分メッシュ","L03-b-21_4531-jgd2011_GML.zip","L03-b/L03-b-21/L03-b-21_4531-jgd2011_GML.zip"
"土地利用細分メッシュ","L03-b-21_4540-jgd2011_GML.zip","L03-b/L03-b-21/L03-b-21_4540-jgd2011_GML.zip"
"土地利用細分メッシュ","L03-b-21_4629-jgd2011_GML.zip","L03-b/L03-b-21/L03-b-21_4629-jgd2011_GML.zip"
"土地利用細分メッシュ","L03-b-21_4630-jgd2011_GML.zip","L03-b/L03-b-21/L03-b-21_4630-jgd2011_GML.zip"
"土地利用細分メッシュ","L03-b-21_4631-jgd2011_GML.zip","L03-b/L03-b-21/L03-b-21_4631-jgd2011_GML.zip"
"土地利用細分メッシュ","L03-b-21_4728-jgd2011_GML.zip","L03-b/L03-b-21/L03-b-21_4728-jgd2011_GML.zip"
"土地利用細分メッシュ","L03-b-21_4729-jgd2011_GML.zip","L03-b/L03-b-21/L03-b-21_4729-jgd2011_GML.zip"
"土地利用細分メッシュ","L03-b-21_4730-jgd2011_GML.zip","L03-b/L03-b-21/L03-b-21_4730-jgd2011_GML.zip"
"土地利用細分メッシュ","L03-b-21_4731-jgd2011_GML.zip","L03-b/L03-b-21/L03-b-21_4731-jgd2011_GML.zip"
"土地利用細分メッシュ","L03-b-21_4739-jgd2011_GML.zip","L03-b/L03-b-21/L03-b-21_4739-jgd2011_GML.zip"
"土地利用細分メッシュ","L03-b-21_4740-jgd2011_GML.zip","L03-b/L03-b-21/L03-b-21_4740-jgd2011_GML.zip"
"土地利用細分メッシュ","L03-b-06_4827-jgd_GML.zip","L03-b/L03-b-06/L03-b-06_4827-jgd_GML.zip"
"土地利用細分メッシュ","L03-b-21_4828-jgd2011_GML.zip","L03-b/L03-b-21/L03-b-21_4828-jgd2011_GML.zip"
"土地利用細分メッシュ","L03-b-21_4829-jgd2011_GML.zip","L03-b/L03-b-21/L03-b-21_4829-jgd2011_GML.zip"
"土地利用細分メッシュ","L03-b-21_4830-jgd2011_GML.zip","L03-b/L03-b-21/L03-b-21_4830-jgd2011_GML.zip"
"土地利用細分メッシュ","L03-b-21_4831-jgd2011_GML.zip","L03-b/L03-b-21/L03-b-21_4831-jgd2011_GML.zip"
"土地利用細分メッシュ","L03-b-21_4839-jgd2011_GML.zip","L03-b/L03-b-21/L03-b-21_4839-jgd2011_GML.zip"
"土地利用細分メッシュ","L03-b-21_4928-jgd2011_GML.zip","L03-b/L03-b-21/L03-b-21_4928-jgd2011_GML.zip"
"土地利用細分メッシュ","L03-b-21_4929-jgd2011_GML.zip","L03-b/L03-b-21/L03-b-21_4929-jgd2011_GML.zip"
"土地利用細分メッシュ","L03-b-21_4930-jgd2011_GML.zip","L03-b/L03-b-21/L03-b-21_4930-jgd2011_GML.zip"
"土地利用細分メッシュ","L03-b-21_4931-jgd2011_GML.zip","L03-b/L03-b-21/L03-b-21_4931-jgd2011_GML.zip"
"土地利用細分メッシュ","L03-b-21_4932-jgd2011_GML.zip","L03-b/L03-b-21/L03-b-21_4932-jgd2011_GML.zip"
"土地利用細分メッシュ","L03-b-21_4933-jgd2011_GML.zip","L03-b/L03-b-21/L03-b-21_4933-jgd2011_GML.zip"
"土地利用細分メッシュ","L03-b-21_4934-jgd2011_GML.zip","L03-b/L03-b-21/L03-b-21_4934-jgd2011_GML.zip"
"土地利用細分メッシュ","L03-b-21_4939-jgd2011_GML.zip","L03-b/L03-b-21/L03-b-21_4939-jgd2011_GML.zip"
"土地利用細分メッシュ","L03-b-21_5029-jgd2011_GML.zip","L03-b/L03-b-21/L03-b-21_5029-jgd2011_GML.zip"
"土地利用細分メッシュ","L03-b-21_5030-jgd2011_GML.zip","L03-b/L03-b-21/L03-b-21_5030-jgd2011_GML.zip"
"土地利用細分メッシュ","L03-b-21_5031-jgd2011_GML.zip","L03-b/L03-b-21/L03-b-21_5031-jgd2011_GML.zip"
"土地利用細分メッシュ","L03-b-21_5032-jgd2011_GML.zip","L03-b/L03-b-21/L03-b-21_5032-jgd2011_GML.zip"
"土地利用細分メッシュ","L03-b-21_5033-jgd2011_GML.zip","L03-b/L03-b-21/L03-b-21_5033-jgd2011_GML.zip"
"土地利用細分メッシュ","L03-b-21_5034-jgd2011_GML.zip","L03-b/L03-b-21/L03-b-21_5034-jgd2011_GML.zip"
"土地利用細分メッシュ","L03-b-21_5035-jgd2011_GML.zip","L03-b/L03-b-21/L03-b-21_5035-jgd2011_GML.zip"
"土地利用細分メッシュ","L03-b-21_5036-jgd2011_GML.zip","L03-b/L03-b-21/L03-b-21_5036-jgd2011_GML.zip"
"土地利用細分メッシュ","L03-b-21_5038-jgd2011_GML.zip","L03-b/L03-b-21/L03-b-21_5038-jgd2011_GML.zip"
"土地利用細分メッシュ","L03-b-21_5039-jgd2011_GML.zip","L03-b/L03-b-21/L03-b-21_5039-jgd2011_GML.zip"
"土地利用細分メッシュ","L03-b-21_5129-jgd2011_GML.zip","L03-b/L03-b-21/L03-b-21_5129-jgd2011_GML.zip"
"土地利用細分メッシュ","L03-b-21_5130-jgd2011_GML.zip","L03-b/L03-b-21/L03-b-21_5130-jgd2011_GML.zip"
"土地利用細分メッシュ","L03-b-21_5131-jgd2011_GML.zip","L03-b/L03-b-21/L03-b-21_5131-jgd2011_GML.zip"
"土地利用細分メッシュ","L03-b-21_5132-jgd2011_GML.zip","L03-b/L03-b-21/L03-b-21_5132-jgd2011_GML.zip"
"土地利用細分メッシュ","L03-b-21_5133-jgd2011_GML.zip","L03-b/L03-b-21/L03-b-21_5133-jgd2011_GML.zip"
"土地利用細分メッシュ","L03-b-21_5134-jgd2011_GML.zip","L03-b/L03-b-21/L03-b-21_5134-jgd2011_GML.zip"
"土地利用細分メッシュ","L03-b-21_5135-jgd2011_GML.zip","L03-b/L03-b-21/L03-b-21_5135-jgd2011_GML.zip"
"土地利用細分メッシュ","L03-b-21_5136-jgd2011_GML.zip","L03-b/L03-b-21/L03-b-21_5136-jgd2011_GML.zip"
"土地利用細分メッシュ","L03-b-21_5137-jgd2011_GML.zip","L03-b/L03-b-21/L03-b-21_5137-jgd2011_GML.zip"
"土地利用細分メッシュ","L03-b-21_5138-jgd2011_GML.zip","L03-b/L03-b-21/L03-b-21_5138-jgd2011_GML.zip"
"土地利用細分メッシュ","L03-b-21_5139-jgd2011_GML.zip","L03-b/L03-b-21/L03-b-21_5139-jgd2011_GML.zip"
"土地利用細分メッシュ","L03-b-21_5229-jgd2011_GML.zip","L03-b/L03-b-21/L03-b-21_5229-jgd2011_GML.zip"
"土地利用細分メッシュ","L03-b-21_5231-jgd2011_GML.zip","L03-b/L03-b-21/L03-b-21_5231-jgd2011_GML.zip"
"土地利用細分メッシュ","L03-b-21_5232-jgd2011_GML.zip","L03-b/L03-b-21/L03-b-21_5232-jgd2011_GML.zip"
"土地利用細分メッシュ","L03-b-21_5233-jgd2011_GML.zip","L03-b/L03-b-21/L03-b-21_5233-jgd2011_GML.zip"
"土地利用細分メッシュ","L03-b-21_5234-jgd2011_GML.zip","L03-b/L03-b-21/L03-b-21_5234-jgd2011_GML.zip"
"土地利用細分メッシュ","L03-b-21_5235-jgd2011_GML.zip","L03-b/L03-b-21/L03-b-21_5235-jgd2011_GML.zip"
"土地利用細分メッシュ","L03-b-21_5236-jgd2011_GML.zip","L03-b/L03-b-21/L03-b-21_5236-jgd2011_GML.zip"
"土地利用細分メッシュ","L03-b-21_5237-jgd2011_GML.zip","L03-b/L03-b-21/L03-b-21_5237-jgd2011_GML.zip"
"土地利用細分メッシュ","L03-b-21_5238-jgd2011_GML.zip","L03-b/L03-b-21/L03-b-21_5238-jgd2011_GML.zip"
"土地利用細分メッシュ","L03-b-21_5239-jgd2011_GML.zip","L03-b/L03-b-21/L03-b-21_5239-jgd2011_GML.zip"
"土地利用細分メッシュ","L03-b-21_5240-jgd2011_GML.zip","L03-b/L03-b-21/L03-b-21_5240-jgd2011_GML.zip"
"土地利用細分メッシュ","L03-b-21_5332-jgd2011_GML.zip","L03-b/L03-b-21/L03-b-21_5332-jgd2011_GML.zip"
"土地利用細分メッシュ","L03-b-21_5333-jgd2011_GML.zip","L03-b/L03-b-21/L03-b-21_5333-jgd2011_GML.zip"
"土地利用細分メッシュ","L03-b-21_5334-jgd2011_GML.zip","L03-b/L03-b-21/L03-b-21_5334-jgd2011_GML.zip"
"土地利用細分メッシュ","L03-b-21_5335-jgd2011_GML.zip","L03-b/L03-b-21/L03-b-21_5335-jgd2011_GML.zip"
"土地利用細分メッシュ","L03-b-21_5336-jgd2011_GML.zip","L03-b/L03-b-21/L03-b-21_5336-jgd2011_GML.zip"
"土地利用細分メッシュ","L03-b-21_5337-jgd2011_GML.zip","L03-b/L03-b-21/L03-b-21_5337-jgd2011_GML.zip"
"土地利用細分メッシュ","L03-b-21_5338-jgd2011_GML.zip","L03-b/L03-b-21/L03-b-21_5338-jgd2011_GML.zip"
"土地利用細分メッシュ","L03-b-21_5339-jgd2011_GML.zip","L03-b/L03-b-21/L03-b-21_5339-jgd2011_GML.zip"
"土地利用細分メッシュ","L03-b-21_5340-jgd2011_GML.zip","L03-b/L03-b-21/L03-b-21_5340-jgd2011_GML.zip"
"土地利用細分メッシュ","L03-b-21_5432-jgd2011_GML.zip","L03-b/L03-b-21/L03-b-21_5432-jgd2011_GML.zip"
"土地利用細分メッシュ","L03-b-21_5433-jgd2011_GML.zip","L03-b/L03-b-21/L03-b-21_5433-jgd2011_GML.zip"
"土地利用細分メッシュ","L03-b-21_5435-jgd2011_GML.zip","L03-b/L03-b-21/L03-b-21_5435-jgd2011_GML.zip"
"土地利用細分メッシュ","L03-b-21_5436-jgd2011_GML.zip","L03-b/L03-b-21/L03-b-21_5436-jgd2011_GML.zip"
"土地利用細分メッシュ","L03-b-21_5437-jgd2011_GML.zip","L03-b/L03-b-21/L03-b-21_5437-jgd2011_GML.zip"
"土地利用細分メッシュ","L03-b-21_5438-jgd2011_GML.zip","L03-b/L03-b-21/L03-b-21_5438-jgd2011_GML.zip"
"土地利用細分メッシュ","L03-b-21_5439-jgd2011_GML.zip","L03-b/L03-b-21/L03-b-21_5439-jgd2011_GML.zip"
"土地利用細分メッシュ","L03-b-21_5440-jgd2011_GML.zip","L03-b/L03-b-21/L03-b-21_5440-jgd2011_GML.zip"
"土地利用細分メッシュ","L03-b-21_5531-jgd2011_GML.zip","L03-b/L03-b-21/L03-b-21_5531-jgd2011_GML.zip"
"土地利用細分メッシュ","L03-b-21_5536-jgd2011_GML.zip","L03-b/L03-b-21/L03-b-21_5536-jgd2011_GML.zip"
"土地利用細分メッシュ","L03-b-21_5537-jgd2011_GML.zip","L03-b/L03-b-21/L03-b-21_5537-jgd2011_GML.zip"
"土地利用細分メッシュ","L03-b-21_5538-jgd2011_GML.zip","L03-b/L03-b-21/L03-b-21_5538-jgd2011_GML.zip"
"土地利用細分メッシュ","L03-b-21_5539-jgd2011_GML.zip","L03-b/L03-b-21/L03-b-21_5539-jgd2011_GML.zip"
"土地利用細分メッシュ","L03-b-21_5540-jgd2011_GML.zip","L03-b/L03-b-21/L03-b-21_5540-jgd2011_GML.zip"
"土地利用細分メッシュ","L03-b-21_5541-jgd2011_GML.zip","L03-b/L03-b-21/L03-b-21_5541-jgd2011_GML.zip"
"土地利用細分メッシュ","L03-b-21_5636-jgd2011_GML.zip","L03-b/L03-b-21/L03-b-21_5636-jgd2011_GML.zip"
"土地利用細分メッシュ","L03-b-21_5637-jgd2011_GML.zip","L03-b/L03-b-21/L03-b-21_5637-jgd2011_GML.zip"
"土地利用細分メッシュ","L03-b-21_5638-jgd2011_GML.zip","L03-b/L03-b-21/L03-b-21_5638-jgd2011_GML.zip"
"土地利用細分メッシュ","L03-b-21_5639-jgd2011_GML.zip","L03-b/L03-b-21/L03-b-21_5639-jgd2011_GML.zip"
"土地利用細分メッシュ","L03-b-21_5640-jgd2011_GML.zip","L03-b/L03-b-21/L03-b-21_5640-jgd2011_GML.zip"
"土地利用細分メッシュ","L03-b-21_5641-jgd2011_GML.zip","L03-b/L03-b-21/L03-b-21_5641-jgd2011_GML.zip"
"土地利用細分メッシュ","L03-b-21_5738-jgd2011_GML.zip","L03-b/L03-b-21/L03-b-21_5738-jgd2011_GML.zip"
"土地利用細分メッシュ","L03-b-21_5739-jgd2011_GML.zip","L03-b/L03-b-21/L03-b-21_5739-jgd2011_GML.zip"
"土地利用細分メッシュ","L03-b-21_5740-jgd2011_GML.zip","L03-b/L03-b-21/L03-b-21_5740-jgd2011_GML.zip"
"土地利用細分メッシュ","L03-b-21_5741-jgd2011_GML.zip","L03-b/L03-b-21/L03-b-21_5741-jgd2011_GML.zip"
"土地利用細分メッシュ","L03-b-21_5839-jgd2011_GML.zip","L03-b/L03-b-21/L03-b-21_5839-jgd2011_GML.zip"
"土地利用細分メッシュ","L03-b-21_5840-jgd2011_GML.zip","L03-b/L03-b-21/L03-b-21_5840-jgd2011_GML.zip"
"土地利用細分メッシュ","L03-b-21_5841-jgd2011_GML.zip","L03-b/L03-b-21/L03-b-21_5841-jgd2011_GML.zip"
"土地利用細分メッシュ","L03-b-21_5939-jgd2011_GML.zip","L03-b/L03-b-21/L03-b-21_5939-jgd2011_GML.zip"
"土地利用細分メッシュ","L03-b-21_5940-jgd2011_GML.zip","L03-b/L03-b-21/L03-b-21_5940-jgd2011_GML.zip"
"土地利用細分メッシュ","L03-b-21_5941-jgd2011_GML.zip","L03-b/L03-b-21/L03-b-21_5941-jgd2011_GML.zip"
"土地利用細分メッシュ","L03-b-21_5942-jgd2011_GML.zip","L03-b/L03-b-21/L03-b-21_5942-jgd2011_GML.zip"
"土地利用細分メッシュ","L03-b-21_6039-jgd2011_GML.zip","L03-b/L03-b-21/L03-b-21_6039-jgd2011_GML.zip"
"土地利用細分メッシュ","L03-b-21_6040-jgd2011_GML.zip","L03-b/L03-b-21/L03-b-21_6040-jgd2011_GML.zip"
"土地利用細分メッシュ","L03-b-21_6041-jgd2011_GML.zip","L03-b/L03-b-21/L03-b-21_6041-jgd2011_GML.zip"
"土地利用細分メッシュ","L03-b-21_6139-jgd2011_GML.zip","L03-b/L03-b-21/L03-b-21_6139-jgd2011_GML.zip"
"土地利用細分メッシュ","L03-b-21_6140-jgd2011_GML.zip","L03-b/L03-b-21/L03-b-21_6140-jgd2011_GML.zip"
"土地利用細分メッシュ","L03-b-21_6141-jgd2011_GML.zip","L03-b/L03-b-21/L03-b-21_6141-jgd2011_GML.zip"
"土地利用細分メッシュ","L03-b-21_6239-jgd2011_GML.zip","L03-b/L03-b-21/L03-b-21_6239-jgd2011_GML.zip"
"土地利用細分メッシュ","L03-b-21_6240-jgd2011_GML.zip","L03-b/L03-b-21/L03-b-21_6240-jgd2011_GML.zip"
"土地利用細分メッシュ","L03-b-21_6241-jgd2011_GML.zip","L03-b/L03-b-21/L03-b-21_6241-jgd2011_GML.zip"
"土地利用細分メッシュ","L03-b-21_6243-jgd2011_GML.zip","L03-b/L03-b-21/L03-b-21_6243-jgd2011_GML.zip"
"土地利用細分メッシュ","L03-b-21_6339-jgd2011_GML.zip","L03-b/L03-b-21/L03-b-21_6339-jgd2011_GML.zip"
"土地利用細分メッシュ","L03-b-21_6340-jgd2011_GML.zip","L03-b/L03-b-21/L03-b-21_6340-jgd2011_GML.zip"
"土地利用細分メッシュ","L03-b-21_6341-jgd2011_GML.zip","L03-b/L03-b-21/L03-b-21_6341-jgd2011_GML.zip"
"土地利用細分メッシュ","L03-b-21_6342-jgd2011_GML.zip","L03-b/L03-b-21/L03-b-21_6342-jgd2011_GML.zip"
"土地利用細分メッシュ","L03-b-21_6343-jgd2011_GML.zip","L03-b/L03-b-21/L03-b-21_6343-jgd2011_GML.zip"
"土地利用細分メッシュ","L03-b-21_6439-jgd2011_GML.zip","L03-b/L03-b-21/L03-b-21_6439-jgd2011_GML.zip"
"土地利用細分メッシュ","L03-b-21_6440-jgd2011_GML.zip","L03-b/L03-b-21/L03-b-21_6440-jgd2011_GML.zip"
"土地利用細分メッシュ","L03-b-21_6441-jgd2011_GML.zip","L03-b/L03-b-21/L03-b-21_6441-jgd2011_GML.zip"
"土地利用細分メッシュ","L03-b-21_6442-jgd2011_GML.zip","L03-b/L03-b-21/L03-b-21_6442-jgd2011_GML.zip"
"土地利用細分メッシュ","L03-b-21_6443-jgd2011_GML.zip","L03-b/L03-b-21/L03-b-21_6443-jgd2011_GML.zip"
"土地利用細分メッシュ","L03-b-21_6444-jgd2011_GML.zip","L03-b/L03-b-21/L03-b-21_6444-jgd2011_GML.zip"
"土地利用細分メッシュ","L03-b-21_6445-jgd2011_GML.zip","L03-b/L03-b-21/L03-b-21_6445-jgd2011_GML.zip"
"土地利用細分メッシュ","L03-b-21_6540-jgd2011_GML.zip","L03-b/L03-b-21/L03-b-21_6540-jgd2011_GML.zip"
"土地利用細分メッシュ","L03-b-21_6541-jgd2011_GML.zip","L03-b/L03-b-21/L03-b-21_6541-jgd2011_GML.zip"
"土地利用細分メッシュ","L03-b-21_6542-jgd2011_GML.zip","L03-b/L03-b-21/L03-b-21_6542-jgd2011_GML.zip"
"土地利用細分メッシュ","L03-b-21_6543-jgd2011_GML.zip","L03-b/L03-b-21/L03-b-21_6543-jgd2011_GML.zip"
"土地利用細分メッシュ","L03-b-21_6544-jgd2011_GML.zip","L03-b/L03-b-21/L03-b-21_6544-jgd2011_GML.zip"
"土地利用細分メッシュ","L03-b-21_6545-jgd2011_GML.zip","L03-b/L03-b-21/L03-b-21_6545-jgd2011_GML.zip"
"土地利用細分メッシュ","L03-b-21_6546-jgd2011_GML.zip","L03-b/L03-b-21/L03-b-21_6546-jgd2011_GML.zip"
"土地利用細分メッシュ","L03-b-21_6641-jgd2011_GML.zip","L03-b/L03-b-21/L03-b-21_6641-jgd2011_GML.zip"
"土地利用細分メッシュ","L03-b-21_6642-jgd2011_GML.zip","L03-b/L03-b-21/L03-b-21_6642-jgd2011_GML.zip"
"土地利用細分メッシュ","L03-b-21_6643-jgd2011_GML.zip","L03-b/L03-b-21/L03-b-21_6643-jgd2011_GML.zip"
"土地利用細分メッシュ","L03-b-21_6644-jgd2011_GML.zip","L03-b/L03-b-21/L03-b-21_6644-jgd2011_GML.zip"
"土地利用細分メッシュ","L03-b-21_6645-jgd2011_GML.zip","L03-b/L03-b-21/L03-b-21_6645-jgd2011_GML.zip"
"土地利用細分メッシュ","L03-b-21_6646-jgd2011_GML.zip","L03-b/L03-b-21/L03-b-21_6646-jgd2011_GML.zip"
"土地利用細分メッシュ","L03-b-21_6647-jgd2011_GML.zip","L03-b/L03-b-21/L03-b-21_6647-jgd2011_GML.zip"
"土地利用細分メッシュ","L03-b-21_6740-jgd2011_GML.zip","L03-b/L03-b-21/L03-b-21_6740-jgd2011_GML.zip"
"土地利用細分メッシュ","L03-b-21_6741-jgd2011_GML.zip","L03-b/L03-b-21/L03-b-21_6741-jgd2011_GML.zip"
"土地利用細分メッシュ","L03-b-21_6742-jgd2011_GML.zip","L03-b/L03-b-21/L03-b-21_6742-jgd2011_GML.zip"
"土地利用細分メッシュ","L03-b-21_6747-jgd2011_GML.zip","L03-b/L03-b-21/L03-b-21_6747-jgd2011_GML.zip"
"土地利用細分メッシュ","L03-b-21_6748-jgd2011_GML.zip","L03-b/L03-b-21/L03-b-21_6748-jgd2011_GML.zip"
"土地利用細分メッシュ","L03-b-21_6840-jgd2011_GML.zip","L03-b/L03-b-21/L03-b-21_6840-jgd2011_GML.zip"
"土地利用細分メッシュ","L03-b-21_6841-jgd2011_GML.zip","L03-b/L03-b-21/L03-b-21_6841-jgd2011_GML.zip"
"土地利用細分メッシュ","L03-b-21_6842-jgd2011_GML.zip","L03-b/L03-b-21/L03-b-21_6842-jgd2011_GML.zip"
"土地利用細分メッシュ","L03-b-21_6847-jgd2011_GML.zip","L03-b/L03-b-21/L03-b-21_6847-jgd2011_GML.zip"
"土地利用細分メッシュ","L03-b-21_6848-jgd2011_GML.zip","L03-b/L03-b-21/L03-b-21_6848-jgd2011_GML.zip"
"土地利用細分メッシュ（ラスタ版）","L03-b-14_3036.zip","L03-b_r/L03-b_r-14/L03-b-14_3036.zip"
"土地利用細分メッシュ（ラスタ版）","L03-b-14_3622.zip","L03-b_r/L03-b_r-14/L03-b-14_3622.zip"
"土地利用細分メッシュ（ラスタ版）","L03-b-14_3623.zip","L03-b_r/L03-b_r-14/L03-b-14_3623.zip"
"土地利用細分メッシュ（ラスタ版）","L03-b-14_3624.zip","L03-b_r/L03-b_r-14/L03-b-14_3624.zip"
"土地利用細分メッシュ（ラスタ版）","L03-b-14_3631.zip","L03-b_r/L03-b_r-14/L03-b-14_3631.zip"
"土地利用細分メッシュ（ラスタ版）","L03-b-14_3641.zip","L03-b_r/L03-b_r-14/L03-b-14_3641.zip"
"土地利用細分メッシュ（ラスタ版）","L03-b-14_3653.zip","L03-b_r/L03-b_r-14/L03-b-14_3653.zip"
"土地利用細分メッシュ（ラスタ版）","L03-b-14_3724.zip","L03-b_r/L03-b_r-14/L03-b-14_3724.zip"
"土地利用細分メッシュ（ラスタ版）","L03-b-14_3725.zip","L03-b_r/L03-b_r-14/L03-b-14_3725.zip"
"土地利用細分メッシュ（ラスタ版）","L03-b-14_3741.zip","L03-b_r/L03-b_r-14/L03-b-14_3741.zip"
"土地利用細分メッシュ（ラスタ版）","L03-b-14_3823.zip","L03-b_r/L03-b_r-14/L03-b-14_3823.zip"
"土地利用細分メッシュ（ラスタ版）","L03-b-14_3824.zip","L03-b_r/L03-b_r-14/L03-b-14_3824.zip"
"土地利用細分メッシュ（ラスタ版）","L03-b-14_3831.zip","L03-b_r/L03-b_r-14/L03-b-14_3831.zip"
"土地利用細分メッシュ（ラスタ版）","L03-b-14_3841.zip","L03-b_r/L03-b_r-14/L03-b-14_3841.zip"
"土地利用細分メッシュ（ラスタ版）","L03-b-14_3926.zip","L03-b_r/L03-b_r-14/L03-b-14_3926.zip"
"土地利用細分メッシュ（ラスタ版）","L03-b-14_3927.zip","L03-b_r/L03-b_r-14/L03-b-14_3927.zip"
"土地利用細分メッシュ（ラスタ版）","L03-b-14_3928.zip","L03-b_r/L03-b_r-14/L03-b-14_3928.zip"
"土地利用細分メッシュ（ラスタ版）","L03-b-14_3942.zip","L03-b_r/L03-b_r-14/L03-b-14_3942.zip"
"土地利用細分メッシュ（ラスタ版）","L03-b-14_4027.zip","L03-b_r/L03-b_r-14/L03-b-14_4027.zip"
"土地利用細分メッシュ（ラスタ版）","L03-b-14_4028.zip","L03-b_r/L03-b_r-14/L03-b-14_4028.zip"
"土地利用細分メッシュ（ラスタ版）","L03-b-14_4040.zip","L03-b_r/L03-b_r-14/L03-b-14_4040.zip"
"土地利用細分メッシュ（ラスタ版）","L03-b-14_4042.zip","L03-b_r/L03-b_r-14/L03-b-14_4042.zip"
"土地利用細分メッシュ（ラスタ版）","L03-b-14_4128.zip","L03-b_r/L03-b_r-14/L03-b-14_4128.zip"
"土地利用細分メッシュ（ラスタ版）","L03-b-14_4129.zip","L03-b_r/L03-b_r-14/L03-b-14_4129.zip"
"土地利用細分メッシュ（ラスタ版）","L03-b-14_4142.zip","L03-b_r/L03-b_r-14/L03-b-14_4142.zip"
"土地利用細分メッシュ（ラスタ版）","L03-b-14_4229.zip","L03-b_r/L03-b_r-14/L03-b-14_4229.zip"
"土地利用細分メッシュ（ラスタ版）","L03-b-14_4230.zip","L03-b_r/L03-b_r-14/L03-b-14_4230.zip"
"土地利用細分メッシュ（ラスタ版）","L03-b-14_4328.zip","L03-b_r/L03-b_r-14/L03-b-14_4328.zip"
"土地利用細分メッシュ（ラスタ版）","L03-b-14_4329.zip","L03-b_r/L03-b_r-14/L03-b-14_4329.zip"
"土地利用細分メッシュ（ラスタ版）","L03-b-14_4429.zip","L03-b_r/L03-b_r-14/L03-b-14_4429.zip"
"土地利用細分メッシュ（ラスタ版）","L03-b-14_4440.zip","L03-b_r/L03-b_r-14/L03-b-14_4440.zip"
"土地利用細分メッシュ（ラスタ版）","L03-b-14_4529.zip","L03-b_r/L03-b_r-14/L03-b-14_4529.zip"
"土地利用細分メッシュ（ラスタ版）","L03-b-14_4530.zip","L03-b_r/L03-b_r-14/L03-b-14_4530.zip"
"土地利用細分メッシュ（ラスタ版）","L03-b-14_4531.zip","L03-b_r/L03-b_r-14/L03-b-14_4531.zip"
"土地利用細分メッシュ（ラスタ版）","L03-b-14_4540.zip","L03-b_r/L03-b_r-14/L03-b-14_4540.zip"
"土地利用細分メッシュ（ラスタ版）","L03-b-14_4629.zip","L03-b_r/L03-b_r-14/L03-b-14_4629.zip"
"土地利用細分メッシュ（ラスタ版）","L03-b-14_4630.zip","L03-b_r/L03-b_r-14/L03-b-14_4630.zip"
"土地利用細分メッシュ（ラスタ版）","L03-b-14_4631.zip","L03-b_r/L03-b_r-14/L03-b-14_4631.zip"
"土地利用細分メッシュ（ラスタ版）","L03-b-14_4728.zip","L03-b_r/L03-b_r-14/L03-b-14_4728.zip"
"土地利用細分メッシュ（ラスタ版）","L03-b-14_4729.zip","L03-b_r/L03-b_r-14/L03-b-14_4729.zip"
"土地利用細分メッシュ（ラスタ版）","L03-b-14_4730.zip","L03-b_r/L03-b_r-14/L03-b-14_4730.zip"
"土地利用細分メッシュ（ラスタ版）","L03-b-14_4731.zip","L03-b_r/L03-b_r-14/L03-b-14_4731.zip"
"土地利用細分メッシュ（ラスタ版）","L03-b-14_4739.zip","L03-b_r/L03-b_r-14/L03-b-14_4739.zip"
"土地利用細分メッシュ（ラスタ版）","L03-b-14_4740.zip","L03-b_r/L03-b_r-14/L03-b-14_4740.zip"
"土地利用細分メッシュ（ラスタ版）","L03-b-14_4828.zip","L03-b_r/L03-b_r-14/L03-b-14_4828.zip"
"土地利用細分メッシュ（ラスタ版）","L03-b-14_4829.zip","L03-b_r/L03-b_r-14/L03-b-14_4829.zip"
"土地利用細分メッシュ（ラスタ版）","L03-b-14_4830.zip","L03-b_r/L03-b_r-14/L03-b-14_4830.zip"
"土地利用細分メッシュ（ラスタ版）","L03-b-14_4831.zip","L03-b_r/L03-b_r-14/L03-b-14_4831.zip"
"土地利用細分メッシュ（ラスタ版）","L03-b-14_4839.zip","L03-b_r/L03-b_r-14/L03-b-14_4839.zip"
"土地利用細分メッシュ（ラスタ版）","L03-b-14_4928.zip","L03-b_r/L03-b_r-14/L03-b-14_4928.zip"
"土地利用細分メッシュ（ラスタ版）","L03-b-14_4929.zip","L03-b_r/L03-b_r-14/L03-b-14_4929.zip"
"土地利用細分メッシュ（ラスタ版）","L03-b-14_4930.zip","L03-b_r/L03-b_r-14/L03-b-14_4930.zip"
"土地利用細分メッシュ（ラスタ版）","L03-b-14_4931.zip","L03-b_r/L03-b_r-14/L03-b-14_4931.zip"
"土地利用細分メッシュ（ラスタ版）","L03-b-14_4932.zip","L03-b_r/L03-b_r-14/L03-b-14_4932.zip"
"土地利用細分メッシュ（ラスタ版）","L03-b-14_4933.zip","L03-b_r/L03-b_r-14/L03-b-14_4933.zip"
"土地利用細分メッシュ（ラスタ版）","L03-b-14_4934.zip","L03-b_r/L03-b_r-14/L03-b-14_4934.zip"
"土地利用細分メッシュ（ラスタ版）","L03-b-14_4939.zip","L03-b_r/L03-b_r-14/L03-b-14_4939.zip"
"土地利用細分メッシュ（ラスタ版）","L03-b-14_5029.zip","L03-b_r/L03-b_r-14/L03-b-14_5029.zip"
"土地利用細分メッシュ（ラスタ版）","L03-b-14_5030.zip","L03-b_r/L03-b_r-14/L03-b-14_5030.zip"
"土地利用細分メッシュ（ラスタ版）","L03-b-14_5031.zip","L03-b_r/L03-b_r-14/L03-b-14_5031.zip"
"土地利用細分メッシュ（ラスタ版）","L03-b-14_5032.zip","L03-b_r/L03-b_r-14/L03-b-14_5032.zip"
"土地利用細分メッシュ（ラスタ版）","L03-b-14_5033.zip","L03-b_r/L03-b_r-14/L03-b-14_5033.zip"
"土地利用細分メッシュ（ラスタ版）","L03-b-14_5034.zip","L03-b_r/L03-b_r-14/L03-b-14_5034.zip"
"土地利用細分メッシュ（ラスタ版）","L03-b-14_5035.zip","L03-b_r/L03-b_r-14/L03-b-14_5035.zip"
"土地利用細分メッシュ（ラスタ版）","L03-b-14_5036.zip","L03-b_r/L03-b_r-14/L03-b-14_5036.zip"
"土地利用細分メッシュ（ラスタ版）","L03-b-14_5038.zip","L03-b_r/L03-b_r-14/L03-b-14_5038.zip"
"土地利用細分メッシュ（ラスタ版）","L03-b-14_5039.zip","L03-b_r/L03-b_r-14/L03-b-14_5039.zip"
"土地利用細分メッシュ（ラスタ版）","L03-b-14_5129.zip","L03-b_r/L03-b_r-14/L03-b-14_5129.zip"
"土地利用細分メッシュ（ラスタ版）","L03-b-14_5130.zip","L03-b_r/L03-b_r-14/L03-b-14_5130.zip"
"土地利用細分メッシュ（ラスタ版）","L03-b-14_5131.zip","L03-b_r/L03-b_r-14/L03-b-14_5131.zip"
"土地利用細分メッシュ（ラスタ版）","L03-b-14_5132.zip","L03-b_r/L03-b_r-14/L03-b-14_5132.zip"
"土地利用細分メッシュ（ラスタ版）","L03-b-14_5133.zip","L03-b_r/L03-b_r-14/L03-b-14_5133.zip"
"土地利用細分メッシュ（ラスタ版）","L03-b-14_5134.zip","L03-b_r/L03-b_r-14/L03-b-14_5134.zip"
"土地利用細分メッシュ（ラスタ版）","L03-b-14_5135.zip","L03-b_r/L03-b_r-14/L03-b-14_5135.zip"
"土地利用細分メッシュ（ラスタ版）","L03-b-14_5136.zip","L03-b_r/L03-b_r-14/L03-b-14_5136.zip"
"土地利用細分メッシュ（ラスタ版）","L03-b-14_5137.zip","L03-b_r/L03-b_r-14/L03-b-14_5137.zip"
"土地利用細分メッシュ（ラスタ版）","L03-b-14_5138.zip","L03-b_r/L03-b_r-14/L03-b-14_5138.zip"
"土地利用細分メッシュ（ラスタ版）","L03-b-14_5139.zip","L03-b_r/L03-b_r-14/L03-b-14_5139.zip"
"土地利用細分メッシュ（ラスタ版）","L03-b-14_5229.zip","L03-b_r/L03-b_r-14/L03-b-14_5229.zip"
"土地利用細分メッシュ（ラスタ版）","L03-b-14_5231.zip","L03-b_r/L03-b_r-14/L03-b-14_5231.zip"
"土地利用細分メッシュ（ラスタ版）","L03-b-14_5232.zip","L03-b_r/L03-b_r-14/L03-b-14_5232.zip"
"土地利用細分メッシュ（ラスタ版）","L03-b-14_5233.zip","L03-b_r/L03-b_r-14/L03-b-14_5233.zip"
"土地利用細分メッシュ（ラスタ版）","L03-b-14_5234.zip","L03-b_r/L03-b_r-14/L03-b-14_5234.zip"
"土地利用細分メッシュ（ラスタ版）","L03-b-14_5235.zip","L03-b_r/L03-b_r-14/L03-b-14_5235.zip"
"土地利用細分メッシュ（ラスタ版）","L03-b-14_5236.zip","L03-b_r/L03-b_r-14/L03-b-14_5236.zip"
"土地利用細分メッシュ（ラスタ版）","L03-b-14_5237.zip","L03-b_r/L03-b_r-14/L03-b-14_5237.zip"
"土地利用細分メッシュ（ラスタ版）","L03-b-14_5238.zip","L03-b_r/L03-b_r-14/L03-b-14_5238.zip"
"土地利用細分メッシュ（ラスタ版）","L03-b-14_5239.zip","L03-b_r/L03-b_r-14/L03-b-14_5239.zip"
"土地利用細分メッシュ（ラスタ版）","L03-b-14_5240.zip","L03-b_r/L03-b_r-14/L03-b-14_5240.zip"
"土地利用細分メッシュ（ラスタ版）","L03-b-14_5332.zip","L03-b_r/L03-b_r-14/L03-b-14_5332.zip"
"土地利用細分メッシュ（ラスタ版）","L03-b-14_5333.zip","L03-b_r/L03-b_r-14/L03-b-14_5333.zip"
"土地利用細分メッシュ（ラスタ版）","L03-b-14_5334.zip","L03-b_r/L03-b_r-14/L03-b-14_5334.zip"
"土地利用細分メッシュ（ラスタ版）","L03-b-14_5335.zip","L03-b_r/L03-b_r-14/L03-b-14_5335.zip"
"土地利用細分メッシュ（ラスタ版）","L03-b-14_5336.zip","L03-b_r/L03-b_r-14/L03-b-14_5336.zip"
"土地利用細分メッシュ（ラスタ版）","L03-b-14_5337.zip","L03-b_r/L03-b_r-14/L03-b-14_5337.zip"
"土地利用細分メッシュ（ラスタ版）","L03-b-14_5338.zip","L03-b_r/L03-b_r-14/L03-b-14_5338.zip"
"土地利用細分メッシュ（ラスタ版）","L03-b-14_5339.zip","L03-b_r/L03-b_r-14/L03-b-14_5339.zip"
"土地利用細分メッシュ（ラスタ版）","L03-b-14_5340.zip","L03-b_r/L03-b_r-14/L03-b-14_5340.zip"
"土地利用細分メッシュ（ラスタ版）","L03-b-14_5432.zip","L03-b_r/L03-b_r-14/L03-b-14_5432.zip"
"土地利用細分メッシュ（ラスタ版）","L03-b-14_5433.zip","L03-b_r/L03-b_r-14/L03-b-14_5433.zip"
"土地利用細分メッシュ（ラスタ版）","L03-b-14_5435.zip","L03-b_r/L03-b_r-14/L03-b-14_5435.zip"
"土地利用細分メッシュ（ラスタ版）","L03-b-14_5436.zip","L03-b_r/L03-b_r-14/L03-b-14_5436.zip"
"土地利用細分メッシュ（ラスタ版）","L03-b-14_5437.zip","L03-b_r/L03-b_r-14/L03-b-14_5437.zip"
"土地利用細分メッシュ（ラスタ版）","L03-b-14_5438.zip","L03-b_r/L03-b_r-14/L03-b-14_5438.zip"
"土地利用細分メッシュ（ラスタ版）","L03-b-14_5439.zip","L03-b_r/L03-b_r-14/L03-b-14_5439.zip"
"土地利用細分メッシュ（ラスタ版）","L03-b-14_5440.zip","L03-b_r/L03-b_r-14/L03-b-14_5440.zip"
"土地利用細分メッシュ（ラスタ版）","L03-b-14_5531.zip","L03-b_r/L03-b_r-14/L03-b-14_5531.zip"
"土地利用細分メッシュ（ラスタ版）","L03-b-14_5536.zip","L03-b_r/L03-b_r-14/L03-b-14_5536.zip"
"土地利用細分メッシュ（ラスタ版）","L03-b-14_5537.zip","L03-b_r/L03-b_r-14/L03-b-14_5537.zip"
"土地利用細分メッシュ（ラスタ版）","L03-b-14_5538.zip","L03-b_r/L03-b_r-14/L03-b-14_5538.zip"
"土地利用細分メッシュ（ラスタ版）","L03-b-14_5539.zip","L03-b_r/L03-b_r-14/L03-b-14_5539.zip"
"土地利用細分メッシュ（ラスタ版）","L03-b-14_5540.zip","L03-b_r/L03-b_r-14/L03-b-14_5540.zip"
"土地利用細分メッシュ（ラスタ版）","L03-b-14_5541.zip","L03-b_r/L03-b_r-14/L03-b-14_5541.zip"
"土地利用細分メッシュ（ラスタ版）","L03-b-14_5636.zip","L03-b_r/L03-b_r-14/L03-b-14_5636.zip"
"土地利用細分メッシュ（ラスタ版）","L03-b-14_5637.zip","L03-b_r/L03-b_r-14/L03-b-14_5637.zip"
"土地利用細分メッシュ（ラスタ版）","L03-b-14_5638.zip","L03-b_r/L03-b_r-14/L03-b-14_5638.zip"
"土地利用細分メッシュ（ラスタ版）","L03-b-14_5639.zip","L03-b_r/L03-b_r-14/L03-b-14_5639.zip"
"土地利用細分メッシュ（ラスタ版）","L03-b-14_5640.zip","L03-b_r/L03-b_r-14/L03-b-14_5640.zip"
"土地利用細分メッシュ（ラスタ版）","L03-b-14_5641.zip","L03-b_r/L03-b_r-14/L03-b-14_5641.zip"
"土地利用細分メッシュ（ラスタ版）","L03-b-14_5738.zip","L03-b_r/L03-b_r-14/L03-b-14_5738.zip"
"土地利用細分メッシュ（ラスタ版）","L03-b-14_5739.zip","L03-b_r/L03-b_r-14/L03-b-14_5739.zip"
"土地利用細分メッシュ（ラスタ版）","L03-b-14_5740.zip","L03-b_r/L03-b_r-14/L03-b-14_5740.zip"
"土地利用細分メッシュ（ラスタ版）","L03-b-14_5741.zip","L03-b_r/L03-b_r-14/L03-b-14_5741.zip"
"土地利用細分メッシュ（ラスタ版）","L03-b-14_5839.zip","L03-b_r/L03-b_r-14/L03-b-14_5839.zip"
"土地利用細分メッシュ（ラスタ版）","L03-b-14_5840.zip","L03-b_r/L03-b_r-14/L03-b-14_5840.zip"
"土地利用細分メッシュ（ラスタ版）","L03-b-14_5841.zip","L03-b_r/L03-b_r-14/L03-b-14_5841.zip"
"土地利用細分メッシュ（ラスタ版）","L03-b-14_5939.zip","L03-b_r/L03-b_r-14/L03-b-14_5939.zip"
"土地利用細分メッシュ（ラスタ版）","L03-b-14_5940.zip","L03-b_r/L03-b_r-14/L03-b-14_5940.zip"
"土地利用細分メッシュ（ラスタ版）","L03-b-14_5941.zip","L03-b_r/L03-b_r-14/L03-b-14_5941.zip"
"土地利用細分メッシュ（ラスタ版）","L03-b-14_5942.zip","L03-b_r/L03-b_r-14/L03-b-14_5942.zip"
"土地利用細分メッシュ（ラスタ版）","L03-b-14_6039.zip","L03-b_r/L03-b_r-14/L03-b-14_6039.zip"
"土地利用細分メッシュ（ラスタ版）","L03-b-14_6040.zip","L03-b_r/L03-b_r-14/L03-b-14_6040.zip"
"土地利用細分メッシュ（ラスタ版）","L03-b-14_6041.zip","L03-b_r/L03-b_r-14/L03-b-14_6041.zip"
"土地利用細分メッシュ（ラスタ版）","L03-b-14_6139.zip","L03-b_r/L03-b_r-14/L03-b-14_6139.zip"
"土地利用細分メッシュ（ラスタ版）","L03-b-14_6140.zip","L03-b_r/L03-b_r-14/L03-b-14_6140.zip"
"土地利用細分メッシュ（ラスタ版）","L03-b-14_6141.zip","L03-b_r/L03-b_r-14/L03-b-14_6141.zip"
"土地利用細分メッシュ（ラスタ版）","L03-b-14_6239.zip","L03-b_r/L03-b_r-14/L03-b-14_6239.zip"
"土地利用細分メッシュ（ラスタ版）","L03-b-14_6240.zip","L03-b_r/L03-b_r-14/L03-b-14_6240.zip"
"土地利用細分メッシュ（ラスタ版）","L03-b-14_6241.zip","L03-b_r/L03-b_r-14/L03-b-14_6241.zip"
"土地利用細分メッシュ（ラスタ版）","L03-b-14_6243.zip","L03-b_r/L03-b_r-14/L03-b-14_6243.zip"
"土地利用細分メッシュ（ラスタ版）","L03-b-14_6339.zip","L03-b_r/L03-b_r-14/L03-b-14_6339.zip"
"土地利用細分メッシュ（ラスタ版）","L03-b-14_6340.zip","L03-b_r/L03-b_r-14/L03-b-14_6340.zip"
"土地利用細分メッシュ（ラスタ版）","L03-b-14_6341.zip","L03-b_r/L03-b_r-14/L03-b-14_6341.zip"
"土地利用細分メッシュ（ラスタ版）","L03-b-14_6342.zip","L03-b_r/L03-b_r-14/L03-b-14_6342.zip"
"土地利用細分メッシュ（ラスタ版）","L03-b-14_6343.zip","L03-b_r/L03-b_r-14/L03-b-14_6343.zip"
"土地利用細分メッシュ（ラスタ版）","L03-b-14_6439.zip","L03-b_r/L03-b_r-14/L03-b-14_6439.zip"
"土地利用細分メッシュ（ラスタ版）","L03-b-14_6440.zip","L03-b_r/L03-b_r-14/L03-b-14_6440.zip"
"土地利用細分メッシュ（ラスタ版）","L03-b-14_6441.zip","L03-b_r/L03-b_r-14/L03-b-14_6441.zip"
"土地利用細分メッシュ（ラスタ版）","L03-b-14_6442.zip","L03-b_r/L03-b_r-14/L03-b-14_6442.zip"
"土地利用細分メッシュ（ラスタ版）","L03-b-14_6443.zip","L03-b_r/L03-b_r-14/L03-b-14_6443.zip"
"土地利用細分メッシュ（ラスタ版）","L03-b-14_6444.zip","L03-b_r/L03-b_r-14/L03-b-14_6444.zip"
"土地利用細分メッシュ（ラスタ版）","L03-b-14_6445.zip","L03-b_r/L03-b_r-14/L03-b-14_6445.zip"
"土地利用細分メッシュ（ラスタ版）","L03-b-14_6540.zip","L03-b_r/L03-b_r-14/L03-b-14_6540.zip"
"土地利用細分メッシュ（ラスタ版）","L03-b-14_6541.zip","L03-b_r/L03-b_r-14/L03-b-14_6541.zip"
"土地利用細分メッシュ（ラスタ版）","L03-b-14_6542.zip","L03-b_r/L03-b_r-14/L03-b-14_6542.zip"
"土地利用細分メッシュ（ラスタ版）","L03-b-14_6543.zip","L03-b_r/L03-b_r-14/L03-b-14_6543.zip"
"土地利用細分メッシュ（ラスタ版）","L03-b-14_6544.zip","L03-b_r/L03-b_r-14/L03-b-14_6544.zip"
"土地利用細分メッシュ（ラスタ版）","L03-b-14_6545.zip","L03-b_r/L03-b_r-14/L03-b-14_6545.zip"
"土地利用細分メッシュ（ラスタ版）","L03-b-14_6546.zip","L03-b_r/L03-b_r-14/L03-b-14_6546.zip"
"土地利用細分メッシュ（ラスタ版）","L03-b-14_6641.zip","L03-b_r/L03-b_r-14/L03-b-14_6641.zip"
"土地利用細分メッシュ（ラスタ版）","L03-b-14_6642.zip","L03-b_r/L03-b_r-14/L03-b-14_6642.zip"
"土地利用細分メッシュ（ラスタ版）","L03-b-14_6643.zip","L03-b_r/L03-b_r-14/L03-b-14_6643.zip"
"土地利用細分メッシュ（ラスタ版）","L03-b-14_6644.zip","L03-b_r/L03-b_r-14/L03-b-14_6644.zip"
"土地利用細分メッシュ（ラスタ版）","L03-b-14_6645.zip","L03-b_r/L03-b_r-14/L03-b-14_6645.zip"
"土地利用細分メッシュ（ラスタ版）","L03-b-14_6646.zip","L03-b_r/L03-b_r-14/L03-b-14_6646.zip"
"土地利用細分メッシュ（ラスタ版）","L03-b-14_6647.zip","L03-b_r/L03-b_r-14/L03-b-14_6647.zip"
"土地利用細分メッシュ（ラスタ版）","L03-b-14_6741.zip","L03-b_r/L03-b_r-14/L03-b-14_6741.zip"
"土地利用細分メッシュ（ラスタ版）","L03-b-14_6742.zip","L03-b_r/L03-b_r-14/L03-b-14_6742.zip"
"土地利用細分メッシュ（ラスタ版）","L03-b-14_6747.zip","L03-b_r/L03-b_r-14/L03-b-14_6747.zip"
"土地利用細分メッシュ（ラスタ版）","L03-b-14_6748.zip","L03-b_r/L03-b_r-14/L03-b-14_6748.zip"
"土地利用細分メッシュ（ラスタ版）","L03-b-14_6840.zip","L03-b_r/L03-b_r-14/L03-b-14_6840.zip"
"土地利用細分メッシュ（ラスタ版）","L03-b-14_6841.zip","L03-b_r/L03-b_r-14/L03-b-14_6841.zip"
"土地利用細分メッシュ（ラスタ版）","L03-b-14_6842.zip","L03-b_r/L03-b_r-14/L03-b-14_6842.zip"
"土地利用細分メッシュ（ラスタ版）","L03-b-14_6847.zip","L03-b_r/L03-b_r-14/L03-b-14_6847.zip"
"土地利用細分メッシュ（ラスタ版）","L03-b-14_6848.zip","L03-b_r/L03-b_r-14/L03-b-14_6848.zip"
"都市地域土地利用細分メッシュ","L03-b-u-21_3624-jgd2011_GML.zip","L03-b-u/L03-b-u-21/L03-b-u-21_3624-jgd2011_GML.zip"
"都市地域土地利用細分メッシュ","L03-b-u-21_3725-jgd2011_GML.zip","L03-b-u/L03-b-u-21/L03-b-u-21_3725-jgd2011_GML.zip"
"都市地域土地利用細分メッシュ","L03-b-u-21_3927-jgd2011_GML.zip","L03-b-u/L03-b-u-21/L03-b-u-21_3927-jgd2011_GML.zip"
"都市地域土地利用細分メッシュ","L03-b-u-21_3928-jgd2011_GML.zip","L03-b-u/L03-b-u-21/L03-b-u-21_3928-jgd2011_GML.zip"
"都市地域土地利用細分メッシュ","L03-b-u-21_3942-jgd2011_GML.zip","L03-b-u/L03-b-u-21/L03-b-u-21_3942-jgd2011_GML.zip"
"都市地域土地利用細分メッシュ","L03-b-u-21_4027-jgd2011_GML.zip","L03-b-u/L03-b-u-21/L03-b-u-21_4027-jgd2011_GML.zip"
"都市地域土地利用細分メッシュ","L03-b-u-21_4028-jgd2011_GML.zip","L03-b-u/L03-b-u-21/L03-b-u-21_4028-jgd2011_GML.zip"
"都市地域土地利用細分メッシュ","L03-b-u-21_4042-jgd2011_GML.zip","L03-b-u/L03-b-u-21/L03-b-u-21_4042-jgd2011_GML.zip"
"都市地域土地利用細分メッシュ","L03-b-u-21_4128-jgd2011_GML.zip","L03-b-u/L03-b-u-21/L03-b-u-21_4128-jgd2011_GML.zip"
"都市地域土地利用細分メッシュ","L03-b-u-21_4129-jgd2011_GML.zip","L03-b-u/L03-b-u-21/L03-b-u-21_4129-jgd2011_GML.zip"
"都市地域土地利用細分メッシュ","L03-b-u-21_4229-jgd2011_GML.zip","L03-b-u/L03-b-u-21/L03-b-u-21_4229-jgd2011_GML.zip"
"都市地域土地利用細分メッシュ","L03-b-u-21_4530-jgd2011_GML.zip","L03-b-u/L03-b-u-21/L03-b-u-21_4530-jgd2011_GML.zip"
"都市地域土地利用細分メッシュ","L03-b-u-21_4630-jgd2011_GML.zip","L03-b-u/L03-b-u-21/L03-b-u-21_4630-jgd2011_GML.zip"
"都市地域土地利用細分メッシュ","L03-b-u-21_4631-jgd2011_GML.zip","L03-b-u/L03-b-u-21/L03-b-u-21_4631-jgd2011_GML.zip"
"都市地域土地利用細分メッシュ","L03-b-u-21_4730-jgd2011_GML.zip","L03-b-u/L03-b-u-21/L03-b-u-21_4730-jgd2011_GML.zip"
"都市地域土地利用細分メッシュ","L03-b-u-21_4731-jgd2011_GML.zip","L03-b-u/L03-b-u-21/L03-b-u-21_4731-jgd2011_GML.zip"
"都市地域土地利用細分メッシュ","L03-b-u-21_4828-jgd2011_GML.zip","L03-b-u/L03-b-u-21/L03-b-u-21_4828-jgd2011_GML.zip"
"都市地域土地利用細分メッシュ","L03-b-u-21_4829-jgd2011_GML.zip","L03-b-u/L03-b-u-21/L03-b-u-21_4829-jgd2011_GML.zip"
"都市地域土地利用細分メッシュ","L03-b-u-21_4830-jgd2011_GML.zip","L03-b-u/L03-b-u-21/L03-b-u-21_4830-jgd2011_GML.zip"
"都市地域土地利用細分メッシュ","L03-b-u-21_4831-jgd2011_GML.zip","L03-b-u/L03-b-u-21/L03-b-u-21_4831-jgd2011_GML.zip"
"都市地域土地利用細分メッシュ","L03-b-u-21_4928-jgd2011_GML.zip","L03-b-u/L03-b-u-21/L03-b-u-21_4928-jgd2011_GML.zip"
"都市地域土地利用細分メッシュ","L03-b-u-21_4929-jgd2011_GML.zip","L03-b-u/L03-b-u-21/L03-b-u-21_4929-jgd2011_GML.zip"
"都市地域土地利用細分メッシュ","L03-b-u-21_4930-jgd2011_GML.zip","L03-b-u/L03-b-u-21/L03-b-u-21_4930-jgd2011_GML.zip"
"都市地域土地利用細分メッシュ","L03-b-u-21_4931-jgd2011_GML.zip","L03-b-u/L03-b-u-21/L03-b-u-21_4931-jgd2011_GML.zip"
"都市地域土地利用細分メッシュ","L03-b-u-21_4932-jgd2011_GML.zip","L03-b-u/L03-b-u-21/L03-b-u-21_4932-jgd2011_GML.zip"
"都市地域土地利用細分メッシュ","L03-b-u-21_4933-jgd2011_GML.zip","L03-b-u/L03-b-u-21/L03-b-u-21_4933-jgd2011_GML.zip"
"都市地域土地利用細分メッシュ","L03-b-u-21_4934-jgd2011_GML.zip","L03-b-u/L03-b-u-21/L03-b-u-21_4934-jgd2011_GML.zip"
"都市地域土地利用細分メッシュ","L03-b-u-21_4939-jgd2011_GML.zip","L03-b-u/L03-b-u-21/L03-b-u-21_4939-jgd2011_GML.zip"
"都市地域土地利用細分メッシュ","L03-b-u-21_5029-jgd2011_GML.zip","L03-b-u/L03-b-u-21/L03-b-u-21_5029-jgd2011_GML.zip"
"都市地域土地利用細分メッシュ","L03-b-u-21_5030-jgd2011_GML.zip","L03-b-u/L03-b-u-21/L03-b-u-21_5030-jgd2011_GML.zip"
"都市地域土地利用細分メッシュ","L03-b-u-21_5031-jgd2011_GML.zip","L03-b-u/L03-b-u-21/L03-b-u-21_5031-jgd2011_GML.zip"
"都市地域土地利用細分メッシュ","L03-b-u-21_5032-jgd2011_GML.zip","L03-b-u/L03-b-u-21/L03-b-u-21_5032-jgd2011_GML.zip"
"都市地域土地利用細分メッシュ","L03-b-u-21_5033-jgd2011_GML.zip","L03-b-u/L03-b-u-21/L03-b-u-21_5033-jgd2011_GML.zip"
"都市地域土地利用細分メッシュ","L03-b-u-21_5034-jgd2011_GML.zip","L03-b-u/L03-b-u-21/L03-b-u-21_5034-jgd2011_GML.zip"
"都市地域土地利用細分メッシュ","L03-b-u-21_5035-jgd2011_GML.zip","L03-b-u/L03-b-u-21/L03-b-u-21_5035-jgd2011_GML.zip"
"都市地域土地利用細分メッシュ","L03-b-u-21_5036-jgd2011_GML.zip","L03-b-u/L03-b-u-21/L03-b-u-21_5036-jgd2011_GML.zip"
"都市地域土地利用細分メッシュ","L03-b-u-21_5129-jgd2011_GML.zip","L03-b-u/L03-b-u-21/L03-b-u-21_5129-jgd2011_GML.zip"
"都市地域土地利用細分メッシュ","L03-b-u-21_5130-jgd2011_GML.zip","L03-b-u/L03-b-u-21/L03-b-u-21_5130-jgd2011_GML.zip"
"都市地域土地利用細分メッシュ","L03-b-u-21_5131-jgd2011_GML.zip","L03-b-u/L03-b-u-21/L03-b-u-21_5131-jgd2011_GML.zip"
"都市地域土地利用細分メッシュ","L03-b-u-21_5132-jgd2011_GML.zip","L03-b-u/L03-b-u-21/L03-b-u-21_5132-jgd2011_GML.zip"
"都市地域土地利用細分メッシュ","L03-b-u-21_5133-jgd2011_GML.zip","L03-b-u/L03-b-u-21/L03-b-u-21_5133-jgd2011_GML.zip"
"都市地域土地利用細分メッシュ","L03-b-u-21_5134-jgd2011_GML.zip","L03-b-u/L03-b-u-21/L03-b-u-21_5134-jgd2011_GML.zip"
"都市地域土地利用細分メッシュ","L03-b-u-21_5135-jgd2011_GML.zip","L03-b-u/L03-b-u-21/L03-b-u-21_5135-jgd2011_GML.zip"
"都市地域土地利用細分メッシュ","L03-b-u-21_5136-jgd2011_GML.zip","L03-b-u/L03-b-u-21/L03-b-u-21_5136-jgd2011_GML.zip"
"都市地域土地利用細分メッシュ","L03-b-u-21_5137-jgd2011_GML.zip","L03-b-u/L03-b-u-21/L03-b-u-21_5137-jgd2011_GML.zip"
"都市地域土地利用細分メッシュ","L03-b-u-21_5138-jgd2011_GML.zip","L03-b-u/L03-b-u-21/L03-b-u-21_5138-jgd2011_GML.zip"
"都市地域土地利用細分メッシュ","L03-b-u-21_5139-jgd2011_GML.zip","L03-b-u/L03-b-u-21/L03-b-u-21_5139-jgd2011_GML.zip"
"都市地域土地利用細分メッシュ","L03-b-u-21_5231-jgd2011_GML.zip","L03-b-u/L03-b-u-21/L03-b-u-21_5231-jgd2011_GML.zip"
"都市地域土地利用細分メッシュ","L03-b-u-21_5232-jgd2011_GML.zip","L03-b-u/L03-b-u-21/L03-b-u-21_5232-jgd2011_GML.zip"
"都市地域土地利用細分メッシュ","L03-b-u-21_5233-jgd2011_GML.zip","L03-b-u/L03-b-u-21/L03-b-u-21_5233-jgd2011_GML.zip"
"都市地域土地利用細分メッシュ","L03-b-u-21_5234-jgd2011_GML.zip","L03-b-u/L03-b-u-21/L03-b-u-21_5234-jgd2011_GML.zip"
"都市地域土地利用細分メッシュ","L03-b-u-21_5235-jgd2011_GML.zip","L03-b-u/L03-b-u-21/L03-b-u-21_5235-jgd2011_GML.zip"
"都市地域土地利用細分メッシュ","L03-b-u-21_5236-jgd2011_GML.zip","L03-b-u/L03-b-u-21/L03-b-u-21_5236-jgd2011_GML.zip"
"都市地域土地利用細分メッシュ","L03-b-u-21_5237-jgd2011_GML.zip","L03-b-u/L03-b-u-21/L03-b-u-21_5237-jgd2011_GML.zip"
"都市地域土地利用細分メッシュ","L03-b-u-21_5238-jgd2011_GML.zip","L03-b-u/L03-b-u-21/L03-b-u-21_5238-jgd2011_GML.zip"
"都市地域土地利用細分メッシュ","L03-b-u-21_5239-jgd2011_GML.zip","L03-b-u/L03-b-u-21/L03-b-u-21_5239-jgd2011_GML.zip"
"都市地域土地利用細分メッシュ","L03-b-u-21_5240-jgd2011_GML.zip","L03-b-u/L03-b-u-21/L03-b-u-21_5240-jgd2011_GML.zip"
"都市地域土地利用細分メッシュ","L03-b-u-21_5332-jgd2011_GML.zip","L03-b-u/L03-b-u-21/L03-b-u-21_5332-jgd2011_GML.zip"
"都市地域土地利用細分メッシュ","L03-b-u-21_5333-jgd2011_GML.zip","L03-b-u/L03-b-u-21/L03-b-u-21_5333-jgd2011_GML.zip"
"都市地域土地利用細分メッシュ","L03-b-u-21_5334-jgd2011_GML.zip","L03-b-u/L03-b-u-21/L03-b-u-21_5334-jgd2011_GML.zip"
"都市地域土地利用細分メッシュ","L03-b-u-21_5335-jgd2011_GML.zip","L03-b-u/L03-b-u-21/L03-b-u-21_5335-jgd2011_GML.zip"
"都市地域土地利用細分メッシュ","L03-b-u-21_5336-jgd2011_GML.zip","L03-b-u/L03-b-u-21/L03-b-u-21_5336-jgd2011_GML.zip"
"都市地域土地利用細分メッシュ","L03-b-u-21_5337-jgd2011_GML.zip","L03-b-u/L03-b-u-21/L03-b-u-21_5337-jgd2011_GML.zip"
"都市地域土地利用細分メッシュ","L03-b-u-21_5338-jgd2011_GML.zip","L03-b-u/L03-b-u-21/L03-b-u-21_5338-jgd2011_GML.zip"
"都市地域土地利用細分メッシュ","L03-b-u-21_5339-jgd2011_GML.zip","L03-b-u/L03-b-u-21/L03-b-u-21_5339-jgd2011_GML.zip"
"都市地域土地利用細分メッシュ","L03-b-u-21_5340-jgd2011_GML.zip","L03-b-u/L03-b-u-21/L03-b-u-21_5340-jgd2011_GML.zip"
"都市地域土地利用細分メッシュ","L03-b-u-21_5433-jgd2011_GML.zip","L03-b-u/L03-b-u-21/L03-b-u-21_5433-jgd2011_GML.zip"
"都市地域土地利用細分メッシュ","L03-b-u-21_5436-jgd2011_GML.zip","L03-b-u/L03-b-u-21/L03-b-u-21_5436-jgd2011_GML.zip"
"都市地域土地利用細分メッシュ","L03-b-u-21_5437-jgd2011_GML.zip","L03-b-u/L03-b-u-21/L03-b-u-21_5437-jgd2011_GML.zip"
"都市地域土地利用細分メッシュ","L03-b-u-21_5438-jgd2011_GML.zip","L03-b-u/L03-b-u-21/L03-b-u-21_5438-jgd2011_GML.zip"
"都市地域土地利用細分メッシュ","L03-b-u-21_5439-jgd2011_GML.zip","L03-b-u/L03-b-u-21/L03-b-u-21_5439-jgd2011_GML.zip"
"都市地域土地利用細分メッシュ","L03-b-u-21_5440-jgd2011_GML.zip","L03-b-u/L03-b-u-21/L03-b-u-21_5440-jgd2011_GML.zip"
"都市地域土地利用細分メッシュ","L03-b-u-21_5536-jgd2011_GML.zip","L03-b-u/L03-b-u-21/L03-b-u-21_5536-jgd2011_GML.zip"
"都市地域土地利用細分メッシュ","L03-b-u-21_5537-jgd2011_GML.zip","L03-b-u/L03-b-u-21/L03-b-u-21_5537-jgd2011_GML.zip"
"都市地域土地利用細分メッシュ","L03-b-u-21_5538-jgd2011_GML.zip","L03-b-u/L03-b-u-21/L03-b-u-21_5538-jgd2011_GML.zip"
"都市地域土地利用細分メッシュ","L03-b-u-21_5539-jgd2011_GML.zip","L03-b-u/L03-b-u-21/L03-b-u-21_5539-jgd2011_GML.zip"
"都市地域土地利用細分メッシュ","L03-b-u-21_5540-jgd2011_GML.zip","L03-b-u/L03-b-u-21/L03-b-u-21_5540-jgd2011_GML.zip"
"都市地域土地利用細分メッシュ","L03-b-u-21_5541-jgd2011_GML.zip","L03-b-u/L03-b-u-21/L03-b-u-21_5541-jgd2011_GML.zip"
"都市地域土地利用細分メッシュ","L03-b-u-21_5636-jgd2011_GML.zip","L03-b-u/L03-b-u-21/L03-b-u-21_5636-jgd2011_GML.zip"
"都市地域土地利用細分メッシュ","L03-b-u-21_5637-jgd2011_GML.zip","L03-b-u/L03-b-u-21/L03-b-u-21_5637-jgd2011_GML.zip"
"都市地域土地利用細分メッシュ","L03-b-u-21_5638-jgd2011_GML.zip","L03-b-u/L03-b-u-21/L03-b-u-21_5638-jgd2011_GML.zip"
"都市地域土地利用細分メッシュ","L03-b-u-21_5639-jgd2011_GML.zip","L03-b-u/L03-b-u-21/L03-b-u-21_5639-jgd2011_GML.zip"
"都市地域土地利用細分メッシュ","L03-b-u-21_5640-jgd2011_GML.zip","L03-b-u/L03-b-u-21/L03-b-u-21_5640-jgd2011_GML.zip"
"都市地域土地利用細分メッシュ","L03-b-u-21_5641-jgd2011_GML.zip","L03-b-u/L03-b-u-21/L03-b-u-21_5641-jgd2011_GML.zip"
"都市地域土地利用細分メッシュ","L03-b-u-21_5738-jgd2011_GML.zip","L03-b-u/L03-b-u-21/L03-b-u-21_5738-jgd2011_GML.zip"
"都市地域土地利用細分メッシュ","L03-b-u-21_5739-jgd2011_GML.zip","L03-b-u/L03-b-u-21/L03-b-u-21_5739-jgd2011_GML.zip"
"都市地域土地利用細分メッシュ","L03-b-u-21_5740-jgd2011_GML.zip","L03-b-u/L03-b-u-21/L03-b-u-21_5740-jgd2011_GML.zip"
"都市地域土地利用細分メッシュ","L03-b-u-21_5741-jgd2011_GML.zip","L03-b-u/L03-b-u-21/L03-b-u-21_5741-jgd2011_GML.zip"
"都市地域土地利用細分メッシュ","L03-b-u-21_5839-jgd2011_GML.zip","L03-b-u/L03-b-u-21/L03-b-u-21_5839-jgd2011_GML.zip"
"都市地域土地利用細分メッシュ","L03-b-u-21_5840-jgd2011_GML.zip","L03-b-u/L03-b-u-21/L03-b-u-21_5840-jgd2011_GML.zip"
"都市地域土地利用細分メッシュ","L03-b-u-21_5841-jgd2011_GML.zip","L03-b-u/L03-b-u-21/L03-b-u-21_5841-jgd2011_GML.zip"
"都市地域土地利用細分メッシュ","L03-b-u-21_5939-jgd2011_GML.zip","L03-b-u/L03-b-u-21/L03-b-u-21_5939-jgd2011_GML.zip"
"都市地域土地利用細分メッシュ","L03-b-u-21_5940-jgd2011_GML.zip","L03-b-u/L03-b-u-21/L03-b-u-21_5940-jgd2011_GML.zip"
"都市地域土地利用細分メッシュ","L03-b-u-21_5941-jgd2011_GML.zip","L03-b-u/L03-b-u-21/L03-b-u-21_5941-jgd2011_GML.zip"
"都市地域土地利用細分メッシュ","L03-b-u-21_5942-tky_GML.zip","L03-b-u/L03-b-u-21/L03-b-u-21_5942-tky_GML.zip"
"都市地域土地利用細分メッシュ","L03-b-u-21_6039-jgd2011_GML.zip","L03-b-u/L03-b-u-21/L03-b-u-21_6039-jgd2011_GML.zip"
"都市地域土地利用細分メッシュ","L03-b-u-21_6040-jgd2011_GML.zip","L03-b-u/L03-b-u-21/L03-b-u-21_6040-jgd2011_GML.zip"
"都市地域土地利用細分メッシュ","L03-b-u-21_6041-jgd2011_GML.zip","L03-b-u/L03-b-u-21/L03-b-u-21_6041-jgd2011_GML.zip"
"都市地域土地利用細分メッシュ","L03-b-u-21_6140-jgd2011_GML.zip","L03-b-u/L03-b-u-21/L03-b-u-21_6140-jgd2011_GML.zip"
"都市地域土地利用細分メッシュ","L03-b-u-21_6141-jgd2011_GML.zip","L03-b-u/L03-b-u-21/L03-b-u-21_6141-jgd2011_GML.zip"
"都市地域土地利用細分メッシュ","L03-b-u-21_6240-jgd2011_GML.zip","L03-b-u/L03-b-u-21/L03-b-u-21_6240-jgd2011_GML.zip"
"都市地域土地利用細分メッシュ","L03-b-u-21_6241-jgd2011_GML.zip","L03-b-u/L03-b-u-21/L03-b-u-21_6241-jgd2011_GML.zip"
"都市地域土地利用細分メッシュ","L03-b-u-21_6339-jgd2011_GML.zip","L03-b-u/L03-b-u-21/L03-b-u-21_6339-jgd2011_GML.zip"
"都市地域土地利用細分メッシュ","L03-b-u-21_6340-jgd2011_GML.zip","L03-b-u/L03-b-u-21/L03-b-u-21_6340-jgd2011_GML.zip"
"都市地域土地利用細分メッシュ","L03-b-u-21_6341-jgd2011_GML.zip","L03-b-u/L03-b-u-21/L03-b-u-21_6341-jgd2011_GML.zip"
"都市地域土地利用細分メッシュ","L03-b-u-21_6342-jgd2011_GML.zip","L03-b-u/L03-b-u-21/L03-b-u-21_6342-jgd2011_GML.zip"
"都市地域土地利用細分メッシュ","L03-b-u-21_6343-jgd2011_GML.zip","L03-b-u/L03-b-u-21/L03-b-u-21_6343-jgd2011_GML.zip"
"都市地域土地利用細分メッシュ","L03-b-u-21_6440-jgd2011_GML.zip","L03-b-u/L03-b-u-21/L03-b-u-21_6440-jgd2011_GML.zip"
"都市地域土地利用細分メッシュ","L03-b-u-21_6441-jgd2011_GML.zip","L03-b-u/L03-b-u-21/L03-b-u-21_6441-jgd2011_GML.zip"
"都市地域土地利用細分メッシュ","L03-b-u-21_6442-jgd2011_GML.zip","L03-b-u/L03-b-u-21/L03-b-u-21_6442-jgd2011_GML.zip"
"都市地域土地利用細分メッシュ","L03-b-u-21_6443-jgd2011_GML.zip","L03-b-u/L03-b-u-21/L03-b-u-21_6443-jgd2011_GML.zip"
"都市地域土地利用細分メッシュ","L03-b-u-21_6444-jgd2011_GML.zip","L03-b-u/L03-b-u-21/L03-b-u-21_6444-jgd2011_GML.zip"
"都市地域土地利用細分メッシュ","L03-b-u-21_6445-jgd2011_GML.zip","L03-b-u/L03-b-u-21/L03-b-u-21_6445-jgd2011_GML.zip"
"都市地域土地利用細分メッシュ","L03-b-u-21_6541-jgd2011_GML.zip","L03-b-u/L03-b-u-21/L03-b-u-21_6541-jgd2011_GML.zip"
"都市地域土地利用細分メッシュ","L03-b-u-21_6542-jgd2011_GML.zip","L03-b-u/L03-b-u-21/L03-b-u-21_6542-jgd2011_GML.zip"
"都市地域土地利用細分メッシュ","L03-b-u-21_6543-jgd2011_GML.zip","L03-b-u/L03-b-u-21/L03-b-u-21_6543-jgd2011_GML.zip"
"都市地域土地利用細分メッシュ","L03-b-u-21_6544-jgd2011_GML.zip","L03-b-u/L03-b-u-21/L03-b-u-21_6544-jgd2011_GML.zip"
"都市地域土地利用細分メッシュ","L03-b-u-21_6545-jgd2011_GML.zip","L03-b-u/L03-b-u-21/L03-b-u-21_6545-jgd2011_GML.zip"
"都市地域土地利用細分メッシュ","L03-b-u-21_6641-jgd2011_GML.zip","L03-b-u/L03-b-u-21/L03-b-u-21_6641-jgd2011_GML.zip"
"都市地域土地利用細分メッシュ","L03-b-u-21_6642-jgd2011_GML.zip","L03-b-u/L03-b-u-21/L03-b-u-21_6642-jgd2011_GML.zip"
"都市地域土地利用細分メッシュ","L03-b-u-21_6643-jgd2011_GML.zip","L03-b-u/L03-b-u-21/L03-b-u-21_6643-jgd2011_GML.zip"
"都市地域土地利用細分メッシュ","L03-b-u-21_6644-jgd2011_GML.zip","L03-b-u/L03-b-u-21/L03-b-u-21_6644-jgd2011_GML.zip"
"都市地域土地利用細分メッシュ","L03-b-u-21_6742-jgd2011_GML.zip","L03-b-u/L03-b-u-21/L03-b-u-21_6742-jgd2011_GML.zip"
"都市地域土地利用細分メッシュ","L03-b-u-21_6841-jgd2011_GML.zip","L03-b-u/L03-b-u-21/L03-b-u-21_6841-jgd2011_GML.zip"
"土地利用詳細メッシュ","L03-b-c-21_5134-jgd2011_GML.zip","L03-b-c/L03-b-c-21/L03-b-c-21_5134-jgd2011_GML.zip"
"土地利用詳細メッシュ","L03-b-c-21_5135-jgd2011_GML.zip","L03-b-c/L03-b-c-21/L03-b-c-21_5135-jgd2011_GML.zip"
"土地利用詳細メッシュ","L03-b-c-21_5136-jgd2011_GML.zip","L03-b-c/L03-b-c-21/L03-b-c-21_5136-jgd2011_GML.zip"
"土地利用詳細メッシュ","L03-b-c-21_5234-jgd2011_GML.zip","L03-b-c/L03-b-c-21/L03-b-c-21_5234-jgd2011_GML.zip"
"土地利用詳細メッシュ","L03-b-c-21_5235-jgd2011_GML.zip","L03-b-c/L03-b-c-21/L03-b-c-21_5235-jgd2011_GML.zip"
"土地利用詳細メッシュ","L03-b-c-21_5236-jgd2011_GML.zip","L03-b-c/L03-b-c-21/L03-b-c-21_5236-jgd2011_GML.zip"
"土地利用詳細メッシュ","L03-b-c-21_5237-jgd2011_GML.zip","L03-b-c/L03-b-c-21/L03-b-c-21_5237-jgd2011_GML.zip"
"土地利用詳細メッシュ","L03-b-c-21_5239-jgd2011_GML.zip","L03-b-c/L03-b-c-21/L03-b-c-21_5239-jgd2011_GML.zip"
"土地利用詳細メッシュ","L03-b-c-21_5336-jgd2011_GML.zip","L03-b-c/L03-b-c-21/L03-b-c-21_5336-jgd2011_GML.zip"
"土地利用詳細メッシュ","L03-b-c-21_5337-jgd2011_GML.zip","L03-b-c/L03-b-c-21/L03-b-c-21_5337-jgd2011_GML.zip"
"土地利用詳細メッシュ","L03-b-c-21_5339-jgd2011_GML.zip","L03-b-c/L03-b-c-21/L03-b-c-21_5339-jgd2011_GML.zip"
"土地利用詳細メッシュ","L03-b-c-21_5340-jgd2011_GML.zip","L03-b-c/L03-b-c-21/L03-b-c-21_5340-jgd2011_GML.zip"
"土地利用詳細メッシュ","L03-b-c-21_5439-jgd2011_GML.zip","L03-b-c/L03-b-c-21/L03-b-c-21_5439-jgd2011_GML.zip"
"土地利用詳細メッシュ","L03-b-c-21_5440-jgd2011_GML.zip","L03-b-c/L03-b-c-21/L03-b-c-21_5440-jgd2011_GML.zip"
"森林地域","A13-15_01_GML.zip","A13/A13-15/A13-15_01_GML.zip"
"森林地域","A13-15_02_GML.zip","A13/A13-15/A13-15_02_GML.zip"
"森林地域","A13-15_03_GML.zip","A13/A13-15/A13-15_03_GML.zip"
"森林地域","A13-15_04_GML.zip","A13/A13-15/A13-15_04_GML.zip"
"森林地域","A13-15_05_GML.zip","A13/A13-15/A13-15_05_GML.zip"
"森林地域","A13-15_06_GML.zip","A13/A13-15/A13-15_06_GML.zip"
"森林地域","A13-15_07_GML.zip","A13/A13-15/A13-15_07_GML.zip"
"森林地域","A13-15_08_GML.zip","A13/A13-15/A13-15_08_GML.zip"
"森林地域","A13-15_09_GML.zip","A13/A13-15/A13-15_09_GML.zip"
"森林地域","A13-15_10_GML.zip","A13/A13-15/A13-15_10_GML.zip"
"森林地域","A13-15_11_GML.zip","A13/A13-15/A13-15_11_GML.zip"
"森林地域","A13-15_12_GML.zip","A13/A13-15/A13-15_12_GML.zip"
"森林地域","A13-15_13_GML.zip","A13/A13-15/A13-15_13_GML.zip"
"森林地域","A13-15_14_GML.zip","A13/A13-15/A13-15_14_GML.zip"
"森林地域","A13-15_15_GML.zip","A13/A13-15/A13-15_15_GML.zip"
"森林地域","A13-15_16_GML.zip","A13/A13-15/A13-15_16_GML.zip"
"森林地域","A13-15_17_GML.zip","A13/A13-15/A13-15_17_GML.zip"
"森林地域","A13-15_18_GML.zip","A13/A13-15/A13-15_18_GML.zip"
"森林地域","A13-15_19_GML.zip","A13/A13-15/A13-15_19_GML.zip"
"森林地域","A13-15_20_GML.zip","A13/A13-15/A13-15_20_GML.zip"
"森林地域","A13-15_21_GML.zip","A13/A13-15/A13-15_21_GML.zip"
"森林地域","A13-15_22_GML.zip","A13/A13-15/A13-15_22_GML.zip"
"森林地域","A13-15_23_GML.zip","A13/A13-15/A13-15_23_GML.zip"
"森林地域","A13-15_24_GML.zip","A13/A13-15/A13-15_24_GML.zip"
"森林地域","A13-15_25_GML.zip","A13/A13-15/A13-15_25_GML.zip"
"森林地域","A13-15_26_GML.zip","A13/A13-15/A13-15_26_GML.zip"
"森林地域","A13-15_27_GML.zip","A13/A13-15/A13-15_27_GML.zip"
"森林地域","A13-15_28_GML.zip","A13/A13-15/A13-15_28_GML.zip"
"森林地域","A13-15_29_GML.zip","A13/A13-15/A13-15_29_GML.zip"
"森林地域","A13-15_30_GML.zip","A13/A13-15/A13-15_30_GML.zip"
"森林地域","A13-15_31_GML.zip","A13/A13-15/A13-15_31_GML.zip"
"森林地域","A13-15_32_GML.zip","A13/A13-15/A13-15_32_GML.zip"
"森林地域","A13-15_33_GML.zip","A13/A13-15/A13-15_33_GML.zip"
"森林地域","A13-15_34_GML.zip","A13/A13-15/A13-15_34_GML.zip"
"森林地域","A13-15_35_GML.zip","A13/A13-15/A13-15_35_GML.zip"
"森林地域","A13-15_36_GML.zip","A13/A13-15/A13-15_36_GML.zip"
"森林地域","A13-15_37_GML.zip","A13/A13-15/A13-15_37_GML.zip"
"森林地域","A13-15_38_GML.zip","A13/A13-15/A13-15_38_GML.zip"
"森林地域","A13-15_39_GML.zip","A13/A13-15/A13-15_39_GML.zip"
"森林地域","A13-15_40_GML.zip","A13/A13-15/A13-15_40_GML.zip"
"森林地域","A13-15_41_GML.zip","A13/A13-15/A13-15_41_GML.zip"
"森林地域","A13-15_42_GML.zip","A13/A13-15/A13-15_42_GML.zip"
"森林地域","A13-15_43_GML.zip","A13/A13-15/A13-15_43_GML.zip"
"森林地域","A13-15_44_GML.zip","A13/A13-15/A13-15_44_GML.zip"
"森林地域","A13-15_45_GML.zip","A13/A13-15/A13-15_45_GML.zip"
"森林地域","A13-15_46_GML.zip","A13/A13-15/A13-15_46_GML.zip"
"森林地域","A13-15_47_GML.zip","A13/A13-15/A13-15_47_GML.zip"
"国有林野","A45-24_01_GEOJSON.zip","A45/A45-24/A45-24_01_GEOJSON.zip"
"国有林野","A45-24_02_GEOJSON.zip","A45/A45-24/A45-24_02_GEOJSON.zip"
"国有林野","A45-24_03_GEOJSON.zip","A45/A45-24/A45-24_03_GEOJSON.zip"
"国有林野","A45-24_04_GEOJSON.zip","A45/A45-24/A45-24_04_GEOJSON.zip"
"国有林野","A45-24_05_GEOJSON.zip","A45/A45-24/A45-24_05_GEOJSON.zip"
"国有林野","A45-24_06_GEOJSON.zip","A45/A45-24/A45-24_06_GEOJSON.zip"
"国有林野","A45-24_07_GEOJSON.zip","A45/A45-24/A45-24_07_GEOJSON.zip"
"国有林野","A45-24_08_GEOJSON.zip","A45/A45-24/A45-24_08_GEOJSON.zip"
"国有林野","A45-24_09_GEOJSON.zip","A45/A45-24/A45-24_09_GEOJSON.zip"
"国有林野","A45-24_10_GEOJSON.zip","A45/A45-24/A45-24_10_GEOJSON.zip"
"国有林野","A45-24_11_GEOJSON.zip","A45/A45-24/A45-24_11_GEOJSON.zip"
"国有林野","A45-24_12_GEOJSON.zip","A45/A45-24/A45-24_12_GEOJSON.zip"
"国有林野","A45-24_13_GEOJSON.zip","A45/A45-24/A45-24_13_GEOJSON.zip"
"国有林野","A45-24_14_GEOJSON.zip","A45/A45-24/A45-24_14_GEOJSON.zip"
"国有林野","A45-24_15_GEOJSON.zip","A45/A45-24/A45-24_15_GEOJSON.zip"
"国有林野","A45-24_16_GEOJSON.zip","A45/A45-24/A45-24_16_GEOJSON.zip"
"国有林野","A45-24_17_GEOJSON.zip","A45/A45-24/A45-24_17_GEOJSON.zip"
"国有林野","A45-24_18_GEOJSON.zip","A45/A45-24/A45-24_18_GEOJSON.zip"
"国有林野","A45-24_19_GEOJSON.zip","A45/A45-24/A45-24_19_GEOJSON.zip"
"国有林野","A45-24_20_GEOJSON.zip","A45/A45-24/A45-24_20_GEOJSON.zip"
"国有林野","A45-24_21_GEOJSON.zip","A45/A45-24/A45-24_21_GEOJSON.zip"
"国有林野","A45-24_22_GEOJSON.zip","A45/A45-24/A45-24_22_GEOJSON.zip"
"国有林野","A45-24_23_GEOJSON.zip","A45/A45-24/A45-24_23_GEOJSON.zip"
"国有林野","A45-24_24_GEOJSON.zip","A45/A45-24/A45-24_24_GEOJSON.zip"
"国有林野","A45-24_25_GEOJSON.zip","A45/A45-24/A45-24_25_GEOJSON.zip"
"国有林野","A45-24_26_GEOJSON.zip","A45/A45-24/A45-24_26_GEOJSON.zip"
"国有林野","A45-24_27_GEOJSON.zip","A45/A45-24/A45-24_27_GEOJSON.zip"
"国有林野","A45-24_28_GEOJSON.zip","A45/A45-24/A45-24_28_GEOJSON.zip"
"国有林野","A45-24_29_GEOJSON.zip","A45/A45-24/A45-24_29_GEOJSON.zip"
"国有林野","A45-24_30_GEOJSON.zip","A45/A45-24/A45-24_30_GEOJSON.zip"
"国有林野","A45-24_31_GEOJSON.zip","A45/A45-24/A45-24_31_GEOJSON.zip"
"国有林野","A45-24_32_GEOJSON.zip","A45/A45-24/A45-24_32_GEOJSON.zip"
"国有林野","A45-24_33_GEOJSON.zip","A45/A45-24/A45-24_33_GEOJSON.zip"
"国有林野","A45-24_34_GEOJSON.zip","A45/A45-24/A45-24_34_GEOJSON.zip"
"国有林野","A45-24_35_GEOJSON.zip","A45/A45-24/A45-24_35_GEOJSON.zip"
"国有林野","A45-24_36_GEOJSON.zip","A45/A45-24/A45-24_36_GEOJSON.zip"
"国有林野","A45-24_37_GEOJSON.zip","A45/A45-24/A45-24_37_GEOJSON.zip"
"国有林野","A45-24_38_GEOJSON.zip","A45/A45-24/A45-24_38_GEOJSON.zip"
"国有林野","A45-24_39_GEOJSON.zip","A45/A45-24/A45-24_39_GEOJSON.zip"
"国有林野","A45-24_40_GEOJSON.zip","A45/A45-24/A45-24_40_GEOJSON.zip"
"国有林野","A45-24_41_GEOJSON.zip","A45/A45-24/A45-24_41_GEOJSON.zip"
"国有林野","A45-24_42_GEOJSON.zip","A45/A45-24/A45-24_42_GEOJSON.zip"
"国有林野","A45-24_43_GEOJSON.zip","A45/A45-24/A45-24_43_GEOJSON.zip"
"国有林野","A45-24_44_GEOJSON.zip","A45/A45-24/A45-24_44_GEOJSON.zip"
"国有林野","A45-24_45_GEOJSON.zip","A45/A45-24/A45-24_45_GEOJSON.zip"
"国有林野","A45-24_46_GEOJSON.zip","A45/A45-24/A45-24_46_GEOJSON.zip"
"国有林野","A45-24_47_GEOJSON.zip","A45/A45-24/A45-24_47_GEOJSON.zip"
"農業地域","A12-15_01_GML.zip","A12/A12-15/A12-15_01_GML.zip"
"農業地域","A12-15_02_GML.zip","A12/A12-15/A12-15_02_GML.zip"
"農業地域","A12-15_03_GML.zip","A12/A12-15/A12-15_03_GML.zip"
"農業地域","A12-15_04_GML.zip","A12/A12-15/A12-15_04_GML.zip"
"農業地域","A12-15_05_GML.zip","A12/A12-15/A12-15_05_GML.zip"
"農業地域","A12-15_06_GML.zip","A12/A12-15/A12-15_06_GML.zip"
"農業地域","A12-15_07_GML.zip","A12/A12-15/A12-15_07_GML.zip"
"農業地域","A12-15_08_GML.zip","A12/A12-15/A12-15_08_GML.zip"
"農業地域","A12-15_09_GML.zip","A12/A12-15/A12-15_09_GML.zip"
"農業地域","A12-15_10_GML.zip","A12/A12-15/A12-15_10_GML.zip"
"農業地域","A12-15_11_GML.zip","A12/A12-15/A12-15_11_GML.zip"
"農業地域","A12-15_12_GML.zip","A12/A12-15/A12-15_12_GML.zip"
"農業地域","A12-15_13_GML.zip","A12/A12-15/A12-15_13_GML.zip"
"農業地域","A12-15_14_GML.zip","A12/A12-15/A12-15_14_GML.zip"
"農業地域","A12-15_15_GML.zip","A12/A12-15/A12-15_15_GML.zip"
"農業地域","A12-15_16_GML.zip","A12/A12-15/A12-15_16_GML.zip"
"農業地域","A12-15_17_GML.zip","A12/A12-15/A12-15_17_GML.zip"
"農業地域","A12-15_18_GML.zip","A12/A12-15/A12-15_18_GML.zip"
"農業地域","A12-15_19_GML.zip","A12/A12-15/A12-15_19_GML.zip"
"農業地域","A12-15_20_GML.zip","A12/A12-15/A12-15_20_GML.zip"
"農業地域","A12-15_21_GML.zip","A12/A12-15/A12-15_21_GML.zip"
"農業地域","A12-15_22_GML.zip","A12/A12-15/A12-15_22_GML.zip"
"農業地域","A12-15_23_GML.zip","A12/A12-15/A12-15_23_GML.zip"
"農業地域","A12-15_24_GML.zip","A12/A12-15/A12-15_24_GML.zip"
"農業地域","A12-15_25_GML.zip","A12/A12-15/A12-15_25_GML.zip"
"農業地域","A12-15_26_GML.zip","A12/A12-15/A12-15_26_GML.zip"
"農業地域","A12-15_27_GML.zip","A12/A12-15/A12-15_27_GML.zip"
"農業地域","A12-15_28_GML.zip","A12/A12-15/A12-15_28_GML.zip"
"農業地域","A12-15_29_GML.zip","A12/A12-15/A12-15_29_GML.zip"
"農業地域","A12-15_30_GML.zip","A12/A12-15/A12-15_30_GML.zip"
"農業地域","A12-15_31_GML.zip","A12/A12-15/A12-15_31_GML.zip"
"農業地域","A12-15_32_GML.zip","A12/A12-15/A12-15_32_GML.zip"
"農業地域","A12-15_33_GML.zip","A12/A12-15/A12-15_33_GML.zip"
"農業地域","A12-15_34_GML.zip","A12/A12-15/A12-15_34_GML.zip"
"農業地域","A12-15_35_GML.zip","A12/A12-15/A12-15_35_GML.zip"
"農業地域","A12-15_36_GML.zip","A12/A12-15/A12-15_36_GML.zip"
"農業地域","A12-15_37_GML.zip","A12/A12-15/A12-15_37_GML.zip"
"農業地域","A12-15_38_GML.zip","A12/A12-15/A12-15_38_GML.zip"
"農業地域","A12-15_39_GML.zip","A12/A12-15/A12-15_39_GML.zip"
"農業地域","A12-15_40_GML.zip","A12/A12-15/A12-15_40_GML.zip"
"農業地域","A12-15_41_GML.zip","A12/A12-15/A12-15_41_GML.zip"
"農業地域","A12-15_42_GML.zip","A12/A12-15/A12-15_42_GML.zip"
"農業地域","A12-15_43_GML.zip","A12/A12-15/A12-15_43_GML.zip"
"農業地域","A12-15_44_GML.zip","A12/A12-15/A12-15_44_GML.zip"
"農業地域","A12-15_45_GML.zip","A12/A12-15/A12-15_45_GML.zip"
"農業地域","A12-15_46_GML.zip","A12/A12-15/A12-15_46_GML.zip"
"農業地域","A12-15_47_GML.zip","A12/A12-15/A12-15_47_GML.zip"
"地価公示","L01-26_GML.zip","L01/L01-26//L01-26_GML.zip"
"行政区域","N03-20260101_GML.zip","N03/N03-2026/N03-20260101_GML.zip"
"DID人口集中地区","A16-20_GML.zip","A16/A16-20/A16-20_GML.zip"
"中学校区","A32-23_GML.zip","A32/A32-23/A32-23_GML.zip"
"小学校区","A27-23_GML.zip","A27/A27-23/A27-23_GML.zip"
"医療圏","A38-20_GML.zip","A38/A38-20/A38-20_GML.zip"
"景観計画区域","A35a-14_01_GML.zip","A35a/A35a-14/A35a-14_01_GML.zip"
"景観計画区域","A35a-14_02_GML.zip","A35a/A35a-14/A35a-14_02_GML.zip"
"景観計画区域","A35a-14_03_GML.zip","A35a/A35a-14/A35a-14_03_GML.zip"
"景観計画区域","A35a-14_04_GML.zip","A35a/A35a-14/A35a-14_04_GML.zip"
"景観計画区域","A35a-14_05_GML.zip","A35a/A35a-14/A35a-14_05_GML.zip"
"景観計画区域","A35a-14_06_GML.zip","A35a/A35a-14/A35a-14_06_GML.zip"
"景観計画区域","A35a-14_07_GML.zip","A35a/A35a-14/A35a-14_07_GML.zip"
"景観計画区域","A35a-14_08_GML.zip","A35a/A35a-14/A35a-14_08_GML.zip"
"景観計画区域","A35a-14_09_GML.zip","A35a/A35a-14/A35a-14_09_GML.zip"
"景観計画区域","A35a-14_10_GML.zip","A35a/A35a-14/A35a-14_10_GML.zip"
"景観計画区域","A35a-14_11_GML.zip","A35a/A35a-14/A35a-14_11_GML.zip"
"景観計画区域","A35a-14_12_GML.zip","A35a/A35a-14/A35a-14_12_GML.zip"
"景観計画区域","A35a-14_13_GML.zip","A35a/A35a-14/A35a-14_13_GML.zip"
"景観計画区域","A35a-14_14_GML.zip","A35a/A35a-14/A35a-14_14_GML.zip"
"景観計画区域","A35a-14_15_GML.zip","A35a/A35a-14/A35a-14_15_GML.zip"
"景観計画区域","A35a-14_16_GML.zip","A35a/A35a-14/A35a-14_16_GML.zip"
"景観計画区域","A35a-14_17_GML.zip","A35a/A35a-14/A35a-14_17_GML.zip"
"景観計画区域","A35a-14_18_GML.zip","A35a/A35a-14/A35a-14_18_GML.zip"
"景観計画区域","A35a-14_19_GML.zip","A35a/A35a-14/A35a-14_19_GML.zip"
"景観計画区域","A35a-14_20_GML.zip","A35a/A35a-14/A35a-14_20_GML.zip"
"景観計画区域","A35a-14_21_GML.zip","A35a/A35a-14/A35a-14_21_GML.zip"
"景観計画区域","A35a-14_22_GML.zip","A35a/A35a-14/A35a-14_22_GML.zip"
"景観計画区域","A35a-14_23_GML.zip","A35a/A35a-14/A35a-14_23_GML.zip"
"景観計画区域","A35a-14_24_GML.zip","A35a/A35a-14/A35a-14_24_GML.zip"
"景観計画区域","A35a-14_25_GML.zip","A35a/A35a-14/A35a-14_25_GML.zip"
"景観計画区域","A35a-14_26_GML.zip","A35a/A35a-14/A35a-14_26_GML.zip"
"景観計画区域","A35a-14_27_GML.zip","A35a/A35a-14/A35a-14_27_GML.zip"
"景観計画区域","A35a-14_28_GML.zip","A35a/A35a-14/A35a-14_28_GML.zip"
"景観計画区域","A35a-14_29_GML.zip","A35a/A35a-14/A35a-14_29_GML.zip"
"景観計画区域","A35a-14_30_GML.zip","A35a/A35a-14/A35a-14_30_GML.zip"
"景観計画区域","A35a-14_31_GML.zip","A35a/A35a-14/A35a-14_31_GML.zip"
"景観計画区域","A35a-14_32_GML.zip","A35a/A35a-14/A35a-14_32_GML.zip"
"景観計画区域","A35a-14_33_GML.zip","A35a/A35a-14/A35a-14_33_GML.zip"
"景観計画区域","A35a-14_34_GML.zip","A35a/A35a-14/A35a-14_34_GML.zip"
"景観計画区域","A35a-14_35_GML.zip","A35a/A35a-14/A35a-14_35_GML.zip"
"景観計画区域","A35a-14_36_GML.zip","A35a/A35a-14/A35a-14_36_GML.zip"
"景観計画区域","A35a-14_37_GML.zip","A35a/A35a-14/A35a-14_37_GML.zip"
"景観計画区域","A35a-14_38_GML.zip","A35a/A35a-14/A35a-14_38_GML.zip"
"景観計画区域","A35a-14_39_GML.zip","A35a/A35a-14/A35a-14_39_GML.zip"
"景観計画区域","A35a-14_40_GML.zip","A35a/A35a-14/A35a-14_40_GML.zip"
"景観計画区域","A35a-14_41_GML.zip","A35a/A35a-14/A35a-14_41_GML.zip"
"景観計画区域","A35a-14_42_GML.zip","A35a/A35a-14/A35a-14_42_GML.zip"
"景観計画区域","A35a-14_43_GML.zip","A35a/A35a-14/A35a-14_43_GML.zip"
"景観計画区域","A35a-14_44_GML.zip","A35a/A35a-14/A35a-14_44_GML.zip"
"景観計画区域","A35a-14_45_GML.zip","A35a/A35a-14/A35a-14_45_GML.zip"
"景観計画区域","A35a-14_46_GML.zip","A35a/A35a-14/A35a-14_46_GML.zip"
"景観計画区域","A35a-14_47_GML.zip","A35a/A35a-14/A35a-14_47_GML.zip"
"景観地区・準景観地区","A35b-14_01_GML.zip","A35b/A35b-14/A35b-14_01_GML.zip"
"景観地区・準景観地区","A35b-14_03_GML.zip","A35b/A35b-14/A35b-14_03_GML.zip"
"景観地区・準景観地区","A35b-14_04_GML.zip","A35b/A35b-14/A35b-14_04_GML.zip"
"景観地区・準景観地区","A35b-14_13_GML.zip","A35b/A35b-14/A35b-14_13_GML.zip"
"景観地区・準景観地区","A35b-14_14_GML.zip","A35b/A35b-14/A35b-14_14_GML.zip"
"景観地区・準景観地区","A35b-14_21_GML.zip","A35b/A35b-14/A35b-14_21_GML.zip"
"景観地区・準景観地区","A35b-14_22_GML.zip","A35b/A35b-14/A35b-14_22_GML.zip"
"景観地区・準景観地区","A35b-14_26_GML.zip","A35b/A35b-14/A35b-14_26_GML.zip"
"景観地区・準景観地区","A35b-14_28_GML.zip","A35b/A35b-14/A35b-14_28_GML.zip"
"景観地区・準景観地区","A35b-14_30_GML.zip","A35b/A35b-14/A35b-14_30_GML.zip"
"景観地区・準景観地区","A35b-14_32_GML.zip","A35b/A35b-14/A35b-14_32_GML.zip"
"景観地区・準景観地区","A35b-14_33_GML.zip","A35b/A35b-14/A35b-14_33_GML.zip"
"景観地区・準景観地区","A35b-14_34_GML.zip","A35b/A35b-14/A35b-14_34_GML.zip"
"景観地区・準景観地区","A35b-14_44_GML.zip","A35b/A35b-14/A35b-14_44_GML.zip"
"景観地区・準景観地区","A35b-14_46_GML.zip","A35b/A35b-14/A35b-14_46_GML.zip"
"景観地区・準景観地区","A35b-14_47_GML.zip","A35b/A35b-14/A35b-14_47_GML.zip"
"景観重要建造物・樹木","A35c-14_01_GML.zip","A35c/A35c-14/A35c-14_01_GML.zip"
"景観重要建造物・樹木","A35c-14_02_GML.zip","A35c/A35c-14/A35c-14_02_GML.zip"
"景観重要建造物・樹木","A35c-14_03_GML.zip","A35c/A35c-14/A35c-14_03_GML.zip"
"景観重要建造物・樹木","A35c-14_06_GML.zip","A35c/A35c-14/A35c-14_06_GML.zip"
"景観重要建造物・樹木","A35c-14_07_GML.zip","A35c/A35c-14/A35c-14_07_GML.zip"
"景観重要建造物・樹木","A35c-14_08_GML.zip","A35c/A35c-14/A35c-14_08_GML.zip"
"景観重要建造物・樹木","A35c-14_10_GML.zip","A35c/A35c-14/A35c-14_10_GML.zip"
"景観重要建造物・樹木","A35c-14_11_GML.zip","A35c/A35c-14/A35c-14_11_GML.zip"
"景観重要建造物・樹木","A35c-14_12_GML.zip","A35c/A35c-14/A35c-14_12_GML.zip"
"景観重要建造物・樹木","A35c-14_13_GML.zip","A35c/A35c-14/A35c-14_13_GML.zip"
"景観重要建造物・樹木","A35c-14_14_GML.zip","A35c/A35c-14/A35c-14_14_GML.zip"
"景観重要建造物・樹木","A35c-14_17_GML.zip","A35c/A35c-14/A35c-14_17_GML.zip"
"景観重要建造物・樹木","A35c-14_20_GML.zip","A35c/A35c-14/A35c-14_20_GML.zip"
"景観重要建造物・樹木","A35c-14_21_GML.zip","A35c/A35c-14/A35c-14_21_GML.zip"
"景観重要建造物・樹木","A35c-14_22_GML.zip","A35c/A35c-14/A35c-14_22_GML.zip"
"景観重要建造物・樹木","A35c-14_23_GML.zip","A35c/A35c-14/A35c-14_23_GML.zip"
"景観重要建造物・樹木","A35c-14_24_GML.zip","A35c/A35c-14/A35c-14_24_GML.zip"
"景観重要建造物・樹木","A35c-14_25_GML.zip","A35c/A35c-14/A35c-14_25_GML.zip"
"景観重要建造物・樹木","A35c-14_26_GML.zip","A35c/A35c-14/A35c-14_26_GML.zip"
"景観重要建造物・樹木","A35c-14_27_GML.zip","A35c/A35c-14/A35c-14_27_GML.zip"
"景観重要建造物・樹木","A35c-14_28_GML.zip","A35c/A35c-14/A35c-14_28_GML.zip"
"景観重要建造物・樹木","A35c-14_29_GML.zip","A35c/A35c-14/A35c-14_29_GML.zip"
"景観重要建造物・樹木","A35c-14_30_GML.zip","A35c/A35c-14/A35c-14_30_GML.zip"
"景観重要建造物・樹木","A35c-14_32_GML.zip","A35c/A35c-14/A35c-14_32_GML.zip"
"景観重要建造物・樹木","A35c-14_33_GML.zip","A35c/A35c-14/A35c-14_33_GML.zip"
"景観重要建造物・樹木","A35c-14_35_GML.zip","A35c/A35c-14/A35c-14_35_GML.zip"
"景観重要建造物・樹木","A35c-14_39_GML.zip","A35c/A35c-14/A35c-14_39_GML.zip"
"景観重要建造物・樹木","A35c-14_40_GML.zip","A35c/A35c-14/A35c-14_40_GML.zip"
"景観重要建造物・樹木","A35c-14_41_GML.zip","A35c/A35c-14/A35c-14_41_GML.zip"
"景観重要建造物・樹木","A35c-14_42_GML.zip","A35c/A35c-14/A35c-14_42_GML.zip"
"景観重要建造物・樹木","A35c-14_43_GML.zip","A35c/A35c-14/A35c-14_43_GML.zip"
"景観重要建造物・樹木","A35c-14_45_GML.zip","A35c/A35c-14/A35c-14_45_GML.zip"
"景観重要建造物・樹木","A35c-14_46_GML.zip","A35c/A35c-14/A35c-14_46_GML.zip"
"伝統的建造物群保存地区","A43-18_GML.zip","A43/A43-18/A43-18_GML.zip"
"歴史的風致維持向上計画の重点地区","A44-18_GML.zip","A44/A44-18/A44-18_GML.zip"
"宅地造成等工事規制区域・特定盛土等規制区域","A56-25_01_GML.zip","A56/A56-25/A56-25_01_GML.zip"
"宅地造成等工事規制区域・特定盛土等規制区域","A56-25_03_GML.zip","A56/A56-25/A56-25_03_GML.zip"
"宅地造成等工事規制区域・特定盛土等規制区域","A56-25_04_GML.zip","A56/A56-25/A56-25_04_GML.zip"
"宅地造成等工事規制区域・特定盛土等規制区域","A56-25_05_GML.zip","A56/A56-25/A56-25_05_GML.zip"
"宅地造成等工事規制区域・特定盛土等規制区域","A56-25_06_GML.zip","A56/A56-25/A56-25_06_GML.zip"
"宅地造成等工事規制区域・特定盛土等規制区域","A56-25_07_GML.zip","A56/A56-25/A56-25_07_GML.zip"
"宅地造成等工事規制区域・特定盛土等規制区域","A56-25_08_GML.zip","A56/A56-25/A56-25_08_GML.zip"
"宅地造成等工事規制区域・特定盛土等規制区域","A56-25_09_GML.zip","A56/A56-25/A56-25_09_GML.zip"
"宅地造成等工事規制区域・特定盛土等規制区域","A56-25_10_GML.zip","A56/A56-25/A56-25_10_GML.zip"
"宅地造成等工事規制区域・特定盛土等規制区域","A56-25_11_GML.zip","A56/A56-25/A56-25_11_GML.zip"
"宅地造成等工事規制区域・特定盛土等規制区域","A56-25_12_GML.zip","A56/A56-25/A56-25_12_GML.zip"
"宅地造成等工事規制区域・特定盛土等規制区域","A56-25_13_GML.zip","A56/A56-25/A56-25_13_GML.zip"
"宅地造成等工事規制区域・特定盛土等規制区域","A56-25_14_GML.zip","A56/A56-25/A56-25_14_GML.zip"
"宅地造成等工事規制区域・特定盛土等規制区域","A56-25_15_GML.zip","A56/A56-25/A56-25_15_GML.zip"
"宅地造成等工事規制区域・特定盛土等規制区域","A56-25_16_GML.zip","A56/A56-25/A56-25_16_GML.zip"
"宅地造成等工事規制区域・特定盛土等規制区域","A56-25_17_GML.zip","A56/A56-25/A56-25_17_GML.zip"
"宅地造成等工事規制区域・特定盛土等規制区域","A56-25_18_GML.zip","A56/A56-25/A56-25_18_GML.zip"
"宅地造成等工事規制区域・特定盛土等規制区域","A56-25_19_GML.zip","A56/A56-25/A56-25_19_GML.zip"
"宅地造成等工事規制区域・特定盛土等規制区域","A56-25_20_GML.zip","A56/A56-25/A56-25_20_GML.zip"
"宅地造成等工事規制区域・特定盛土等規制区域","A56-25_21_GML.zip","A56/A56-25/A56-25_21_GML.zip"
"宅地造成等工事規制区域・特定盛土等規制区域","A56-25_22_GML.zip","A56/A56-25/A56-25_22_GML.zip"
"宅地造成等工事規制区域・特定盛土等規制区域","A56-25_23_GML.zip","A56/A56-25/A56-25_23_GML.zip"
"宅地造成等工事規制区域・特定盛土等規制区域","A56-25_24_GML.zip","A56/A56-25/A56-25_24_GML.zip"
"宅地造成等工事規制区域・特定盛土等規制区域","A56-25_25_GML.zip","A56/A56-25/A56-25_25_GML.zip"
"宅地造成等工事規制区域・特定盛土等規制区域","A56-25_26_GML.zip","A56/A56-25/A56-25_26_GML.zip"
"宅地造成等工事規制区域・特定盛土等規制区域","A56-25_27_GML.zip","A56/A56-25/A56-25_27_GML.zip"
"宅地造成等工事規制区域・特定盛土等規制区域","A56-25_28_GML.zip","A56/A56-25/A56-25_28_GML.zip"
"宅地造成等工事規制区域・特定盛土等規制区域","A56-25_29_GML.zip","A56/A56-25/A56-25_29_GML.zip"
"宅地造成等工事規制区域・特定盛土等規制区域","A56-25_30_GML.zip","A56/A56-25/A56-25_30_GML.zip"
"宅地造成等工事規制区域・特定盛土等規制区域","A56-25_31_GML.zip","A56/A56-25/A56-25_31_GML.zip"
"宅地造成等工事規制区域・特定盛土等規制区域","A56-25_32_GML.zip","A56/A56-25/A56-25_32_GML.zip"
"宅地造成等工事規制区域・特定盛土等規制区域","A56-25_33_GML.zip","A56/A56-25/A56-25_33_GML.zip"
"宅地造成等工事規制区域・特定盛土等規制区域","A56-25_34_GML.zip","A56/A56-25/A56-25_34_GML.zip"
"宅地造成等工事規制区域・特定盛土等規制区域","A56-25_35_GML.zip","A56/A56-25/A56-25_35_GML.zip"
"宅地造成等工事規制区域・特定盛土等規制区域","A56-25_36_GML.zip","A56/A56-25/A56-25_36_GML.zip"
"宅地造成等工事規制区域・特定盛土等規制区域","A56-25_38_GML.zip","A56/A56-25/A56-25_38_GML.zip"
"宅地造成等工事規制区域・特定盛土等規制区域","A56-25_39_GML.zip","A56/A56-25/A56-25_39_GML.zip"
"宅地造成等工事規制区域・特定盛土等規制区域","A56-25_40_GML.zip","A56/A56-25/A56-25_40_GML.zip"
"宅地造成等工事規制区域・特定盛土等規制区域","A56-25_42_GML.zip","A56/A56-25/A56-25_42_GML.zip"
"宅地造成等工事規制区域・特定盛土等規制区域","A56-25_43_GML.zip","A56/A56-25/A56-25_43_GML.zip"
"宅地造成等工事規制区域・特定盛土等規制区域","A56-25_44_GML.zip","A56/A56-25/A56-25_44_GML.zip"
"宅地造成等工事規制区域・特定盛土等規制区域","A56-25_45_GML.zip","A56/A56-25/A56-25_45_GML.zip"
"宅地造成等工事規制区域・特定盛土等規制区域","A56-25_46_GML.zip","A56/A56-25/A56-25_46_GML.zip"
"都市計画決定情報","A55-24_01000_GEOJSON.zip","A55/A55-24/A55-24_01000_GEOJSON.zip"
"都市計画決定情報","A55-24_02000_GEOJSON.zip","A55/A55-24/A55-24_02000_GEOJSON.zip"
"都市計画決定情報","A55-24_03000_GEOJSON.zip","A55/A55-24/A55-24_03000_GEOJSON.zip"
"都市計画決定情報","A55-24_04000_GEOJSON.zip","A55/A55-24/A55-24_04000_GEOJSON.zip"
"都市計画決定情報","A55-24_05000_GEOJSON.zip","A55/A55-24/A55-24_05000_GEOJSON.zip"
"都市計画決定情報","A55-24_06000_GEOJSON.zip","A55/A55-24/A55-24_06000_GEOJSON.zip"
"都市計画決定情報","A55-24_07000_GEOJSON.zip","A55/A55-24/A55-24_07000_GEOJSON.zip"
"都市計画決定情報","A55-24_08000_GEOJSON.zip","A55/A55-24/A55-24_08000_GEOJSON.zip"
"都市計画決定情報","A55-24_09000_GEOJSON.zip","A55/A55-24/A55-24_09000_GEOJSON.zip"
"都市計画決定情報","A55-24_10000_GEOJSON.zip","A55/A55-24/A55-24_10000_GEOJSON.zip"
"都市計画決定情報","A55-24_11000_GEOJSON.zip","A55/A55-24/A55-24_11000_GEOJSON.zip"
"都市計画決定情報","A55-24_12000_GEOJSON.zip","A55/A55-24/A55-24_12000_GEOJSON.zip"
"都市計画決定情報","A55-24_13000_GEOJSON.zip","A55/A55-24/A55-24_13000_GEOJSON.zip"
"都市計画決定情報","A55-24_14000_GEOJSON.zip","A55/A55-24/A55-24_14000_GEOJSON.zip"
"都市計画決定情報","A55-24_15000_GEOJSON.zip","A55/A55-24/A55-24_15000_GEOJSON.zip"
"都市計画決定情報","A55-24_16000_GEOJSON.zip","A55/A55-24/A55-24_16000_GEOJSON.zip"
"都市計画決定情報","A55-24_17000_GEOJSON.zip","A55/A55-24/A55-24_17000_GEOJSON.zip"
"都市計画決定情報","A55-24_18000_GEOJSON.zip","A55/A55-24/A55-24_18000_GEOJSON.zip"
"都市計画決定情報","A55-24_19000_GEOJSON.zip","A55/A55-24/A55-24_19000_GEOJSON.zip"
"都市計画決定情報","A55-24_20000_GEOJSON.zip","A55/A55-24/A55-24_20000_GEOJSON.zip"
"都市計画決定情報","A55-24_21000_GEOJSON.zip","A55/A55-24/A55-24_21000_GEOJSON.zip"
"都市計画決定情報","A55-24_22000_GEOJSON.zip","A55/A55-24/A55-24_22000_GEOJSON.zip"
"都市計画決定情報","A55-24_23000_GEOJSON.zip","A55/A55-24/A55-24_23000_GEOJSON.zip"
"都市計画決定情報","A55-24_24000_GEOJSON.zip","A55/A55-24/A55-24_24000_GEOJSON.zip"
"都市計画決定情報","A55-24_25000_GEOJSON.zip","A55/A55-24/A55-24_25000_GEOJSON.zip"
"都市計画決定情報","A55-24_26000_GEOJSON.zip","A55/A55-24/A55-24_26000_GEOJSON.zip"
"都市計画決定情報","A55-24_27000_GEOJSON.zip","A55/A55-24/A55-24_27000_GEOJSON.zip"
"都市計画決定情報","A55-24_28000_GEOJSON.zip","A55/A55-24/A55-24_28000_GEOJSON.zip"
"都市計画決定情報","A55-24_29000_GEOJSON.zip","A55/A55-24/A55-24_29000_GEOJSON.zip"
"都市計画決定情報","A55-24_30000_GEOJSON.zip","A55/A55-24/A55-24_30000_GEOJSON.zip"
"都市計画決定情報","A55-24_31000_GEOJSON.zip","A55/A55-24/A55-24_31000_GEOJSON.zip"
"都市計画決定情報","A55-24_32000_GEOJSON.zip","A55/A55-24/A55-24_32000_GEOJSON.zip"
"都市計画決定情報","A55-24_33000_GEOJSON.zip","A55/A55-24/A55-24_33000_GEOJSON.zip"
"都市計画決定情報","A55-24_34000_GEOJSON.zip","A55/A55-24/A55-24_34000_GEOJSON.zip"
"都市計画決定情報","A55-24_35000_GEOJSON.zip","A55/A55-24/A55-24_35000_GEOJSON.zip"
"都市計画決定情報","A55-24_36000_GEOJSON.zip","A55/A55-24/A55-24_36000_GEOJSON.zip"
"都市計画決定情報","A55-24_37000_GEOJSON.zip","A55/A55-24/A55-24_37000_GEOJSON.zip"
"都市計画決定情報","A55-24_38000_GEOJSON.zip","A55/A55-24/A55-24_38000_GEOJSON.zip"
"都市計画決定情報","A55-24_39000_GEOJSON.zip","A55/A55-24/A55-24_39000_GEOJSON.zip"
"都市計画決定情報","A55-24_40000_GEOJSON.zip","A55/A55-24/A55-24_40000_GEOJSON.zip"
"都市計画決定情報","A55-24_41000_GEOJSON.zip","A55/A55-24/A55-24_41000_GEOJSON.zip"
"都市計画決定情報","A55-24_42000_GEOJSON.zip","A55/A55-24/A55-24_42000_GEOJSON.zip"
"都市計画決定情報","A55-24_43000_GEOJSON.zip","A55/A55-24/A55-24_43000_GEOJSON.zip"
"都市計画決定情報","A55-24_44000_GEOJSON.zip","A55/A55-24/A55-24_44000_GEOJSON.zip"
"都市計画決定情報","A55-24_45000_GEOJSON.zip","A55/A55-24/A55-24_45000_GEOJSON.zip"
"都市計画決定情報","A55-24_46000_GEOJSON.zip","A55/A55-24/A55-24_46000_GEOJSON.zip"
"都市計画決定情報","A55-24_47000_GEOJSON.zip","A55/A55-24/A55-24_47000_GEOJSON.zip"
"都市地域","A09-18_01_GML.zip","A09/A09-18/A09-18_01_GML.zip"
"都市地域","A09-18_02_GML.zip","A09/A09-18/A09-18_02_GML.zip"
"都市地域","A09-18_03_GML.zip","A09/A09-18/A09-18_03_GML.zip"
"都市地域","A09-18_04_GML.zip","A09/A09-18/A09-18_04_GML.zip"
"都市地域","A09-18_05_GML.zip","A09/A09-18/A09-18_05_GML.zip"
"都市地域","A09-18_06_GML.zip","A09/A09-18/A09-18_06_GML.zip"
"都市地域","A09-18_07_GML.zip","A09/A09-18/A09-18_07_GML.zip"
"都市地域","A09-18_08_GML.zip","A09/A09-18/A09-18_08_GML.zip"
"都市地域","A09-18_09_GML.zip","A09/A09-18/A09-18_09_GML.zip"
"都市地域","A09-18_10_GML.zip","A09/A09-18/A09-18_10_GML.zip"
"都市地域","A09-18_11_GML.zip","A09/A09-18/A09-18_11_GML.zip"
"都市地域","A09-18_12_GML.zip","A09/A09-18/A09-18_12_GML.zip"
"都市地域","A09-18_13_GML.zip","A09/A09-18/A09-18_13_GML.zip"
"都市地域","A09-18_14_GML.zip","A09/A09-18/A09-18_14_GML.zip"
"都市地域","A09-18_15_GML.zip","A09/A09-18/A09-18_15_GML.zip"
"都市地域","A09-18_16_GML.zip","A09/A09-18/A09-18_16_GML.zip"
"都市地域","A09-18_17_GML.zip","A09/A09-18/A09-18_17_GML.zip"
"都市地域","A09-18_18_GML.zip","A09/A09-18/A09-18_18_GML.zip"
"都市地域","A09-18_19_GML.zip","A09/A09-18/A09-18_19_GML.zip"
"都市地域","A09-18_20_GML.zip","A09/A09-18/A09-18_20_GML.zip"
"都市地域","A09-18_21_GML.zip","A09/A09-18/A09-18_21_GML.zip"
"都市地域","A09-18_22_GML.zip","A09/A09-18/A09-18_22_GML.zip"
"都市地域","A09-11_23_GML.zip","A09/A09-11/A09-11_23_GML.zip"
"都市地域","A09-18_24_GML.zip","A09/A09-18/A09-18_24_GML.zip"
"都市地域","A09-18_25_GML.zip","A09/A09-18/A09-18_25_GML.zip"
"都市地域","A09-18_26_GML.zip","A09/A09-18/A09-18_26_GML.zip"
"都市地域","A09-18_27_GML.zip","A09/A09-18/A09-18_27_GML.zip"
"都市地域","A09-18_28_GML.zip","A09/A09-18/A09-18_28_GML.zip"
"都市地域","A09-18_29_GML.zip","A09/A09-18/A09-18_29_GML.zip"
"都市地域","A09-18_30_GML.zip","A09/A09-18/A09-18_30_GML.zip"
"都市地域","A09-18_31_GML.zip","A09/A09-18/A09-18_31_GML.zip"
"都市地域","A09-18_32_GML.zip","A09/A09-18/A09-18_32_GML.zip"
"都市地域","A09-18_33_GML.zip","A09/A09-18/A09-18_33_GML.zip"
"都市地域","A09-18_34_GML.zip","A09/A09-18/A09-18_34_GML.zip"
"都市地域","A09-18_35_GML.zip","A09/A09-18/A09-18_35_GML.zip"
"都市地域","A09-18_36_GML.zip","A09/A09-18/A09-18_36_GML.zip"
"都市地域","A09-18_37_GML.zip","A09/A09-18/A09-18_37_GML.zip"
"都市地域","A09-18_38_GML.zip","A09/A09-18/A09-18_38_GML.zip"
"都市地域","A09-18_39_GML.zip","A09/A09-18/A09-18_39_GML.zip"
"都市地域","A09-18_40_GML.zip","A09/A09-18/A09-18_40_GML.zip"
"都市地域","A09-18_41_GML.zip","A09/A09-18/A09-18_41_GML.zip"
"都市地域","A09-18_42_GML.zip","A09/A09-18/A09-18_42_GML.zip"
"都市地域","A09-18_43_GML.zip","A09/A09-18/A09-18_43_GML.zip"
"都市地域","A09-18_44_GML.zip","A09/A09-18/A09-18_44_GML.zip"
"都市地域","A09-18_45_GML.zip","A09/A09-18/A09-18_45_GML.zip"
"都市地域","A09-18_46_GML.zip","A09/A09-18/A09-18_46_GML.zip"
"都市地域","A09-18_47_GML.zip","A09/A09-18/A09-18_47_GML.zip"
"用途地域","A29-19_01_GML.zip","A29/A29-19/A29-19_01_GML.zip"
"用途地域","A29-19_02_GML.zip","A29/A29-19/A29-19_02_GML.zip"
"用途地域","A29-19_03_GML.zip","A29/A29-19/A29-19_03_GML.zip"
"用途地域","A29-19_04_GML.zip","A29/A29-19/A29-19_04_GML.zip"
"用途地域","A29-19_05_GML.zip","A29/A29-19/A29-19_05_GML.zip"
"用途地域","A29-19_06_GML.zip","A29/A29-19/A29-19_06_GML.zip"
"用途地域","A29-19_07_GML.zip","A29/A29-19/A29-19_07_GML.zip"
"用途地域","A29-19_08_GML.zip","A29/A29-19/A29-19_08_GML.zip"
"用途地域","A29-19_09_GML.zip","A29/A29-19/A29-19_09_GML.zip"
"用途地域","A29-19_10_GML.zip","A29/A29-19/A29-19_10_GML.zip"
"用途地域","A29-19_11_GML.zip","A29/A29-19/A29-19_11_GML.zip"
"用途地域","A29-19_12_GML.zip","A29/A29-19/A29-19_12_GML.zip"
"用途地域","A29-19_13_GML.zip","A29/A29-19/A29-19_13_GML.zip"
"用途地域","A29-19_14_GML.zip","A29/A29-19/A29-19_14_GML.zip"
"用途地域","A29-19_15_GML.zip","A29/A29-19/A29-19_15_GML.zip"
"用途地域","A29-19_16_GML.zip","A29/A29-19/A29-19_16_GML.zip"
"用途地域","A29-19_17_GML.zip","A29/A29-19/A29-19_17_GML.zip"
"用途地域","A29-19_18_GML.zip","A29/A29-19/A29-19_18_GML.zip"
"用途地域","A29-19_19_GML.zip","A29/A29-19/A29-19_19_GML.zip"
"用途地域","A29-19_20_GML.zip","A29/A29-19/A29-19_20_GML.zip"
"用途地域","A29-19_21_GML.zip","A29/A29-19/A29-19_21_GML.zip"
"用途地域","A29-19_22_GML.zip","A29/A29-19/A29-19_22_GML.zip"
"用途地域","A29-19_23_GML.zip","A29/A29-19/A29-19_23_GML.zip"
"用途地域","A29-19_24_GML.zip","A29/A29-19/A29-19_24_GML.zip"
"用途地域","A29-19_25_GML.zip","A29/A29-19/A29-19_25_GML.zip"
"用途地域","A29-19_26_GML.zip","A29/A29-19/A29-19_26_GML.zip"
"用途地域","A29-19_27_GML.zip","A29/A29-19/A29-19_27_GML.zip"
"用途地域","A29-19_28_GML.zip","A29/A29-19/A29-19_28_GML.zip"
"用途地域","A29-19_29_GML.zip","A29/A29-19/A29-19_29_GML.zip"
"用途地域","A29-19_30_GML.zip","A29/A29-19/A29-19_30_GML.zip"
"用途地域","A29-19_31_GML.zip","A29/A29-19/A29-19_31_GML.zip"
"用途地域","A29-19_32_GML.zip","A29/A29-19/A29-19_32_GML.zip"
"用途地域","A29-19_33_GML.zip","A29/A29-19/A29-19_33_GML.zip"
"用途地域","A29-19_34_GML.zip","A29/A29-19/A29-19_34_GML.zip"
"用途地域","A29-19_35_GML.zip","A29/A29-19/A29-19_35_GML.zip"
"用途地域","A29-19_36_GML.zip","A29/A29-19/A29-19_36_GML.zip"
"用途地域","A29-19_37_GML.zip","A29/A29-19/A29-19_37_GML.zip"
"用途地域","A29-19_38_GML.zip","A29/A29-19/A29-19_38_GML.zip"
"用途地域","A29-19_39_GML.zip","A29/A29-19/A29-19_39_GML.zip"
"用途地域","A29-19_40_GML.zip","A29/A29-19/A29-19_40_GML.zip"
"用途地域","A29-19_41_GML.zip","A29/A29-19/A29-19_41_GML.zip"
"用途地域","A29-19_42_GML.zip","A29/A29-19/A29-19_42_GML.zip"
"用途地域","A29-19_43_GML.zip","A29/A29-19/A29-19_43_GML.zip"
"用途地域","A29-19_44_GML.zip","A29/A29-19/A29-19_44_GML.zip"
"用途地域","A29-19_45_GML.zip","A29/A29-19/A29-19_45_GML.zip"
"用途地域","A29-19_46_GML.zip","A29/A29-19/A29-19_46_GML.zip"
"用途地域","A29-19_47_GML.zip","A29/A29-19/A29-19_47_GML.zip"
"立地適正化計画区域","A50-20_01_GML.zip","A50/A50-20/A50-20_01_GML.zip"
"立地適正化計画区域","A50-20_02_GML.zip","A50/A50-20/A50-20_02_GML.zip"
"立地適正化計画区域","A50-20_03_GML.zip","A50/A50-20/A50-20_03_GML.zip"
"立地適正化計画区域","A50-20_04_GML.zip","A50/A50-20/A50-20_04_GML.zip"
"立地適正化計画区域","A50-20_05_GML.zip","A50/A50-20/A50-20_05_GML.zip"
"立地適正化計画区域","A50-20_06_GML.zip","A50/A50-20/A50-20_06_GML.zip"
"立地適正化計画区域","A50-20_07_GML.zip","A50/A50-20/A50-20_07_GML.zip"
"立地適正化計画区域","A50-20_08_GML.zip","A50/A50-20/A50-20_08_GML.zip"
"立地適正化計画区域","A50-20_09_GML.zip","A50/A50-20/A50-20_09_GML.zip"
"立地適正化計画区域","A50-20_10_GML.zip","A50/A50-20/A50-20_10_GML.zip"
"立地適正化計画区域","A50-20_11_GML.zip","A50/A50-20/A50-20_11_GML.zip"
"立地適正化計画区域","A50-20_12_GML.zip","A50/A50-20/A50-20_12_GML.zip"
"立地適正化計画区域","A50-20_13_GML.zip","A50/A50-20/A50-20_13_GML.zip"
"立地適正化計画区域","A50-20_14_GML.zip","A50/A50-20/A50-20_14_GML.zip"
"立地適正化計画区域","A50-20_15_GML.zip","A50/A50-20/A50-20_15_GML.zip"
"立地適正化計画区域","A50-20_16_GML.zip","A50/A50-20/A50-20_16_GML.zip"
"立地適正化計画区域","A50-20_17_GML.zip","A50/A50-20/A50-20_17_GML.zip"
"立地適正化計画区域","A50-20_18_GML.zip","A50/A50-20/A50-20_18_GML.zip"
"立地適正化計画区域","A50-20_19_GML.zip","A50/A50-20/A50-20_19_GML.zip"
"立地適正化計画区域","A50-20_20_GML.zip","A50/A50-20/A50-20_20_GML.zip"
"立地適正化計画区域","A50-20_21_GML.zip","A50/A50-20/A50-20_21_GML.zip"
"立地適正化計画区域","A50-20_22_GML.zip","A50/A50-20/A50-20_22_GML.zip"
"立地適正化計画区域","A50-20_23_GML.zip","A50/A50-20/A50-20_23_GML.zip"
"立地適正化計画区域","A50-20_24_GML.zip","A50/A50-20/A50-20_24_GML.zip"
"立地適正化計画区域","A50-20_25_GML.zip","A50/A50-20/A50-20_25_GML.zip"
"立地適正化計画区域","A50-20_26_GML.zip","A50/A50-20/A50-20_26_GML.zip"
"立地適正化計画区域","A50-20_27_GML.zip","A50/A50-20/A50-20_27_GML.zip"
"立地適正化計画区域","A50-20_28_GML.zip","A50/A50-20/A50-20_28_GML.zip"
"立地適正化計画区域","A50-20_29_GML.zip","A50/A50-20/A50-20_29_GML.zip"
"立地適正化計画区域","A50-20_30_GML.zip","A50/A50-20/A50-20_30_GML.zip"
"立地適正化計画区域","A50-20_32_GML.zip","A50/A50-20/A50-20_32_GML.zip"
"立地適正化計画区域","A50-20_33_GML.zip","A50/A50-20/A50-20_33_GML.zip"
"立地適正化計画区域","A50-20_34_GML.zip","A50/A50-20/A50-20_34_GML.zip"
"立地適正化計画区域","A50-20_35_GML.zip","A50/A50-20/A50-20_35_GML.zip"
"立地適正化計画区域","A50-20_36_GML.zip","A50/A50-20/A50-20_36_GML.zip"
"立地適正化計画区域","A50-20_37_GML.zip","A50/A50-20/A50-20_37_GML.zip"
"立地適正化計画区域","A50-20_38_GML.zip","A50/A50-20/A50-20_38_GML.zip"
"立地適正化計画区域","A50-20_39_GML.zip","A50/A50-20/A50-20_39_GML.zip"
"立地適正化計画区域","A50-20_40_GML.zip","A50/A50-20/A50-20_40_GML.zip"
"立地適正化計画区域","A50-20_41_GML.zip","A50/A50-20/A50-20_41_GML.zip"
"立地適正化計画区域","A50-20_42_GML.zip","A50/A50-20/A50-20_42_GML.zip"
"立地適正化計画区域","A50-20_43_GML.zip","A50/A50-20/A50-20_43_GML.zip"
"立地適正化計画区域","A50-20_44_GML.zip","A50/A50-20/A50-20_44_GML.zip"
"立地適正化計画区域","A50-20_45_GML.zip","A50/A50-20/A50-20_45_GML.zip"
"立地適正化計画区域","A50-20_46_GML.zip","A50/A50-20/A50-20_46_GML.zip"
"歴史的風土保存区域","A42-18_GML.zip","A42/A42-18/A42-18_GML.zip"
"都市公園","P13-11_01_GML.zip","P13/P13-11/P13-11_01_GML.zip"
"都市公園","P13-11_02_GML.zip","P13/P13-11/P13-11_02_GML.zip"
"都市公園","P13-11_03_GML.zip","P13/P13-11/P13-11_03_GML.zip"
"都市公園","P13-11_04_GML.zip","P13/P13-11/P13-11_04_GML.zip"
"都市公園","P13-11_05_GML.zip","P13/P13-11/P13-11_05_GML.zip"
"都市公園","P13-11_06_GML.zip","P13/P13-11/P13-11_06_GML.zip"
"都市公園","P13-11_07_GML.zip","P13/P13-11/P13-11_07_GML.zip"
"都市公園","P13-11_08_GML.zip","P13/P13-11/P13-11_08_GML.zip"
"都市公園","P13-11_09_GML.zip","P13/P13-11/P13-11_09_GML.zip"
"都市公園","P13-11_10_GML.zip","P13/P13-11/P13-11_10_GML.zip"
"都市公園","P13-11_11_GML.zip","P13/P13-11/P13-11_11_GML.zip"
"都市公園","P13-11_12_GML.zip","P13/P13-11/P13-11_12_GML.zip"
"都市公園","P13-11_13_GML.zip","P13/P13-11/P13-11_13_GML.zip"
"都市公園","P13-11_14_GML.zip","P13/P13-11/P13-11_14_GML.zip"
"都市公園","P13-11_15_GML.zip","P13/P13-11/P13-11_15_GML.zip"
"都市公園","P13-11_16_GML.zip","P13/P13-11/P13-11_16_GML.zip"
"都市公園","P13-11_17_GML.zip","P13/P13-11/P13-11_17_GML.zip"
"都市公園","P13-11_18_GML.zip","P13/P13-11/P13-11_18_GML.zip"
"都市公園","P13-11_19_GML.zip","P13/P13-11/P13-11_19_GML.zip"
"都市公園","P13-11_20_GML.zip","P13/P13-11/P13-11_20_GML.zip"
"都市公園","P13-11_21_GML.zip","P13/P13-11/P13-11_21_GML.zip"
"都市公園","P13-11_22_GML.zip","P13/P13-11/P13-11_22_GML.zip"
"都市公園","P13-11_23_GML.zip","P13/P13-11/P13-11_23_GML.zip"
"都市公園","P13-11_24_GML.zip","P13/P13-11/P13-11_24_GML.zip"
"都市公園","P13-11_25_GML.zip","P13/P13-11/P13-11_25_GML.zip"
"都市公園","P13-11_26_GML.zip","P13/P13-11/P13-11_26_GML.zip"
"都市公園","P13-11_27_GML.zip","P13/P13-11/P13-11_27_GML.zip"
"都市公園","P13-11_28_GML.zip","P13/P13-11/P13-11_28_GML.zip"
"都市公園","P13-11_29_GML.zip","P13/P13-11/P13-11_29_GML.zip"
"都市公園","P13-11_30_GML.zip","P13/P13-11/P13-11_30_GML.zip"
"都市公園","P13-11_31_GML.zip","P13/P13-11/P13-11_31_GML.zip"
"都市公園","P13-11_32_GML.zip","P13/P13-11/P13-11_32_GML.zip"
"都市公園","P13-11_33_GML.zip","P13/P13-11/P13-11_33_GML.zip"
"都市公園","P13-11_34_GML.zip","P13/P13-11/P13-11_34_GML.zip"
"都市公園","P13-11_35_GML.zip","P13/P13-11/P13-11_35_GML.zip"
"都市公園","P13-11_36_GML.zip","P13/P13-11/P13-11_36_GML.zip"
"都市公園","P13-11_37_GML.zip","P13/P13-11/P13-11_37_GML.zip"
"都市公園","P13-11_38_GML.zip","P13/P13-11/P13-11_38_GML.zip"
"都市公園","P13-11_39_GML.zip","P13/P13-11/P13-11_39_GML.zip"
"都市公園","P13-11_40_GML.zip","P13/P13-11/P13-11_40_GML.zip"
"都市公園","P13-11_41_GML.zip","P13/P13-11/P13-11_41_GML.zip"
"都市公園","P13-11_42_GML.zip","P13/P13-11/P13-11_42_GML.zip"
"都市公園","P13-11_43_GML.zip","P13/P13-11/P13-11_43_GML.zip"
"都市公園","P13-11_44_GML.zip","P13/P13-11/P13-11_44_GML.zip"
"都市公園","P13-11_45_GML.zip","P13/P13-11/P13-11_45_GML.zip"
"都市公園","P13-11_46_GML.zip","P13/P13-11/P13-11_46_GML.zip"
"都市公園","P13-11_47_GML.zip","P13/P13-11/P13-11_47_GML.zip"
"三大都市圏計画区域","A03-25_SYUTO_GML.zip","A03/A03-25/A03-25_SYUTO_GML.zip"
"三大都市圏計画区域","A03-25_CHUBU_GML.zip","A03/A03-25/A03-25_CHUBU_GML.zip"
"三大都市圏計画区域","A03-25_KINKI_GML.zip","A03/A03-25/A03-25_KINKI_GML.zip"
"過疎地域","A17-17_01_GML.zip","A17/A17-17/A17-17_01_GML.zip"
"過疎地域","A17-17_02_GML.zip","A17/A17-17/A17-17_02_GML.zip"
"過疎地域","A17-17_03_GML.zip","A17/A17-17/A17-17_03_GML.zip"
"過疎地域","A17-17_04_GML.zip","A17/A17-17/A17-17_04_GML.zip"
"過疎地域","A17-17_05_GML.zip","A17/A17-17/A17-17_05_GML.zip"
"過疎地域","A17-17_06_GML.zip","A17/A17-17/A17-17_06_GML.zip"
"過疎地域","A17-17_07_GML.zip","A17/A17-17/A17-17_07_GML.zip"
"過疎地域","A17-17_08_GML.zip","A17/A17-17/A17-17_08_GML.zip"
"過疎地域","A17-17_09_GML.zip","A17/A17-17/A17-17_09_GML.zip"
"過疎地域","A17-17_10_GML.zip","A17/A17-17/A17-17_10_GML.zip"
"過疎地域","A17-17_11_GML.zip","A17/A17-17/A17-17_11_GML.zip"
"過疎地域","A17-17_12_GML.zip","A17/A17-17/A17-17_12_GML.zip"
"過疎地域","A17-17_13_GML.zip","A17/A17-17/A17-17_13_GML.zip"
"過疎地域","A17-17_15_GML.zip","A17/A17-17/A17-17_15_GML.zip"
"過疎地域","A17-17_16_GML.zip","A17/A17-17/A17-17_16_GML.zip"
"過疎地域","A17-17_17_GML.zip","A17/A17-17/A17-17_17_GML.zip"
"過疎地域","A17-17_18_GML.zip","A17/A17-17/A17-17_18_GML.zip"
"過疎地域","A17-17_19_GML.zip","A17/A17-17/A17-17_19_GML.zip"
"過疎地域","A17-17_20_GML.zip","A17/A17-17/A17-17_20_GML.zip"
"過疎地域","A17-17_21_GML.zip","A17/A17-17/A17-17_21_GML.zip"
"過疎地域","A17-17_22_GML.zip","A17/A17-17/A17-17_22_GML.zip"
"過疎地域","A17-17_23_GML.zip","A17/A17-17/A17-17_23_GML.zip"
"過疎地域","A17-17_24_GML.zip","A17/A17-17/A17-17_24_GML.zip"
"過疎地域","A17-17_25_GML.zip","A17/A17-17/A17-17_25_GML.zip"
"過疎地域","A17-17_26_GML.zip","A17/A17-17/A17-17_26_GML.zip"
"過疎地域","A17-17_27_GML.zip","A17/A17-17/A17-17_27_GML.zip"
"過疎地域","A17-17_28_GML.zip","A17/A17-17/A17-17_28_GML.zip"
"過疎地域","A17-17_29_GML.zip","A17/A17-17/A17-17_29_GML.zip"
"過疎地域","A17-17_30_GML.zip","A17/A17-17/A17-17_30_GML.zip"
"過疎地域","A17-17_31_GML.zip","A17/A17-17/A17-17_31_GML.zip"
"過疎地域","A17-17_32_GML.zip","A17/A17-17/A17-17_32_GML.zip"
"過疎地域","A17-17_33_GML.zip","A17/A17-17/A17-17_33_GML.zip"
"過疎地域","A17-17_34_GML.zip","A17/A17-17/A17-17_34_GML.zip"
"過疎地域","A17-17_35_GML.zip","A17/A17-17/A17-17_35_GML.zip"
"過疎地域","A17-17_36_GML.zip","A17/A17-17/A17-17_36_GML.zip"
"過疎地域","A17-17_37_GML.zip","A17/A17-17/A17-17_37_GML.zip"
"過疎地域","A17-17_38_GML.zip","A17/A17-17/A17-17_38_GML.zip"
"過疎地域","A17-17_39_GML.zip","A17/A17-17/A17-17_39_GML.zip"
"過疎地域","A17-17_40_GML.zip","A17/A17-17/A17-17_40_GML.zip"
"過疎地域","A17-17_41_GML.zip","A17/A17-17/A17-17_41_GML.zip"
"過疎地域","A17-17_42_GML.zip","A17/A17-17/A17-17_42_GML.zip"
"過疎地域","A17-17_43_GML.zip","A17/A17-17/A17-17_43_GML.zip"
"過疎地域","A17-17_44_GML.zip","A17/A17-17/A17-17_44_GML.zip"
"過疎地域","A17-17_45_GML.zip","A17/A17-17/A17-17_45_GML.zip"
"過疎地域","A17-17_46_GML.zip","A17/A17-17/A17-17_46_GML.zip"
"過疎地域","A17-17_47_GML.zip","A17/A17-17/A17-17_47_GML.zip"
"振興山村","A24-16_01_GML.zip","A24/A24-16/A24-16_01_GML.zip"
"振興山村","A24-16_02_GML.zip","A24/A24-16/A24-16_02_GML.zip"
"振興山村","A24-16_03_GML.zip","A24/A24-16/A24-16_03_GML.zip"
"振興山村","A24-16_04_GML.zip","A24/A24-16/A24-16_04_GML.zip"
"振興山村","A24-16_05_GML.zip","A24/A24-16/A24-16_05_GML.zip"
"振興山村","A24-16_06_GML.zip","A24/A24-16/A24-16_06_GML.zip"
"振興山村","A24-16_07_GML.zip","A24/A24-16/A24-16_07_GML.zip"
"振興山村","A24-16_08_GML.zip","A24/A24-16/A24-16_08_GML.zip"
"振興山村","A24-16_09_GML.zip","A24/A24-16/A24-16_09_GML.zip"
"振興山村","A24-16_10_GML.zip","A24/A24-16/A24-16_10_GML.zip"
"振興山村","A24-16_11_GML.zip","A24/A24-16/A24-16_11_GML.zip"
"振興山村","A24-16_12_GML.zip","A24/A24-16/A24-16_12_GML.zip"
"振興山村","A24-16_13_GML.zip","A24/A24-16/A24-16_13_GML.zip"
"振興山村","A24-16_14_GML.zip","A24/A24-16/A24-16_14_GML.zip"
"振興山村","A24-16_15_GML.zip","A24/A24-16/A24-16_15_GML.zip"
"振興山村","A24-16_16_GML.zip","A24/A24-16/A24-16_16_GML.zip"
"振興山村","A24-16_17_GML.zip","A24/A24-16/A24-16_17_GML.zip"
"振興山村","A24-16_18_GML.zip","A24/A24-16/A24-16_18_GML.zip"
"振興山村","A24-16_19_GML.zip","A24/A24-16/A24-16_19_GML.zip"
"振興山村","A24-16_20_GML.zip","A24/A24-16/A24-16_20_GML.zip"
"振興山村","A24-16_21_GML.zip","A24/A24-16/A24-16_21_GML.zip"
"振興山村","A24-16_22_GML.zip","A24/A24-16/A24-16_22_GML.zip"
"振興山村","A24-16_23_GML.zip","A24/A24-16/A24-16_23_GML.zip"
"振興山村","A24-16_24_GML.zip","A24/A24-16/A24-16_24_GML.zip"
"振興山村","A24-16_25_GML.zip","A24/A24-16/A24-16_25_GML.zip"
"振興山村","A24-16_26_GML.zip","A24/A24-16/A24-16_26_GML.zip"
"振興山村","A24-16_28_GML.zip","A24/A24-16/A24-16_28_GML.zip"
"振興山村","A24-16_29_GML.zip","A24/A24-16/A24-16_29_GML.zip"
"振興山村","A24-16_30_GML.zip","A24/A24-16/A24-16_30_GML.zip"
"振興山村","A24-16_31_GML.zip","A24/A24-16/A24-16_31_GML.zip"
"振興山村","A24-16_32_GML.zip","A24/A24-16/A24-16_32_GML.zip"
"振興山村","A24-16_33_GML.zip","A24/A24-16/A24-16_33_GML.zip"
"振興山村","A24-16_34_GML.zip","A24/A24-16/A24-16_34_GML.zip"
"振興山村","A24-16_35_GML.zip","A24/A24-16/A24-16_35_GML.zip"
"振興山村","A24-16_36_GML.zip","A24/A24-16/A24-16_36_GML.zip"
"振興山村","A24-16_37_GML.zip","A24/A24-16/A24-16_37_GML.zip"
"振興山村","A24-16_38_GML.zip","A24/A24-16/A24-16_38_GML.zip"
"振興山村","A24-16_39_GML.zip","A24/A24-16/A24-16_39_GML.zip"
"振興山村","A24-16_40_GML.zip","A24/A24-16/A24-16_40_GML.zip"
"振興山村","A24-16_41_GML.zip","A24/A24-16/A24-16_41_GML.zip"
"振興山村","A24-16_43_GML.zip","A24/A24-16/A24-16_43_GML.zip"
"振興山村","A24-16_44_GML.zip","A24/A24-16/A24-16_44_GML.zip"
"振興山村","A24-16_45_GML.zip","A24/A24-16/A24-16_45_GML.zip"
"振興山村","A24-16_46_GML.zip","A24/A24-16/A24-16_46_GML.zip"
"特定農山村地域","A25-16_01_GML.zip","A25/A25-16/A25-16_01_GML.zip"
"特定農山村地域","A25-16_02_GML.zip","A25/A25-16/A25-16_02_GML.zip"
"特定農山村地域","A25-16_03_GML.zip","A25/A25-16/A25-16_03_GML.zip"
"特定農山村地域","A25-16_04_GML.zip","A25/A25-16/A25-16_04_GML.zip"
"特定農山村地域","A25-16_05_GML.zip","A25/A25-16/A25-16_05_GML.zip"
"特定農山村地域","A25-16_06_GML.zip","A25/A25-16/A25-16_06_GML.zip"
"特定農山村地域","A25-16_07_GML.zip","A25/A25-16/A25-16_07_GML.zip"
"特定農山村地域","A25-16_08_GML.zip","A25/A25-16/A25-16_08_GML.zip"
"特定農山村地域","A25-16_09_GML.zip","A25/A25-16/A25-16_09_GML.zip"
"特定農山村地域","A25-16_10_GML.zip","A25/A25-16/A25-16_10_GML.zip"
"特定農山村地域","A25-16_11_GML.zip","A25/A25-16/A25-16_11_GML.zip"
"特定農山村地域","A25-16_12_GML.zip","A25/A25-16/A25-16_12_GML.zip"
"特定農山村地域","A25-16_13_GML.zip","A25/A25-16/A25-16_13_GML.zip"
"特定農山村地域","A25-16_14_GML.zip","A25/A25-16/A25-16_14_GML.zip"
"特定農山村地域","A25-16_15_GML.zip","A25/A25-16/A25-16_15_GML.zip"
"特定農山村地域","A25-16_16_GML.zip","A25/A25-16/A25-16_16_GML.zip"
"特定農山村地域","A25-16_17_GML.zip","A25/A25-16/A25-16_17_GML.zip"
"特定農山村地域","A25-16_18_GML.zip","A25/A25-16/A25-16_18_GML.zip"
"特定農山村地域","A25-16_19_GML.zip","A25/A25-16/A25-16_19_GML.zip"
"特定農山村地域","A25-16_20_GML.zip","A25/A25-16/A25-16_20_GML.zip"
"特定農山村地域","A25-16_21_GML.zip","A25/A25-16/A25-16_21_GML.zip"
"特定農山村地域","A25-16_22_GML.zip","A25/A25-16/A25-16_22_GML.zip"
"特定農山村地域","A25-16_23_GML.zip","A25/A25-16/A25-16_23_GML.zip"
"特定農山村地域","A25-16_24_GML.zip","A25/A25-16/A25-16_24_GML.zip"
"特定農山村地域","A25-16_25_GML.zip","A25/A25-16/A25-16_25_GML.zip"
"特定農山村地域","A25-16_26_GML.zip","A25/A25-16/A25-16_26_GML.zip"
"特定農山村地域","A25-16_27_GML.zip","A25/A25-16/A25-16_27_GML.zip"
"特定農山村地域","A25-16_28_GML.zip","A25/A25-16/A25-16_28_GML.zip"
"特定農山村地域","A25-16_29_GML.zip","A25/A25-16/A25-16_29_GML.zip"
"特定農山村地域","A25-16_30_GML.zip","A25/A25-16/A25-16_30_GML.zip"
"特定農山村地域","A25-16_31_GML.zip","A25/A25-16/A25-16_31_GML.zip"
"特定農山村地域","A25-16_32_GML.zip","A25/A25-16/A25-16_32_GML.zip"
"特定農山村地域","A25-16_33_GML.zip","A25/A25-16/A25-16_33_GML.zip"
"特定農山村地域","A25-16_34_GML.zip","A25/A25-16/A25-16_34_GML.zip"
"特定農山村地域","A25-16_35_GML.zip","A25/A25-16/A25-16_35_GML.zip"
"特定農山村地域","A25-16_36_GML.zip","A25/A25-16/A25-16_36_GML.zip"
"特定農山村地域","A25-16_37_GML.zip","A25/A25-16/A25-16_37_GML.zip"
"特定農山村地域","A25-16_38_GML.zip","A25/A25-16/A25-16_38_GML.zip"
"特定農山村地域","A25-16_39_GML.zip","A25/A25-16/A25-16_39_GML.zip"
"特定農山村地域","A25-16_40_GML.zip","A25/A25-16/A25-16_40_GML.zip"
"特定農山村地域","A25-16_41_GML.zip","A25/A25-16/A25-16_41_GML.zip"
"特定農山村地域","A25-16_42_GML.zip","A25/A25-16/A25-16_42_GML.zip"
"特定農山村地域","A25-16_43_GML.zip","A25/A25-16/A25-16_43_GML.zip"
"特定農山村地域","A25-16_44_GML.zip","A25/A25-16/A25-16_44_GML.zip"
"特定農山村地域","A25-16_45_GML.zip","A25/A25-16/A25-16_45_GML.zip"
"特定農山村地域","A25-16_46_GML.zip","A25/A25-16/A25-16_46_GML.zip"
"特定農山村地域","A25-16_47_GML.zip","A25/A25-16/A25-16_47_GML.zip"
"離島振興対策実施地域","A19-17_01_GML.zip","A19/A19-17/A19-17_01_GML.zip"
"離島振興対策実施地域","A19-17_04_GML.zip","A19/A19-17/A19-17_04_GML.zip"
"離島振興対策実施地域","A19-17_06_GML.zip","A19/A19-17/A19-17_06_GML.zip"
"離島振興対策実施地域","A19-17_13_GML.zip","A19/A19-17/A19-17_13_GML.zip"
"離島振興対策実施地域","A19-17_15_GML.zip","A19/A19-17/A19-17_15_GML.zip"
"離島振興対策実施地域","A19-17_17_GML.zip","A19/A19-17/A19-17_17_GML.zip"
"離島振興対策実施地域","A19-17_22_GML.zip","A19/A19-17/A19-17_22_GML.zip"
"離島振興対策実施地域","A19-17_23_GML.zip","A19/A19-17/A19-17_23_GML.zip"
"離島振興対策実施地域","A19-17_24_GML.zip","A19/A19-17/A19-17_24_GML.zip"
"離島振興対策実施地域","A19-17_28_GML.zip","A19/A19-17/A19-17_28_GML.zip"
"離島振興対策実施地域","A19-001001_30_GML.zip","A19/A19-00/A19-001001_30_GML.zip"
"離島振興対策実施地域","A19-17_32_GML.zip","A19/A19-17/A19-17_32_GML.zip"
"離島振興対策実施地域","A19-17_33_GML.zip","A19/A19-17/A19-17_33_GML.zip"
"離島振興対策実施地域","A19-17_34_GML.zip","A19/A19-17/A19-17_34_GML.zip"
"離島振興対策実施地域","A19-17_35_GML.zip","A19/A19-17/A19-17_35_GML.zip"
"離島振興対策実施地域","A19-17_36_GML.zip","A19/A19-17/A19-17_36_GML.zip"
"離島振興対策実施地域","A19-17_37_GML.zip","A19/A19-17/A19-17_37_GML.zip"
"離島振興対策実施地域","A19-17_38_GML.zip","A19/A19-17/A19-17_38_GML.zip"
"離島振興対策実施地域","A19-17_39_GML.zip","A19/A19-17/A19-17_39_GML.zip"
"離島振興対策実施地域","A19-17_40_GML.zip","A19/A19-17/A19-17_40_GML.zip"
"離島振興対策実施地域","A19-17_41_GML.zip","A19/A19-17/A19-17_41_GML.zip"
"離島振興対策実施地域","A19-17_42_GML.zip","A19/A19-17/A19-17_42_GML.zip"
"離島振興対策実施地域","A19-17_43_GML.zip","A19/A19-17/A19-17_43_GML.zip"
"離島振興対策実施地域","A19-17_44_GML.zip","A19/A19-17/A19-17_44_GML.zip"
"離島振興対策実施地域","A19-17_45_GML.zip","A19/A19-17/A19-17_45_GML.zip"
"離島振興対策実施地域","A19-17_46_GML.zip","A19/A19-17/A19-17_46_GML.zip"
"離島振興対策実施地域統計情報","A19s-10_01_GML.zip","A19s/A19s-10/A19s-10_01_GML.zip"
"離島振興対策実施地域統計情報","A19s-a-10_01_GML.zip","A19s/A19s-10/A19s-a-10_01_GML.zip"
"離島振興対策実施地域統計情報","A19s-10_04_GML.zip","A19s/A19s-10/A19s-10_04_GML.zip"
"離島振興対策実施地域統計情報","A19s-a-10_04_GML.zip","A19s/A19s-10/A19s-a-10_04_GML.zip"
"離島振興対策実施地域統計情報","A19s-10_06_GML.zip","A19s/A19s-10/A19s-10_06_GML.zip"
"離島振興対策実施地域統計情報","A19s-a-10_06_GML.zip","A19s/A19s-10/A19s-a-10_06_GML.zip"
"離島振興対策実施地域統計情報","A19s-10_13_GML.zip","A19s/A19s-10/A19s-10_13_GML.zip"
"離島振興対策実施地域統計情報","A19s-a-10_13_GML.zip","A19s/A19s-10/A19s-a-10_13_GML.zip"
"離島振興対策実施地域統計情報","A19s-10_15_GML.zip","A19s/A19s-10/A19s-10_15_GML.zip"
"離島振興対策実施地域統計情報","A19s-a-10_15_GML.zip","A19s/A19s-10/A19s-a-10_15_GML.zip"
"離島振興対策実施地域統計情報","A19s-10_17_GML.zip","A19s/A19s-10/A19s-10_17_GML.zip"
"離島振興対策実施地域統計情報","A19s-a-10_17_GML.zip","A19s/A19s-10/A19s-a-10_17_GML.zip"
"離島振興対策実施地域統計情報","A19s-10_22_GML.zip","A19s/A19s-10/A19s-10_22_GML.zip"
"離島振興対策実施地域統計情報","A19s-a-10_22_GML.zip","A19s/A19s-10/A19s-a-10_22_GML.zip"
"離島振興対策実施地域統計情報","A19s-10_23_GML.zip","A19s/A19s-10/A19s-10_23_GML.zip"
"離島振興対策実施地域統計情報","A19s-a-10_23_GML.zip","A19s/A19s-10/A19s-a-10_23_GML.zip"
"離島振興対策実施地域統計情報","A19s-10_24_GML.zip","A19s/A19s-10/A19s-10_24_GML.zip"
"離島振興対策実施地域統計情報","A19s-a-10_24_GML.zip","A19s/A19s-10/A19s-a-10_24_GML.zip"
"離島振興対策実施地域統計情報","A19s-10_28_GML.zip","A19s/A19s-10/A19s-10_28_GML.zip"
"離島振興対策実施地域統計情報","A19s-a-10_28_GML.zip","A19s/A19s-10/A19s-a-10_28_GML.zip"
"離島振興対策実施地域統計情報","A19s-10_30_GML.zip","A19s/A19s-10/A19s-10_30_GML.zip"
"離島振興対策実施地域統計情報","A19s-a-10_30_GML.zip","A19s/A19s-10/A19s-a-10_30_GML.zip"
"離島振興対策実施地域統計情報","A19s-10_32_GML.zip","A19s/A19s-10/A19s-10_32_GML.zip"
"離島振興対策実施地域統計情報","A19s-a-10_32_GML.zip","A19s/A19s-10/A19s-a-10_32_GML.zip"
"離島振興対策実施地域統計情報","A19s-10_33_GML.zip","A19s/A19s-10/A19s-10_33_GML.zip"
"離島振興対策実施地域統計情報","A19s-a-10_33_GML.zip","A19s/A19s-10/A19s-a-10_33_GML.zip"
"離島振興対策実施地域統計情報","A19s-10_34_GML.zip","A19s/A19s-10/A19s-10_34_GML.zip"
"離島振興対策実施地域統計情報","A19s-a-10_34_GML.zip","A19s/A19s-10/A19s-a-10_34_GML.zip"
"離島振興対策実施地域統計情報","A19s-10_35_GML.zip","A19s/A19s-10/A19s-10_35_GML.zip"
"離島振興対策実施地域統計情報","A19s-a-10_35_GML.zip","A19s/A19s-10/A19s-a-10_35_GML.zip"
"離島振興対策実施地域統計情報","A19s-10_36_GML.zip","A19s/A19s-10/A19s-10_36_GML.zip"
"離島振興対策実施地域統計情報","A19s-a-10_36_GML.zip","A19s/A19s-10/A19s-a-10_36_GML.zip"
"離島振興対策実施地域統計情報","A19s-10_37_GML.zip","A19s/A19s-10/A19s-10_37_GML.zip"
"離島振興対策実施地域統計情報","A19s-a-10_37_GML.zip","A19s/A19s-10/A19s-a-10_37_GML.zip"
"離島振興対策実施地域統計情報","A19s-10_38_GML.zip","A19s/A19s-10/A19s-10_38_GML.zip"
"離島振興対策実施地域統計情報","A19s-a-10_38_GML.zip","A19s/A19s-10/A19s-a-10_38_GML.zip"
"離島振興対策実施地域統計情報","A19s-10_39_GML.zip","A19s/A19s-10/A19s-10_39_GML.zip"
"離島振興対策実施地域統計情報","A19s-a-10_39_GML.zip","A19s/A19s-10/A19s-a-10_39_GML.zip"
"離島振興対策実施地域統計情報","A19s-10_40_GML.zip","A19s/A19s-10/A19s-10_40_GML.zip"
"離島振興対策実施地域統計情報","A19s-a-10_40_GML.zip","A19s/A19s-10/A19s-a-10_40_GML.zip"
"離島振興対策実施地域統計情報","A19s-10_41_GML.zip","A19s/A19s-10/A19s-10_41_GML.zip"
"離島振興対策実施地域統計情報","A19s-a-10_41_GML.zip","A19s/A19s-10/A19s-a-10_41_GML.zip"
"離島振興対策実施地域統計情報","A19s-10_42_GML.zip","A19s/A19s-10/A19s-10_42_GML.zip"
"離島振興対策実施地域統計情報","A19s-a-10_42_GML.zip","A19s/A19s-10/A19s-a-10_42_GML.zip"
"離島振興対策実施地域統計情報","A19s-10_43_GML.zip","A19s/A19s-10/A19s-10_43_GML.zip"
"離島振興対策実施地域統計情報","A19s-a-10_43_GML.zip","A19s/A19s-10/A19s-a-10_43_GML.zip"
"離島振興対策実施地域統計情報","A19s-10_44_GML.zip","A19s/A19s-10/A19s-10_44_GML.zip"
"離島振興対策実施地域統計情報","A19s-a-10_44_GML.zip","A19s/A19s-10/A19s-a-10_44_GML.zip"
"離島振興対策実施地域統計情報","A19s-10_45_GML.zip","A19s/A19s-10/A19s-10_45_GML.zip"
"離島振興対策実施地域統計情報","A19s-a-10_45_GML.zip","A19s/A19s-10/A19s-a-10_45_GML.zip"
"離島振興対策実施地域統計情報","A19s-10_46_GML.zip","A19s/A19s-10/A19s-10_46_GML.zip"
"離島振興対策実施地域統計情報","A19s-a-10_46_GML.zip","A19s/A19s-10/A19s-a-10_46_GML.zip"
"小笠原諸島","A21-070402_13_GML.zip","A21/A21-07/A21-070402_13_GML.zip"
"小笠原諸島統計情報","A21s-10_13_GML.zip","A21s/A21s-10/A21s-10_13_GML.zip"
"奄美群島","A20-070402_46_GML.zip","A20/A20-07/A20-070402_46_GML.zip"
"奄美群島統計情報","A20s-10_46_GML.zip","A20s/A20s-10/A20s-10_46_GML.zip"
"半島振興対策実施地域","A18-16_01_GML.zip","A18/A18-16/A18-16_01_GML.zip"
"半島振興対策実施地域","A18-16_02_GML.zip","A18/A18-16/A18-16_02_GML.zip"
"半島振興対策実施地域","A18-16_05_GML.zip","A18/A18-16/A18-16_05_GML.zip"
"半島振興対策実施地域","A18-16_12_GML.zip","A18/A18-16/A18-16_12_GML.zip"
"半島振興対策実施地域","A18-16_16_GML.zip","A18/A18-16/A18-16_16_GML.zip"
"半島振興対策実施地域","A18-16_17_GML.zip","A18/A18-16/A18-16_17_GML.zip"
"半島振興対策実施地域","A18-16_22_GML.zip","A18/A18-16/A18-16_22_GML.zip"
"半島振興対策実施地域","A18-16_24_GML.zip","A18/A18-16/A18-16_24_GML.zip"
"半島振興対策実施地域","A18-16_26_GML.zip","A18/A18-16/A18-16_26_GML.zip"
"半島振興対策実施地域","A18-16_29_GML.zip","A18/A18-16/A18-16_29_GML.zip"
"半島振興対策実施地域","A18-16_30_GML.zip","A18/A18-16/A18-16_30_GML.zip"
"半島振興対策実施地域","A18-16_32_GML.zip","A18/A18-16/A18-16_32_GML.zip"
"半島振興対策実施地域","A18-16_34_GML.zip","A18/A18-16/A18-16_34_GML.zip"
"半島振興対策実施地域","A18-16_35_GML.zip","A18/A18-16/A18-16_35_GML.zip"
"半島振興対策実施地域","A18-16_38_GML.zip","A18/A18-16/A18-16_38_GML.zip"
"半島振興対策実施地域","A18-16_39_GML.zip","A18/A18-16/A18-16_39_GML.zip"
"半島振興対策実施地域","A18-16_41_GML.zip","A18/A18-16/A18-16_41_GML.zip"
"半島振興対策実施地域","A18-16_42_GML.zip","A18/A18-16/A18-16_42_GML.zip"
"半島振興対策実施地域","A18-16_43_GML.zip","A18/A18-16/A18-16_43_GML.zip"
"半島振興対策実施地域","A18-16_44_GML.zip","A18/A18-16/A18-16_44_GML.zip"
"半島振興対策実施地域","A18-16_45_GML.zip","A18/A18-16/A18-16_45_GML.zip"
"半島振興対策実施地域","A18-16_46_GML.zip","A18/A18-16/A18-16_46_GML.zip"
"半島振興対策実施地域統計情報","A18s-a-10_GML.zip","A18s-a/A18s-a-10/A18s-a-10_GML.zip"
"半島循環道路","A37-15_01_GML.zip","A37/A37-15/A37-15_01_GML.zip"
"半島循環道路","A37-15_02_GML.zip","A37/A37-15/A37-15_02_GML.zip"
"半島循環道路","A37-15_05_GML.zip","A37/A37-15/A37-15_05_GML.zip"
"半島循環道路","A37-15_12_GML.zip","A37/A37-15/A37-15_12_GML.zip"
"半島循環道路","A37-15_16_GML.zip","A37/A37-15/A37-15_16_GML.zip"
"半島循環道路","A37-15_17_GML.zip","A37/A37-15/A37-15_17_GML.zip"
"半島循環道路","A37-15_22_GML.zip","A37/A37-15/A37-15_22_GML.zip"
"半島循環道路","A37-15_24_GML.zip","A37/A37-15/A37-15_24_GML.zip"
"半島循環道路","A37-15_26_GML.zip","A37/A37-15/A37-15_26_GML.zip"
"半島循環道路","A37-15_29_GML.zip","A37/A37-15/A37-15_29_GML.zip"
"半島循環道路","A37-15_30_GML.zip","A37/A37-15/A37-15_30_GML.zip"
"半島循環道路","A37-15_32_GML.zip","A37/A37-15/A37-15_32_GML.zip"
"半島循環道路","A37-15_34_GML.zip","A37/A37-15/A37-15_34_GML.zip"
"半島循環道路","A37-15_35_GML.zip","A37/A37-15/A37-15_35_GML.zip"
"半島循環道路","A37-15_38_GML.zip","A37/A37-15/A37-15_38_GML.zip"
"半島循環道路","A37-15_39_GML.zip","A37/A37-15/A37-15_39_GML.zip"
"半島循環道路","A37-15_41_GML.zip","A37/A37-15/A37-15_41_GML.zip"
"半島循環道路","A37-15_42_GML.zip","A37/A37-15/A37-15_42_GML.zip"
"半島循環道路","A37-15_43_GML.zip","A37/A37-15/A37-15_43_GML.zip"
"半島循環道路","A37-15_44_GML.zip","A37/A37-15/A37-15_44_GML.zip"
"半島循環道路","A37-15_45_GML.zip","A37/A37-15/A37-15_45_GML.zip"
"半島循環道路","A37-15_46_GML.zip","A37/A37-15/A37-15_46_GML.zip"
"豪雪地帯","A22-16_01_GML.zip","A22/A22-16/A22-16_01_GML.zip"
"豪雪地帯","A22-16_02_GML.zip","A22/A22-16/A22-16_02_GML.zip"
"豪雪地帯","A22-16_03_GML.zip","A22/A22-16/A22-16_03_GML.zip"
"豪雪地帯","A22-16_04_GML.zip","A22/A22-16/A22-16_04_GML.zip"
"豪雪地帯","A22-16_05_GML.zip","A22/A22-16/A22-16_05_GML.zip"
"豪雪地帯","A22-16_06_GML.zip","A22/A22-16/A22-16_06_GML.zip"
"豪雪地帯","A22-16_07_GML.zip","A22/A22-16/A22-16_07_GML.zip"
"豪雪地帯","A22-16_09_GML.zip","A22/A22-16/A22-16_09_GML.zip"
"豪雪地帯","A22-16_10_GML.zip","A22/A22-16/A22-16_10_GML.zip"
"豪雪地帯","A22-16_15_GML.zip","A22/A22-16/A22-16_15_GML.zip"
"豪雪地帯","A22-16_16_GML.zip","A22/A22-16/A22-16_16_GML.zip"
"豪雪地帯","A22-16_17_GML.zip","A22/A22-16/A22-16_17_GML.zip"
"豪雪地帯","A22-16_18_GML.zip","A22/A22-16/A22-16_18_GML.zip"
"豪雪地帯","A22-16_19_GML.zip","A22/A22-16/A22-16_19_GML.zip"
"豪雪地帯","A22-16_20_GML.zip","A22/A22-16/A22-16_20_GML.zip"
"豪雪地帯","A22-16_21_GML.zip","A22/A22-16/A22-16_21_GML.zip"
"豪雪地帯","A22-16_22_GML.zip","A22/A22-16/A22-16_22_GML.zip"
"豪雪地帯","A22-16_25_GML.zip","A22/A22-16/A22-16_25_GML.zip"
"豪雪地帯","A22-16_26_GML.zip","A22/A22-16/A22-16_26_GML.zip"
"豪雪地帯","A22-16_28_GML.zip","A22/A22-16/A22-16_28_GML.zip"
"豪雪地帯","A22-16_31_GML.zip","A22/A22-16/A22-16_31_GML.zip"
"豪雪地帯","A22-16_32_GML.zip","A22/A22-16/A22-16_32_GML.zip"
"豪雪地帯","A22-16_33_GML.zip","A22/A22-16/A22-16_33_GML.zip"
"豪雪地帯","A22-16_34_GML.zip","A22/A22-16/A22-16_34_GML.zip"
"豪雪地帯（気象データ）","A22-m-14_01_GML.zip","A22-m/A22-m-14/A22-m-14_01_GML.zip"
"豪雪地帯（気象データ）","A22-m-14_02_GML.zip","A22-m/A22-m-14/A22-m-14_02_GML.zip"
"豪雪地帯（気象データ）","A22-m-14_03_GML.zip","A22-m/A22-m-14/A22-m-14_03_GML.zip"
"豪雪地帯（気象データ）","A22-m-14_04_GML.zip","A22-m/A22-m-14/A22-m-14_04_GML.zip"
"豪雪地帯（気象データ）","A22-m-14_05_GML.zip","A22-m/A22-m-14/A22-m-14_05_GML.zip"
"豪雪地帯（気象データ）","A22-m-14_06_GML.zip","A22-m/A22-m-14/A22-m-14_06_GML.zip"
"豪雪地帯（気象データ）","A22-m-14_07_GML.zip","A22-m/A22-m-14/A22-m-14_07_GML.zip"
"豪雪地帯（気象データ）","A22-m-14_09_GML.zip","A22-m/A22-m-14/A22-m-14_09_GML.zip"
"豪雪地帯（気象データ）","A22-m-14_10_GML.zip","A22-m/A22-m-14/A22-m-14_10_GML.zip"
"豪雪地帯（気象データ）","A22-m-14_15_GML.zip","A22-m/A22-m-14/A22-m-14_15_GML.zip"
"豪雪地帯（気象データ）","A22-m-14_16_GML.zip","A22-m/A22-m-14/A22-m-14_16_GML.zip"
"豪雪地帯（気象データ）","A22-m-14_17_GML.zip","A22-m/A22-m-14/A22-m-14_17_GML.zip"
"豪雪地帯（気象データ）","A22-m-14_18_GML.zip","A22-m/A22-m-14/A22-m-14_18_GML.zip"
"豪雪地帯（気象データ）","A22-m-14_19_GML.zip","A22-m/A22-m-14/A22-m-14_19_GML.zip"
"豪雪地帯（気象データ）","A22-m-14_20_GML.zip","A22-m/A22-m-14/A22-m-14_20_GML.zip"
"豪雪地帯（気象データ）","A22-m-14_21_GML.zip","A22-m/A22-m-14/A22-m-14_21_GML.zip"
"豪雪地帯（気象データ）","A22-m-14_22_GML.zip","A22-m/A22-m-14/A22-m-14_22_GML.zip"
"豪雪地帯（気象データ）","A22-m-14_25_GML.zip","A22-m/A22-m-14/A22-m-14_25_GML.zip"
"豪雪地帯（気象データ）","A22-m-14_26_GML.zip","A22-m/A22-m-14/A22-m-14_26_GML.zip"
"豪雪地帯（気象データ）","A22-m-14_28_GML.zip","A22-m/A22-m-14/A22-m-14_28_GML.zip"
"豪雪地帯（気象データ）","A22-m-14_31_GML.zip","A22-m/A22-m-14/A22-m-14_31_GML.zip"
"豪雪地帯（気象データ）","A22-m-14_32_GML.zip","A22-m/A22-m-14/A22-m-14_32_GML.zip"
"豪雪地帯（気象データ）","A22-m-14_33_GML.zip","A22-m/A22-m-14/A22-m-14_33_GML.zip"
"豪雪地帯（気象データ）","A22-m-14_34_GML.zip","A22-m/A22-m-14/A22-m-14_34_GML.zip"
"豪雪地帯統計情報","A22s-10_01_GML.zip","A22s/A22s-10/A22s-10_01_GML.zip"
"豪雪地帯統計情報","A22s-10_02_GML.zip","A22s/A22s-10/A22s-10_02_GML.zip"
"豪雪地帯統計情報","A22s-10_03_GML.zip","A22s/A22s-10/A22s-10_03_GML.zip"
"豪雪地帯統計情報","A22s-10_04_GML.zip","A22s/A22s-10/A22s-10_04_GML.zip"
"豪雪地帯統計情報","A22s-10_05_GML.zip","A22s/A22s-10/A22s-10_05_GML.zip"
"豪雪地帯統計情報","A22s-10_06_GML.zip","A22s/A22s-10/A22s-10_06_GML.zip"
"豪雪地帯統計情報","A22s-10_07_GML.zip","A22s/A22s-10/A22s-10_07_GML.zip"
"豪雪地帯統計情報","A22s-10_09_GML.zip","A22s/A22s-10/A22s-10_09_GML.zip"
"豪雪地帯統計情報","A22s-10_10_GML.zip","A22s/A22s-10/A22s-10_10_GML.zip"
"豪雪地帯統計情報","A22s-10_15_GML.zip","A22s/A22s-10/A22s-10_15_GML.zip"
"豪雪地帯統計情報","A22s-10_16_GML.zip","A22s/A22s-10/A22s-10_16_GML.zip"
"豪雪地帯統計情報","A22s-10_17_GML.zip","A22s/A22s-10/A22s-10_17_GML.zip"
"豪雪地帯統計情報","A22s-10_18_GML.zip","A22s/A22s-10/A22s-10_18_GML.zip"
"豪雪地帯統計情報","A22s-10_19_GML.zip","A22s/A22s-10/A22s-10_19_GML.zip"
"豪雪地帯統計情報","A22s-10_20_GML.zip","A22s/A22s-10/A22s-10_20_GML.zip"
"豪雪地帯統計情報","A22s-10_21_GML.zip","A22s/A22s-10/A22s-10_21_GML.zip"
"豪雪地帯統計情報","A22s-10_22_GML.zip","A22s/A22s-10/A22s-10_22_GML.zip"
"豪雪地帯統計情報","A22s-10_25_GML.zip","A22s/A22s-10/A22s-10_25_GML.zip"
"豪雪地帯統計情報","A22s-10_26_GML.zip","A22s/A22s-10/A22s-10_26_GML.zip"
"豪雪地帯統計情報","A22s-10_28_GML.zip","A22s/A22s-10/A22s-10_28_GML.zip"
"豪雪地帯統計情報","A22s-10_31_GML.zip","A22s/A22s-10/A22s-10_31_GML.zip"
"豪雪地帯統計情報","A22s-10_32_GML.zip","A22s/A22s-10/A22s-10_32_GML.zip"
"豪雪地帯統計情報","A22s-10_33_GML.zip","A22s/A22s-10/A22s-10_33_GML.zip"
"豪雪地帯統計情報","A22s-10_34_GML.zip","A22s/A22s-10/A22s-10_34_GML.zip"
"特殊土壌地帯","A23-16_22_GML.zip","A23/A23-16/A23-16_22_GML.zip"
"特殊土壌地帯","A23-16_28_GML.zip","A23/A23-16/A23-16_28_GML.zip"
"特殊土壌地帯","A23-16_31_GML.zip","A23/A23-16/A23-16_31_GML.zip"
"特殊土壌地帯","A23-16_32_GML.zip","A23/A23-16/A23-16_32_GML.zip"
"特殊土壌地帯","A23-16_33_GML.zip","A23/A23-16/A23-16_33_GML.zip"
"特殊土壌地帯","A23-16_34_GML.zip","A23/A23-16/A23-16_34_GML.zip"
"特殊土壌地帯","A23-16_35_GML.zip","A23/A23-16/A23-16_35_GML.zip"
"特殊土壌地帯","A23-16_38_GML.zip","A23/A23-16/A23-16_38_GML.zip"
"特殊土壌地帯","A23-16_39_GML.zip","A23/A23-16/A23-16_39_GML.zip"
"特殊土壌地帯","A23-16_40_GML.zip","A23/A23-16/A23-16_40_GML.zip"
"特殊土壌地帯","A23-16_43_GML.zip","A23/A23-16/A23-16_43_GML.zip"
"特殊土壌地帯","A23-16_44_GML.zip","A23/A23-16/A23-16_44_GML.zip"
"特殊土壌地帯","A23-16_45_GML.zip","A23/A23-16/A23-16_45_GML.zip"
"特殊土壌地帯","A23-16_46_GML.zip","A23/A23-16/A23-16_46_GML.zip"
"密集市街地","A39-15_GML.zip","A39/A39-15/A39-15_GML.zip"
"洪水浸水想定区域（1次メッシュ単位）","A31b-25_10_3927_GEOJSON.zip","A31b/A31b-25/A31b-25_10_3927_GEOJSON.zip"
"洪水浸水想定区域（1次メッシュ単位）","A31-22_10_3927_GEOJSON.zip","A31/A31-22/A31-22_10_3927_GEOJSON.zip"
"洪水浸水想定区域（1次メッシュ単位）","A31b-25_20_3927_GEOJSON.zip","A31b/A31b-25/A31b-25_20_3927_GEOJSON.zip"
"洪水浸水想定区域（1次メッシュ単位）","A31-22_20_3927_GEOJSON.zip","A31/A31-22/A31-22_20_3927_GEOJSON.zip"
"洪水浸水想定区域（1次メッシュ単位）","A31b-25_20_3928_GEOJSON.zip","A31b/A31b-25/A31b-25_20_3928_GEOJSON.zip"
"洪水浸水想定区域（1次メッシュ単位）","A31b-25_20_4028_GEOJSON.zip","A31b/A31b-25/A31b-25_20_4028_GEOJSON.zip"
"洪水浸水想定区域（1次メッシュ単位）","A31b-25_10_4630_GEOJSON.zip","A31b/A31b-25/A31b-25_10_4630_GEOJSON.zip"
"洪水浸水想定区域（1次メッシュ単位）","A31-22_10_4630_GEOJSON.zip","A31/A31-22/A31-22_10_4630_GEOJSON.zip"
"洪水浸水想定区域（1次メッシュ単位）","A31b-25_10_4730_GEOJSON.zip","A31b/A31b-25/A31b-25_10_4730_GEOJSON.zip"
"洪水浸水想定区域（1次メッシュ単位）","A31-22_10_4730_GEOJSON.zip","A31/A31-22/A31-22_10_4730_GEOJSON.zip"
"洪水浸水想定区域（1次メッシュ単位）","A31b-25_20_4730_GEOJSON.zip","A31b/A31b-25/A31b-25_20_4730_GEOJSON.zip"
"洪水浸水想定区域（1次メッシュ単位）","A31b-25_10_4731_GEOJSON.zip","A31b/A31b-25/A31b-25_10_4731_GEOJSON.zip"
"洪水浸水想定区域（1次メッシュ単位）","A31-22_10_4731_GEOJSON.zip","A31/A31-22/A31-22_10_4731_GEOJSON.zip"
"洪水浸水想定区域（1次メッシュ単位）","A31b-25_10_4828_GEOJSON.zip","A31b/A31b-25/A31b-25_10_4828_GEOJSON.zip"
"洪水浸水想定区域（1次メッシュ単位）","A31-22_10_4828_GEOJSON.zip","A31/A31-22/A31-22_10_4828_GEOJSON.zip"
"洪水浸水想定区域（1次メッシュ単位）","A31b-25_10_4829_GEOJSON.zip","A31b/A31b-25/A31b-25_10_4829_GEOJSON.zip"
"洪水浸水想定区域（1次メッシュ単位）","A31b-25_20_4829_GEOJSON.zip","A31b/A31b-25/A31b-25_20_4829_GEOJSON.zip"
"洪水浸水想定区域（1次メッシュ単位）","A31b-25_10_4830_GEOJSON.zip","A31b/A31b-25/A31b-25_10_4830_GEOJSON.zip"
"洪水浸水想定区域（1次メッシュ単位）","A31-22_10_4830_GEOJSON.zip","A31/A31-22/A31-22_10_4830_GEOJSON.zip"
"洪水浸水想定区域（1次メッシュ単位）","A31b-25_20_4830_GEOJSON.zip","A31b/A31b-25/A31b-25_20_4830_GEOJSON.zip"
"洪水浸水想定区域（1次メッシュ単位）","A31b-25_10_4831_GEOJSON.zip","A31b/A31b-25/A31b-25_10_4831_GEOJSON.zip"
"洪水浸水想定区域（1次メッシュ単位）","A31-22_10_4831_GEOJSON.zip","A31/A31-22/A31-22_10_4831_GEOJSON.zip"
"洪水浸水想定区域（1次メッシュ単位）","A31b-25_20_4831_GEOJSON.zip","A31b/A31b-25/A31b-25_20_4831_GEOJSON.zip"
"洪水浸水想定区域（1次メッシュ単位）","A31b-25_10_4928_GEOJSON.zip","A31b/A31b-25/A31b-25_10_4928_GEOJSON.zip"
"洪水浸水想定区域（1次メッシュ単位）","A31-22_10_4928_GEOJSON.zip","A31/A31-22/A31-22_10_4928_GEOJSON.zip"
"洪水浸水想定区域（1次メッシュ単位）","A31b-25_10_4929_GEOJSON.zip","A31b/A31b-25/A31b-25_10_4929_GEOJSON.zip"
"洪水浸水想定区域（1次メッシュ単位）","A31-22_10_4929_GEOJSON.zip","A31/A31-22/A31-22_10_4929_GEOJSON.zip"
"洪水浸水想定区域（1次メッシュ単位）","A31b-25_10_4930_GEOJSON.zip","A31b/A31b-25/A31b-25_10_4930_GEOJSON.zip"
"洪水浸水想定区域（1次メッシュ単位）","A31-22_10_4930_GEOJSON.zip","A31/A31-22/A31-22_10_4930_GEOJSON.zip"
"洪水浸水想定区域（1次メッシュ単位）","A31b-25_20_4930_GEOJSON.zip","A31b/A31b-25/A31b-25_20_4930_GEOJSON.zip"
"洪水浸水想定区域（1次メッシュ単位）","A31-22_20_4930_GEOJSON.zip","A31/A31-22/A31-22_20_4930_GEOJSON.zip"
"洪水浸水想定区域（1次メッシュ単位）","A31b-25_10_4931_GEOJSON.zip","A31b/A31b-25/A31b-25_10_4931_GEOJSON.zip"
"洪水浸水想定区域（1次メッシュ単位）","A31-22_10_4931_GEOJSON.zip","A31/A31-22/A31-22_10_4931_GEOJSON.zip"
"洪水浸水想定区域（1次メッシュ単位）","A31b-25_20_4931_GEOJSON.zip","A31b/A31b-25/A31b-25_20_4931_GEOJSON.zip"
"洪水浸水想定区域（1次メッシュ単位）","A31-22_20_4931_GEOJSON.zip","A31/A31-22/A31-22_20_4931_GEOJSON.zip"
"洪水浸水想定区域（1次メッシュ単位）","A31b-25_10_4932_GEOJSON.zip","A31b/A31b-25/A31b-25_10_4932_GEOJSON.zip"
"洪水浸水想定区域（1次メッシュ単位）","A31-22_10_4932_GEOJSON.zip","A31/A31-22/A31-22_10_4932_GEOJSON.zip"
"洪水浸水想定区域（1次メッシュ単位）","A31b-25_20_4932_GEOJSON.zip","A31b/A31b-25/A31b-25_20_4932_GEOJSON.zip"
"洪水浸水想定区域（1次メッシュ単位）","A31-22_20_4932_GEOJSON.zip","A31/A31-22/A31-22_20_4932_GEOJSON.zip"
"洪水浸水想定区域（1次メッシュ単位）","A31b-25_10_5029_GEOJSON.zip","A31b/A31b-25/A31b-25_10_5029_GEOJSON.zip"
"洪水浸水想定区域（1次メッシュ単位）","A31-22_10_5029_GEOJSON.zip","A31/A31-22/A31-22_10_5029_GEOJSON.zip"
"洪水浸水想定区域（1次メッシュ単位）","A31b-25_10_5030_GEOJSON.zip","A31b/A31b-25/A31b-25_10_5030_GEOJSON.zip"
"洪水浸水想定区域（1次メッシュ単位）","A31-22_10_5030_GEOJSON.zip","A31/A31-22/A31-22_10_5030_GEOJSON.zip"
"洪水浸水想定区域（1次メッシュ単位）","A31b-25_20_5030_GEOJSON.zip","A31b/A31b-25/A31b-25_20_5030_GEOJSON.zip"
"洪水浸水想定区域（1次メッシュ単位）","A31-22_20_5030_GEOJSON.zip","A31/A31-22/A31-22_20_5030_GEOJSON.zip"
"洪水浸水想定区域（1次メッシュ単位）","A31b-25_10_5031_GEOJSON.zip","A31b/A31b-25/A31b-25_10_5031_GEOJSON.zip"
"洪水浸水想定区域（1次メッシュ単位）","A31-22_10_5031_GEOJSON.zip","A31/A31-22/A31-22_10_5031_GEOJSON.zip"
"洪水浸水想定区域（1次メッシュ単位）","A31b-25_20_5031_GEOJSON.zip","A31b/A31b-25/A31b-25_20_5031_GEOJSON.zip"
"洪水浸水想定区域（1次メッシュ単位）","A31-22_20_5031_GEOJSON.zip","A31/A31-22/A31-22_20_5031_GEOJSON.zip"
"洪水浸水想定区域（1次メッシュ単位）","A31b-25_10_5032_GEOJSON.zip","A31b/A31b-25/A31b-25_10_5032_GEOJSON.zip"
"洪水浸水想定区域（1次メッシュ単位）","A31-22_10_5032_GEOJSON.zip","A31/A31-22/A31-22_10_5032_GEOJSON.zip"
"洪水浸水想定区域（1次メッシュ単位）","A31b-25_20_5032_GEOJSON.zip","A31b/A31b-25/A31b-25_20_5032_GEOJSON.zip"
"洪水浸水想定区域（1次メッシュ単位）","A31-22_20_5032_GEOJSON.zip","A31/A31-22/A31-22_20_5032_GEOJSON.zip"
"洪水浸水想定区域（1次メッシュ単位）","A31b-25_10_5033_GEOJSON.zip","A31b/A31b-25/A31b-25_10_5033_GEOJSON.zip"
"洪水浸水想定区域（1次メッシュ単位）","A31-22_10_5033_GEOJSON.zip","A31/A31-22/A31-22_10_5033_GEOJSON.zip"
"洪水浸水想定区域（1次メッシュ単位）","A31b-25_20_5033_GEOJSON.zip","A31b/A31b-25/A31b-25_20_5033_GEOJSON.zip"
"洪水浸水想定区域（1次メッシュ単位）","A31-22_20_5033_GEOJSON.zip","A31/A31-22/A31-22_20_5033_GEOJSON.zip"
"洪水浸水想定区域（1次メッシュ単位）","A31b-25_10_5034_GEOJSON.zip","A31b/A31b-25/A31b-25_10_5034_GEOJSON.zip"
"洪水浸水想定区域（1次メッシュ単位）","A31-22_10_5034_GEOJSON.zip","A31/A31-22/A31-22_10_5034_GEOJSON.zip"
"洪水浸水想定区域（1次メッシュ単位）","A31b-25_20_5034_GEOJSON.zip","A31b/A31b-25/A31b-25_20_5034_GEOJSON.zip"
"洪水浸水想定区域（1次メッシュ単位）","A31-22_20_5034_GEOJSON.zip","A31/A31-22/A31-22_20_5034_GEOJSON.zip"
"洪水浸水想定区域（1次メッシュ単位）","A31b-25_10_5035_GEOJSON.zip","A31b/A31b-25/A31b-25_10_5035_GEOJSON.zip"
"洪水浸水想定区域（1次メッシュ単位）","A31-22_10_5035_GEOJSON.zip","A31/A31-22/A31-22_10_5035_GEOJSON.zip"
"洪水浸水想定区域（1次メッシュ単位）","A31b-25_20_5035_GEOJSON.zip","A31b/A31b-25/A31b-25_20_5035_GEOJSON.zip"
"洪水浸水想定区域（1次メッシュ単位）","A31-22_20_5035_GEOJSON.zip","A31/A31-22/A31-22_20_5035_GEOJSON.zip"
"洪水浸水想定区域（1次メッシュ単位）","A31b-25_10_5036_GEOJSON.zip","A31b/A31b-25/A31b-25_10_5036_GEOJSON.zip"
"洪水浸水想定区域（1次メッシュ単位）","A31-22_10_5036_GEOJSON.zip","A31/A31-22/A31-22_10_5036_GEOJSON.zip"
"洪水浸水想定区域（1次メッシュ単位）","A31b-25_20_5036_GEOJSON.zip","A31b/A31b-25/A31b-25_20_5036_GEOJSON.zip"
"洪水浸水想定区域（1次メッシュ単位）","A31-22_20_5036_GEOJSON.zip","A31/A31-22/A31-22_20_5036_GEOJSON.zip"
"洪水浸水想定区域（1次メッシュ単位）","A31b-25_10_5129_GEOJSON.zip","A31b/A31b-25/A31b-25_10_5129_GEOJSON.zip"
"洪水浸水想定区域（1次メッシュ単位）","A31-22_10_5129_GEOJSON.zip","A31/A31-22/A31-22_10_5129_GEOJSON.zip"
"洪水浸水想定区域（1次メッシュ単位）","A31b-25_10_5130_GEOJSON.zip","A31b/A31b-25/A31b-25_10_5130_GEOJSON.zip"
"洪水浸水想定区域（1次メッシュ単位）","A31-22_10_5130_GEOJSON.zip","A31/A31-22/A31-22_10_5130_GEOJSON.zip"
"洪水浸水想定区域（1次メッシュ単位）","A31b-25_10_5131_GEOJSON.zip","A31b/A31b-25/A31b-25_10_5131_GEOJSON.zip"
"洪水浸水想定区域（1次メッシュ単位）","A31-22_10_5131_GEOJSON.zip","A31/A31-22/A31-22_10_5131_GEOJSON.zip"
"洪水浸水想定区域（1次メッシュ単位）","A31b-25_10_5132_GEOJSON.zip","A31b/A31b-25/A31b-25_10_5132_GEOJSON.zip"
"洪水浸水想定区域（1次メッシュ単位）","A31-22_10_5132_GEOJSON.zip","A31/A31-22/A31-22_10_5132_GEOJSON.zip"
"洪水浸水想定区域（1次メッシュ単位）","A31b-25_10_5133_GEOJSON.zip","A31b/A31b-25/A31b-25_10_5133_GEOJSON.zip"
"洪水浸水想定区域（1次メッシュ単位）","A31-22_10_5133_GEOJSON.zip","A31/A31-22/A31-22_10_5133_GEOJSON.zip"
"洪水浸水想定区域（1次メッシュ単位）","A31b-25_20_5133_GEOJSON.zip","A31b/A31b-25/A31b-25_20_5133_GEOJSON.zip"
"洪水浸水想定区域（1次メッシュ単位）","A31b-25_10_5134_GEOJSON.zip","A31b/A31b-25/A31b-25_10_5134_GEOJSON.zip"
"洪水浸水想定区域（1次メッシュ単位）","A31-22_10_5134_GEOJSON.zip","A31/A31-22/A31-22_10_5134_GEOJSON.zip"
"洪水浸水想定区域（1次メッシュ単位）","A31b-25_20_5134_GEOJSON.zip","A31b/A31b-25/A31b-25_20_5134_GEOJSON.zip"
"洪水浸水想定区域（1次メッシュ単位）","A31-22_20_5134_GEOJSON.zip","A31/A31-22/A31-22_20_5134_GEOJSON.zip"
"洪水浸水想定区域（1次メッシュ単位）","A31b-25_10_5135_GEOJSON.zip","A31b/A31b-25/A31b-25_10_5135_GEOJSON.zip"
"洪水浸水想定区域（1次メッシュ単位）","A31-22_10_5135_GEOJSON.zip","A31/A31-22/A31-22_10_5135_GEOJSON.zip"
"洪水浸水想定区域（1次メッシュ単位）","A31b-25_20_5135_GEOJSON.zip","A31b/A31b-25/A31b-25_20_5135_GEOJSON.zip"
"洪水浸水想定区域（1次メッシュ単位）","A31-22_20_5135_GEOJSON.zip","A31/A31-22/A31-22_20_5135_GEOJSON.zip"
"洪水浸水想定区域（1次メッシュ単位）","A31b-25_10_5136_GEOJSON.zip","A31b/A31b-25/A31b-25_10_5136_GEOJSON.zip"
"洪水浸水想定区域（1次メッシュ単位）","A31-22_10_5136_GEOJSON.zip","A31/A31-22/A31-22_10_5136_GEOJSON.zip"
"洪水浸水想定区域（1次メッシュ単位）","A31b-25_20_5136_GEOJSON.zip","A31b/A31b-25/A31b-25_20_5136_GEOJSON.zip"
"洪水浸水想定区域（1次メッシュ単位）","A31-22_20_5136_GEOJSON.zip","A31/A31-22/A31-22_20_5136_GEOJSON.zip"
"洪水浸水想定区域（1次メッシュ単位）","A31b-25_10_5137_GEOJSON.zip","A31b/A31b-25/A31b-25_10_5137_GEOJSON.zip"
"洪水浸水想定区域（1次メッシュ単位）","A31-22_10_5137_GEOJSON.zip","A31/A31-22/A31-22_10_5137_GEOJSON.zip"
"洪水浸水想定区域（1次メッシュ単位）","A31b-25_10_5138_GEOJSON.zip","A31b/A31b-25/A31b-25_10_5138_GEOJSON.zip"
"洪水浸水想定区域（1次メッシュ単位）","A31-22_10_5138_GEOJSON.zip","A31/A31-22/A31-22_10_5138_GEOJSON.zip"
"洪水浸水想定区域（1次メッシュ単位）","A31b-25_20_5138_GEOJSON.zip","A31b/A31b-25/A31b-25_20_5138_GEOJSON.zip"
"洪水浸水想定区域（1次メッシュ単位）","A31b-25_10_5229_GEOJSON.zip","A31b/A31b-25/A31b-25_10_5229_GEOJSON.zip"
"洪水浸水想定区域（1次メッシュ単位）","A31b-25_10_5231_GEOJSON.zip","A31b/A31b-25/A31b-25_10_5231_GEOJSON.zip"
"洪水浸水想定区域（1次メッシュ単位）","A31-22_10_5231_GEOJSON.zip","A31/A31-22/A31-22_10_5231_GEOJSON.zip"
"洪水浸水想定区域（1次メッシュ単位）","A31b-25_10_5232_GEOJSON.zip","A31b/A31b-25/A31b-25_10_5232_GEOJSON.zip"
"洪水浸水想定区域（1次メッシュ単位）","A31-22_10_5232_GEOJSON.zip","A31/A31-22/A31-22_10_5232_GEOJSON.zip"
"洪水浸水想定区域（1次メッシュ単位）","A31b-25_10_5233_GEOJSON.zip","A31b/A31b-25/A31b-25_10_5233_GEOJSON.zip"
"洪水浸水想定区域（1次メッシュ単位）","A31-22_10_5233_GEOJSON.zip","A31/A31-22/A31-22_10_5233_GEOJSON.zip"
"洪水浸水想定区域（1次メッシュ単位）","A31-22_20_5233_GEOJSON.zip","A31/A31-22/A31-22_20_5233_GEOJSON.zip"
"洪水浸水想定区域（1次メッシュ単位）","A31b-25_10_5234_GEOJSON.zip","A31b/A31b-25/A31b-25_10_5234_GEOJSON.zip"
"洪水浸水想定区域（1次メッシュ単位）","A31-22_10_5234_GEOJSON.zip","A31/A31-22/A31-22_10_5234_GEOJSON.zip"
"洪水浸水想定区域（1次メッシュ単位）","A31b-25_20_5234_GEOJSON.zip","A31b/A31b-25/A31b-25_20_5234_GEOJSON.zip"
"洪水浸水想定区域（1次メッシュ単位）","A31-22_20_5234_GEOJSON.zip","A31/A31-22/A31-22_20_5234_GEOJSON.zip"
"洪水浸水想定区域（1次メッシュ単位）","A31b-25_10_5235_GEOJSON.zip","A31b/A31b-25/A31b-25_10_5235_GEOJSON.zip"
"洪水浸水想定区域（1次メッシュ単位）","A31-22_10_5235_GEOJSON.zip","A31/A31-22/A31-22_10_5235_GEOJSON.zip"
"洪水浸水想定区域（1次メッシュ単位）","A31b-25_20_5235_GEOJSON.zip","A31b/A31b-25/A31b-25_20_5235_GEOJSON.zip"
"洪水浸水想定区域（1次メッシュ単位）","A31-22_20_5235_GEOJSON.zip","A31/A31-22/A31-22_20_5235_GEOJSON.zip"
"洪水浸水想定区域（1次メッシュ単位）","A31b-25_10_5236_GEOJSON.zip","A31b/A31b-25/A31b-25_10_5236_GEOJSON.zip"
"洪水浸水想定区域（1次メッシュ単位）","A31-22_10_5236_GEOJSON.zip","A31/A31-22/A31-22_10_5236_GEOJSON.zip"
"洪水浸水想定区域（1次メッシュ単位）","A31b-25_20_5236_GEOJSON.zip","A31b/A31b-25/A31b-25_20_5236_GEOJSON.zip"
"洪水浸水想定区域（1次メッシュ単位）","A31-22_20_5236_GEOJSON.zip","A31/A31-22/A31-22_20_5236_GEOJSON.zip"
"洪水浸水想定区域（1次メッシュ単位）","A31b-25_10_5237_GEOJSON.zip","A31b/A31b-25/A31b-25_10_5237_GEOJSON.zip"
"洪水浸水想定区域（1次メッシュ単位）","A31-22_10_5237_GEOJSON.zip","A31/A31-22/A31-22_10_5237_GEOJSON.zip"
"洪水浸水想定区域（1次メッシュ単位）","A31b-25_20_5237_GEOJSON.zip","A31b/A31b-25/A31b-25_20_5237_GEOJSON.zip"
"洪水浸水想定区域（1次メッシュ単位）","A31-22_20_5237_GEOJSON.zip","A31/A31-22/A31-22_20_5237_GEOJSON.zip"
"洪水浸水想定区域（1次メッシュ単位）","A31b-25_10_5238_GEOJSON.zip","A31b/A31b-25/A31b-25_10_5238_GEOJSON.zip"
"洪水浸水想定区域（1次メッシュ単位）","A31-22_10_5238_GEOJSON.zip","A31/A31-22/A31-22_10_5238_GEOJSON.zip"
"洪水浸水想定区域（1次メッシュ単位）","A31b-25_20_5238_GEOJSON.zip","A31b/A31b-25/A31b-25_20_5238_GEOJSON.zip"
"洪水浸水想定区域（1次メッシュ単位）","A31b-25_10_5239_GEOJSON.zip","A31b/A31b-25/A31b-25_10_5239_GEOJSON.zip"
"洪水浸水想定区域（1次メッシュ単位）","A31-22_10_5239_GEOJSON.zip","A31/A31-22/A31-22_10_5239_GEOJSON.zip"
"洪水浸水想定区域（1次メッシュ単位）","A31b-25_20_5239_GEOJSON.zip","A31b/A31b-25/A31b-25_20_5239_GEOJSON.zip"
"洪水浸水想定区域（1次メッシュ単位）","A31-22_20_5239_GEOJSON.zip","A31/A31-22/A31-22_20_5239_GEOJSON.zip"
"洪水浸水想定区域（1次メッシュ単位）","A31b-25_10_5240_GEOJSON.zip","A31b/A31b-25/A31b-25_10_5240_GEOJSON.zip"
"洪水浸水想定区域（1次メッシュ単位）","A31-22_10_5240_GEOJSON.zip","A31/A31-22/A31-22_10_5240_GEOJSON.zip"
"洪水浸水想定区域（1次メッシュ単位）","A31b-25_20_5240_GEOJSON.zip","A31b/A31b-25/A31b-25_20_5240_GEOJSON.zip"
"洪水浸水想定区域（1次メッシュ単位）","A31-22_20_5240_GEOJSON.zip","A31/A31-22/A31-22_20_5240_GEOJSON.zip"
"洪水浸水想定区域（1次メッシュ単位）","A31b-25_10_5332_GEOJSON.zip","A31b/A31b-25/A31b-25_10_5332_GEOJSON.zip"
"洪水浸水想定区域（1次メッシュ単位）","A31-22_10_5332_GEOJSON.zip","A31/A31-22/A31-22_10_5332_GEOJSON.zip"
"洪水浸水想定区域（1次メッシュ単位）","A31b-25_10_5333_GEOJSON.zip","A31b/A31b-25/A31b-25_10_5333_GEOJSON.zip"
"洪水浸水想定区域（1次メッシュ単位）","A31-22_10_5333_GEOJSON.zip","A31/A31-22/A31-22_10_5333_GEOJSON.zip"
"洪水浸水想定区域（1次メッシュ単位）","A31b-25_10_5334_GEOJSON.zip","A31b/A31b-25/A31b-25_10_5334_GEOJSON.zip"
"洪水浸水想定区域（1次メッシュ単位）","A31-22_10_5334_GEOJSON.zip","A31/A31-22/A31-22_10_5334_GEOJSON.zip"
"洪水浸水想定区域（1次メッシュ単位）","A31b-25_20_5334_GEOJSON.zip","A31b/A31b-25/A31b-25_20_5334_GEOJSON.zip"
"洪水浸水想定区域（1次メッシュ単位）","A31b-25_10_5335_GEOJSON.zip","A31b/A31b-25/A31b-25_10_5335_GEOJSON.zip"
"洪水浸水想定区域（1次メッシュ単位）","A31-22_10_5335_GEOJSON.zip","A31/A31-22/A31-22_10_5335_GEOJSON.zip"
"洪水浸水想定区域（1次メッシュ単位）","A31b-25_20_5335_GEOJSON.zip","A31b/A31b-25/A31b-25_20_5335_GEOJSON.zip"
"洪水浸水想定区域（1次メッシュ単位）","A31b-25_10_5336_GEOJSON.zip","A31b/A31b-25/A31b-25_10_5336_GEOJSON.zip"
"洪水浸水想定区域（1次メッシュ単位）","A31-22_10_5336_GEOJSON.zip","A31/A31-22/A31-22_10_5336_GEOJSON.zip"
"洪水浸水想定区域（1次メッシュ単位）","A31b-25_20_5336_GEOJSON.zip","A31b/A31b-25/A31b-25_20_5336_GEOJSON.zip"
"洪水浸水想定区域（1次メッシュ単位）","A31-22_20_5336_GEOJSON.zip","A31/A31-22/A31-22_20_5336_GEOJSON.zip"
"洪水浸水想定区域（1次メッシュ単位）","A31b-25_10_5337_GEOJSON.zip","A31b/A31b-25/A31b-25_10_5337_GEOJSON.zip"
"洪水浸水想定区域（1次メッシュ単位）","A31-22_10_5337_GEOJSON.zip","A31/A31-22/A31-22_10_5337_GEOJSON.zip"
"洪水浸水想定区域（1次メッシュ単位）","A31b-25_20_5337_GEOJSON.zip","A31b/A31b-25/A31b-25_20_5337_GEOJSON.zip"
"洪水浸水想定区域（1次メッシュ単位）","A31-22_20_5337_GEOJSON.zip","A31/A31-22/A31-22_20_5337_GEOJSON.zip"
"洪水浸水想定区域（1次メッシュ単位）","A31b-25_10_5338_GEOJSON.zip","A31b/A31b-25/A31b-25_10_5338_GEOJSON.zip"
"洪水浸水想定区域（1次メッシュ単位）","A31-22_10_5338_GEOJSON.zip","A31/A31-22/A31-22_10_5338_GEOJSON.zip"
"洪水浸水想定区域（1次メッシュ単位）","A31b-25_20_5338_GEOJSON.zip","A31b/A31b-25/A31b-25_20_5338_GEOJSON.zip"
"洪水浸水想定区域（1次メッシュ単位）","A31-22_20_5338_GEOJSON.zip","A31/A31-22/A31-22_20_5338_GEOJSON.zip"
"洪水浸水想定区域（1次メッシュ単位）","A31b-25_10_5339_GEOJSON.zip","A31b/A31b-25/A31b-25_10_5339_GEOJSON.zip"
"洪水浸水想定区域（1次メッシュ単位）","A31-22_10_5339_GEOJSON.zip","A31/A31-22/A31-22_10_5339_GEOJSON.zip"
"洪水浸水想定区域（1次メッシュ単位）","A31b-25_20_5339_GEOJSON.zip","A31b/A31b-25/A31b-25_20_5339_GEOJSON.zip"
"洪水浸水想定区域（1次メッシュ単位）","A31-22_20_5339_GEOJSON.zip","A31/A31-22/A31-22_20_5339_GEOJSON.zip"
"洪水浸水想定区域（1次メッシュ単位）","A31b-25_10_5340_GEOJSON.zip","A31b/A31b-25/A31b-25_10_5340_GEOJSON.zip"
"洪水浸水想定区域（1次メッシュ単位）","A31-22_10_5340_GEOJSON.zip","A31/A31-22/A31-22_10_5340_GEOJSON.zip"
"洪水浸水想定区域（1次メッシュ単位）","A31b-25_20_5340_GEOJSON.zip","A31b/A31b-25/A31b-25_20_5340_GEOJSON.zip"
"洪水浸水想定区域（1次メッシュ単位）","A31-22_20_5340_GEOJSON.zip","A31/A31-22/A31-22_20_5340_GEOJSON.zip"
"洪水浸水想定区域（1次メッシュ単位）","A31b-25_10_5433_GEOJSON.zip","A31b/A31b-25/A31b-25_10_5433_GEOJSON.zip"
"洪水浸水想定区域（1次メッシュ単位）","A31-22_10_5433_GEOJSON.zip","A31/A31-22/A31-22_10_5433_GEOJSON.zip"
"洪水浸水想定区域（1次メッシュ単位）","A31b-25_10_5436_GEOJSON.zip","A31b/A31b-25/A31b-25_10_5436_GEOJSON.zip"
"洪水浸水想定区域（1次メッシュ単位）","A31-22_10_5436_GEOJSON.zip","A31/A31-22/A31-22_10_5436_GEOJSON.zip"
"洪水浸水想定区域（1次メッシュ単位）","A31b-25_20_5436_GEOJSON.zip","A31b/A31b-25/A31b-25_20_5436_GEOJSON.zip"
"洪水浸水想定区域（1次メッシュ単位）","A31-22_20_5436_GEOJSON.zip","A31/A31-22/A31-22_20_5436_GEOJSON.zip"
"洪水浸水想定区域（1次メッシュ単位）","A31b-25_10_5437_GEOJSON.zip","A31b/A31b-25/A31b-25_10_5437_GEOJSON.zip"
"洪水浸水想定区域（1次メッシュ単位）","A31-22_10_5437_GEOJSON.zip","A31/A31-22/A31-22_10_5437_GEOJSON.zip"
"洪水浸水想定区域（1次メッシュ単位）","A31b-25_20_5437_GEOJSON.zip","A31b/A31b-25/A31b-25_20_5437_GEOJSON.zip"
"洪水浸水想定区域（1次メッシュ単位）","A31-22_20_5437_GEOJSON.zip","A31/A31-22/A31-22_20_5437_GEOJSON.zip"
"洪水浸水想定区域（1次メッシュ単位）","A31b-25_10_5438_GEOJSON.zip","A31b/A31b-25/A31b-25_10_5438_GEOJSON.zip"
"洪水浸水想定区域（1次メッシュ単位）","A31-22_10_5438_GEOJSON.zip","A31/A31-22/A31-22_10_5438_GEOJSON.zip"
"洪水浸水想定区域（1次メッシュ単位）","A31b-25_20_5438_GEOJSON.zip","A31b/A31b-25/A31b-25_20_5438_GEOJSON.zip"
"洪水浸水想定区域（1次メッシュ単位）","A31-22_20_5438_GEOJSON.zip","A31/A31-22/A31-22_20_5438_GEOJSON.zip"
"洪水浸水想定区域（1次メッシュ単位）","A31b-25_10_5439_GEOJSON.zip","A31b/A31b-25/A31b-25_10_5439_GEOJSON.zip"
"洪水浸水想定区域（1次メッシュ単位）","A31-22_10_5439_GEOJSON.zip","A31/A31-22/A31-22_10_5439_GEOJSON.zip"
"洪水浸水想定区域（1次メッシュ単位）","A31b-25_20_5439_GEOJSON.zip","A31b/A31b-25/A31b-25_20_5439_GEOJSON.zip"
"洪水浸水想定区域（1次メッシュ単位）","A31-22_20_5439_GEOJSON.zip","A31/A31-22/A31-22_20_5439_GEOJSON.zip"
"洪水浸水想定区域（1次メッシュ単位）","A31b-25_10_5440_GEOJSON.zip","A31b/A31b-25/A31b-25_10_5440_GEOJSON.zip"
"洪水浸水想定区域（1次メッシュ単位）","A31-22_10_5440_GEOJSON.zip","A31/A31-22/A31-22_10_5440_GEOJSON.zip"
"洪水浸水想定区域（1次メッシュ単位）","A31b-25_20_5440_GEOJSON.zip","A31b/A31b-25/A31b-25_20_5440_GEOJSON.zip"
"洪水浸水想定区域（1次メッシュ単位）","A31-22_20_5440_GEOJSON.zip","A31/A31-22/A31-22_20_5440_GEOJSON.zip"
"洪水浸水想定区域（1次メッシュ単位）","A31b-25_10_5536_GEOJSON.zip","A31b/A31b-25/A31b-25_10_5536_GEOJSON.zip"
"洪水浸水想定区域（1次メッシュ単位）","A31-22_10_5536_GEOJSON.zip","A31/A31-22/A31-22_10_5536_GEOJSON.zip"
"洪水浸水想定区域（1次メッシュ単位）","A31b-25_20_5536_GEOJSON.zip","A31b/A31b-25/A31b-25_20_5536_GEOJSON.zip"
"洪水浸水想定区域（1次メッシュ単位）","A31-22_20_5536_GEOJSON.zip","A31/A31-22/A31-22_20_5536_GEOJSON.zip"
"洪水浸水想定区域（1次メッシュ単位）","A31b-25_10_5537_GEOJSON.zip","A31b/A31b-25/A31b-25_10_5537_GEOJSON.zip"
"洪水浸水想定区域（1次メッシュ単位）","A31-22_10_5537_GEOJSON.zip","A31/A31-22/A31-22_10_5537_GEOJSON.zip"
"洪水浸水想定区域（1次メッシュ単位）","A31b-25_20_5537_GEOJSON.zip","A31b/A31b-25/A31b-25_20_5537_GEOJSON.zip"
"洪水浸水想定区域（1次メッシュ単位）","A31-22_20_5537_GEOJSON.zip","A31/A31-22/A31-22_20_5537_GEOJSON.zip"
"洪水浸水想定区域（1次メッシュ単位）","A31b-25_10_5538_GEOJSON.zip","A31b/A31b-25/A31b-25_10_5538_GEOJSON.zip"
"洪水浸水想定区域（1次メッシュ単位）","A31-22_10_5538_GEOJSON.zip","A31/A31-22/A31-22_10_5538_GEOJSON.zip"
"洪水浸水想定区域（1次メッシュ単位）","A31b-25_20_5538_GEOJSON.zip","A31b/A31b-25/A31b-25_20_5538_GEOJSON.zip"
"洪水浸水想定区域（1次メッシュ単位）","A31-22_20_5538_GEOJSON.zip","A31/A31-22/A31-22_20_5538_GEOJSON.zip"
"洪水浸水想定区域（1次メッシュ単位）","A31b-25_10_5539_GEOJSON.zip","A31b/A31b-25/A31b-25_10_5539_GEOJSON.zip"
"洪水浸水想定区域（1次メッシュ単位）","A31-22_10_5539_GEOJSON.zip","A31/A31-22/A31-22_10_5539_GEOJSON.zip"
"洪水浸水想定区域（1次メッシュ単位）","A31b-25_20_5539_GEOJSON.zip","A31b/A31b-25/A31b-25_20_5539_GEOJSON.zip"
"洪水浸水想定区域（1次メッシュ単位）","A31-22_20_5539_GEOJSON.zip","A31/A31-22/A31-22_20_5539_GEOJSON.zip"
"洪水浸水想定区域（1次メッシュ単位）","A31b-25_10_5540_GEOJSON.zip","A31b/A31b-25/A31b-25_10_5540_GEOJSON.zip"
"洪水浸水想定区域（1次メッシュ単位）","A31-22_10_5540_GEOJSON.zip","A31/A31-22/A31-22_10_5540_GEOJSON.zip"
"洪水浸水想定区域（1次メッシュ単位）","A31b-25_20_5540_GEOJSON.zip","A31b/A31b-25/A31b-25_20_5540_GEOJSON.zip"
"洪水浸水想定区域（1次メッシュ単位）","A31-22_20_5540_GEOJSON.zip","A31/A31-22/A31-22_20_5540_GEOJSON.zip"
"洪水浸水想定区域（1次メッシュ単位）","A31b-25_10_5541_GEOJSON.zip","A31b/A31b-25/A31b-25_10_5541_GEOJSON.zip"
"洪水浸水想定区域（1次メッシュ単位）","A31-22_10_5541_GEOJSON.zip","A31/A31-22/A31-22_10_5541_GEOJSON.zip"
"洪水浸水想定区域（1次メッシュ単位）","A31b-25_20_5541_GEOJSON.zip","A31b/A31b-25/A31b-25_20_5541_GEOJSON.zip"
"洪水浸水想定区域（1次メッシュ単位）","A31b-25_10_5636_GEOJSON.zip","A31b/A31b-25/A31b-25_10_5636_GEOJSON.zip"
"洪水浸水想定区域（1次メッシュ単位）","A31-22_10_5636_GEOJSON.zip","A31/A31-22/A31-22_10_5636_GEOJSON.zip"
"洪水浸水想定区域（1次メッシュ単位）","A31b-25_20_5636_GEOJSON.zip","A31b/A31b-25/A31b-25_20_5636_GEOJSON.zip"
"洪水浸水想定区域（1次メッシュ単位）","A31b-25_10_5637_GEOJSON.zip","A31b/A31b-25/A31b-25_10_5637_GEOJSON.zip"
"洪水浸水想定区域（1次メッシュ単位）","A31-22_10_5637_GEOJSON.zip","A31/A31-22/A31-22_10_5637_GEOJSON.zip"
"洪水浸水想定区域（1次メッシュ単位）","A31b-25_20_5637_GEOJSON.zip","A31b/A31b-25/A31b-25_20_5637_GEOJSON.zip"
"洪水浸水想定区域（1次メッシュ単位）","A31b-25_10_5638_GEOJSON.zip","A31b/A31b-25/A31b-25_10_5638_GEOJSON.zip"
"洪水浸水想定区域（1次メッシュ単位）","A31-22_10_5638_GEOJSON.zip","A31/A31-22/A31-22_10_5638_GEOJSON.zip"
"洪水浸水想定区域（1次メッシュ単位）","A31b-25_20_5638_GEOJSON.zip","A31b/A31b-25/A31b-25_20_5638_GEOJSON.zip"
"洪水浸水想定区域（1次メッシュ単位）","A31-22_20_5638_GEOJSON.zip","A31/A31-22/A31-22_20_5638_GEOJSON.zip"
"洪水浸水想定区域（1次メッシュ単位）","A31b-25_10_5639_GEOJSON.zip","A31b/A31b-25/A31b-25_10_5639_GEOJSON.zip"
"洪水浸水想定区域（1次メッシュ単位）","A31-22_10_5639_GEOJSON.zip","A31/A31-22/A31-22_10_5639_GEOJSON.zip"
"洪水浸水想定区域（1次メッシュ単位）","A31b-25_20_5639_GEOJSON.zip","A31b/A31b-25/A31b-25_20_5639_GEOJSON.zip"
"洪水浸水想定区域（1次メッシュ単位）","A31-22_20_5639_GEOJSON.zip","A31/A31-22/A31-22_20_5639_GEOJSON.zip"
"洪水浸水想定区域（1次メッシュ単位）","A31b-25_10_5640_GEOJSON.zip","A31b/A31b-25/A31b-25_10_5640_GEOJSON.zip"
"洪水浸水想定区域（1次メッシュ単位）","A31-22_10_5640_GEOJSON.zip","A31/A31-22/A31-22_10_5640_GEOJSON.zip"
"洪水浸水想定区域（1次メッシュ単位）","A31b-25_20_5640_GEOJSON.zip","A31b/A31b-25/A31b-25_20_5640_GEOJSON.zip"
"洪水浸水想定区域（1次メッシュ単位）","A31-22_20_5640_GEOJSON.zip","A31/A31-22/A31-22_20_5640_GEOJSON.zip"
"洪水浸水想定区域（1次メッシュ単位）","A31b-25_10_5641_GEOJSON.zip","A31b/A31b-25/A31b-25_10_5641_GEOJSON.zip"
"洪水浸水想定区域（1次メッシュ単位）","A31-22_10_5641_GEOJSON.zip","A31/A31-22/A31-22_10_5641_GEOJSON.zip"
"洪水浸水想定区域（1次メッシュ単位）","A31b-25_10_5738_GEOJSON.zip","A31b/A31b-25/A31b-25_10_5738_GEOJSON.zip"
"洪水浸水想定区域（1次メッシュ単位）","A31-22_10_5738_GEOJSON.zip","A31/A31-22/A31-22_10_5738_GEOJSON.zip"
"洪水浸水想定区域（1次メッシュ単位）","A31b-25_20_5738_GEOJSON.zip","A31b/A31b-25/A31b-25_20_5738_GEOJSON.zip"
"洪水浸水想定区域（1次メッシュ単位）","A31-22_20_5738_GEOJSON.zip","A31/A31-22/A31-22_20_5738_GEOJSON.zip"
"洪水浸水想定区域（1次メッシュ単位）","A31b-25_10_5739_GEOJSON.zip","A31b/A31b-25/A31b-25_10_5739_GEOJSON.zip"
"洪水浸水想定区域（1次メッシュ単位）","A31-22_10_5739_GEOJSON.zip","A31/A31-22/A31-22_10_5739_GEOJSON.zip"
"洪水浸水想定区域（1次メッシュ単位）","A31b-25_20_5739_GEOJSON.zip","A31b/A31b-25/A31b-25_20_5739_GEOJSON.zip"
"洪水浸水想定区域（1次メッシュ単位）","A31-22_20_5739_GEOJSON.zip","A31/A31-22/A31-22_20_5739_GEOJSON.zip"
"洪水浸水想定区域（1次メッシュ単位）","A31b-25_10_5740_GEOJSON.zip","A31b/A31b-25/A31b-25_10_5740_GEOJSON.zip"
"洪水浸水想定区域（1次メッシュ単位）","A31-22_10_5740_GEOJSON.zip","A31/A31-22/A31-22_10_5740_GEOJSON.zip"
"洪水浸水想定区域（1次メッシュ単位）","A31b-25_20_5740_GEOJSON.zip","A31b/A31b-25/A31b-25_20_5740_GEOJSON.zip"
"洪水浸水想定区域（1次メッシュ単位）","A31-22_20_5740_GEOJSON.zip","A31/A31-22/A31-22_20_5740_GEOJSON.zip"
"洪水浸水想定区域（1次メッシュ単位）","A31b-25_10_5741_GEOJSON.zip","A31b/A31b-25/A31b-25_10_5741_GEOJSON.zip"
"洪水浸水想定区域（1次メッシュ単位）","A31-22_10_5741_GEOJSON.zip","A31/A31-22/A31-22_10_5741_GEOJSON.zip"
"洪水浸水想定区域（1次メッシュ単位）","A31b-25_20_5741_GEOJSON.zip","A31b/A31b-25/A31b-25_20_5741_GEOJSON.zip"
"洪水浸水想定区域（1次メッシュ単位）","A31-22_20_5741_GEOJSON.zip","A31/A31-22/A31-22_20_5741_GEOJSON.zip"
"洪水浸水想定区域（1次メッシュ単位）","A31b-25_10_5839_GEOJSON.zip","A31b/A31b-25/A31b-25_10_5839_GEOJSON.zip"
"洪水浸水想定区域（1次メッシュ単位）","A31-22_10_5839_GEOJSON.zip","A31/A31-22/A31-22_10_5839_GEOJSON.zip"
"洪水浸水想定区域（1次メッシュ単位）","A31b-25_10_5840_GEOJSON.zip","A31b/A31b-25/A31b-25_10_5840_GEOJSON.zip"
"洪水浸水想定区域（1次メッシュ単位）","A31-22_10_5840_GEOJSON.zip","A31/A31-22/A31-22_10_5840_GEOJSON.zip"
"洪水浸水想定区域（1次メッシュ単位）","A31b-25_20_5840_GEOJSON.zip","A31b/A31b-25/A31b-25_20_5840_GEOJSON.zip"
"洪水浸水想定区域（1次メッシュ単位）","A31-22_20_5840_GEOJSON.zip","A31/A31-22/A31-22_20_5840_GEOJSON.zip"
"洪水浸水想定区域（1次メッシュ単位）","A31b-25_10_5841_GEOJSON.zip","A31b/A31b-25/A31b-25_10_5841_GEOJSON.zip"
"洪水浸水想定区域（1次メッシュ単位）","A31-22_10_5841_GEOJSON.zip","A31/A31-22/A31-22_10_5841_GEOJSON.zip"
"洪水浸水想定区域（1次メッシュ単位）","A31b-25_20_5841_GEOJSON.zip","A31b/A31b-25/A31b-25_20_5841_GEOJSON.zip"
"洪水浸水想定区域（1次メッシュ単位）","A31-22_20_5841_GEOJSON.zip","A31/A31-22/A31-22_20_5841_GEOJSON.zip"
"洪水浸水想定区域（1次メッシュ単位）","A31b-25_10_5940_GEOJSON.zip","A31b/A31b-25/A31b-25_10_5940_GEOJSON.zip"
"洪水浸水想定区域（1次メッシュ単位）","A31-22_10_5940_GEOJSON.zip","A31/A31-22/A31-22_10_5940_GEOJSON.zip"
"洪水浸水想定区域（1次メッシュ単位）","A31b-25_20_5940_GEOJSON.zip","A31b/A31b-25/A31b-25_20_5940_GEOJSON.zip"
"洪水浸水想定区域（1次メッシュ単位）","A31b-25_10_5941_GEOJSON.zip","A31b/A31b-25/A31b-25_10_5941_GEOJSON.zip"
"洪水浸水想定区域（1次メッシュ単位）","A31-22_10_5941_GEOJSON.zip","A31/A31-22/A31-22_10_5941_GEOJSON.zip"
"洪水浸水想定区域（1次メッシュ単位）","A31b-25_20_5941_GEOJSON.zip","A31b/A31b-25/A31b-25_20_5941_GEOJSON.zip"
"洪水浸水想定区域（1次メッシュ単位）","A31-22_20_5941_GEOJSON.zip","A31/A31-22/A31-22_20_5941_GEOJSON.zip"
"洪水浸水想定区域（1次メッシュ単位）","A31b-25_10_6040_GEOJSON.zip","A31b/A31b-25/A31b-25_10_6040_GEOJSON.zip"
"洪水浸水想定区域（1次メッシュ単位）","A31-22_10_6040_GEOJSON.zip","A31/A31-22/A31-22_10_6040_GEOJSON.zip"
"洪水浸水想定区域（1次メッシュ単位）","A31b-25_20_6040_GEOJSON.zip","A31b/A31b-25/A31b-25_20_6040_GEOJSON.zip"
"洪水浸水想定区域（1次メッシュ単位）","A31b-25_10_6041_GEOJSON.zip","A31b/A31b-25/A31b-25_10_6041_GEOJSON.zip"
"洪水浸水想定区域（1次メッシュ単位）","A31-22_10_6041_GEOJSON.zip","A31/A31-22/A31-22_10_6041_GEOJSON.zip"
"洪水浸水想定区域（1次メッシュ単位）","A31b-25_20_6041_GEOJSON.zip","A31b/A31b-25/A31b-25_20_6041_GEOJSON.zip"
"洪水浸水想定区域（1次メッシュ単位）","A31-22_20_6041_GEOJSON.zip","A31/A31-22/A31-22_20_6041_GEOJSON.zip"
"洪水浸水想定区域（1次メッシュ単位）","A31b-25_10_6140_GEOJSON.zip","A31b/A31b-25/A31b-25_10_6140_GEOJSON.zip"
"洪水浸水想定区域（1次メッシュ単位）","A31-22_10_6140_GEOJSON.zip","A31/A31-22/A31-22_10_6140_GEOJSON.zip"
"洪水浸水想定区域（1次メッシュ単位）","A31b-25_20_6140_GEOJSON.zip","A31b/A31b-25/A31b-25_20_6140_GEOJSON.zip"
"洪水浸水想定区域（1次メッシュ単位）","A31b-25_10_6141_GEOJSON.zip","A31b/A31b-25/A31b-25_10_6141_GEOJSON.zip"
"洪水浸水想定区域（1次メッシュ単位）","A31-22_10_6141_GEOJSON.zip","A31/A31-22/A31-22_10_6141_GEOJSON.zip"
"洪水浸水想定区域（1次メッシュ単位）","A31b-25_20_6141_GEOJSON.zip","A31b/A31b-25/A31b-25_20_6141_GEOJSON.zip"
"洪水浸水想定区域（1次メッシュ単位）","A31b-25_20_6239_GEOJSON.zip","A31b/A31b-25/A31b-25_20_6239_GEOJSON.zip"
"洪水浸水想定区域（1次メッシュ単位）","A31b-25_10_6240_GEOJSON.zip","A31b/A31b-25/A31b-25_10_6240_GEOJSON.zip"
"洪水浸水想定区域（1次メッシュ単位）","A31-22_10_6240_GEOJSON.zip","A31/A31-22/A31-22_10_6240_GEOJSON.zip"
"洪水浸水想定区域（1次メッシュ単位）","A31b-25_20_6240_GEOJSON.zip","A31b/A31b-25/A31b-25_20_6240_GEOJSON.zip"
"洪水浸水想定区域（1次メッシュ単位）","A31b-25_10_6241_GEOJSON.zip","A31b/A31b-25/A31b-25_10_6241_GEOJSON.zip"
"洪水浸水想定区域（1次メッシュ単位）","A31-22_10_6241_GEOJSON.zip","A31/A31-22/A31-22_10_6241_GEOJSON.zip"
"洪水浸水想定区域（1次メッシュ単位）","A31b-25_20_6243_GEOJSON.zip","A31b/A31b-25/A31b-25_20_6243_GEOJSON.zip"
"洪水浸水想定区域（1次メッシュ単位）","A31b-25_10_6339_GEOJSON.zip","A31b/A31b-25/A31b-25_10_6339_GEOJSON.zip"
"洪水浸水想定区域（1次メッシュ単位）","A31-22_10_6339_GEOJSON.zip","A31/A31-22/A31-22_10_6339_GEOJSON.zip"
"洪水浸水想定区域（1次メッシュ単位）","A31b-25_20_6339_GEOJSON.zip","A31b/A31b-25/A31b-25_20_6339_GEOJSON.zip"
"洪水浸水想定区域（1次メッシュ単位）","A31b-25_10_6340_GEOJSON.zip","A31b/A31b-25/A31b-25_10_6340_GEOJSON.zip"
"洪水浸水想定区域（1次メッシュ単位）","A31-22_10_6340_GEOJSON.zip","A31/A31-22/A31-22_10_6340_GEOJSON.zip"
"洪水浸水想定区域（1次メッシュ単位）","A31b-25_20_6340_GEOJSON.zip","A31b/A31b-25/A31b-25_20_6340_GEOJSON.zip"
"洪水浸水想定区域（1次メッシュ単位）","A31b-25_10_6341_GEOJSON.zip","A31b/A31b-25/A31b-25_10_6341_GEOJSON.zip"
"洪水浸水想定区域（1次メッシュ単位）","A31-22_10_6341_GEOJSON.zip","A31/A31-22/A31-22_10_6341_GEOJSON.zip"
"洪水浸水想定区域（1次メッシュ単位）","A31b-25_20_6341_GEOJSON.zip","A31b/A31b-25/A31b-25_20_6341_GEOJSON.zip"
"洪水浸水想定区域（1次メッシュ単位）","A31b-25_10_6342_GEOJSON.zip","A31b/A31b-25/A31b-25_10_6342_GEOJSON.zip"
"洪水浸水想定区域（1次メッシュ単位）","A31-22_10_6342_GEOJSON.zip","A31/A31-22/A31-22_10_6342_GEOJSON.zip"
"洪水浸水想定区域（1次メッシュ単位）","A31b-25_20_6342_GEOJSON.zip","A31b/A31b-25/A31b-25_20_6342_GEOJSON.zip"
"洪水浸水想定区域（1次メッシュ単位）","A31b-25_10_6343_GEOJSON.zip","A31b/A31b-25/A31b-25_10_6343_GEOJSON.zip"
"洪水浸水想定区域（1次メッシュ単位）","A31-22_10_6343_GEOJSON.zip","A31/A31-22/A31-22_10_6343_GEOJSON.zip"
"洪水浸水想定区域（1次メッシュ単位）","A31b-25_20_6343_GEOJSON.zip","A31b/A31b-25/A31b-25_20_6343_GEOJSON.zip"
"洪水浸水想定区域（1次メッシュ単位）","A31b-25_20_6439_GEOJSON.zip","A31b/A31b-25/A31b-25_20_6439_GEOJSON.zip"
"洪水浸水想定区域（1次メッシュ単位）","A31b-25_10_6440_GEOJSON.zip","A31b/A31b-25/A31b-25_10_6440_GEOJSON.zip"
"洪水浸水想定区域（1次メッシュ単位）","A31-22_10_6440_GEOJSON.zip","A31/A31-22/A31-22_10_6440_GEOJSON.zip"
"洪水浸水想定区域（1次メッシュ単位）","A31b-25_20_6440_GEOJSON.zip","A31b/A31b-25/A31b-25_20_6440_GEOJSON.zip"
"洪水浸水想定区域（1次メッシュ単位）","A31b-25_10_6441_GEOJSON.zip","A31b/A31b-25/A31b-25_10_6441_GEOJSON.zip"
"洪水浸水想定区域（1次メッシュ単位）","A31-22_10_6441_GEOJSON.zip","A31/A31-22/A31-22_10_6441_GEOJSON.zip"
"洪水浸水想定区域（1次メッシュ単位）","A31b-25_20_6441_GEOJSON.zip","A31b/A31b-25/A31b-25_20_6441_GEOJSON.zip"
"洪水浸水想定区域（1次メッシュ単位）","A31b-25_10_6442_GEOJSON.zip","A31b/A31b-25/A31b-25_10_6442_GEOJSON.zip"
"洪水浸水想定区域（1次メッシュ単位）","A31-22_10_6442_GEOJSON.zip","A31/A31-22/A31-22_10_6442_GEOJSON.zip"
"洪水浸水想定区域（1次メッシュ単位）","A31b-25_20_6442_GEOJSON.zip","A31b/A31b-25/A31b-25_20_6442_GEOJSON.zip"
"洪水浸水想定区域（1次メッシュ単位）","A31b-25_10_6443_GEOJSON.zip","A31b/A31b-25/A31b-25_10_6443_GEOJSON.zip"
"洪水浸水想定区域（1次メッシュ単位）","A31-22_10_6443_GEOJSON.zip","A31/A31-22/A31-22_10_6443_GEOJSON.zip"
"洪水浸水想定区域（1次メッシュ単位）","A31b-25_20_6443_GEOJSON.zip","A31b/A31b-25/A31b-25_20_6443_GEOJSON.zip"
"洪水浸水想定区域（1次メッシュ単位）","A31b-25_10_6444_GEOJSON.zip","A31b/A31b-25/A31b-25_10_6444_GEOJSON.zip"
"洪水浸水想定区域（1次メッシュ単位）","A31-22_10_6444_GEOJSON.zip","A31/A31-22/A31-22_10_6444_GEOJSON.zip"
"洪水浸水想定区域（1次メッシュ単位）","A31b-25_20_6444_GEOJSON.zip","A31b/A31b-25/A31b-25_20_6444_GEOJSON.zip"
"洪水浸水想定区域（1次メッシュ単位）","A31b-25_20_6445_GEOJSON.zip","A31b/A31b-25/A31b-25_20_6445_GEOJSON.zip"
"洪水浸水想定区域（1次メッシュ単位）","A31b-25_20_6540_GEOJSON.zip","A31b/A31b-25/A31b-25_20_6540_GEOJSON.zip"
"洪水浸水想定区域（1次メッシュ単位）","A31b-25_10_6541_GEOJSON.zip","A31b/A31b-25/A31b-25_10_6541_GEOJSON.zip"
"洪水浸水想定区域（1次メッシュ単位）","A31-22_10_6541_GEOJSON.zip","A31/A31-22/A31-22_10_6541_GEOJSON.zip"
"洪水浸水想定区域（1次メッシュ単位）","A31b-25_20_6541_GEOJSON.zip","A31b/A31b-25/A31b-25_20_6541_GEOJSON.zip"
"洪水浸水想定区域（1次メッシュ単位）","A31b-25_10_6542_GEOJSON.zip","A31b/A31b-25/A31b-25_10_6542_GEOJSON.zip"
"洪水浸水想定区域（1次メッシュ単位）","A31-22_10_6542_GEOJSON.zip","A31/A31-22/A31-22_10_6542_GEOJSON.zip"
"洪水浸水想定区域（1次メッシュ単位）","A31b-25_20_6542_GEOJSON.zip","A31b/A31b-25/A31b-25_20_6542_GEOJSON.zip"
"洪水浸水想定区域（1次メッシュ単位）","A31b-25_10_6543_GEOJSON.zip","A31b/A31b-25/A31b-25_10_6543_GEOJSON.zip"
"洪水浸水想定区域（1次メッシュ単位）","A31-22_10_6543_GEOJSON.zip","A31/A31-22/A31-22_10_6543_GEOJSON.zip"
"洪水浸水想定区域（1次メッシュ単位）","A31b-25_20_6543_GEOJSON.zip","A31b/A31b-25/A31b-25_20_6543_GEOJSON.zip"
"洪水浸水想定区域（1次メッシュ単位）","A31b-25_10_6544_GEOJSON.zip","A31b/A31b-25/A31b-25_10_6544_GEOJSON.zip"
"洪水浸水想定区域（1次メッシュ単位）","A31-22_10_6544_GEOJSON.zip","A31/A31-22/A31-22_10_6544_GEOJSON.zip"
"洪水浸水想定区域（1次メッシュ単位）","A31b-25_20_6544_GEOJSON.zip","A31b/A31b-25/A31b-25_20_6544_GEOJSON.zip"
"洪水浸水想定区域（1次メッシュ単位）","A31b-25_10_6545_GEOJSON.zip","A31b/A31b-25/A31b-25_10_6545_GEOJSON.zip"
"洪水浸水想定区域（1次メッシュ単位）","A31-22_10_6545_GEOJSON.zip","A31/A31-22/A31-22_10_6545_GEOJSON.zip"
"洪水浸水想定区域（1次メッシュ単位）","A31b-25_20_6545_GEOJSON.zip","A31b/A31b-25/A31b-25_20_6545_GEOJSON.zip"
"洪水浸水想定区域（1次メッシュ単位）","A31b-25_10_6641_GEOJSON.zip","A31b/A31b-25/A31b-25_10_6641_GEOJSON.zip"
"洪水浸水想定区域（1次メッシュ単位）","A31-22_10_6641_GEOJSON.zip","A31/A31-22/A31-22_10_6641_GEOJSON.zip"
"洪水浸水想定区域（1次メッシュ単位）","A31b-25_20_6641_GEOJSON.zip","A31b/A31b-25/A31b-25_20_6641_GEOJSON.zip"
"洪水浸水想定区域（1次メッシュ単位）","A31b-25_10_6642_GEOJSON.zip","A31b/A31b-25/A31b-25_10_6642_GEOJSON.zip"
"洪水浸水想定区域（1次メッシュ単位）","A31-22_10_6642_GEOJSON.zip","A31/A31-22/A31-22_10_6642_GEOJSON.zip"
"洪水浸水想定区域（1次メッシュ単位）","A31b-25_20_6642_GEOJSON.zip","A31b/A31b-25/A31b-25_20_6642_GEOJSON.zip"
"洪水浸水想定区域（1次メッシュ単位）","A31b-25_10_6643_GEOJSON.zip","A31b/A31b-25/A31b-25_10_6643_GEOJSON.zip"
"洪水浸水想定区域（1次メッシュ単位）","A31-22_10_6643_GEOJSON.zip","A31/A31-22/A31-22_10_6643_GEOJSON.zip"
"洪水浸水想定区域（1次メッシュ単位）","A31b-25_20_6643_GEOJSON.zip","A31b/A31b-25/A31b-25_20_6643_GEOJSON.zip"
"洪水浸水想定区域（1次メッシュ単位）","A31b-25_10_6644_GEOJSON.zip","A31b/A31b-25/A31b-25_10_6644_GEOJSON.zip"
"洪水浸水想定区域（1次メッシュ単位）","A31-22_10_6644_GEOJSON.zip","A31/A31-22/A31-22_10_6644_GEOJSON.zip"
"洪水浸水想定区域（1次メッシュ単位）","A31b-25_20_6644_GEOJSON.zip","A31b/A31b-25/A31b-25_20_6644_GEOJSON.zip"
"洪水浸水想定区域（1次メッシュ単位）","A31b-25_10_6645_GEOJSON.zip","A31b/A31b-25/A31b-25_10_6645_GEOJSON.zip"
"洪水浸水想定区域（1次メッシュ単位）","A31b-25_20_6645_GEOJSON.zip","A31b/A31b-25/A31b-25_20_6645_GEOJSON.zip"
"洪水浸水想定区域（1次メッシュ単位）","A31b-25_10_6741_GEOJSON.zip","A31b/A31b-25/A31b-25_10_6741_GEOJSON.zip"
"洪水浸水想定区域（1次メッシュ単位）","A31-22_10_6741_GEOJSON.zip","A31/A31-22/A31-22_10_6741_GEOJSON.zip"
"洪水浸水想定区域（1次メッシュ単位）","A31b-25_20_6741_GEOJSON.zip","A31b/A31b-25/A31b-25_20_6741_GEOJSON.zip"
"洪水浸水想定区域（1次メッシュ単位）","A31b-25_10_6742_GEOJSON.zip","A31b/A31b-25/A31b-25_10_6742_GEOJSON.zip"
"洪水浸水想定区域（1次メッシュ単位）","A31-22_10_6742_GEOJSON.zip","A31/A31-22/A31-22_10_6742_GEOJSON.zip"
"洪水浸水想定区域（1次メッシュ単位）","A31b-25_20_6742_GEOJSON.zip","A31b/A31b-25/A31b-25_20_6742_GEOJSON.zip"
"洪水浸水想定区域（1次メッシュ単位）","A31b-25_10_6841_GEOJSON.zip","A31b/A31b-25/A31b-25_10_6841_GEOJSON.zip"
"洪水浸水想定区域（1次メッシュ単位）","A31-22_10_6841_GEOJSON.zip","A31/A31-22/A31-22_10_6841_GEOJSON.zip"
"洪水浸水想定区域（1次メッシュ単位）","A31b-25_20_6841_GEOJSON.zip","A31b/A31b-25/A31b-25_20_6841_GEOJSON.zip"
"洪水浸水想定区域（1次メッシュ単位）","A31b-25_20_6842_GEOJSON.zip","A31b/A31b-25/A31b-25_20_6842_GEOJSON.zip"
"洪水浸水想定区域（河川単位）","A31-21_81_GEOJSON.zip","A31/A31-21/A31-21_81_GEOJSON.zip"
"洪水浸水想定区域（河川単位）","A31-21_82_GEOJSON.zip","A31/A31-21/A31-21_82_GEOJSON.zip"
"洪水浸水想定区域（河川単位）","A31-21_83_GEOJSON.zip","A31/A31-21/A31-21_83_GEOJSON.zip"
"洪水浸水想定区域（河川単位）","A31-21_84_GEOJSON.zip","A31/A31-21/A31-21_84_GEOJSON.zip"
"洪水浸水想定区域（河川単位）","A31-21_85_GEOJSON.zip","A31/A31-21/A31-21_85_GEOJSON.zip"
"洪水浸水想定区域（河川単位）","A31-21_86_GEOJSON.zip","A31/A31-21/A31-21_86_GEOJSON.zip"
"洪水浸水想定区域（河川単位）","A31-21_87_GEOJSON.zip","A31/A31-21/A31-21_87_GEOJSON.zip"
"洪水浸水想定区域（河川単位）","A31-20_88_GEOJSON.zip","A31/A31-20/A31-20_88_GEOJSON.zip"
"洪水浸水想定区域（河川単位）","A31-20_89_GEOJSON.zip","A31/A31-20/A31-20_89_GEOJSON.zip"
"避難施設","P20-12_01_GML.zip","P20/P20-12/P20-12_01_GML.zip"
"避難施設","P20-12_02_GML.zip","P20/P20-12/P20-12_02_GML.zip"
"避難施設","P20-12_03_GML.zip","P20/P20-12/P20-12_03_GML.zip"
"避難施設","P20-12_04_GML.zip","P20/P20-12/P20-12_04_GML.zip"
"避難施設","P20-12_05_GML.zip","P20/P20-12/P20-12_05_GML.zip"
"避難施設","P20-12_06_GML.zip","P20/P20-12/P20-12_06_GML.zip"
"避難施設","P20-12_07_GML.zip","P20/P20-12/P20-12_07_GML.zip"
"避難施設","P20-12_08_GML.zip","P20/P20-12/P20-12_08_GML.zip"
"避難施設","P20-12_09_GML.zip","P20/P20-12/P20-12_09_GML.zip"
"避難施設","P20-12_10_GML.zip","P20/P20-12/P20-12_10_GML.zip"
"避難施設","P20-12_11_GML.zip","P20/P20-12/P20-12_11_GML.zip"
"避難施設","P20-12_12_GML.zip","P20/P20-12/P20-12_12_GML.zip"
"避難施設","P20-12_13_GML.zip","P20/P20-12/P20-12_13_GML.zip"
"避難施設","P20-12_14_GML.zip","P20/P20-12/P20-12_14_GML.zip"
"避難施設","P20-12_15_GML.zip","P20/P20-12/P20-12_15_GML.zip"
"避難施設","P20-12_16_GML.zip","P20/P20-12/P20-12_16_GML.zip"
"避難施設","P20-12_17_GML.zip","P20/P20-12/P20-12_17_GML.zip"
"避難施設","P20-12_18_GML.zip","P20/P20-12/P20-12_18_GML.zip"
"避難施設","P20-12_19_GML.zip","P20/P20-12/P20-12_19_GML.zip"
"避難施設","P20-12_20_GML.zip","P20/P20-12/P20-12_20_GML.zip"
"避難施設","P20-12_21_GML.zip","P20/P20-12/P20-12_21_GML.zip"
"避難施設","P20-12_22_GML.zip","P20/P20-12/P20-12_22_GML.zip"
"避難施設","P20-12_23_GML.zip","P20/P20-12/P20-12_23_GML.zip"
"避難施設","P20-12_24_GML.zip","P20/P20-12/P20-12_24_GML.zip"
"避難施設","P20-12_25_GML.zip","P20/P20-12/P20-12_25_GML.zip"
"避難施設","P20-12_26_GML.zip","P20/P20-12/P20-12_26_GML.zip"
"避難施設","P20-12_27_GML.zip","P20/P20-12/P20-12_27_GML.zip"
"避難施設","P20-12_28_GML.zip","P20/P20-12/P20-12_28_GML.zip"
"避難施設","P20-12_29_GML.zip","P20/P20-12/P20-12_29_GML.zip"
"避難施設","P20-12_30_GML.zip","P20/P20-12/P20-12_30_GML.zip"
"避難施設","P20-12_31_GML.zip","P20/P20-12/P20-12_31_GML.zip"
"避難施設","P20-12_32_GML.zip","P20/P20-12/P20-12_32_GML.zip"
"避難施設","P20-12_33_GML.zip","P20/P20-12/P20-12_33_GML.zip"
"避難施設","P20-12_34_GML.zip","P20/P20-12/P20-12_34_GML.zip"
"避難施設","P20-12_35_GML.zip","P20/P20-12/P20-12_35_GML.zip"
"避難施設","P20-12_36_GML.zip","P20/P20-12/P20-12_36_GML.zip"
"避難施設","P20-12_37_GML.zip","P20/P20-12/P20-12_37_GML.zip"
"避難施設","P20-12_38_GML.zip","P20/P20-12/P20-12_38_GML.zip"
"避難施設","P20-12_39_GML.zip","P20/P20-12/P20-12_39_GML.zip"
"避難施設","P20-12_40_GML.zip","P20/P20-12/P20-12_40_GML.zip"
"避難施設","P20-12_41_GML.zip","P20/P20-12/P20-12_41_GML.zip"
"避難施設","P20-12_42_GML.zip","P20/P20-12/P20-12_42_GML.zip"
"避難施設","P20-12_43_GML.zip","P20/P20-12/P20-12_43_GML.zip"
"避難施設","P20-12_44_GML.zip","P20/P20-12/P20-12_44_GML.zip"
"避難施設","P20-12_45_GML.zip","P20/P20-12/P20-12_45_GML.zip"
"避難施設","P20-12_46_GML.zip","P20/P20-12/P20-12_46_GML.zip"
"避難施設","P20-12_47_GML.zip","P20/P20-12/P20-12_47_GML.zip"
"平年値（気候）メッシュ","G02-22_3622-jgd_GML.zip","G02/G02-22/G02-22_3622-jgd_GML.zip"
"平年値（気候）メッシュ","G02-22_3623-jgd_GML.zip","G02/G02-22/G02-22_3623-jgd_GML.zip"
"平年値（気候）メッシュ","G02-22_3624-jgd_GML.zip","G02/G02-22/G02-22_3624-jgd_GML.zip"
"平年値（気候）メッシュ","G02-22_3631-jgd_GML.zip","G02/G02-22/G02-22_3631-jgd_GML.zip"
"平年値（気候）メッシュ","G02-22_3641-jgd_GML.zip","G02/G02-22/G02-22_3641-jgd_GML.zip"
"平年値（気候）メッシュ","G02-22_3653-jgd_GML.zip","G02/G02-22/G02-22_3653-jgd_GML.zip"
"平年値（気候）メッシュ","G02-22_3724-jgd_GML.zip","G02/G02-22/G02-22_3724-jgd_GML.zip"
"平年値（気候）メッシュ","G02-22_3725-jgd_GML.zip","G02/G02-22/G02-22_3725-jgd_GML.zip"
"平年値（気候）メッシュ","G02-22_3741-jgd_GML.zip","G02/G02-22/G02-22_3741-jgd_GML.zip"
"平年値（気候）メッシュ","G02-22_3823-jgd_GML.zip","G02/G02-22/G02-22_3823-jgd_GML.zip"
"平年値（気候）メッシュ","G02-22_3824-jgd_GML.zip","G02/G02-22/G02-22_3824-jgd_GML.zip"
"平年値（気候）メッシュ","G02-22_3831-jgd_GML.zip","G02/G02-22/G02-22_3831-jgd_GML.zip"
"平年値（気候）メッシュ","G02-22_3841-jgd_GML.zip","G02/G02-22/G02-22_3841-jgd_GML.zip"
"平年値（気候）メッシュ","G02-22_3926-jgd_GML.zip","G02/G02-22/G02-22_3926-jgd_GML.zip"
"平年値（気候）メッシュ","G02-22_3927-jgd_GML.zip","G02/G02-22/G02-22_3927-jgd_GML.zip"
"平年値（気候）メッシュ","G02-22_3928-jgd_GML.zip","G02/G02-22/G02-22_3928-jgd_GML.zip"
"平年値（気候）メッシュ","G02-22_3942-jgd_GML.zip","G02/G02-22/G02-22_3942-jgd_GML.zip"
"平年値（気候）メッシュ","G02-22_4027-jgd_GML.zip","G02/G02-22/G02-22_4027-jgd_GML.zip"
"平年値（気候）メッシュ","G02-22_4028-jgd_GML.zip","G02/G02-22/G02-22_4028-jgd_GML.zip"
"平年値（気候）メッシュ","G02-22_4040-jgd_GML.zip","G02/G02-22/G02-22_4040-jgd_GML.zip"
"平年値（気候）メッシュ","G02-22_4042-jgd_GML.zip","G02/G02-22/G02-22_4042-jgd_GML.zip"
"平年値（気候）メッシュ","G02-22_4128-jgd_GML.zip","G02/G02-22/G02-22_4128-jgd_GML.zip"
"平年値（気候）メッシュ","G02-22_4129-jgd_GML.zip","G02/G02-22/G02-22_4129-jgd_GML.zip"
"平年値（気候）メッシュ","G02-22_4142-jgd_GML.zip","G02/G02-22/G02-22_4142-jgd_GML.zip"
"平年値（気候）メッシュ","G02-22_4229-jgd_GML.zip","G02/G02-22/G02-22_4229-jgd_GML.zip"
"平年値（気候）メッシュ","G02-22_4230-jgd_GML.zip","G02/G02-22/G02-22_4230-jgd_GML.zip"
"平年値（気候）メッシュ","G02-22_4328-jgd_GML.zip","G02/G02-22/G02-22_4328-jgd_GML.zip"
"平年値（気候）メッシュ","G02-22_4329-jgd_GML.zip","G02/G02-22/G02-22_4329-jgd_GML.zip"
"平年値（気候）メッシュ","G02-22_4429-jgd_GML.zip","G02/G02-22/G02-22_4429-jgd_GML.zip"
"平年値（気候）メッシュ","G02-22_4529-jgd_GML.zip","G02/G02-22/G02-22_4529-jgd_GML.zip"
"平年値（気候）メッシュ","G02-22_4530-jgd_GML.zip","G02/G02-22/G02-22_4530-jgd_GML.zip"
"平年値（気候）メッシュ","G02-22_4531-jgd_GML.zip","G02/G02-22/G02-22_4531-jgd_GML.zip"
"平年値（気候）メッシュ","G02-22_4540-jgd_GML.zip","G02/G02-22/G02-22_4540-jgd_GML.zip"
"平年値（気候）メッシュ","G02-22_4629-jgd_GML.zip","G02/G02-22/G02-22_4629-jgd_GML.zip"
"平年値（気候）メッシュ","G02-22_4630-jgd_GML.zip","G02/G02-22/G02-22_4630-jgd_GML.zip"
"平年値（気候）メッシュ","G02-22_4631-jgd_GML.zip","G02/G02-22/G02-22_4631-jgd_GML.zip"
"平年値（気候）メッシュ","G02-22_4728-jgd_GML.zip","G02/G02-22/G02-22_4728-jgd_GML.zip"
"平年値（気候）メッシュ","G02-22_4729-jgd_GML.zip","G02/G02-22/G02-22_4729-jgd_GML.zip"
"平年値（気候）メッシュ","G02-22_4730-jgd_GML.zip","G02/G02-22/G02-22_4730-jgd_GML.zip"
"平年値（気候）メッシュ","G02-22_4731-jgd_GML.zip","G02/G02-22/G02-22_4731-jgd_GML.zip"
"平年値（気候）メッシュ","G02-22_4740-jgd_GML.zip","G02/G02-22/G02-22_4740-jgd_GML.zip"
"平年値（気候）メッシュ","G02-22_4828-jgd_GML.zip","G02/G02-22/G02-22_4828-jgd_GML.zip"
"平年値（気候）メッシュ","G02-22_4829-jgd_GML.zip","G02/G02-22/G02-22_4829-jgd_GML.zip"
"平年値（気候）メッシュ","G02-22_4830-jgd_GML.zip","G02/G02-22/G02-22_4830-jgd_GML.zip"
"平年値（気候）メッシュ","G02-22_4831-jgd_GML.zip","G02/G02-22/G02-22_4831-jgd_GML.zip"
"平年値（気候）メッシュ","G02-22_4839-jgd_GML.zip","G02/G02-22/G02-22_4839-jgd_GML.zip"
"平年値（気候）メッシュ","G02-22_4928-jgd_GML.zip","G02/G02-22/G02-22_4928-jgd_GML.zip"
"平年値（気候）メッシュ","G02-22_4929-jgd_GML.zip","G02/G02-22/G02-22_4929-jgd_GML.zip"
"平年値（気候）メッシュ","G02-22_4930-jgd_GML.zip","G02/G02-22/G02-22_4930-jgd_GML.zip"
"平年値（気候）メッシュ","G02-22_4931-jgd_GML.zip","G02/G02-22/G02-22_4931-jgd_GML.zip"
"平年値（気候）メッシュ","G02-22_4932-jgd_GML.zip","G02/G02-22/G02-22_4932-jgd_GML.zip"
"平年値（気候）メッシュ","G02-22_4933-jgd_GML.zip","G02/G02-22/G02-22_4933-jgd_GML.zip"
"平年値（気候）メッシュ","G02-22_4934-jgd_GML.zip","G02/G02-22/G02-22_4934-jgd_GML.zip"
"平年値（気候）メッシュ","G02-22_4939-jgd_GML.zip","G02/G02-22/G02-22_4939-jgd_GML.zip"
"平年値（気候）メッシュ","G02-22_5029-jgd_GML.zip","G02/G02-22/G02-22_5029-jgd_GML.zip"
"平年値（気候）メッシュ","G02-22_5030-jgd_GML.zip","G02/G02-22/G02-22_5030-jgd_GML.zip"
"平年値（気候）メッシュ","G02-22_5031-jgd_GML.zip","G02/G02-22/G02-22_5031-jgd_GML.zip"
"平年値（気候）メッシュ","G02-22_5032-jgd_GML.zip","G02/G02-22/G02-22_5032-jgd_GML.zip"
"平年値（気候）メッシュ","G02-22_5033-jgd_GML.zip","G02/G02-22/G02-22_5033-jgd_GML.zip"
"平年値（気候）メッシュ","G02-22_5034-jgd_GML.zip","G02/G02-22/G02-22_5034-jgd_GML.zip"
"平年値（気候）メッシュ","G02-22_5035-jgd_GML.zip","G02/G02-22/G02-22_5035-jgd_GML.zip"
"平年値（気候）メッシュ","G02-22_5036-jgd_GML.zip","G02/G02-22/G02-22_5036-jgd_GML.zip"
"平年値（気候）メッシュ","G02-22_5039-jgd_GML.zip","G02/G02-22/G02-22_5039-jgd_GML.zip"
"平年値（気候）メッシュ","G02-22_5129-jgd_GML.zip","G02/G02-22/G02-22_5129-jgd_GML.zip"
"平年値（気候）メッシュ","G02-22_5130-jgd_GML.zip","G02/G02-22/G02-22_5130-jgd_GML.zip"
"平年値（気候）メッシュ","G02-22_5131-jgd_GML.zip","G02/G02-22/G02-22_5131-jgd_GML.zip"
"平年値（気候）メッシュ","G02-22_5132-jgd_GML.zip","G02/G02-22/G02-22_5132-jgd_GML.zip"
"平年値（気候）メッシュ","G02-22_5133-jgd_GML.zip","G02/G02-22/G02-22_5133-jgd_GML.zip"
"平年値（気候）メッシュ","G02-22_5134-jgd_GML.zip","G02/G02-22/G02-22_5134-jgd_GML.zip"
"平年値（気候）メッシュ","G02-22_5135-jgd_GML.zip","G02/G02-22/G02-22_5135-jgd_GML.zip"
"平年値（気候）メッシュ","G02-22_5136-jgd_GML.zip","G02/G02-22/G02-22_5136-jgd_GML.zip"
"平年値（気候）メッシュ","G02-22_5137-jgd_GML.zip","G02/G02-22/G02-22_5137-jgd_GML.zip"
"平年値（気候）メッシュ","G02-22_5138-jgd_GML.zip","G02/G02-22/G02-22_5138-jgd_GML.zip"
"平年値（気候）メッシュ","G02-22_5139-jgd_GML.zip","G02/G02-22/G02-22_5139-jgd_GML.zip"
"平年値（気候）メッシュ","G02-22_5229-jgd_GML.zip","G02/G02-22/G02-22_5229-jgd_GML.zip"
"平年値（気候）メッシュ","G02-22_5231-jgd_GML.zip","G02/G02-22/G02-22_5231-jgd_GML.zip"
"平年値（気候）メッシュ","G02-22_5232-jgd_GML.zip","G02/G02-22/G02-22_5232-jgd_GML.zip"
"平年値（気候）メッシュ","G02-22_5233-jgd_GML.zip","G02/G02-22/G02-22_5233-jgd_GML.zip"
"平年値（気候）メッシュ","G02-22_5234-jgd_GML.zip","G02/G02-22/G02-22_5234-jgd_GML.zip"
"平年値（気候）メッシュ","G02-22_5235-jgd_GML.zip","G02/G02-22/G02-22_5235-jgd_GML.zip"
"平年値（気候）メッシュ","G02-22_5236-jgd_GML.zip","G02/G02-22/G02-22_5236-jgd_GML.zip"
"平年値（気候）メッシュ","G02-22_5237-jgd_GML.zip","G02/G02-22/G02-22_5237-jgd_GML.zip"
"平年値（気候）メッシュ","G02-22_5238-jgd_GML.zip","G02/G02-22/G02-22_5238-jgd_GML.zip"
"平年値（気候）メッシュ","G02-22_5239-jgd_GML.zip","G02/G02-22/G02-22_5239-jgd_GML.zip"
"平年値（気候）メッシュ","G02-22_5240-jgd_GML.zip","G02/G02-22/G02-22_5240-jgd_GML.zip"
"平年値（気候）メッシュ","G02-22_5332-jgd_GML.zip","G02/G02-22/G02-22_5332-jgd_GML.zip"
"平年値（気候）メッシュ","G02-22_5333-jgd_GML.zip","G02/G02-22/G02-22_5333-jgd_GML.zip"
"平年値（気候）メッシュ","G02-22_5334-jgd_GML.zip","G02/G02-22/G02-22_5334-jgd_GML.zip"
"平年値（気候）メッシュ","G02-22_5335-jgd_GML.zip","G02/G02-22/G02-22_5335-jgd_GML.zip"
"平年値（気候）メッシュ","G02-22_5336-jgd_GML.zip","G02/G02-22/G02-22_5336-jgd_GML.zip"
"平年値（気候）メッシュ","G02-22_5337-jgd_GML.zip","G02/G02-22/G02-22_5337-jgd_GML.zip"
"平年値（気候）メッシュ","G02-22_5338-jgd_GML.zip","G02/G02-22/G02-22_5338-jgd_GML.zip"
"平年値（気候）メッシュ","G02-22_5339-jgd_GML.zip","G02/G02-22/G02-22_5339-jgd_GML.zip"
"平年値（気候）メッシュ","G02-22_5340-jgd_GML.zip","G02/G02-22/G02-22_5340-jgd_GML.zip"
"平年値（気候）メッシュ","G02-22_5432-jgd_GML.zip","G02/G02-22/G02-22_5432-jgd_GML.zip"
"平年値（気候）メッシュ","G02-22_5433-jgd_GML.zip","G02/G02-22/G02-22_5433-jgd_GML.zip"
"平年値（気候）メッシュ","G02-22_5435-jgd_GML.zip","G02/G02-22/G02-22_5435-jgd_GML.zip"
"平年値（気候）メッシュ","G02-22_5436-jgd_GML.zip","G02/G02-22/G02-22_5436-jgd_GML.zip"
"平年値（気候）メッシュ","G02-22_5437-jgd_GML.zip","G02/G02-22/G02-22_5437-jgd_GML.zip"
"平年値（気候）メッシュ","G02-22_5438-jgd_GML.zip","G02/G02-22/G02-22_5438-jgd_GML.zip"
"平年値（気候）メッシュ","G02-22_5439-jgd_GML.zip","G02/G02-22/G02-22_5439-jgd_GML.zip"
"平年値（気候）メッシュ","G02-22_5440-jgd_GML.zip","G02/G02-22/G02-22_5440-jgd_GML.zip"
"平年値（気候）メッシュ","G02-22_5531-jgd_GML.zip","G02/G02-22/G02-22_5531-jgd_GML.zip"
"平年値（気候）メッシュ","G02-22_5536-jgd_GML.zip","G02/G02-22/G02-22_5536-jgd_GML.zip"
"平年値（気候）メッシュ","G02-22_5537-jgd_GML.zip","G02/G02-22/G02-22_5537-jgd_GML.zip"
"平年値（気候）メッシュ","G02-22_5538-jgd_GML.zip","G02/G02-22/G02-22_5538-jgd_GML.zip"
"平年値（気候）メッシュ","G02-22_5539-jgd_GML.zip","G02/G02-22/G02-22_5539-jgd_GML.zip"
"平年値（気候）メッシュ","G02-22_5540-jgd_GML.zip","G02/G02-22/G02-22_5540-jgd_GML.zip"
"平年値（気候）メッシュ","G02-22_5541-jgd_GML.zip","G02/G02-22/G02-22_5541-jgd_GML.zip"
"平年値（気候）メッシュ","G02-22_5636-jgd_GML.zip","G02/G02-22/G02-22_5636-jgd_GML.zip"
"平年値（気候）メッシュ","G02-22_5637-jgd_GML.zip","G02/G02-22/G02-22_5637-jgd_GML.zip"
"平年値（気候）メッシュ","G02-22_5638-jgd_GML.zip","G02/G02-22/G02-22_5638-jgd_GML.zip"
"平年値（気候）メッシュ","G02-22_5639-jgd_GML.zip","G02/G02-22/G02-22_5639-jgd_GML.zip"
"平年値（気候）メッシュ","G02-22_5640-jgd_GML.zip","G02/G02-22/G02-22_5640-jgd_GML.zip"
"平年値（気候）メッシュ","G02-22_5641-jgd_GML.zip","G02/G02-22/G02-22_5641-jgd_GML.zip"
"平年値（気候）メッシュ","G02-22_5738-jgd_GML.zip","G02/G02-22/G02-22_5738-jgd_GML.zip"
"平年値（気候）メッシュ","G02-22_5739-jgd_GML.zip","G02/G02-22/G02-22_5739-jgd_GML.zip"
"平年値（気候）メッシュ","G02-22_5740-jgd_GML.zip","G02/G02-22/G02-22_5740-jgd_GML.zip"
"平年値（気候）メッシュ","G02-22_5741-jgd_GML.zip","G02/G02-22/G02-22_5741-jgd_GML.zip"
"平年値（気候）メッシュ","G02-22_5839-jgd_GML.zip","G02/G02-22/G02-22_5839-jgd_GML.zip"
"平年値（気候）メッシュ","G02-22_5840-jgd_GML.zip","G02/G02-22/G02-22_5840-jgd_GML.zip"
"平年値（気候）メッシュ","G02-22_5841-jgd_GML.zip","G02/G02-22/G02-22_5841-jgd_GML.zip"
"平年値（気候）メッシュ","G02-22_5939-jgd_GML.zip","G02/G02-22/G02-22_5939-jgd_GML.zip"
"平年値（気候）メッシュ","G02-22_5940-jgd_GML.zip","G02/G02-22/G02-22_5940-jgd_GML.zip"
"平年値（気候）メッシュ","G02-22_5941-jgd_GML.zip","G02/G02-22/G02-22_5941-jgd_GML.zip"
"平年値（気候）メッシュ","G02-22_5942-jgd_GML.zip","G02/G02-22/G02-22_5942-jgd_GML.zip"
"平年値（気候）メッシュ","G02-22_6039-jgd_GML.zip","G02/G02-22/G02-22_6039-jgd_GML.zip"
"平年値（気候）メッシュ","G02-22_6040-jgd_GML.zip","G02/G02-22/G02-22_6040-jgd_GML.zip"
"平年値（気候）メッシュ","G02-22_6041-jgd_GML.zip","G02/G02-22/G02-22_6041-jgd_GML.zip"
"平年値（気候）メッシュ","G02-22_6139-jgd_GML.zip","G02/G02-22/G02-22_6139-jgd_GML.zip"
"平年値（気候）メッシュ","G02-22_6140-jgd_GML.zip","G02/G02-22/G02-22_6140-jgd_GML.zip"
"平年値（気候）メッシュ","G02-22_6141-jgd_GML.zip","G02/G02-22/G02-22_6141-jgd_GML.zip"
"平年値（気候）メッシュ","G02-22_6239-jgd_GML.zip","G02/G02-22/G02-22_6239-jgd_GML.zip"
"平年値（気候）メッシュ","G02-22_6240-jgd_GML.zip","G02/G02-22/G02-22_6240-jgd_GML.zip"
"平年値（気候）メッシュ","G02-22_6241-jgd_GML.zip","G02/G02-22/G02-22_6241-jgd_GML.zip"
"平年値（気候）メッシュ","G02-22_6243-jgd_GML.zip","G02/G02-22/G02-22_6243-jgd_GML.zip"
"平年値（気候）メッシュ","G02-22_6339-jgd_GML.zip","G02/G02-22/G02-22_6339-jgd_GML.zip"
"平年値（気候）メッシュ","G02-22_6340-jgd_GML.zip","G02/G02-22/G02-22_6340-jgd_GML.zip"
"平年値（気候）メッシュ","G02-22_6341-jgd_GML.zip","G02/G02-22/G02-22_6341-jgd_GML.zip"
"平年値（気候）メッシュ","G02-22_6342-jgd_GML.zip","G02/G02-22/G02-22_6342-jgd_GML.zip"
"平年値（気候）メッシュ","G02-22_6343-jgd_GML.zip","G02/G02-22/G02-22_6343-jgd_GML.zip"
"平年値（気候）メッシュ","G02-22_6439-jgd_GML.zip","G02/G02-22/G02-22_6439-jgd_GML.zip"
"平年値（気候）メッシュ","G02-22_6440-jgd_GML.zip","G02/G02-22/G02-22_6440-jgd_GML.zip"
"平年値（気候）メッシュ","G02-22_6441-jgd_GML.zip","G02/G02-22/G02-22_6441-jgd_GML.zip"
"平年値（気候）メッシュ","G02-22_6442-jgd_GML.zip","G02/G02-22/G02-22_6442-jgd_GML.zip"
"平年値（気候）メッシュ","G02-22_6443-jgd_GML.zip","G02/G02-22/G02-22_6443-jgd_GML.zip"
"平年値（気候）メッシュ","G02-22_6444-jgd_GML.zip","G02/G02-22/G02-22_6444-jgd_GML.zip"
"平年値（気候）メッシュ","G02-22_6445-jgd_GML.zip","G02/G02-22/G02-22_6445-jgd_GML.zip"
"平年値（気候）メッシュ","G02-22_6540-jgd_GML.zip","G02/G02-22/G02-22_6540-jgd_GML.zip"
"平年値（気候）メッシュ","G02-22_6541-jgd_GML.zip","G02/G02-22/G02-22_6541-jgd_GML.zip"
"平年値（気候）メッシュ","G02-22_6542-jgd_GML.zip","G02/G02-22/G02-22_6542-jgd_GML.zip"
"平年値（気候）メッシュ","G02-22_6543-jgd_GML.zip","G02/G02-22/G02-22_6543-jgd_GML.zip"
"平年値（気候）メッシュ","G02-22_6544-jgd_GML.zip","G02/G02-22/G02-22_6544-jgd_GML.zip"
"平年値（気候）メッシュ","G02-22_6545-jgd_GML.zip","G02/G02-22/G02-22_6545-jgd_GML.zip"
"平年値（気候）メッシュ","G02-22_6546-jgd_GML.zip","G02/G02-22/G02-22_6546-jgd_GML.zip"
"平年値（気候）メッシュ","G02-22_6641-jgd_GML.zip","G02/G02-22/G02-22_6641-jgd_GML.zip"
"平年値（気候）メッシュ","G02-22_6642-jgd_GML.zip","G02/G02-22/G02-22_6642-jgd_GML.zip"
"平年値（気候）メッシュ","G02-22_6643-jgd_GML.zip","G02/G02-22/G02-22_6643-jgd_GML.zip"
"平年値（気候）メッシュ","G02-22_6644-jgd_GML.zip","G02/G02-22/G02-22_6644-jgd_GML.zip"
"平年値（気候）メッシュ","G02-22_6645-jgd_GML.zip","G02/G02-22/G02-22_6645-jgd_GML.zip"
"平年値（気候）メッシュ","G02-22_6646-jgd_GML.zip","G02/G02-22/G02-22_6646-jgd_GML.zip"
"平年値（気候）メッシュ","G02-22_6647-jgd_GML.zip","G02/G02-22/G02-22_6647-jgd_GML.zip"
"平年値（気候）メッシュ","G02-22_6741-jgd_GML.zip","G02/G02-22/G02-22_6741-jgd_GML.zip"
"平年値（気候）メッシュ","G02-22_6742-jgd_GML.zip","G02/G02-22/G02-22_6742-jgd_GML.zip"
"平年値（気候）メッシュ","G02-22_6747-jgd_GML.zip","G02/G02-22/G02-22_6747-jgd_GML.zip"
"平年値（気候）メッシュ","G02-22_6748-jgd_GML.zip","G02/G02-22/G02-22_6748-jgd_GML.zip"
"平年値（気候）メッシュ","G02-22_6840-jgd_GML.zip","G02/G02-22/G02-22_6840-jgd_GML.zip"
"平年値（気候）メッシュ","G02-22_6841-jgd_GML.zip","G02/G02-22/G02-22_6841-jgd_GML.zip"
"平年値（気候）メッシュ","G02-22_6842-jgd_GML.zip","G02/G02-22/G02-22_6842-jgd_GML.zip"
"平年値（気候）メッシュ","G02-22_6847-jgd_GML.zip","G02/G02-22/G02-22_6847-jgd_GML.zip"
"平年値（気候）メッシュ","G02-22_6848-jgd_GML.zip","G02/G02-22/G02-22_6848-jgd_GML.zip"
"竜巻等の突風","A30b-11_GML.zip","A30b/A30b-11/A30b-11_GML.zip"
"土砂災害・雪崩メッシュ","A30a5-11_3927-jgd_GML.zip","A30a5/A30a5-11/A30a5-11_3927-jgd_GML.zip"
"土砂災害・雪崩メッシュ","A30a5-11_3928-jgd_GML.zip","A30a5/A30a5-11/A30a5-11_3928-jgd_GML.zip"
"土砂災害・雪崩メッシュ","A30a5-11_4128-jgd_GML.zip","A30a5/A30a5-11/A30a5-11_4128-jgd_GML.zip"
"土砂災害・雪崩メッシュ","A30a5-11_4229-jgd_GML.zip","A30a5/A30a5-11/A30a5-11_4229-jgd_GML.zip"
"土砂災害・雪崩メッシュ","A30a5-11_4429-jgd_GML.zip","A30a5/A30a5-11/A30a5-11_4429-jgd_GML.zip"
"土砂災害・雪崩メッシュ","A30a5-11_4530-jgd_GML.zip","A30a5/A30a5-11/A30a5-11_4530-jgd_GML.zip"
"土砂災害・雪崩メッシュ","A30a5-11_4531-jgd_GML.zip","A30a5/A30a5-11/A30a5-11_4531-jgd_GML.zip"
"土砂災害・雪崩メッシュ","A30a5-11_4630-jgd_GML.zip","A30a5/A30a5-11/A30a5-11_4630-jgd_GML.zip"
"土砂災害・雪崩メッシュ","A30a5-11_4631-jgd_GML.zip","A30a5/A30a5-11/A30a5-11_4631-jgd_GML.zip"
"土砂災害・雪崩メッシュ","A30a5-11_4729-jgd_GML.zip","A30a5/A30a5-11/A30a5-11_4729-jgd_GML.zip"
"土砂災害・雪崩メッシュ","A30a5-11_4730-jgd_GML.zip","A30a5/A30a5-11/A30a5-11_4730-jgd_GML.zip"
"土砂災害・雪崩メッシュ","A30a5-11_4731-jgd_GML.zip","A30a5/A30a5-11/A30a5-11_4731-jgd_GML.zip"
"土砂災害・雪崩メッシュ","A30a5-11_4829-jgd_GML.zip","A30a5/A30a5-11/A30a5-11_4829-jgd_GML.zip"
"土砂災害・雪崩メッシュ","A30a5-11_4830-jgd_GML.zip","A30a5/A30a5-11/A30a5-11_4830-jgd_GML.zip"
"土砂災害・雪崩メッシュ","A30a5-11_4831-jgd_GML.zip","A30a5/A30a5-11/A30a5-11_4831-jgd_GML.zip"
"土砂災害・雪崩メッシュ","A30a5-11_4928-jgd_GML.zip","A30a5/A30a5-11/A30a5-11_4928-jgd_GML.zip"
"土砂災害・雪崩メッシュ","A30a5-11_4929-jgd_GML.zip","A30a5/A30a5-11/A30a5-11_4929-jgd_GML.zip"
"土砂災害・雪崩メッシュ","A30a5-11_4930-jgd_GML.zip","A30a5/A30a5-11/A30a5-11_4930-jgd_GML.zip"
"土砂災害・雪崩メッシュ","A30a5-11_4931-jgd_GML.zip","A30a5/A30a5-11/A30a5-11_4931-jgd_GML.zip"
"土砂災害・雪崩メッシュ","A30a5-11_4932-jgd_GML.zip","A30a5/A30a5-11/A30a5-11_4932-jgd_GML.zip"
"土砂災害・雪崩メッシュ","A30a5-11_4933-jgd_GML.zip","A30a5/A30a5-11/A30a5-11_4933-jgd_GML.zip"
"土砂災害・雪崩メッシュ","A30a5-11_4934-jgd_GML.zip","A30a5/A30a5-11/A30a5-11_4934-jgd_GML.zip"
"土砂災害・雪崩メッシュ","A30a5-11_4939-jgd_GML.zip","A30a5/A30a5-11/A30a5-11_4939-jgd_GML.zip"
"土砂災害・雪崩メッシュ","A30a5-11_5029-jgd_GML.zip","A30a5/A30a5-11/A30a5-11_5029-jgd_GML.zip"
"土砂災害・雪崩メッシュ","A30a5-11_5030-jgd_GML.zip","A30a5/A30a5-11/A30a5-11_5030-jgd_GML.zip"
"土砂災害・雪崩メッシュ","A30a5-11_5031-jgd_GML.zip","A30a5/A30a5-11/A30a5-11_5031-jgd_GML.zip"
"土砂災害・雪崩メッシュ","A30a5-11_5032-jgd_GML.zip","A30a5/A30a5-11/A30a5-11_5032-jgd_GML.zip"
"土砂災害・雪崩メッシュ","A30a5-11_5033-jgd_GML.zip","A30a5/A30a5-11/A30a5-11_5033-jgd_GML.zip"
"土砂災害・雪崩メッシュ","A30a5-11_5034-jgd_GML.zip","A30a5/A30a5-11/A30a5-11_5034-jgd_GML.zip"
"土砂災害・雪崩メッシュ","A30a5-11_5035-jgd_GML.zip","A30a5/A30a5-11/A30a5-11_5035-jgd_GML.zip"
"土砂災害・雪崩メッシュ","A30a5-11_5036-jgd_GML.zip","A30a5/A30a5-11/A30a5-11_5036-jgd_GML.zip"
"土砂災害・雪崩メッシュ","A30a5-11_5129-jgd_GML.zip","A30a5/A30a5-11/A30a5-11_5129-jgd_GML.zip"
"土砂災害・雪崩メッシュ","A30a5-11_5130-jgd_GML.zip","A30a5/A30a5-11/A30a5-11_5130-jgd_GML.zip"
"土砂災害・雪崩メッシュ","A30a5-11_5131-jgd_GML.zip","A30a5/A30a5-11/A30a5-11_5131-jgd_GML.zip"
"土砂災害・雪崩メッシュ","A30a5-11_5132-jgd_GML.zip","A30a5/A30a5-11/A30a5-11_5132-jgd_GML.zip"
"土砂災害・雪崩メッシュ","A30a5-11_5133-jgd_GML.zip","A30a5/A30a5-11/A30a5-11_5133-jgd_GML.zip"
"土砂災害・雪崩メッシュ","A30a5-11_5134-jgd_GML.zip","A30a5/A30a5-11/A30a5-11_5134-jgd_GML.zip"
"土砂災害・雪崩メッシュ","A30a5-11_5135-jgd_GML.zip","A30a5/A30a5-11/A30a5-11_5135-jgd_GML.zip"
"土砂災害・雪崩メッシュ","A30a5-11_5136-jgd_GML.zip","A30a5/A30a5-11/A30a5-11_5136-jgd_GML.zip"
"土砂災害・雪崩メッシュ","A30a5-11_5138-jgd_GML.zip","A30a5/A30a5-11/A30a5-11_5138-jgd_GML.zip"
"土砂災害・雪崩メッシュ","A30a5-11_5139-jgd_GML.zip","A30a5/A30a5-11/A30a5-11_5139-jgd_GML.zip"
"土砂災害・雪崩メッシュ","A30a5-11_5231-jgd_GML.zip","A30a5/A30a5-11/A30a5-11_5231-jgd_GML.zip"
"土砂災害・雪崩メッシュ","A30a5-11_5232-jgd_GML.zip","A30a5/A30a5-11/A30a5-11_5232-jgd_GML.zip"
"土砂災害・雪崩メッシュ","A30a5-11_5233-jgd_GML.zip","A30a5/A30a5-11/A30a5-11_5233-jgd_GML.zip"
"土砂災害・雪崩メッシュ","A30a5-11_5234-jgd_GML.zip","A30a5/A30a5-11/A30a5-11_5234-jgd_GML.zip"
"土砂災害・雪崩メッシュ","A30a5-11_5235-jgd_GML.zip","A30a5/A30a5-11/A30a5-11_5235-jgd_GML.zip"
"土砂災害・雪崩メッシュ","A30a5-11_5236-jgd_GML.zip","A30a5/A30a5-11/A30a5-11_5236-jgd_GML.zip"
"土砂災害・雪崩メッシュ","A30a5-11_5237-jgd_GML.zip","A30a5/A30a5-11/A30a5-11_5237-jgd_GML.zip"
"土砂災害・雪崩メッシュ","A30a5-11_5238-jgd_GML.zip","A30a5/A30a5-11/A30a5-11_5238-jgd_GML.zip"
"土砂災害・雪崩メッシュ","A30a5-11_5239-jgd_GML.zip","A30a5/A30a5-11/A30a5-11_5239-jgd_GML.zip"
"土砂災害・雪崩メッシュ","A30a5-11_5240-jgd_GML.zip","A30a5/A30a5-11/A30a5-11_5240-jgd_GML.zip"
"土砂災害・雪崩メッシュ","A30a5-11_5332-jgd_GML.zip","A30a5/A30a5-11/A30a5-11_5332-jgd_GML.zip"
"土砂災害・雪崩メッシュ","A30a5-11_5333-jgd_GML.zip","A30a5/A30a5-11/A30a5-11_5333-jgd_GML.zip"
"土砂災害・雪崩メッシュ","A30a5-11_5334-jgd_GML.zip","A30a5/A30a5-11/A30a5-11_5334-jgd_GML.zip"
"土砂災害・雪崩メッシュ","A30a5-11_5335-jgd_GML.zip","A30a5/A30a5-11/A30a5-11_5335-jgd_GML.zip"
"土砂災害・雪崩メッシュ","A30a5-11_5336-jgd_GML.zip","A30a5/A30a5-11/A30a5-11_5336-jgd_GML.zip"
"土砂災害・雪崩メッシュ","A30a5-11_5337-jgd_GML.zip","A30a5/A30a5-11/A30a5-11_5337-jgd_GML.zip"
"土砂災害・雪崩メッシュ","A30a5-11_5338-jgd_GML.zip","A30a5/A30a5-11/A30a5-11_5338-jgd_GML.zip"
"土砂災害・雪崩メッシュ","A30a5-11_5339-jgd_GML.zip","A30a5/A30a5-11/A30a5-11_5339-jgd_GML.zip"
"土砂災害・雪崩メッシュ","A30a5-11_5340-jgd_GML.zip","A30a5/A30a5-11/A30a5-11_5340-jgd_GML.zip"
"土砂災害・雪崩メッシュ","A30a5-11_5432-jgd_GML.zip","A30a5/A30a5-11/A30a5-11_5432-jgd_GML.zip"
"土砂災害・雪崩メッシュ","A30a5-11_5433-jgd_GML.zip","A30a5/A30a5-11/A30a5-11_5433-jgd_GML.zip"
"土砂災害・雪崩メッシュ","A30a5-11_5436-jgd_GML.zip","A30a5/A30a5-11/A30a5-11_5436-jgd_GML.zip"
"土砂災害・雪崩メッシュ","A30a5-11_5437-jgd_GML.zip","A30a5/A30a5-11/A30a5-11_5437-jgd_GML.zip"
"土砂災害・雪崩メッシュ","A30a5-11_5438-jgd_GML.zip","A30a5/A30a5-11/A30a5-11_5438-jgd_GML.zip"
"土砂災害・雪崩メッシュ","A30a5-11_5439-jgd_GML.zip","A30a5/A30a5-11/A30a5-11_5439-jgd_GML.zip"
"土砂災害・雪崩メッシュ","A30a5-11_5440-jgd_GML.zip","A30a5/A30a5-11/A30a5-11_5440-jgd_GML.zip"
"土砂災害・雪崩メッシュ","A30a5-11_5536-jgd_GML.zip","A30a5/A30a5-11/A30a5-11_5536-jgd_GML.zip"
"土砂災害・雪崩メッシュ","A30a5-11_5537-jgd_GML.zip","A30a5/A30a5-11/A30a5-11_5537-jgd_GML.zip"
"土砂災害・雪崩メッシュ","A30a5-11_5538-jgd_GML.zip","A30a5/A30a5-11/A30a5-11_5538-jgd_GML.zip"
"土砂災害・雪崩メッシュ","A30a5-11_5539-jgd_GML.zip","A30a5/A30a5-11/A30a5-11_5539-jgd_GML.zip"
"土砂災害・雪崩メッシュ","A30a5-11_5540-jgd_GML.zip","A30a5/A30a5-11/A30a5-11_5540-jgd_GML.zip"
"土砂災害・雪崩メッシュ","A30a5-11_5636-jgd_GML.zip","A30a5/A30a5-11/A30a5-11_5636-jgd_GML.zip"
"土砂災害・雪崩メッシュ","A30a5-11_5637-jgd_GML.zip","A30a5/A30a5-11/A30a5-11_5637-jgd_GML.zip"
"土砂災害・雪崩メッシュ","A30a5-11_5638-jgd_GML.zip","A30a5/A30a5-11/A30a5-11_5638-jgd_GML.zip"
"土砂災害・雪崩メッシュ","A30a5-11_5639-jgd_GML.zip","A30a5/A30a5-11/A30a5-11_5639-jgd_GML.zip"
"土砂災害・雪崩メッシュ","A30a5-11_5640-jgd_GML.zip","A30a5/A30a5-11/A30a5-11_5640-jgd_GML.zip"
"土砂災害・雪崩メッシュ","A30a5-11_5641-jgd_GML.zip","A30a5/A30a5-11/A30a5-11_5641-jgd_GML.zip"
"土砂災害・雪崩メッシュ","A30a5-11_5738-jgd_GML.zip","A30a5/A30a5-11/A30a5-11_5738-jgd_GML.zip"
"土砂災害・雪崩メッシュ","A30a5-11_5739-jgd_GML.zip","A30a5/A30a5-11/A30a5-11_5739-jgd_GML.zip"
"土砂災害・雪崩メッシュ","A30a5-11_5740-jgd_GML.zip","A30a5/A30a5-11/A30a5-11_5740-jgd_GML.zip"
"土砂災害・雪崩メッシュ","A30a5-11_5741-jgd_GML.zip","A30a5/A30a5-11/A30a5-11_5741-jgd_GML.zip"
"土砂災害・雪崩メッシュ","A30a5-11_5839-jgd_GML.zip","A30a5/A30a5-11/A30a5-11_5839-jgd_GML.zip"
"土砂災害・雪崩メッシュ","A30a5-11_5840-jgd_GML.zip","A30a5/A30a5-11/A30a5-11_5840-jgd_GML.zip"
"土砂災害・雪崩メッシュ","A30a5-11_5841-jgd_GML.zip","A30a5/A30a5-11/A30a5-11_5841-jgd_GML.zip"
"土砂災害・雪崩メッシュ","A30a5-11_5940-jgd_GML.zip","A30a5/A30a5-11/A30a5-11_5940-jgd_GML.zip"
"土砂災害・雪崩メッシュ","A30a5-11_5941-jgd_GML.zip","A30a5/A30a5-11/A30a5-11_5941-jgd_GML.zip"
"土砂災害・雪崩メッシュ","A30a5-11_6040-jgd_GML.zip","A30a5/A30a5-11/A30a5-11_6040-jgd_GML.zip"
"土砂災害・雪崩メッシュ","A30a5-11_6041-jgd_GML.zip","A30a5/A30a5-11/A30a5-11_6041-jgd_GML.zip"
"土砂災害・雪崩メッシュ","A30a5-11_6140-jgd_GML.zip","A30a5/A30a5-11/A30a5-11_6140-jgd_GML.zip"
"土砂災害・雪崩メッシュ","A30a5-11_6141-jgd_GML.zip","A30a5/A30a5-11/A30a5-11_6141-jgd_GML.zip"
"土砂災害・雪崩メッシュ","A30a5-11_6240-jgd_GML.zip","A30a5/A30a5-11/A30a5-11_6240-jgd_GML.zip"
"土砂災害・雪崩メッシュ","A30a5-11_6241-jgd_GML.zip","A30a5/A30a5-11/A30a5-11_6241-jgd_GML.zip"
"土砂災害・雪崩メッシュ","A30a5-11_6340-jgd_GML.zip","A30a5/A30a5-11/A30a5-11_6340-jgd_GML.zip"
"土砂災害・雪崩メッシュ","A30a5-11_6341-jgd_GML.zip","A30a5/A30a5-11/A30a5-11_6341-jgd_GML.zip"
"土砂災害・雪崩メッシュ","A30a5-11_6342-jgd_GML.zip","A30a5/A30a5-11/A30a5-11_6342-jgd_GML.zip"
"土砂災害・雪崩メッシュ","A30a5-11_6440-jgd_GML.zip","A30a5/A30a5-11/A30a5-11_6440-jgd_GML.zip"
"土砂災害・雪崩メッシュ","A30a5-11_6441-jgd_GML.zip","A30a5/A30a5-11/A30a5-11_6441-jgd_GML.zip"
"土砂災害・雪崩メッシュ","A30a5-11_6443-jgd_GML.zip","A30a5/A30a5-11/A30a5-11_6443-jgd_GML.zip"
"土砂災害・雪崩メッシュ","A30a5-11_6444-jgd_GML.zip","A30a5/A30a5-11/A30a5-11_6444-jgd_GML.zip"
"土砂災害・雪崩メッシュ","A30a5-11_6542-jgd_GML.zip","A30a5/A30a5-11/A30a5-11_6542-jgd_GML.zip"
"土砂災害・雪崩メッシュ","A30a5-11_6543-jgd_GML.zip","A30a5/A30a5-11/A30a5-11_6543-jgd_GML.zip"
"土砂災害・雪崩メッシュ","A30a5-11_6643-jgd_GML.zip","A30a5/A30a5-11/A30a5-11_6643-jgd_GML.zip"
"土砂災害・雪崩メッシュ","A30a5-11_6645-jgd_GML.zip","A30a5/A30a5-11/A30a5-11_6645-jgd_GML.zip"
"土砂災害・雪崩メッシュ","A30a5-11_6741-jgd_GML.zip","A30a5/A30a5-11/A30a5-11_6741-jgd_GML.zip"
"土砂災害・雪崩メッシュ","A30a5-11_6841-jgd_GML.zip","A30a5/A30a5-11/A30a5-11_6841-jgd_GML.zip"
"土砂災害警戒区域","A33-25_52_GEOJSON.zip","A33/A33-25/A33-25_52_GEOJSON.zip"
"土砂災害警戒区域","A33-25_53_GEOJSON.zip","A33/A33-25/A33-25_53_GEOJSON.zip"
"土砂災害警戒区域","A33-25_54_GEOJSON.zip","A33/A33-25/A33-25_54_GEOJSON.zip"
"土砂災害警戒区域","A33-25_55_GEOJSON.zip","A33/A33-25/A33-25_55_GEOJSON.zip"
"土砂災害警戒区域","A33-25_56_GEOJSON.zip","A33/A33-25/A33-25_56_GEOJSON.zip"
"土砂災害警戒区域","A33-25_57_GEOJSON.zip","A33/A33-25/A33-25_57_GEOJSON.zip"
"土砂災害警戒区域","A33-25_58_GEOJSON.zip","A33/A33-25/A33-25_58_GEOJSON.zip"
"土砂災害警戒区域","A33-25_59_GEOJSON.zip","A33/A33-25/A33-25_59_GEOJSON.zip"
"地すべり防止区域","A46-21_53_GML.zip","A46/A46-21/A46-21_53_GML.zip"
"地すべり防止区域","A46-21_55_GML.zip","A46/A46-21/A46-21_55_GML.zip"
"地すべり防止区域","A46-21_57_GML.zip","A46/A46-21/A46-21_57_GML.zip"
"地すべり防止区域","A46-21_59_GML.zip","A46/A46-21/A46-21_59_GML.zip"
"急傾斜地崩壊危険区域","A47-21_01_GML.zip","A47/A47-21/A47-21_01_GML.zip"
"急傾斜地崩壊危険区域","A47-21_02_GML.zip","A47/A47-21/A47-21_02_GML.zip"
"急傾斜地崩壊危険区域","A47-21_03_GML.zip","A47/A47-21/A47-21_03_GML.zip"
"急傾斜地崩壊危険区域","A47-21_04_GML.zip","A47/A47-21/A47-21_04_GML.zip"
"急傾斜地崩壊危険区域","A47-21_05_GML.zip","A47/A47-21/A47-21_05_GML.zip"
"急傾斜地崩壊危険区域","A47-21_06_GML.zip","A47/A47-21/A47-21_06_GML.zip"
"急傾斜地崩壊危険区域","A47-21_07_GML.zip","A47/A47-21/A47-21_07_GML.zip"
"急傾斜地崩壊危険区域","A47-21_08_GML.zip","A47/A47-21/A47-21_08_GML.zip"
"急傾斜地崩壊危険区域","A47-21_09_GML.zip","A47/A47-21/A47-21_09_GML.zip"
"急傾斜地崩壊危険区域","A47-21_10_GML.zip","A47/A47-21/A47-21_10_GML.zip"
"急傾斜地崩壊危険区域","A47-21_11_GML.zip","A47/A47-21/A47-21_11_GML.zip"
"急傾斜地崩壊危険区域","A47-21_12_GML.zip","A47/A47-21/A47-21_12_GML.zip"
"急傾斜地崩壊危険区域","A47-21_13_GML.zip","A47/A47-21/A47-21_13_GML.zip"
"急傾斜地崩壊危険区域","A47-21_15_GML.zip","A47/A47-21/A47-21_15_GML.zip"
"急傾斜地崩壊危険区域","A47-21_16_GML.zip","A47/A47-21/A47-21_16_GML.zip"
"急傾斜地崩壊危険区域","A47-21_17_GML.zip","A47/A47-21/A47-21_17_GML.zip"
"急傾斜地崩壊危険区域","A47-21_20_GML.zip","A47/A47-21/A47-21_20_GML.zip"
"急傾斜地崩壊危険区域","A47-21_21_GML.zip","A47/A47-21/A47-21_21_GML.zip"
"急傾斜地崩壊危険区域","A47-21_22_GML.zip","A47/A47-21/A47-21_22_GML.zip"
"急傾斜地崩壊危険区域","A47-21_24_GML.zip","A47/A47-21/A47-21_24_GML.zip"
"急傾斜地崩壊危険区域","A47-21_25_GML.zip","A47/A47-21/A47-21_25_GML.zip"
"急傾斜地崩壊危険区域","A47-21_27_GML.zip","A47/A47-21/A47-21_27_GML.zip"
"急傾斜地崩壊危険区域","A47-21_30_GML.zip","A47/A47-21/A47-21_30_GML.zip"
"急傾斜地崩壊危険区域","A47-21_31_GML.zip","A47/A47-21/A47-21_31_GML.zip"
"急傾斜地崩壊危険区域","A47-21_32_GML.zip","A47/A47-21/A47-21_32_GML.zip"
"急傾斜地崩壊危険区域","A47-21_33_GML.zip","A47/A47-21/A47-21_33_GML.zip"
"急傾斜地崩壊危険区域","A47-21_34_GML.zip","A47/A47-21/A47-21_34_GML.zip"
"急傾斜地崩壊危険区域","A47-21_36_GML.zip","A47/A47-21/A47-21_36_GML.zip"
"急傾斜地崩壊危険区域","A47-21_38_GML.zip","A47/A47-21/A47-21_38_GML.zip"
"急傾斜地崩壊危険区域","A47-21_39_GML.zip","A47/A47-21/A47-21_39_GML.zip"
"急傾斜地崩壊危険区域","A47-21_41_GML.zip","A47/A47-21/A47-21_41_GML.zip"
"急傾斜地崩壊危険区域","A47-21_43_GML.zip","A47/A47-21/A47-21_43_GML.zip"
"急傾斜地崩壊危険区域","A47-21_46_GML.zip","A47/A47-21/A47-21_46_GML.zip"
"急傾斜地崩壊危険区域","A47-21_47_GML.zip","A47/A47-21/A47-21_47_GML.zip"
"津波浸水想定","A40-23_01_GML.zip","A40/A40-23/A40-23_01_GML.zip"
"津波浸水想定","A40-21_02_GML.zip","A40/A40-21/A40-21_02_GML.zip"
"津波浸水想定","A40-22_03_GML.zip","A40/A40-22/A40-22_03_GML.zip"
"津波浸水想定","A40-22_04_GML.zip","A40/A40-22/A40-22_04_GML.zip"
"津波浸水想定","A40-16_05_GML.zip","A40/A40-16/A40-16_05_GML.zip"
"津波浸水想定","A40-16_06_GML.zip","A40/A40-16/A40-16_06_GML.zip"
"津波浸水想定","A40-23_07_GML.zip","A40/A40-23/A40-23_07_GML.zip"
"津波浸水想定","A40-23_08_GML.zip","A40/A40-23/A40-23_08_GML.zip"
"津波浸水想定","A40-18_12_GML.zip","A40/A40-18/A40-18_12_GML.zip"
"津波浸水想定","A40-23_13_GML.zip","A40/A40-23/A40-23_13_GML.zip"
"津波浸水想定","A40-20_14_GML.zip","A40/A40-20/A40-20_14_GML.zip"
"津波浸水想定","A40-17_15_GML.zip","A40/A40-17/A40-17_15_GML.zip"
"津波浸水想定","A40-20_16_GML.zip","A40/A40-20/A40-20_16_GML.zip"
"津波浸水想定","A40-17_17_GML.zip","A40/A40-17/A40-17_17_GML.zip"
"津波浸水想定","A40-23_18_GML.zip","A40/A40-23/A40-23_18_GML.zip"
"津波浸水想定","A40-23_21_GML.zip","A40/A40-23/A40-23_21_GML.zip"
"津波浸水想定","A40-16_22_GML.zip","A40/A40-16/A40-16_22_GML.zip"
"津波浸水想定","A40-22_23_GML.zip","A40/A40-22/A40-22_23_GML.zip"
"津波浸水想定","A40-16_24_GML.zip","A40/A40-16/A40-16_24_GML.zip"
"津波浸水想定","A40-16_26_GML.zip","A40/A40-16/A40-16_26_GML.zip"
"津波浸水想定","A40-23_27_GML.zip","A40/A40-23/A40-23_27_GML.zip"
"津波浸水想定","A40-18_28_GML.zip","A40/A40-18/A40-18_28_GML.zip"
"津波浸水想定","A40-16_30_GML.zip","A40/A40-16/A40-16_30_GML.zip"
"津波浸水想定","A40-18_31_GML.zip","A40/A40-18/A40-18_31_GML.zip"
"津波浸水想定","A40-24_32_GML.zip","A40/A40-24/A40-24_32_GML.zip"
"津波浸水想定","A40-22_33_GML.zip","A40/A40-22/A40-22_33_GML.zip"
"津波浸水想定","A40-16_34_GML.zip","A40/A40-16/A40-16_34_GML.zip"
"津波浸水想定","A40-16_35_GML.zip","A40/A40-16/A40-16_35_GML.zip"
"津波浸水想定","A40-16_36_GML.zip","A40/A40-16/A40-16_36_GML.zip"
"津波浸水想定","A40-16_38_GML.zip","A40/A40-16/A40-16_38_GML.zip"
"津波浸水想定","A40-16_39_GML.zip","A40/A40-16/A40-16_39_GML.zip"
"津波浸水想定","A40-16_40_GML.zip","A40/A40-16/A40-16_40_GML.zip"
"津波浸水想定","A40-16_41_GML.zip","A40/A40-16/A40-16_41_GML.zip"
"津波浸水想定","A40-16_42_GML.zip","A40/A40-16/A40-16_42_GML.zip"
"津波浸水想定","A40-22_43_GML.zip","A40/A40-22/A40-22_43_GML.zip"
"津波浸水想定","A40-16_44_GML.zip","A40/A40-16/A40-16_44_GML.zip"
"津波浸水想定","A40-23_45_GML.zip","A40/A40-23/A40-23_45_GML.zip"
"津波浸水想定","A40-20_46_GML.zip","A40/A40-20/A40-20_46_GML.zip"
"津波浸水想定","A40-16_47_GML.zip","A40/A40-16/A40-16_47_GML.zip"
"高潮浸水想定区域","A49-23_02_GML.zip","A49/A49-23/A49-23_02_GML.zip"
"高潮浸水想定区域","A49-20_12_GML.zip","A49/A49-20/A49-20_12_GML.zip"
"高潮浸水想定区域","A49-20_13_GML.zip","A49/A49-20/A49-20_13_GML.zip"
"高潮浸水想定区域","A49-24_14_GML.zip","A49/A49-24/A49-24_14_GML.zip"
"高潮浸水想定区域","A49-22_23_GML.zip","A49/A49-22/A49-22_23_GML.zip"
"高潮浸水想定区域","A49-21_24_GML.zip","A49/A49-21/A49-21_24_GML.zip"
"高潮浸水想定区域","A49-21_27_GML.zip","A49/A49-21/A49-21_27_GML.zip"
"高潮浸水想定区域","A49-24_28_GML.zip","A49/A49-24/A49-24_28_GML.zip"
"高潮浸水想定区域","A49-23_35_GML.zip","A49/A49-23/A49-23_35_GML.zip"
"高潮浸水想定区域","A49-22_36_GML.zip","A49/A49-22/A49-22_36_GML.zip"
"高潮浸水想定区域","A49-22_37_GML.zip","A49/A49-22/A49-22_37_GML.zip"
"高潮浸水想定区域","A49-20_40_GML.zip","A49/A49-20/A49-20_40_GML.zip"
"高潮浸水想定区域","A49-23_41_GML.zip","A49/A49-23/A49-23_41_GML.zip"
"高潮浸水想定区域","A49-21_44_GML.zip","A49/A49-21/A49-21_44_GML.zip"
"高潮浸水想定区域","A49-23_45_GML.zip","A49/A49-23/A49-23_45_GML.zip"
"災害危険区域","A48-21_57_GML.zip","A48/A48-21/A48-21_57_GML.zip"
"砂防指定地","A52-23_02_GML.zip","A52/A52-23/A52-23_02_GML.zip"
"砂防指定地","A52-23_03_GML.zip","A52/A52-23/A52-23_03_GML.zip"
"砂防指定地","A52-23_08_GML.zip","A52/A52-23/A52-23_08_GML.zip"
"砂防指定地","A52-23_09_GML.zip","A52/A52-23/A52-23_09_GML.zip"
"砂防指定地","A52-23_11_GML.zip","A52/A52-23/A52-23_11_GML.zip"
"砂防指定地","A52-23_12_GML.zip","A52/A52-23/A52-23_12_GML.zip"
"砂防指定地","A52-23_13_GML.zip","A52/A52-23/A52-23_13_GML.zip"
"砂防指定地","A52-23_14_GML.zip","A52/A52-23/A52-23_14_GML.zip"
"砂防指定地","A52-23_15_GML.zip","A52/A52-23/A52-23_15_GML.zip"
"砂防指定地","A52-23_17_GML.zip","A52/A52-23/A52-23_17_GML.zip"
"砂防指定地","A52-23_20_GML.zip","A52/A52-23/A52-23_20_GML.zip"
"砂防指定地","A52-23_21_GML.zip","A52/A52-23/A52-23_21_GML.zip"
"砂防指定地","A52-23_22_GML.zip","A52/A52-23/A52-23_22_GML.zip"
"砂防指定地","A52-23_25_GML.zip","A52/A52-23/A52-23_25_GML.zip"
"砂防指定地","A52-23_30_GML.zip","A52/A52-23/A52-23_30_GML.zip"
"砂防指定地","A52-23_32_GML.zip","A52/A52-23/A52-23_32_GML.zip"
"砂防指定地","A52-23_34_GML.zip","A52/A52-23/A52-23_34_GML.zip"
"砂防指定地","A52-23_36_GML.zip","A52/A52-23/A52-23_36_GML.zip"
"砂防指定地","A52-23_37_GML.zip","A52/A52-23/A52-23_37_GML.zip"
"砂防指定地","A52-23_39_GML.zip","A52/A52-23/A52-23_39_GML.zip"
"砂防指定地","A52-23_42_GML.zip","A52/A52-23/A52-23_42_GML.zip"
"砂防指定地","A52-23_43_GML.zip","A52/A52-23/A52-23_43_GML.zip"
"砂防指定地","A52-23_46_GML.zip","A52/A52-23/A52-23_46_GML.zip"
"砂防指定地","A52-23_47_GML.zip","A52/A52-23/A52-23_47_GML.zip"
"多段階浸水想定","A53-25_81_GEOJSON.zip","A53/A53-25/A53-25_81_GEOJSON.zip"
"多段階浸水想定","A53-23-81_GEOJSON.zip","A53/A53-23/A53-23-81_GEOJSON.zip"
"多段階浸水想定","A53-25_82_GEOJSON.zip","A53/A53-25/A53-25_82_GEOJSON.zip"
"多段階浸水想定","A53-25_83_GEOJSON.zip","A53/A53-25/A53-25_83_GEOJSON.zip"
"多段階浸水想定","A53-25_84_GEOJSON.zip","A53/A53-25/A53-25_84_GEOJSON.zip"
"多段階浸水想定","A53-25_85_GEOJSON.zip","A53/A53-25/A53-25_85_GEOJSON.zip"
"多段階浸水想定","A53-25_86_GEOJSON.zip","A53/A53-25/A53-25_86_GEOJSON.zip"
"多段階浸水想定","A53-25_87_GEOJSON.zip","A53/A53-25/A53-25_87_GEOJSON.zip"
"多段階浸水想定","A53-25_88_GEOJSON.zip","A53/A53-25/A53-25_88_GEOJSON.zip"
"多段階浸水想定","A53-25_89_GEOJSON.zip","A53/A53-25/A53-25_89_GEOJSON.zip"
"雨水出水（内水）浸水想定区域","A51-25_01_GML.zip","A51/A51-25/A51-25_01_GML.zip"
"雨水出水（内水）浸水想定区域","A51-25_02_GML.zip","A51/A51-25/A51-25_02_GML.zip"
"雨水出水（内水）浸水想定区域","A51-25_04_GML.zip","A51/A51-25/A51-25_04_GML.zip"
"雨水出水（内水）浸水想定区域","A51-25_10_GML.zip","A51/A51-25/A51-25_10_GML.zip"
"雨水出水（内水）浸水想定区域","A51-25_11_GML.zip","A51/A51-25/A51-25_11_GML.zip"
"雨水出水（内水）浸水想定区域","A51-25_12_GML.zip","A51/A51-25/A51-25_12_GML.zip"
"雨水出水（内水）浸水想定区域","A51-25_13_GML.zip","A51/A51-25/A51-25_13_GML.zip"
"雨水出水（内水）浸水想定区域","A51-25_14_GML.zip","A51/A51-25/A51-25_14_GML.zip"
"雨水出水（内水）浸水想定区域","A51-25_16_GML.zip","A51/A51-25/A51-25_16_GML.zip"
"雨水出水（内水）浸水想定区域","A51-25_17_GML.zip","A51/A51-25/A51-25_17_GML.zip"
"雨水出水（内水）浸水想定区域","A51-25_18_GML.zip","A51/A51-25/A51-25_18_GML.zip"
"雨水出水（内水）浸水想定区域","A51-25_20_GML.zip","A51/A51-25/A51-25_20_GML.zip"
"雨水出水（内水）浸水想定区域","A51-25_23_GML.zip","A51/A51-25/A51-25_23_GML.zip"
"雨水出水（内水）浸水想定区域","A51-25_28_GML.zip","A51/A51-25/A51-25_28_GML.zip"
"雨水出水（内水）浸水想定区域","A51-25_31_GML.zip","A51/A51-25/A51-25_31_GML.zip"
"雨水出水（内水）浸水想定区域","A51-25_32_GML.zip","A51/A51-25/A51-25_32_GML.zip"
"雨水出水（内水）浸水想定区域","A51-25_33_GML.zip","A51/A51-25/A51-25_33_GML.zip"
"雨水出水（内水）浸水想定区域","A51-25_34_GML.zip","A51/A51-25/A51-25_34_GML.zip"
"雨水出水（内水）浸水想定区域","A51-25_35_GML.zip","A51/A51-25/A51-25_35_GML.zip"
"雨水出水（内水）浸水想定区域","A51-25_37_GML.zip","A51/A51-25/A51-25_37_GML.zip"
"雨水出水（内水）浸水想定区域","A51-25_38_GML.zip","A51/A51-25/A51-25_38_GML.zip"
"雨水出水（内水）浸水想定区域","A51-25_40_GML.zip","A51/A51-25/A51-25_40_GML.zip"
"国・都道府県の機関","P28-22.zip","P28/P28-22/P28-22.zip"
"市町村役場等及び公的集会施設","P05-22_GML.zip","P05/P05-22/P05-22_GML.zip"
"市区町村役場","P34-14_01_GML.zip","P34/P34-14/P34-14_01_GML.zip"
"市区町村役場","P34-14_02_GML.zip","P34/P34-14/P34-14_02_GML.zip"
"市区町村役場","P34-14_03_GML.zip","P34/P34-14/P34-14_03_GML.zip"
"市区町村役場","P34-14_04_GML.zip","P34/P34-14/P34-14_04_GML.zip"
"市区町村役場","P34-14_05_GML.zip","P34/P34-14/P34-14_05_GML.zip"
"市区町村役場","P34-14_06_GML.zip","P34/P34-14/P34-14_06_GML.zip"
"市区町村役場","P34-14_07_GML.zip","P34/P34-14/P34-14_07_GML.zip"
"市区町村役場","P34-14_08_GML.zip","P34/P34-14/P34-14_08_GML.zip"
"市区町村役場","P34-14_09_GML.zip","P34/P34-14/P34-14_09_GML.zip"
"市区町村役場","P34-14_10_GML.zip","P34/P34-14/P34-14_10_GML.zip"
"市区町村役場","P34-14_11_GML.zip","P34/P34-14/P34-14_11_GML.zip"
"市区町村役場","P34-14_12_GML.zip","P34/P34-14/P34-14_12_GML.zip"
"市区町村役場","P34-14_13_GML.zip","P34/P34-14/P34-14_13_GML.zip"
"市区町村役場","P34-14_14_GML.zip","P34/P34-14/P34-14_14_GML.zip"
"市区町村役場","P34-14_15_GML.zip","P34/P34-14/P34-14_15_GML.zip"
"市区町村役場","P34-14_16_GML.zip","P34/P34-14/P34-14_16_GML.zip"
"市区町村役場","P34-14_17_GML.zip","P34/P34-14/P34-14_17_GML.zip"
"市区町村役場","P34-14_18_GML.zip","P34/P34-14/P34-14_18_GML.zip"
"市区町村役場","P34-14_19_GML.zip","P34/P34-14/P34-14_19_GML.zip"
"市区町村役場","P34-14_20_GML.zip","P34/P34-14/P34-14_20_GML.zip"
"市区町村役場","P34-14_21_GML.zip","P34/P34-14/P34-14_21_GML.zip"
"市区町村役場","P34-14_22_GML.zip","P34/P34-14/P34-14_22_GML.zip"
"市区町村役場","P34-14_23_GML.zip","P34/P34-14/P34-14_23_GML.zip"
"市区町村役場","P34-14_24_GML.zip","P34/P34-14/P34-14_24_GML.zip"
"市区町村役場","P34-14_25_GML.zip","P34/P34-14/P34-14_25_GML.zip"
"市区町村役場","P34-14_26_GML.zip","P34/P34-14/P34-14_26_GML.zip"
"市区町村役場","P34-14_27_GML.zip","P34/P34-14/P34-14_27_GML.zip"
"市区町村役場","P34-14_28_GML.zip","P34/P34-14/P34-14_28_GML.zip"
"市区町村役場","P34-14_29_GML.zip","P34/P34-14/P34-14_29_GML.zip"
"市区町村役場","P34-14_30_GML.zip","P34/P34-14/P34-14_30_GML.zip"
"市区町村役場","P34-14_31_GML.zip","P34/P34-14/P34-14_31_GML.zip"
"市区町村役場","P34-14_32_GML.zip","P34/P34-14/P34-14_32_GML.zip"
"市区町村役場","P34-14_33_GML.zip","P34/P34-14/P34-14_33_GML.zip"
"市区町村役場","P34-14_34_GML.zip","P34/P34-14/P34-14_34_GML.zip"
"市区町村役場","P34-14_35_GML.zip","P34/P34-14/P34-14_35_GML.zip"
"市区町村役場","P34-14_36_GML.zip","P34/P34-14/P34-14_36_GML.zip"
"市区町村役場","P34-14_37_GML.zip","P34/P34-14/P34-14_37_GML.zip"
"市区町村役場","P34-14_38_GML.zip","P34/P34-14/P34-14_38_GML.zip"
"市区町村役場","P34-14_39_GML.zip","P34/P34-14/P34-14_39_GML.zip"
"市区町村役場","P34-14_40_GML.zip","P34/P34-14/P34-14_40_GML.zip"
"市区町村役場","P34-14_41_GML.zip","P34/P34-14/P34-14_41_GML.zip"
"市区町村役場","P34-14_42_GML.zip","P34/P34-14/P34-14_42_GML.zip"
"市区町村役場","P34-14_43_GML.zip","P34/P34-14/P34-14_43_GML.zip"
"市区町村役場","P34-14_44_GML.zip","P34/P34-14/P34-14_44_GML.zip"
"市区町村役場","P34-14_45_GML.zip","P34/P34-14/P34-14_45_GML.zip"
"市区町村役場","P34-14_46_GML.zip","P34/P34-14/P34-14_46_GML.zip"
"市区町村役場","P34-14_47_GML.zip","P34/P34-14/P34-14_47_GML.zip"
"公共施設","P02-06_01_GML.zip","P02/P02-06/P02-06_01_GML.zip"
"公共施設","P02-06_02_GML.zip","P02/P02-06/P02-06_02_GML.zip"
"公共施設","P02-06_03_GML.zip","P02/P02-06/P02-06_03_GML.zip"
"公共施設","P02-06_04_GML.zip","P02/P02-06/P02-06_04_GML.zip"
"公共施設","P02-06_05_GML.zip","P02/P02-06/P02-06_05_GML.zip"
"公共施設","P02-06_06_GML.zip","P02/P02-06/P02-06_06_GML.zip"
"公共施設","P02-06_07_GML.zip","P02/P02-06/P02-06_07_GML.zip"
"公共施設","P02-06_08_GML.zip","P02/P02-06/P02-06_08_GML.zip"
"公共施設","P02-06_09_GML.zip","P02/P02-06/P02-06_09_GML.zip"
"公共施設","P02-06_10_GML.zip","P02/P02-06/P02-06_10_GML.zip"
"公共施設","P02-06_11_GML.zip","P02/P02-06/P02-06_11_GML.zip"
"公共施設","P02-06_12_GML.zip","P02/P02-06/P02-06_12_GML.zip"
"公共施設","P02-06_13_GML.zip","P02/P02-06/P02-06_13_GML.zip"
"公共施設","P02-06_14_GML.zip","P02/P02-06/P02-06_14_GML.zip"
"公共施設","P02-06_15_GML.zip","P02/P02-06/P02-06_15_GML.zip"
"公共施設","P02-06_16_GML.zip","P02/P02-06/P02-06_16_GML.zip"
"公共施設","P02-06_17_GML.zip","P02/P02-06/P02-06_17_GML.zip"
"公共施設","P02-06_18_GML.zip","P02/P02-06/P02-06_18_GML.zip"
"公共施設","P02-06_19_GML.zip","P02/P02-06/P02-06_19_GML.zip"
"公共施設","P02-06_20_GML.zip","P02/P02-06/P02-06_20_GML.zip"
"公共施設","P02-06_21_GML.zip","P02/P02-06/P02-06_21_GML.zip"
"公共施設","P02-06_22_GML.zip","P02/P02-06/P02-06_22_GML.zip"
"公共施設","P02-06_23_GML.zip","P02/P02-06/P02-06_23_GML.zip"
"公共施設","P02-06_24_GML.zip","P02/P02-06/P02-06_24_GML.zip"
"公共施設","P02-06_25_GML.zip","P02/P02-06/P02-06_25_GML.zip"
"公共施設","P02-06_26_GML.zip","P02/P02-06/P02-06_26_GML.zip"
"公共施設","P02-06_27_GML.zip","P02/P02-06/P02-06_27_GML.zip"
"公共施設","P02-06_28_GML.zip","P02/P02-06/P02-06_28_GML.zip"
"公共施設","P02-06_29_GML.zip","P02/P02-06/P02-06_29_GML.zip"
"公共施設","P02-06_30_GML.zip","P02/P02-06/P02-06_30_GML.zip"
"公共施設","P02-06_31_GML.zip","P02/P02-06/P02-06_31_GML.zip"
"公共施設","P02-06_32_GML.zip","P02/P02-06/P02-06_32_GML.zip"
"公共施設","P02-06_33_GML.zip","P02/P02-06/P02-06_33_GML.zip"
"公共施設","P02-06_34_GML.zip","P02/P02-06/P02-06_34_GML.zip"
"公共施設","P02-06_35_GML.zip","P02/P02-06/P02-06_35_GML.zip"
"公共施設","P02-06_36_GML.zip","P02/P02-06/P02-06_36_GML.zip"
"公共施設","P02-06_37_GML.zip","P02/P02-06/P02-06_37_GML.zip"
"公共施設","P02-06_38_GML.zip","P02/P02-06/P02-06_38_GML.zip"
"公共施設","P02-06_39_GML.zip","P02/P02-06/P02-06_39_GML.zip"
"公共施設","P02-06_40_GML.zip","P02/P02-06/P02-06_40_GML.zip"
"公共施設","P02-06_41_GML.zip","P02/P02-06/P02-06_41_GML.zip"
"公共施設","P02-06_42_GML.zip","P02/P02-06/P02-06_42_GML.zip"
"公共施設","P02-06_43_GML.zip","P02/P02-06/P02-06_43_GML.zip"
"公共施設","P02-06_44_GML.zip","P02/P02-06/P02-06_44_GML.zip"
"公共施設","P02-06_45_GML.zip","P02/P02-06/P02-06_45_GML.zip"
"公共施設","P02-06_46_GML.zip","P02/P02-06/P02-06_46_GML.zip"
"公共施設","P02-06_47_GML.zip","P02/P02-06/P02-06_47_GML.zip"
"警察署","P18-12_01_GML.zip","P18/P18-12/P18-12_01_GML.zip"
"警察署","P18-12_02_GML.zip","P18/P18-12/P18-12_02_GML.zip"
"警察署","P18-12_03_GML.zip","P18/P18-12/P18-12_03_GML.zip"
"警察署","P18-12_04_GML.zip","P18/P18-12/P18-12_04_GML.zip"
"警察署","P18-12_05_GML.zip","P18/P18-12/P18-12_05_GML.zip"
"警察署","P18-12_06_GML.zip","P18/P18-12/P18-12_06_GML.zip"
"警察署","P18-12_07_GML.zip","P18/P18-12/P18-12_07_GML.zip"
"警察署","P18-12_08_GML.zip","P18/P18-12/P18-12_08_GML.zip"
"警察署","P18-12_09_GML.zip","P18/P18-12/P18-12_09_GML.zip"
"警察署","P18-12_10_GML.zip","P18/P18-12/P18-12_10_GML.zip"
"警察署","P18-12_11_GML.zip","P18/P18-12/P18-12_11_GML.zip"
"警察署","P18-12_12_GML.zip","P18/P18-12/P18-12_12_GML.zip"
"警察署","P18-12_13_GML.zip","P18/P18-12/P18-12_13_GML.zip"
"警察署","P18-12_14_GML.zip","P18/P18-12/P18-12_14_GML.zip"
"警察署","P18-12_15_GML.zip","P18/P18-12/P18-12_15_GML.zip"
"警察署","P18-12_16_GML.zip","P18/P18-12/P18-12_16_GML.zip"
"警察署","P18-12_17_GML.zip","P18/P18-12/P18-12_17_GML.zip"
"警察署","P18-12_18_GML.zip","P18/P18-12/P18-12_18_GML.zip"
"警察署","P18-12_19_GML.zip","P18/P18-12/P18-12_19_GML.zip"
"警察署","P18-12_20_GML.zip","P18/P18-12/P18-12_20_GML.zip"
"警察署","P18-12_21_GML.zip","P18/P18-12/P18-12_21_GML.zip"
"警察署","P18-12_22_GML.zip","P18/P18-12/P18-12_22_GML.zip"
"警察署","P18-12_23_GML.zip","P18/P18-12/P18-12_23_GML.zip"
"警察署","P18-12_24_GML.zip","P18/P18-12/P18-12_24_GML.zip"
"警察署","P18-12_25_GML.zip","P18/P18-12/P18-12_25_GML.zip"
"警察署","P18-12_26_GML.zip","P18/P18-12/P18-12_26_GML.zip"
"警察署","P18-12_27_GML.zip","P18/P18-12/P18-12_27_GML.zip"
"警察署","P18-12_28_GML.zip","P18/P18-12/P18-12_28_GML.zip"
"警察署","P18-12_29_GML.zip","P18/P18-12/P18-12_29_GML.zip"
"警察署","P18-12_30_GML.zip","P18/P18-12/P18-12_30_GML.zip"
"警察署","P18-12_31_GML.zip","P18/P18-12/P18-12_31_GML.zip"
"警察署","P18-12_32_GML.zip","P18/P18-12/P18-12_32_GML.zip"
"警察署","P18-12_33_GML.zip","P18/P18-12/P18-12_33_GML.zip"
"警察署","P18-12_34_GML.zip","P18/P18-12/P18-12_34_GML.zip"
"警察署","P18-12_35_GML.zip","P18/P18-12/P18-12_35_GML.zip"
"警察署","P18-12_36_GML.zip","P18/P18-12/P18-12_36_GML.zip"
"警察署","P18-12_37_GML.zip","P18/P18-12/P18-12_37_GML.zip"
"警察署","P18-12_38_GML.zip","P18/P18-12/P18-12_38_GML.zip"
"警察署","P18-12_39_GML.zip","P18/P18-12/P18-12_39_GML.zip"
"警察署","P18-12_40_GML.zip","P18/P18-12/P18-12_40_GML.zip"
"警察署","P18-12_41_GML.zip","P18/P18-12/P18-12_41_GML.zip"
"警察署","P18-12_42_GML.zip","P18/P18-12/P18-12_42_GML.zip"
"警察署","P18-12_43_GML.zip","P18/P18-12/P18-12_43_GML.zip"
"警察署","P18-12_44_GML.zip","P18/P18-12/P18-12_44_GML.zip"
"警察署","P18-12_45_GML.zip","P18/P18-12/P18-12_45_GML.zip"
"警察署","P18-12_46_GML.zip","P18/P18-12/P18-12_46_GML.zip"
"警察署","P18-12_47_GML.zip","P18/P18-12/P18-12_47_GML.zip"
"消防署","P17-12_01_GML.zip","P17/P17-12/P17-12_01_GML.zip"
"消防署","P17-12_02_GML.zip","P17/P17-12/P17-12_02_GML.zip"
"消防署","P17-12_03_GML.zip","P17/P17-12/P17-12_03_GML.zip"
"消防署","P17-12_04_GML.zip","P17/P17-12/P17-12_04_GML.zip"
"消防署","P17-12_05_GML.zip","P17/P17-12/P17-12_05_GML.zip"
"消防署","P17-12_06_GML.zip","P17/P17-12/P17-12_06_GML.zip"
"消防署","P17-12_07_GML.zip","P17/P17-12/P17-12_07_GML.zip"
"消防署","P17-12_08_GML.zip","P17/P17-12/P17-12_08_GML.zip"
"消防署","P17-12_09_GML.zip","P17/P17-12/P17-12_09_GML.zip"
"消防署","P17-12_10_GML.zip","P17/P17-12/P17-12_10_GML.zip"
"消防署","P17-12_11_GML.zip","P17/P17-12/P17-12_11_GML.zip"
"消防署","P17-12_12_GML.zip","P17/P17-12/P17-12_12_GML.zip"
"消防署","P17-12_13_GML.zip","P17/P17-12/P17-12_13_GML.zip"
"消防署","P17-12_14_GML.zip","P17/P17-12/P17-12_14_GML.zip"
"消防署","P17-12_15_GML.zip","P17/P17-12/P17-12_15_GML.zip"
"消防署","P17-12_16_GML.zip","P17/P17-12/P17-12_16_GML.zip"
"消防署","P17-12_17_GML.zip","P17/P17-12/P17-12_17_GML.zip"
"消防署","P17-12_18_GML.zip","P17/P17-12/P17-12_18_GML.zip"
"消防署","P17-12_19_GML.zip","P17/P17-12/P17-12_19_GML.zip"
"消防署","P17-12_20_GML.zip","P17/P17-12/P17-12_20_GML.zip"
"消防署","P17-12_21_GML.zip","P17/P17-12/P17-12_21_GML.zip"
"消防署","P17-12_22_GML.zip","P17/P17-12/P17-12_22_GML.zip"
"消防署","P17-12_23_GML.zip","P17/P17-12/P17-12_23_GML.zip"
"消防署","P17-12_24_GML.zip","P17/P17-12/P17-12_24_GML.zip"
"消防署","P17-12_25_GML.zip","P17/P17-12/P17-12_25_GML.zip"
"消防署","P17-12_26_GML.zip","P17/P17-12/P17-12_26_GML.zip"
"消防署","P17-12_27_GML.zip","P17/P17-12/P17-12_27_GML.zip"
"消防署","P17-12_28_GML.zip","P17/P17-12/P17-12_28_GML.zip"
"消防署","P17-12_29_GML.zip","P17/P17-12/P17-12_29_GML.zip"
"消防署","P17-12_30_GML.zip","P17/P17-12/P17-12_30_GML.zip"
"消防署","P17-12_31_GML.zip","P17/P17-12/P17-12_31_GML.zip"
"消防署","P17-12_32_GML.zip","P17/P17-12/P17-12_32_GML.zip"
"消防署","P17-12_33_GML.zip","P17/P17-12/P17-12_33_GML.zip"
"消防署","P17-12_34_GML.zip","P17/P17-12/P17-12_34_GML.zip"
"消防署","P17-12_35_GML.zip","P17/P17-12/P17-12_35_GML.zip"
"消防署","P17-12_36_GML.zip","P17/P17-12/P17-12_36_GML.zip"
"消防署","P17-12_37_GML.zip","P17/P17-12/P17-12_37_GML.zip"
"消防署","P17-12_38_GML.zip","P17/P17-12/P17-12_38_GML.zip"
"消防署","P17-12_39_GML.zip","P17/P17-12/P17-12_39_GML.zip"
"消防署","P17-12_40_GML.zip","P17/P17-12/P17-12_40_GML.zip"
"消防署","P17-12_41_GML.zip","P17/P17-12/P17-12_41_GML.zip"
"消防署","P17-12_42_GML.zip","P17/P17-12/P17-12_42_GML.zip"
"消防署","P17-12_43_GML.zip","P17/P17-12/P17-12_43_GML.zip"
"消防署","P17-12_44_GML.zip","P17/P17-12/P17-12_44_GML.zip"
"消防署","P17-12_45_GML.zip","P17/P17-12/P17-12_45_GML.zip"
"消防署","P17-12_46_GML.zip","P17/P17-12/P17-12_46_GML.zip"
"消防署","P17-12_47_GML.zip","P17/P17-12/P17-12_47_GML.zip"
"郵便局","P30-13.zip","P30/P30-13/P30-13.zip"
"医療機関","P04-20_GML.zip","P04/P04-20/P04-20_GML.zip"
"福祉施設","P14-23_GML.zip","P14/P14-23/P14-23_GML.zip"
"文化施設","P27-13.zip","P27/P27-13/P27-13.zip"
"学校","P29-23_GML.zip","P29/P29-23/P29-23_GML.zip"
"学校","P29-13.zip","P29/P29-13/P29-13.zip"
"上水道関連施設","P21-12_01_GML.zip","P21/P21-12/P21-12_01_GML.zip"
"上水道関連施設","P21-12_02_GML.zip","P21/P21-12/P21-12_02_GML.zip"
"上水道関連施設","P21-12_03_GML.zip","P21/P21-12/P21-12_03_GML.zip"
"上水道関連施設","P21-12_04_GML.zip","P21/P21-12/P21-12_04_GML.zip"
"上水道関連施設","P21-12_05_GML.zip","P21/P21-12/P21-12_05_GML.zip"
"上水道関連施設","P21-12_06_GML.zip","P21/P21-12/P21-12_06_GML.zip"
"上水道関連施設","P21-12_07_GML.zip","P21/P21-12/P21-12_07_GML.zip"
"上水道関連施設","P21-12_08_GML.zip","P21/P21-12/P21-12_08_GML.zip"
"上水道関連施設","P21-12_09_GML.zip","P21/P21-12/P21-12_09_GML.zip"
"上水道関連施設","P21-12_10_GML.zip","P21/P21-12/P21-12_10_GML.zip"
"上水道関連施設","P21-12_11_GML.zip","P21/P21-12/P21-12_11_GML.zip"
"上水道関連施設","P21-12_12_GML.zip","P21/P21-12/P21-12_12_GML.zip"
"上水道関連施設","P21-12_13_GML.zip","P21/P21-12/P21-12_13_GML.zip"
"上水道関連施設","P21-12_14_GML.zip","P21/P21-12/P21-12_14_GML.zip"
"上水道関連施設","P21-12_15_GML.zip","P21/P21-12/P21-12_15_GML.zip"
"上水道関連施設","P21-12_16_GML.zip","P21/P21-12/P21-12_16_GML.zip"
"上水道関連施設","P21-12_17_GML.zip","P21/P21-12/P21-12_17_GML.zip"
"上水道関連施設","P21-12_18_GML.zip","P21/P21-12/P21-12_18_GML.zip"
"上水道関連施設","P21-12_19_GML.zip","P21/P21-12/P21-12_19_GML.zip"
"上水道関連施設","P21-12_20_GML.zip","P21/P21-12/P21-12_20_GML.zip"
"上水道関連施設","P21-12_21_GML.zip","P21/P21-12/P21-12_21_GML.zip"
"上水道関連施設","P21-12_22_GML.zip","P21/P21-12/P21-12_22_GML.zip"
"上水道関連施設","P21-12_23_GML.zip","P21/P21-12/P21-12_23_GML.zip"
"上水道関連施設","P21-12_24_GML.zip","P21/P21-12/P21-12_24_GML.zip"
"上水道関連施設","P21-12_25_GML.zip","P21/P21-12/P21-12_25_GML.zip"
"上水道関連施設","P21-12_26_GML.zip","P21/P21-12/P21-12_26_GML.zip"
"上水道関連施設","P21-12_27_GML.zip","P21/P21-12/P21-12_27_GML.zip"
"上水道関連施設","P21-12_28_GML.zip","P21/P21-12/P21-12_28_GML.zip"
"上水道関連施設","P21-12_29_GML.zip","P21/P21-12/P21-12_29_GML.zip"
"上水道関連施設","P21-12_30_GML.zip","P21/P21-12/P21-12_30_GML.zip"
"上水道関連施設","P21-12_31_GML.zip","P21/P21-12/P21-12_31_GML.zip"
"上水道関連施設","P21-12_32_GML.zip","P21/P21-12/P21-12_32_GML.zip"
"上水道関連施設","P21-12_33_GML.zip","P21/P21-12/P21-12_33_GML.zip"
"上水道関連施設","P21-12_34_GML.zip","P21/P21-12/P21-12_34_GML.zip"
"上水道関連施設","P21-12_35_GML.zip","P21/P21-12/P21-12_35_GML.zip"
"上水道関連施設","P21-12_36_GML.zip","P21/P21-12/P21-12_36_GML.zip"
"上水道関連施設","P21-12_37_GML.zip","P21/P21-12/P21-12_37_GML.zip"
"上水道関連施設","P21-12_38_GML.zip","P21/P21-12/P21-12_38_GML.zip"
"上水道関連施設","P21-12_39_GML.zip","P21/P21-12/P21-12_39_GML.zip"
"上水道関連施設","P21-12_40_GML.zip","P21/P21-12/P21-12_40_GML.zip"
"上水道関連施設","P21-12_41_GML.zip","P21/P21-12/P21-12_41_GML.zip"
"上水道関連施設","P21-12_42_GML.zip","P21/P21-12/P21-12_42_GML.zip"
"上水道関連施設","P21-12_43_GML.zip","P21/P21-12/P21-12_43_GML.zip"
"上水道関連施設","P21-12_44_GML.zip","P21/P21-12/P21-12_44_GML.zip"
"上水道関連施設","P21-12_45_GML.zip","P21/P21-12/P21-12_45_GML.zip"
"上水道関連施設","P21-12_46_GML.zip","P21/P21-12/P21-12_46_GML.zip"
"上水道関連施設","P21-12_47_GML.zip","P21/P21-12/P21-12_47_GML.zip"
"下水道関連施設","P22-12_01_GML.zip","P22/P22-12/P22-12_01_GML.zip"
"下水道関連施設","P22-12_02_GML.zip","P22/P22-12/P22-12_02_GML.zip"
"下水道関連施設","P22-12_03_GML.zip","P22/P22-12/P22-12_03_GML.zip"
"下水道関連施設","P22-12_04_GML.zip","P22/P22-12/P22-12_04_GML.zip"
"下水道関連施設","P22-12_05_GML.zip","P22/P22-12/P22-12_05_GML.zip"
"下水道関連施設","P22-12_06_GML.zip","P22/P22-12/P22-12_06_GML.zip"
"下水道関連施設","P22-12_07_GML.zip","P22/P22-12/P22-12_07_GML.zip"
"下水道関連施設","P22-12_08_GML.zip","P22/P22-12/P22-12_08_GML.zip"
"下水道関連施設","P22-12_09_GML.zip","P22/P22-12/P22-12_09_GML.zip"
"下水道関連施設","P22-12_10_GML.zip","P22/P22-12/P22-12_10_GML.zip"
"下水道関連施設","P22-12_11_GML.zip","P22/P22-12/P22-12_11_GML.zip"
"下水道関連施設","P22-12_12_GML.zip","P22/P22-12/P22-12_12_GML.zip"
"下水道関連施設","P22-12_13_GML.zip","P22/P22-12/P22-12_13_GML.zip"
"下水道関連施設","P22-12_14_GML.zip","P22/P22-12/P22-12_14_GML.zip"
"下水道関連施設","P22-12_15_GML.zip","P22/P22-12/P22-12_15_GML.zip"
"下水道関連施設","P22-12_16_GML.zip","P22/P22-12/P22-12_16_GML.zip"
"下水道関連施設","P22-12_17_GML.zip","P22/P22-12/P22-12_17_GML.zip"
"下水道関連施設","P22-12_18_GML.zip","P22/P22-12/P22-12_18_GML.zip"
"下水道関連施設","P22-12_19_GML.zip","P22/P22-12/P22-12_19_GML.zip"
"下水道関連施設","P22-12_20_GML.zip","P22/P22-12/P22-12_20_GML.zip"
"下水道関連施設","P22-12_21_GML.zip","P22/P22-12/P22-12_21_GML.zip"
"下水道関連施設","P22-12_22_GML.zip","P22/P22-12/P22-12_22_GML.zip"
"下水道関連施設","P22-12_23_GML.zip","P22/P22-12/P22-12_23_GML.zip"
"下水道関連施設","P22-12_24_GML.zip","P22/P22-12/P22-12_24_GML.zip"
"下水道関連施設","P22-12_25_GML.zip","P22/P22-12/P22-12_25_GML.zip"
"下水道関連施設","P22-12_26_GML.zip","P22/P22-12/P22-12_26_GML.zip"
"下水道関連施設","P22-12_27_GML.zip","P22/P22-12/P22-12_27_GML.zip"
"下水道関連施設","P22-12_28_GML.zip","P22/P22-12/P22-12_28_GML.zip"
"下水道関連施設","P22-12_29_GML.zip","P22/P22-12/P22-12_29_GML.zip"
"下水道関連施設","P22-12_30_GML.zip","P22/P22-12/P22-12_30_GML.zip"
"下水道関連施設","P22-12_31_GML.zip","P22/P22-12/P22-12_31_GML.zip"
"下水道関連施設","P22-12_32_GML.zip","P22/P22-12/P22-12_32_GML.zip"
"下水道関連施設","P22-12_33_GML.zip","P22/P22-12/P22-12_33_GML.zip"
"下水道関連施設","P22-12_34_GML.zip","P22/P22-12/P22-12_34_GML.zip"
"下水道関連施設","P22-12_35_GML.zip","P22/P22-12/P22-12_35_GML.zip"
"下水道関連施設","P22-12_36_GML.zip","P22/P22-12/P22-12_36_GML.zip"
"下水道関連施設","P22-12_37_GML.zip","P22/P22-12/P22-12_37_GML.zip"
"下水道関連施設","P22-12_38_GML.zip","P22/P22-12/P22-12_38_GML.zip"
"下水道関連施設","P22-12_39_GML.zip","P22/P22-12/P22-12_39_GML.zip"
"下水道関連施設","P22-12_40_GML.zip","P22/P22-12/P22-12_40_GML.zip"
"下水道関連施設","P22-12_41_GML.zip","P22/P22-12/P22-12_41_GML.zip"
"下水道関連施設","P22-12_42_GML.zip","P22/P22-12/P22-12_42_GML.zip"
"下水道関連施設","P22-12_43_GML.zip","P22/P22-12/P22-12_43_GML.zip"
"下水道関連施設","P22-12_44_GML.zip","P22/P22-12/P22-12_44_GML.zip"
"下水道関連施設","P22-12_45_GML.zip","P22/P22-12/P22-12_45_GML.zip"
"下水道関連施設","P22-12_46_GML.zip","P22/P22-12/P22-12_46_GML.zip"
"下水道関連施設","P22-12_47_GML.zip","P22/P22-12/P22-12_47_GML.zip"
"廃棄物処理施設","P15-12_01_GML.zip","P15/P15-12/P15-12_01_GML.zip"
"廃棄物処理施設","P15-12_02_GML.zip","P15/P15-12/P15-12_02_GML.zip"
"廃棄物処理施設","P15-12_03_GML.zip","P15/P15-12/P15-12_03_GML.zip"
"廃棄物処理施設","P15-12_04_GML.zip","P15/P15-12/P15-12_04_GML.zip"
"廃棄物処理施設","P15-12_05_GML.zip","P15/P15-12/P15-12_05_GML.zip"
"廃棄物処理施設","P15-12_06_GML.zip","P15/P15-12/P15-12_06_GML.zip"
"廃棄物処理施設","P15-12_07_GML.zip","P15/P15-12/P15-12_07_GML.zip"
"廃棄物処理施設","P15-12_08_GML.zip","P15/P15-12/P15-12_08_GML.zip"
"廃棄物処理施設","P15-12_09_GML.zip","P15/P15-12/P15-12_09_GML.zip"
"廃棄物処理施設","P15-12_10_GML.zip","P15/P15-12/P15-12_10_GML.zip"
"廃棄物処理施設","P15-12_11_GML.zip","P15/P15-12/P15-12_11_GML.zip"
"廃棄物処理施設","P15-12_12_GML.zip","P15/P15-12/P15-12_12_GML.zip"
"廃棄物処理施設","P15-12_13_GML.zip","P15/P15-12/P15-12_13_GML.zip"
"廃棄物処理施設","P15-12_14_GML.zip","P15/P15-12/P15-12_14_GML.zip"
"廃棄物処理施設","P15-12_15_GML.zip","P15/P15-12/P15-12_15_GML.zip"
"廃棄物処理施設","P15-12_16_GML.zip","P15/P15-12/P15-12_16_GML.zip"
"廃棄物処理施設","P15-12_17_GML.zip","P15/P15-12/P15-12_17_GML.zip"
"廃棄物処理施設","P15-12_18_GML.zip","P15/P15-12/P15-12_18_GML.zip"
"廃棄物処理施設","P15-12_19_GML.zip","P15/P15-12/P15-12_19_GML.zip"
"廃棄物処理施設","P15-12_20_GML.zip","P15/P15-12/P15-12_20_GML.zip"
"廃棄物処理施設","P15-12_21_GML.zip","P15/P15-12/P15-12_21_GML.zip"
"廃棄物処理施設","P15-12_22_GML.zip","P15/P15-12/P15-12_22_GML.zip"
"廃棄物処理施設","P15-12_23_GML.zip","P15/P15-12/P15-12_23_GML.zip"
"廃棄物処理施設","P15-12_24_GML.zip","P15/P15-12/P15-12_24_GML.zip"
"廃棄物処理施設","P15-12_25_GML.zip","P15/P15-12/P15-12_25_GML.zip"
"廃棄物処理施設","P15-12_26_GML.zip","P15/P15-12/P15-12_26_GML.zip"
"廃棄物処理施設","P15-12_27_GML.zip","P15/P15-12/P15-12_27_GML.zip"
"廃棄物処理施設","P15-12_28_GML.zip","P15/P15-12/P15-12_28_GML.zip"
"廃棄物処理施設","P15-12_29_GML.zip","P15/P15-12/P15-12_29_GML.zip"
"廃棄物処理施設","P15-12_30_GML.zip","P15/P15-12/P15-12_30_GML.zip"
"廃棄物処理施設","P15-12_31_GML.zip","P15/P15-12/P15-12_31_GML.zip"
"廃棄物処理施設","P15-12_32_GML.zip","P15/P15-12/P15-12_32_GML.zip"
"廃棄物処理施設","P15-12_33_GML.zip","P15/P15-12/P15-12_33_GML.zip"
"廃棄物処理施設","P15-12_34_GML.zip","P15/P15-12/P15-12_34_GML.zip"
"廃棄物処理施設","P15-12_35_GML.zip","P15/P15-12/P15-12_35_GML.zip"
"廃棄物処理施設","P15-12_36_GML.zip","P15/P15-12/P15-12_36_GML.zip"
"廃棄物処理施設","P15-12_37_GML.zip","P15/P15-12/P15-12_37_GML.zip"
"廃棄物処理施設","P15-12_38_GML.zip","P15/P15-12/P15-12_38_GML.zip"
"廃棄物処理施設","P15-12_39_GML.zip","P15/P15-12/P15-12_39_GML.zip"
"廃棄物処理施設","P15-12_40_GML.zip","P15/P15-12/P15-12_40_GML.zip"
"廃棄物処理施設","P15-12_41_GML.zip","P15/P15-12/P15-12_41_GML.zip"
"廃棄物処理施設","P15-12_42_GML.zip","P15/P15-12/P15-12_42_GML.zip"
"廃棄物処理施設","P15-12_43_GML.zip","P15/P15-12/P15-12_43_GML.zip"
"廃棄物処理施設","P15-12_44_GML.zip","P15/P15-12/P15-12_44_GML.zip"
"廃棄物処理施設","P15-12_45_GML.zip","P15/P15-12/P15-12_45_GML.zip"
"廃棄物処理施設","P15-12_46_GML.zip","P15/P15-12/P15-12_46_GML.zip"
"廃棄物処理施設","P15-12_47_GML.zip","P15/P15-12/P15-12_47_GML.zip"
"発電施設","P03-07_GML.zip","P03/P03-07/P03-07_GML.zip"
"発電施設","P03-13.zip","P03/P03-13/P03-13.zip"
"燃料給油所","P07-15_01_GML.zip","P07/P07-15/P07-15_01_GML.zip"
"燃料給油所","P07-15_02_GML.zip","P07/P07-15/P07-15_02_GML.zip"
"燃料給油所","P07-15_03_GML.zip","P07/P07-15/P07-15_03_GML.zip"
"燃料給油所","P07-15_04_GML.zip","P07/P07-15/P07-15_04_GML.zip"
"燃料給油所","P07-15_05_GML.zip","P07/P07-15/P07-15_05_GML.zip"
"燃料給油所","P07-15_06_GML.zip","P07/P07-15/P07-15_06_GML.zip"
"燃料給油所","P07-15_07_GML.zip","P07/P07-15/P07-15_07_GML.zip"
"燃料給油所","P07-15_08_GML.zip","P07/P07-15/P07-15_08_GML.zip"
"燃料給油所","P07-15_09_GML.zip","P07/P07-15/P07-15_09_GML.zip"
"燃料給油所","P07-15_10_GML.zip","P07/P07-15/P07-15_10_GML.zip"
"燃料給油所","P07-15_11_GML.zip","P07/P07-15/P07-15_11_GML.zip"
"燃料給油所","P07-15_12_GML.zip","P07/P07-15/P07-15_12_GML.zip"
"燃料給油所","P07-15_13_GML.zip","P07/P07-15/P07-15_13_GML.zip"
"燃料給油所","P07-15_14_GML.zip","P07/P07-15/P07-15_14_GML.zip"
"燃料給油所","P07-15_15_GML.zip","P07/P07-15/P07-15_15_GML.zip"
"燃料給油所","P07-15_16_GML.zip","P07/P07-15/P07-15_16_GML.zip"
"燃料給油所","P07-15_17_GML.zip","P07/P07-15/P07-15_17_GML.zip"
"燃料給油所","P07-15_18_GML.zip","P07/P07-15/P07-15_18_GML.zip"
"燃料給油所","P07-15_19_GML.zip","P07/P07-15/P07-15_19_GML.zip"
"燃料給油所","P07-15_20_GML.zip","P07/P07-15/P07-15_20_GML.zip"
"燃料給油所","P07-15_21_GML.zip","P07/P07-15/P07-15_21_GML.zip"
"燃料給油所","P07-15_22_GML.zip","P07/P07-15/P07-15_22_GML.zip"
"燃料給油所","P07-15_23_GML.zip","P07/P07-15/P07-15_23_GML.zip"
"燃料給油所","P07-15_24_GML.zip","P07/P07-15/P07-15_24_GML.zip"
"燃料給油所","P07-15_25_GML.zip","P07/P07-15/P07-15_25_GML.zip"
"燃料給油所","P07-15_26_GML.zip","P07/P07-15/P07-15_26_GML.zip"
"燃料給油所","P07-15_27_GML.zip","P07/P07-15/P07-15_27_GML.zip"
"燃料給油所","P07-15_28_GML.zip","P07/P07-15/P07-15_28_GML.zip"
"燃料給油所","P07-15_29_GML.zip","P07/P07-15/P07-15_29_GML.zip"
"燃料給油所","P07-15_30_GML.zip","P07/P07-15/P07-15_30_GML.zip"
"燃料給油所","P07-15_31_GML.zip","P07/P07-15/P07-15_31_GML.zip"
"燃料給油所","P07-15_32_GML.zip","P07/P07-15/P07-15_32_GML.zip"
"燃料給油所","P07-15_33_GML.zip","P07/P07-15/P07-15_33_GML.zip"
"燃料給油所","P07-15_34_GML.zip","P07/P07-15/P07-15_34_GML.zip"
"燃料給油所","P07-15_35_GML.zip","P07/P07-15/P07-15_35_GML.zip"
"燃料給油所","P07-15_36_GML.zip","P07/P07-15/P07-15_36_GML.zip"
"燃料給油所","P07-15_37_GML.zip","P07/P07-15/P07-15_37_GML.zip"
"燃料給油所","P07-15_38_GML.zip","P07/P07-15/P07-15_38_GML.zip"
"燃料給油所","P07-15_39_GML.zip","P07/P07-15/P07-15_39_GML.zip"
"燃料給油所","P07-15_40_GML.zip","P07/P07-15/P07-15_40_GML.zip"
"燃料給油所","P07-15_41_GML.zip","P07/P07-15/P07-15_41_GML.zip"
"燃料給油所","P07-15_42_GML.zip","P07/P07-15/P07-15_42_GML.zip"
"燃料給油所","P07-15_43_GML.zip","P07/P07-15/P07-15_43_GML.zip"
"燃料給油所","P07-15_44_GML.zip","P07/P07-15/P07-15_44_GML.zip"
"燃料給油所","P07-15_45_GML.zip","P07/P07-15/P07-15_45_GML.zip"
"燃料給油所","P07-15_46_GML.zip","P07/P07-15/P07-15_46_GML.zip"
"燃料給油所","P07-15_47_GML.zip","P07/P07-15/P07-15_47_GML.zip"
"ニュータウン","P26-13_01.zip","P26/P26-13/P26-13_01.zip"
"ニュータウン","P26-13_02.zip","P26/P26-13/P26-13_02.zip"
"ニュータウン","P26-13_03.zip","P26/P26-13/P26-13_03.zip"
"ニュータウン","P26-13_04.zip","P26/P26-13/P26-13_04.zip"
"ニュータウン","P26-13_05.zip","P26/P26-13/P26-13_05.zip"
"ニュータウン","P26-13_06.zip","P26/P26-13/P26-13_06.zip"
"ニュータウン","P26-13_07.zip","P26/P26-13/P26-13_07.zip"
"ニュータウン","P26-13_08.zip","P26/P26-13/P26-13_08.zip"
"ニュータウン","P26-13_09.zip","P26/P26-13/P26-13_09.zip"
"ニュータウン","P26-13_10.zip","P26/P26-13/P26-13_10.zip"
"ニュータウン","P26-13_11.zip","P26/P26-13/P26-13_11.zip"
"ニュータウン","P26-13_12.zip","P26/P26-13/P26-13_12.zip"
"ニュータウン","P26-13_13.zip","P26/P26-13/P26-13_13.zip"
"ニュータウン","P26-13_14.zip","P26/P26-13/P26-13_14.zip"
"ニュータウン","P26-13_15.zip","P26/P26-13/P26-13_15.zip"
"ニュータウン","P26-13_16.zip","P26/P26-13/P26-13_16.zip"
"ニュータウン","P26-13_17.zip","P26/P26-13/P26-13_17.zip"
"ニュータウン","P26-13_18.zip","P26/P26-13/P26-13_18.zip"
"ニュータウン","P26-13_19.zip","P26/P26-13/P26-13_19.zip"
"ニュータウン","P26-13_20.zip","P26/P26-13/P26-13_20.zip"
"ニュータウン","P26-13_21.zip","P26/P26-13/P26-13_21.zip"
"ニュータウン","P26-13_22.zip","P26/P26-13/P26-13_22.zip"
"ニュータウン","P26-13_23.zip","P26/P26-13/P26-13_23.zip"
"ニュータウン","P26-13_24.zip","P26/P26-13/P26-13_24.zip"
"ニュータウン","P26-13_25.zip","P26/P26-13/P26-13_25.zip"
"ニュータウン","P26-13_26.zip","P26/P26-13/P26-13_26.zip"
"ニュータウン","P26-13_27.zip","P26/P26-13/P26-13_27.zip"
"ニュータウン","P26-13_28.zip","P26/P26-13/P26-13_28.zip"
"ニュータウン","P26-13_29.zip","P26/P26-13/P26-13_29.zip"
"ニュータウン","P26-13_30.zip","P26/P26-13/P26-13_30.zip"
"ニュータウン","P26-13_31.zip","P26/P26-13/P26-13_31.zip"
"ニュータウン","P26-13_32.zip","P26/P26-13/P26-13_32.zip"
"ニュータウン","P26-13_33.zip","P26/P26-13/P26-13_33.zip"
"ニュータウン","P26-13_34.zip","P26/P26-13/P26-13_34.zip"
"ニュータウン","P26-13_35.zip","P26/P26-13/P26-13_35.zip"
"ニュータウン","P26-13_36.zip","P26/P26-13/P26-13_36.zip"
"ニュータウン","P26-13_37.zip","P26/P26-13/P26-13_37.zip"
"ニュータウン","P26-13_38.zip","P26/P26-13/P26-13_38.zip"
"ニュータウン","P26-13_39.zip","P26/P26-13/P26-13_39.zip"
"ニュータウン","P26-13_40.zip","P26/P26-13/P26-13_40.zip"
"ニュータウン","P26-13_41.zip","P26/P26-13/P26-13_41.zip"
"ニュータウン","P26-13_42.zip","P26/P26-13/P26-13_42.zip"
"ニュータウン","P26-13_43.zip","P26/P26-13/P26-13_43.zip"
"ニュータウン","P26-13_44.zip","P26/P26-13/P26-13_44.zip"
"ニュータウン","P26-13_45.zip","P26/P26-13/P26-13_45.zip"
"ニュータウン","P26-13_46.zip","P26/P26-13/P26-13_46.zip"
"ニュータウン","P26-13_47.zip","P26/P26-13/P26-13_47.zip"
"工業用地","L05-1-09_01_GML.zip","L05/L05-09/L05-1-09_01_GML.zip"
"工業用地","L05-2-09_01_GML.zip","L05/L05-09/L05-2-09_01_GML.zip"
"工業用地","L05-1-09_02_GML.zip","L05/L05-09/L05-1-09_02_GML.zip"
"工業用地","L05-2-09_02_GML.zip","L05/L05-09/L05-2-09_02_GML.zip"
"工業用地","L05-1-09_03_GML.zip","L05/L05-09/L05-1-09_03_GML.zip"
"工業用地","L05-2-09_03_GML.zip","L05/L05-09/L05-2-09_03_GML.zip"
"工業用地","L05-1-09_04_GML.zip","L05/L05-09/L05-1-09_04_GML.zip"
"工業用地","L05-2-09_04_GML.zip","L05/L05-09/L05-2-09_04_GML.zip"
"工業用地","L05-1-09_05_GML.zip","L05/L05-09/L05-1-09_05_GML.zip"
"工業用地","L05-2-09_05_GML.zip","L05/L05-09/L05-2-09_05_GML.zip"
"工業用地","L05-1-09_06_GML.zip","L05/L05-09/L05-1-09_06_GML.zip"
"工業用地","L05-2-09_06_GML.zip","L05/L05-09/L05-2-09_06_GML.zip"
"工業用地","L05-1-09_07_GML.zip","L05/L05-09/L05-1-09_07_GML.zip"
"工業用地","L05-2-09_07_GML.zip","L05/L05-09/L05-2-09_07_GML.zip"
"工業用地","L05-1-09_08_GML.zip","L05/L05-09/L05-1-09_08_GML.zip"
"工業用地","L05-2-09_08_GML.zip","L05/L05-09/L05-2-09_08_GML.zip"
"工業用地","L05-1-09_09_GML.zip","L05/L05-09/L05-1-09_09_GML.zip"
"工業用地","L05-2-09_09_GML.zip","L05/L05-09/L05-2-09_09_GML.zip"
"工業用地","L05-1-09_10_GML.zip","L05/L05-09/L05-1-09_10_GML.zip"
"工業用地","L05-2-09_10_GML.zip","L05/L05-09/L05-2-09_10_GML.zip"
"工業用地","L05-1-09_11_GML.zip","L05/L05-09/L05-1-09_11_GML.zip"
"工業用地","L05-2-09_11_GML.zip","L05/L05-09/L05-2-09_11_GML.zip"
"工業用地","L05-1-09_12_GML.zip","L05/L05-09/L05-1-09_12_GML.zip"
"工業用地","L05-2-09_12_GML.zip","L05/L05-09/L05-2-09_12_GML.zip"
"工業用地","L05-1-09_13_GML.zip","L05/L05-09/L05-1-09_13_GML.zip"
"工業用地","L05-2-09_13_GML.zip","L05/L05-09/L05-2-09_13_GML.zip"
"工業用地","L05-1-09_14_GML.zip","L05/L05-09/L05-1-09_14_GML.zip"
"工業用地","L05-2-09_14_GML.zip","L05/L05-09/L05-2-09_14_GML.zip"
"工業用地","L05-1-09_15_GML.zip","L05/L05-09/L05-1-09_15_GML.zip"
"工業用地","L05-2-09_15_GML.zip","L05/L05-09/L05-2-09_15_GML.zip"
"工業用地","L05-1-09_16_GML.zip","L05/L05-09/L05-1-09_16_GML.zip"
"工業用地","L05-2-09_16_GML.zip","L05/L05-09/L05-2-09_16_GML.zip"
"工業用地","L05-1-09_17_GML.zip","L05/L05-09/L05-1-09_17_GML.zip"
"工業用地","L05-2-09_17_GML.zip","L05/L05-09/L05-2-09_17_GML.zip"
"工業用地","L05-1-09_18_GML.zip","L05/L05-09/L05-1-09_18_GML.zip"
"工業用地","L05-2-09_18_GML.zip","L05/L05-09/L05-2-09_18_GML.zip"
"工業用地","L05-1-09_19_GML.zip","L05/L05-09/L05-1-09_19_GML.zip"
"工業用地","L05-2-09_19_GML.zip","L05/L05-09/L05-2-09_19_GML.zip"
"工業用地","L05-1-09_20_GML.zip","L05/L05-09/L05-1-09_20_GML.zip"
"工業用地","L05-2-09_20_GML.zip","L05/L05-09/L05-2-09_20_GML.zip"
"工業用地","L05-1-09_21_GML.zip","L05/L05-09/L05-1-09_21_GML.zip"
"工業用地","L05-2-09_21_GML.zip","L05/L05-09/L05-2-09_21_GML.zip"
"工業用地","L05-1-09_22_GML.zip","L05/L05-09/L05-1-09_22_GML.zip"
"工業用地","L05-2-09_22_GML.zip","L05/L05-09/L05-2-09_22_GML.zip"
"工業用地","L05-1-09_23_GML.zip","L05/L05-09/L05-1-09_23_GML.zip"
"工業用地","L05-2-09_23_GML.zip","L05/L05-09/L05-2-09_23_GML.zip"
"工業用地","L05-1-09_24_GML.zip","L05/L05-09/L05-1-09_24_GML.zip"
"工業用地","L05-2-09_24_GML.zip","L05/L05-09/L05-2-09_24_GML.zip"
"工業用地","L05-1-09_25_GML.zip","L05/L05-09/L05-1-09_25_GML.zip"
"工業用地","L05-2-09_25_GML.zip","L05/L05-09/L05-2-09_25_GML.zip"
"工業用地","L05-1-09_26_GML.zip","L05/L05-09/L05-1-09_26_GML.zip"
"工業用地","L05-2-09_26_GML.zip","L05/L05-09/L05-2-09_26_GML.zip"
"工業用地","L05-1-09_27_GML.zip","L05/L05-09/L05-1-09_27_GML.zip"
"工業用地","L05-2-09_27_GML.zip","L05/L05-09/L05-2-09_27_GML.zip"
"工業用地","L05-1-09_28_GML.zip","L05/L05-09/L05-1-09_28_GML.zip"
"工業用地","L05-2-09_28_GML.zip","L05/L05-09/L05-2-09_28_GML.zip"
"工業用地","L05-1-09_29_GML.zip","L05/L05-09/L05-1-09_29_GML.zip"
"工業用地","L05-1-09_30_GML.zip","L05/L05-09/L05-1-09_30_GML.zip"
"工業用地","L05-2-09_30_GML.zip","L05/L05-09/L05-2-09_30_GML.zip"
"工業用地","L05-1-09_31_GML.zip","L05/L05-09/L05-1-09_31_GML.zip"
"工業用地","L05-2-09_31_GML.zip","L05/L05-09/L05-2-09_31_GML.zip"
"工業用地","L05-1-09_32_GML.zip","L05/L05-09/L05-1-09_32_GML.zip"
"工業用地","L05-2-09_32_GML.zip","L05/L05-09/L05-2-09_32_GML.zip"
"工業用地","L05-1-09_33_GML.zip","L05/L05-09/L05-1-09_33_GML.zip"
"工業用地","L05-2-09_33_GML.zip","L05/L05-09/L05-2-09_33_GML.zip"
"工業用地","L05-1-09_34_GML.zip","L05/L05-09/L05-1-09_34_GML.zip"
"工業用地","L05-2-09_34_GML.zip","L05/L05-09/L05-2-09_34_GML.zip"
"工業用地","L05-1-09_35_GML.zip","L05/L05-09/L05-1-09_35_GML.zip"
"工業用地","L05-2-09_35_GML.zip","L05/L05-09/L05-2-09_35_GML.zip"
"工業用地","L05-1-09_36_GML.zip","L05/L05-09/L05-1-09_36_GML.zip"
"工業用地","L05-2-09_36_GML.zip","L05/L05-09/L05-2-09_36_GML.zip"
"工業用地","L05-1-09_37_GML.zip","L05/L05-09/L05-1-09_37_GML.zip"
"工業用地","L05-2-09_37_GML.zip","L05/L05-09/L05-2-09_37_GML.zip"
"工業用地","L05-1-09_38_GML.zip","L05/L05-09/L05-1-09_38_GML.zip"
"工業用地","L05-2-09_38_GML.zip","L05/L05-09/L05-2-09_38_GML.zip"
"工業用地","L05-1-09_39_GML.zip","L05/L05-09/L05-1-09_39_GML.zip"
"工業用地","L05-2-09_39_GML.zip","L05/L05-09/L05-2-09_39_GML.zip"
"工業用地","L05-1-09_40_GML.zip","L05/L05-09/L05-1-09_40_GML.zip"
"工業用地","L05-2-09_40_GML.zip","L05/L05-09/L05-2-09_40_GML.zip"
"工業用地","L05-1-09_41_GML.zip","L05/L05-09/L05-1-09_41_GML.zip"
"工業用地","L05-2-09_41_GML.zip","L05/L05-09/L05-2-09_41_GML.zip"
"工業用地","L05-1-09_42_GML.zip","L05/L05-09/L05-1-09_42_GML.zip"
"工業用地","L05-2-09_42_GML.zip","L05/L05-09/L05-2-09_42_GML.zip"
"工業用地","L05-1-09_43_GML.zip","L05/L05-09/L05-1-09_43_GML.zip"
"工業用地","L05-2-09_43_GML.zip","L05/L05-09/L05-2-09_43_GML.zip"
"工業用地","L05-1-09_44_GML.zip","L05/L05-09/L05-1-09_44_GML.zip"
"工業用地","L05-2-09_44_GML.zip","L05/L05-09/L05-2-09_44_GML.zip"
"工業用地","L05-1-09_45_GML.zip","L05/L05-09/L05-1-09_45_GML.zip"
"工業用地","L05-2-09_45_GML.zip","L05/L05-09/L05-2-09_45_GML.zip"
"工業用地","L05-1-09_46_GML.zip","L05/L05-09/L05-1-09_46_GML.zip"
"工業用地","L05-2-09_46_GML.zip","L05/L05-09/L05-2-09_46_GML.zip"
"工業用地","L05-1-09_47_GML.zip","L05/L05-09/L05-1-09_47_GML.zip"
"研究機関","P16-12_01_GML.zip","P16/P16-12/P16-12_01_GML.zip"
"研究機関","P16-12_02_GML.zip","P16/P16-12/P16-12_02_GML.zip"
"研究機関","P16-12_03_GML.zip","P16/P16-12/P16-12_03_GML.zip"
"研究機関","P16-12_04_GML.zip","P16/P16-12/P16-12_04_GML.zip"
"研究機関","P16-12_05_GML.zip","P16/P16-12/P16-12_05_GML.zip"
"研究機関","P16-12_06_GML.zip","P16/P16-12/P16-12_06_GML.zip"
"研究機関","P16-12_07_GML.zip","P16/P16-12/P16-12_07_GML.zip"
"研究機関","P16-12_08_GML.zip","P16/P16-12/P16-12_08_GML.zip"
"研究機関","P16-12_09_GML.zip","P16/P16-12/P16-12_09_GML.zip"
"研究機関","P16-12_10_GML.zip","P16/P16-12/P16-12_10_GML.zip"
"研究機関","P16-12_11_GML.zip","P16/P16-12/P16-12_11_GML.zip"
"研究機関","P16-12_12_GML.zip","P16/P16-12/P16-12_12_GML.zip"
"研究機関","P16-12_13_GML.zip","P16/P16-12/P16-12_13_GML.zip"
"研究機関","P16-12_14_GML.zip","P16/P16-12/P16-12_14_GML.zip"
"研究機関","P16-12_15_GML.zip","P16/P16-12/P16-12_15_GML.zip"
"研究機関","P16-12_16_GML.zip","P16/P16-12/P16-12_16_GML.zip"
"研究機関","P16-12_17_GML.zip","P16/P16-12/P16-12_17_GML.zip"
"研究機関","P16-12_18_GML.zip","P16/P16-12/P16-12_18_GML.zip"
"研究機関","P16-12_19_GML.zip","P16/P16-12/P16-12_19_GML.zip"
"研究機関","P16-12_20_GML.zip","P16/P16-12/P16-12_20_GML.zip"
"研究機関","P16-12_21_GML.zip","P16/P16-12/P16-12_21_GML.zip"
"研究機関","P16-12_22_GML.zip","P16/P16-12/P16-12_22_GML.zip"
"研究機関","P16-12_23_GML.zip","P16/P16-12/P16-12_23_GML.zip"
"研究機関","P16-12_24_GML.zip","P16/P16-12/P16-12_24_GML.zip"
"研究機関","P16-12_25_GML.zip","P16/P16-12/P16-12_25_GML.zip"
"研究機関","P16-12_26_GML.zip","P16/P16-12/P16-12_26_GML.zip"
"研究機関","P16-12_27_GML.zip","P16/P16-12/P16-12_27_GML.zip"
"研究機関","P16-12_28_GML.zip","P16/P16-12/P16-12_28_GML.zip"
"研究機関","P16-12_29_GML.zip","P16/P16-12/P16-12_29_GML.zip"
"研究機関","P16-12_30_GML.zip","P16/P16-12/P16-12_30_GML.zip"
"研究機関","P16-12_31_GML.zip","P16/P16-12/P16-12_31_GML.zip"
"研究機関","P16-12_32_GML.zip","P16/P16-12/P16-12_32_GML.zip"
"研究機関","P16-12_33_GML.zip","P16/P16-12/P16-12_33_GML.zip"
"研究機関","P16-12_34_GML.zip","P16/P16-12/P16-12_34_GML.zip"
"研究機関","P16-12_35_GML.zip","P16/P16-12/P16-12_35_GML.zip"
"研究機関","P16-12_36_GML.zip","P16/P16-12/P16-12_36_GML.zip"
"研究機関","P16-12_37_GML.zip","P16/P16-12/P16-12_37_GML.zip"
"研究機関","P16-12_38_GML.zip","P16/P16-12/P16-12_38_GML.zip"
"研究機関","P16-12_39_GML.zip","P16/P16-12/P16-12_39_GML.zip"
"研究機関","P16-12_40_GML.zip","P16/P16-12/P16-12_40_GML.zip"
"研究機関","P16-12_41_GML.zip","P16/P16-12/P16-12_41_GML.zip"
"研究機関","P16-12_42_GML.zip","P16/P16-12/P16-12_42_GML.zip"
"研究機関","P16-12_43_GML.zip","P16/P16-12/P16-12_43_GML.zip"
"研究機関","P16-12_44_GML.zip","P16/P16-12/P16-12_44_GML.zip"
"研究機関","P16-12_45_GML.zip","P16/P16-12/P16-12_45_GML.zip"
"研究機関","P16-12_46_GML.zip","P16/P16-12/P16-12_46_GML.zip"
"研究機関","P16-12_47_GML.zip","P16/P16-12/P16-12_47_GML.zip"
"地場産業関連施設","P24-12_GML.zip","P24/P24-12/P24-12_GML.zip"
"物流拠点","P31-13_01.zip","P31/P31-13/P31-13_01.zip"
"物流拠点","P31-13_02.zip","P31/P31-13/P31-13_02.zip"
"物流拠点","P31-13_03.zip","P31/P31-13/P31-13_03.zip"
"物流拠点","P31-13_04.zip","P31/P31-13/P31-13_04.zip"
"物流拠点","P31-13_05.zip","P31/P31-13/P31-13_05.zip"
"物流拠点","P31-13_06.zip","P31/P31-13/P31-13_06.zip"
"物流拠点","P31-13_07.zip","P31/P31-13/P31-13_07.zip"
"物流拠点","P31-13_08.zip","P31/P31-13/P31-13_08.zip"
"物流拠点","P31-13_09.zip","P31/P31-13/P31-13_09.zip"
"物流拠点","P31-13_10.zip","P31/P31-13/P31-13_10.zip"
"物流拠点","P31-13_11.zip","P31/P31-13/P31-13_11.zip"
"物流拠点","P31-13_12.zip","P31/P31-13/P31-13_12.zip"
"物流拠点","P31-13_13.zip","P31/P31-13/P31-13_13.zip"
"物流拠点","P31-13_14.zip","P31/P31-13/P31-13_14.zip"
"物流拠点","P31-13_15.zip","P31/P31-13/P31-13_15.zip"
"物流拠点","P31-13_16.zip","P31/P31-13/P31-13_16.zip"
"物流拠点","P31-13_17.zip","P31/P31-13/P31-13_17.zip"
"物流拠点","P31-13_18.zip","P31/P31-13/P31-13_18.zip"
"物流拠点","P31-13_19.zip","P31/P31-13/P31-13_19.zip"
"物流拠点","P31-13_20.zip","P31/P31-13/P31-13_20.zip"
"物流拠点","P31-13_21.zip","P31/P31-13/P31-13_21.zip"
"物流拠点","P31-13_22.zip","P31/P31-13/P31-13_22.zip"
"物流拠点","P31-13_23.zip","P31/P31-13/P31-13_23.zip"
"物流拠点","P31-13_24.zip","P31/P31-13/P31-13_24.zip"
"物流拠点","P31-13_25.zip","P31/P31-13/P31-13_25.zip"
"物流拠点","P31-13_26.zip","P31/P31-13/P31-13_26.zip"
"物流拠点","P31-13_27.zip","P31/P31-13/P31-13_27.zip"
"物流拠点","P31-13_28.zip","P31/P31-13/P31-13_28.zip"
"物流拠点","P31-13_29.zip","P31/P31-13/P31-13_29.zip"
"物流拠点","P31-13_30.zip","P31/P31-13/P31-13_30.zip"
"物流拠点","P31-13_31.zip","P31/P31-13/P31-13_31.zip"
"物流拠点","P31-13_32.zip","P31/P31-13/P31-13_32.zip"
"物流拠点","P31-13_33.zip","P31/P31-13/P31-13_33.zip"
"物流拠点","P31-13_34.zip","P31/P31-13/P31-13_34.zip"
"物流拠点","P31-13_35.zip","P31/P31-13/P31-13_35.zip"
"物流拠点","P31-13_36.zip","P31/P31-13/P31-13_36.zip"
"物流拠点","P31-13_37.zip","P31/P31-13/P31-13_37.zip"
"物流拠点","P31-13_38.zip","P31/P31-13/P31-13_38.zip"
"物流拠点","P31-13_39.zip","P31/P31-13/P31-13_39.zip"
"物流拠点","P31-13_40.zip","P31/P31-13/P31-13_40.zip"
"物流拠点","P31-13_41.zip","P31/P31-13/P31-13_41.zip"
"物流拠点","P31-13_42.zip","P31/P31-13/P31-13_42.zip"
"物流拠点","P31-13_43.zip","P31/P31-13/P31-13_43.zip"
"物流拠点","P31-13_44.zip","P31/P31-13/P31-13_44.zip"
"物流拠点","P31-13_45.zip","P31/P31-13/P31-13_45.zip"
"物流拠点","P31-13_46.zip","P31/P31-13/P31-13_46.zip"
"物流拠点","P31-13_47.zip","P31/P31-13/P31-13_47.zip"
"集客施設","P33-14_01_GML.zip","P33/P33-14/P33-14_01_GML.zip"
"集客施設","P33-14_02_GML.zip","P33/P33-14/P33-14_02_GML.zip"
"集客施設","P33-14_03_GML.zip","P33/P33-14/P33-14_03_GML.zip"
"集客施設","P33-14_04_GML.zip","P33/P33-14/P33-14_04_GML.zip"
"集客施設","P33-14_05_GML.zip","P33/P33-14/P33-14_05_GML.zip"
"集客施設","P33-14_06_GML.zip","P33/P33-14/P33-14_06_GML.zip"
"集客施設","P33-14_07_GML.zip","P33/P33-14/P33-14_07_GML.zip"
"集客施設","P33-14_08_GML.zip","P33/P33-14/P33-14_08_GML.zip"
"集客施設","P33-14_09_GML.zip","P33/P33-14/P33-14_09_GML.zip"
"集客施設","P33-14_10_GML.zip","P33/P33-14/P33-14_10_GML.zip"
"集客施設","P33-14_11_GML.zip","P33/P33-14/P33-14_11_GML.zip"
"集客施設","P33-14_12_GML.zip","P33/P33-14/P33-14_12_GML.zip"
"集客施設","P33-14_13_GML.zip","P33/P33-14/P33-14_13_GML.zip"
"集客施設","P33-14_14_GML.zip","P33/P33-14/P33-14_14_GML.zip"
"集客施設","P33-14_15_GML.zip","P33/P33-14/P33-14_15_GML.zip"
"集客施設","P33-14_16_GML.zip","P33/P33-14/P33-14_16_GML.zip"
"集客施設","P33-14_17_GML.zip","P33/P33-14/P33-14_17_GML.zip"
"集客施設","P33-14_18_GML.zip","P33/P33-14/P33-14_18_GML.zip"
"集客施設","P33-14_19_GML.zip","P33/P33-14/P33-14_19_GML.zip"
"集客施設","P33-14_20_GML.zip","P33/P33-14/P33-14_20_GML.zip"
"集客施設","P33-14_21_GML.zip","P33/P33-14/P33-14_21_GML.zip"
"集客施設","P33-14_22_GML.zip","P33/P33-14/P33-14_22_GML.zip"
"集客施設","P33-14_23_GML.zip","P33/P33-14/P33-14_23_GML.zip"
"集客施設","P33-14_24_GML.zip","P33/P33-14/P33-14_24_GML.zip"
"集客施設","P33-14_25_GML.zip","P33/P33-14/P33-14_25_GML.zip"
"集客施設","P33-14_26_GML.zip","P33/P33-14/P33-14_26_GML.zip"
"集客施設","P33-14_27_GML.zip","P33/P33-14/P33-14_27_GML.zip"
"集客施設","P33-14_28_GML.zip","P33/P33-14/P33-14_28_GML.zip"
"集客施設","P33-14_29_GML.zip","P33/P33-14/P33-14_29_GML.zip"
"集客施設","P33-14_30_GML.zip","P33/P33-14/P33-14_30_GML.zip"
"集客施設","P33-14_31_GML.zip","P33/P33-14/P33-14_31_GML.zip"
"集客施設","P33-14_32_GML.zip","P33/P33-14/P33-14_32_GML.zip"
"集客施設","P33-14_33_GML.zip","P33/P33-14/P33-14_33_GML.zip"
"集客施設","P33-14_34_GML.zip","P33/P33-14/P33-14_34_GML.zip"
"集客施設","P33-14_35_GML.zip","P33/P33-14/P33-14_35_GML.zip"
"集客施設","P33-14_36_GML.zip","P33/P33-14/P33-14_36_GML.zip"
"集客施設","P33-14_37_GML.zip","P33/P33-14/P33-14_37_GML.zip"
"集客施設","P33-14_38_GML.zip","P33/P33-14/P33-14_38_GML.zip"
"集客施設","P33-14_39_GML.zip","P33/P33-14/P33-14_39_GML.zip"
"集客施設","P33-14_40_GML.zip","P33/P33-14/P33-14_40_GML.zip"
"集客施設","P33-14_41_GML.zip","P33/P33-14/P33-14_41_GML.zip"
"集客施設","P33-14_42_GML.zip","P33/P33-14/P33-14_42_GML.zip"
"集客施設","P33-14_43_GML.zip","P33/P33-14/P33-14_43_GML.zip"
"集客施設","P33-14_44_GML.zip","P33/P33-14/P33-14_44_GML.zip"
"集客施設","P33-14_45_GML.zip","P33/P33-14/P33-14_45_GML.zip"
"集客施設","P33-14_46_GML.zip","P33/P33-14/P33-14_46_GML.zip"
"集客施設","P33-14_47_GML.zip","P33/P33-14/P33-14_47_GML.zip"
"道の駅","P35-18_GML.zip","P35/P35-18/P35-18_GML.zip"
"都道府県指定文化財","P32-14_00_GML.zip","P32/P32-14/P32-14_00_GML.zip"
"都道府県指定文化財","P32-14_01_GML.zip","P32/P32-14/P32-14_01_GML.zip"
"都道府県指定文化財","P32-14_02_GML.zip","P32/P32-14/P32-14_02_GML.zip"
"都道府県指定文化財","P32-14_03_GML.zip","P32/P32-14/P32-14_03_GML.zip"
"都道府県指定文化財","P32-14_04_GML.zip","P32/P32-14/P32-14_04_GML.zip"
"都道府県指定文化財","P32-14_05_GML.zip","P32/P32-14/P32-14_05_GML.zip"
"都道府県指定文化財","P32-14_06_GML.zip","P32/P32-14/P32-14_06_GML.zip"
"都道府県指定文化財","P32-14_07_GML.zip","P32/P32-14/P32-14_07_GML.zip"
"都道府県指定文化財","P32-14_08_GML.zip","P32/P32-14/P32-14_08_GML.zip"
"都道府県指定文化財","P32-14_09_GML.zip","P32/P32-14/P32-14_09_GML.zip"
"都道府県指定文化財","P32-14_10_GML.zip","P32/P32-14/P32-14_10_GML.zip"
"都道府県指定文化財","P32-14_11_GML.zip","P32/P32-14/P32-14_11_GML.zip"
"都道府県指定文化財","P32-14_12_GML.zip","P32/P32-14/P32-14_12_GML.zip"
"都道府県指定文化財","P32-14_14_GML.zip","P32/P32-14/P32-14_14_GML.zip"
"都道府県指定文化財","P32-14_15_GML.zip","P32/P32-14/P32-14_15_GML.zip"
"都道府県指定文化財","P32-14_16_GML.zip","P32/P32-14/P32-14_16_GML.zip"
"都道府県指定文化財","P32-14_17_GML.zip","P32/P32-14/P32-14_17_GML.zip"
"都道府県指定文化財","P32-14_18_GML.zip","P32/P32-14/P32-14_18_GML.zip"
"都道府県指定文化財","P32-14_19_GML.zip","P32/P32-14/P32-14_19_GML.zip"
"都道府県指定文化財","P32-14_20_GML.zip","P32/P32-14/P32-14_20_GML.zip"
"都道府県指定文化財","P32-14_21_GML.zip","P32/P32-14/P32-14_21_GML.zip"
"都道府県指定文化財","P32-14_22_GML.zip","P32/P32-14/P32-14_22_GML.zip"
"都道府県指定文化財","P32-14_23_GML.zip","P32/P32-14/P32-14_23_GML.zip"
"都道府県指定文化財","P32-14_24_GML.zip","P32/P32-14/P32-14_24_GML.zip"
"都道府県指定文化財","P32-14_25_GML.zip","P32/P32-14/P32-14_25_GML.zip"
"都道府県指定文化財","P32-14_26_GML.zip","P32/P32-14/P32-14_26_GML.zip"
"都道府県指定文化財","P32-14_27_GML.zip","P32/P32-14/P32-14_27_GML.zip"
"都道府県指定文化財","P32-14_28_GML.zip","P32/P32-14/P32-14_28_GML.zip"
"都道府県指定文化財","P32-14_30_GML.zip","P32/P32-14/P32-14_30_GML.zip"
"都道府県指定文化財","P32-14_31_GML.zip","P32/P32-14/P32-14_31_GML.zip"
"都道府県指定文化財","P32-14_32_GML.zip","P32/P32-14/P32-14_32_GML.zip"
"都道府県指定文化財","P32-14_33_GML.zip","P32/P32-14/P32-14_33_GML.zip"
"都道府県指定文化財","P32-14_34_GML.zip","P32/P32-14/P32-14_34_GML.zip"
"都道府県指定文化財","P32-14_35_GML.zip","P32/P32-14/P32-14_35_GML.zip"
"都道府県指定文化財","P32-14_36_GML.zip","P32/P32-14/P32-14_36_GML.zip"
"都道府県指定文化財","P32-14_37_GML.zip","P32/P32-14/P32-14_37_GML.zip"
"都道府県指定文化財","P32-14_38_GML.zip","P32/P32-14/P32-14_38_GML.zip"
"都道府県指定文化財","P32-14_39_GML.zip","P32/P32-14/P32-14_39_GML.zip"
"都道府県指定文化財","P32-14_40_GML.zip","P32/P32-14/P32-14_40_GML.zip"
"都道府県指定文化財","P32-14_41_GML.zip","P32/P32-14/P32-14_41_GML.zip"
"都道府県指定文化財","P32-14_42_GML.zip","P32/P32-14/P32-14_42_GML.zip"
"都道府県指定文化財","P32-14_43_GML.zip","P32/P32-14/P32-14_43_GML.zip"
"都道府県指定文化財","P32-14_45_GML.zip","P32/P32-14/P32-14_45_GML.zip"
"都道府県指定文化財","P32-14_46_GML.zip","P32/P32-14/P32-14_46_GML.zip"
"都道府県指定文化財","P32-14_47_GML.zip","P32/P32-14/P32-14_47_GML.zip"
"世界文化遺産","A34-230328_GML.zip","A34/A34-22/A34-230328_GML.zip"
"世界自然遺産","A28-22_GML.zip","A28/A28-22/A28-22_GML.zip"
"観光資源","P12-14_GML.zip","P12/P12-14/P12-14_GML.zip"
"宿泊容量メッシュ","P09-10_3623-jgd_GML.zip","P09/P09-10/P09-10_3623-jgd_GML.zip"
"宿泊容量メッシュ","P09-10_3624-jgd_GML.zip","P09/P09-10/P09-10_3624-jgd_GML.zip"
"宿泊容量メッシュ","P09-10_3725-jgd_GML.zip","P09/P09-10/P09-10_3725-jgd_GML.zip"
"宿泊容量メッシュ","P09-10_3831-jgd_GML.zip","P09/P09-10/P09-10_3831-jgd_GML.zip"
"宿泊容量メッシュ","P09-10_3926-jgd_GML.zip","P09/P09-10/P09-10_3926-jgd_GML.zip"
"宿泊容量メッシュ","P09-10_3927-jgd_GML.zip","P09/P09-10/P09-10_3927-jgd_GML.zip"
"宿泊容量メッシュ","P09-10_3928-jgd_GML.zip","P09/P09-10/P09-10_3928-jgd_GML.zip"
"宿泊容量メッシュ","P09-10_3942-jgd_GML.zip","P09/P09-10/P09-10_3942-jgd_GML.zip"
"宿泊容量メッシュ","P09-10_4027-jgd_GML.zip","P09/P09-10/P09-10_4027-jgd_GML.zip"
"宿泊容量メッシュ","P09-10_4028-jgd_GML.zip","P09/P09-10/P09-10_4028-jgd_GML.zip"
"宿泊容量メッシュ","P09-10_4042-jgd_GML.zip","P09/P09-10/P09-10_4042-jgd_GML.zip"
"宿泊容量メッシュ","P09-10_4128-jgd_GML.zip","P09/P09-10/P09-10_4128-jgd_GML.zip"
"宿泊容量メッシュ","P09-10_4129-jgd_GML.zip","P09/P09-10/P09-10_4129-jgd_GML.zip"
"宿泊容量メッシュ","P09-10_4229-jgd_GML.zip","P09/P09-10/P09-10_4229-jgd_GML.zip"
"宿泊容量メッシュ","P09-10_4429-jgd_GML.zip","P09/P09-10/P09-10_4429-jgd_GML.zip"
"宿泊容量メッシュ","P09-10_4530-jgd_GML.zip","P09/P09-10/P09-10_4530-jgd_GML.zip"
"宿泊容量メッシュ","P09-10_4630-jgd_GML.zip","P09/P09-10/P09-10_4630-jgd_GML.zip"
"宿泊容量メッシュ","P09-10_4631-jgd_GML.zip","P09/P09-10/P09-10_4631-jgd_GML.zip"
"宿泊容量メッシュ","P09-10_4729-jgd_GML.zip","P09/P09-10/P09-10_4729-jgd_GML.zip"
"宿泊容量メッシュ","P09-10_4730-jgd_GML.zip","P09/P09-10/P09-10_4730-jgd_GML.zip"
"宿泊容量メッシュ","P09-10_4731-jgd_GML.zip","P09/P09-10/P09-10_4731-jgd_GML.zip"
"宿泊容量メッシュ","P09-10_4828-jgd_GML.zip","P09/P09-10/P09-10_4828-jgd_GML.zip"
"宿泊容量メッシュ","P09-10_4829-jgd_GML.zip","P09/P09-10/P09-10_4829-jgd_GML.zip"
"宿泊容量メッシュ","P09-10_4830-jgd_GML.zip","P09/P09-10/P09-10_4830-jgd_GML.zip"
"宿泊容量メッシュ","P09-10_4831-jgd_GML.zip","P09/P09-10/P09-10_4831-jgd_GML.zip"
"宿泊容量メッシュ","P09-10_4928-jgd_GML.zip","P09/P09-10/P09-10_4928-jgd_GML.zip"
"宿泊容量メッシュ","P09-10_4929-jgd_GML.zip","P09/P09-10/P09-10_4929-jgd_GML.zip"
"宿泊容量メッシュ","P09-10_4930-jgd_GML.zip","P09/P09-10/P09-10_4930-jgd_GML.zip"
"宿泊容量メッシュ","P09-10_4931-jgd_GML.zip","P09/P09-10/P09-10_4931-jgd_GML.zip"
"宿泊容量メッシュ","P09-10_4932-jgd_GML.zip","P09/P09-10/P09-10_4932-jgd_GML.zip"
"宿泊容量メッシュ","P09-10_4933-jgd_GML.zip","P09/P09-10/P09-10_4933-jgd_GML.zip"
"宿泊容量メッシュ","P09-10_4934-jgd_GML.zip","P09/P09-10/P09-10_4934-jgd_GML.zip"
"宿泊容量メッシュ","P09-10_4939-jgd_GML.zip","P09/P09-10/P09-10_4939-jgd_GML.zip"
"宿泊容量メッシュ","P09-10_5029-jgd_GML.zip","P09/P09-10/P09-10_5029-jgd_GML.zip"
"宿泊容量メッシュ","P09-10_5030-jgd_GML.zip","P09/P09-10/P09-10_5030-jgd_GML.zip"
"宿泊容量メッシュ","P09-10_5031-jgd_GML.zip","P09/P09-10/P09-10_5031-jgd_GML.zip"
"宿泊容量メッシュ","P09-10_5032-jgd_GML.zip","P09/P09-10/P09-10_5032-jgd_GML.zip"
"宿泊容量メッシュ","P09-10_5033-jgd_GML.zip","P09/P09-10/P09-10_5033-jgd_GML.zip"
"宿泊容量メッシュ","P09-10_5034-jgd_GML.zip","P09/P09-10/P09-10_5034-jgd_GML.zip"
"宿泊容量メッシュ","P09-10_5035-jgd_GML.zip","P09/P09-10/P09-10_5035-jgd_GML.zip"
"宿泊容量メッシュ","P09-10_5036-jgd_GML.zip","P09/P09-10/P09-10_5036-jgd_GML.zip"
"宿泊容量メッシュ","P09-10_5129-jgd_GML.zip","P09/P09-10/P09-10_5129-jgd_GML.zip"
"宿泊容量メッシュ","P09-10_5130-jgd_GML.zip","P09/P09-10/P09-10_5130-jgd_GML.zip"
"宿泊容量メッシュ","P09-10_5131-jgd_GML.zip","P09/P09-10/P09-10_5131-jgd_GML.zip"
"宿泊容量メッシュ","P09-10_5132-jgd_GML.zip","P09/P09-10/P09-10_5132-jgd_GML.zip"
"宿泊容量メッシュ","P09-10_5133-jgd_GML.zip","P09/P09-10/P09-10_5133-jgd_GML.zip"
"宿泊容量メッシュ","P09-10_5134-jgd_GML.zip","P09/P09-10/P09-10_5134-jgd_GML.zip"
"宿泊容量メッシュ","P09-10_5135-jgd_GML.zip","P09/P09-10/P09-10_5135-jgd_GML.zip"
"宿泊容量メッシュ","P09-10_5136-jgd_GML.zip","P09/P09-10/P09-10_5136-jgd_GML.zip"
"宿泊容量メッシュ","P09-10_5137-jgd_GML.zip","P09/P09-10/P09-10_5137-jgd_GML.zip"
"宿泊容量メッシュ","P09-10_5138-jgd_GML.zip","P09/P09-10/P09-10_5138-jgd_GML.zip"
"宿泊容量メッシュ","P09-10_5139-jgd_GML.zip","P09/P09-10/P09-10_5139-jgd_GML.zip"
"宿泊容量メッシュ","P09-10_5231-jgd_GML.zip","P09/P09-10/P09-10_5231-jgd_GML.zip"
"宿泊容量メッシュ","P09-10_5232-jgd_GML.zip","P09/P09-10/P09-10_5232-jgd_GML.zip"
"宿泊容量メッシュ","P09-10_5233-jgd_GML.zip","P09/P09-10/P09-10_5233-jgd_GML.zip"
"宿泊容量メッシュ","P09-10_5234-jgd_GML.zip","P09/P09-10/P09-10_5234-jgd_GML.zip"
"宿泊容量メッシュ","P09-10_5235-jgd_GML.zip","P09/P09-10/P09-10_5235-jgd_GML.zip"
"宿泊容量メッシュ","P09-10_5236-jgd_GML.zip","P09/P09-10/P09-10_5236-jgd_GML.zip"
"宿泊容量メッシュ","P09-10_5237-jgd_GML.zip","P09/P09-10/P09-10_5237-jgd_GML.zip"
"宿泊容量メッシュ","P09-10_5238-jgd_GML.zip","P09/P09-10/P09-10_5238-jgd_GML.zip"
"宿泊容量メッシュ","P09-10_5239-jgd_GML.zip","P09/P09-10/P09-10_5239-jgd_GML.zip"
"宿泊容量メッシュ","P09-10_5240-jgd_GML.zip","P09/P09-10/P09-10_5240-jgd_GML.zip"
"宿泊容量メッシュ","P09-10_5332-jgd_GML.zip","P09/P09-10/P09-10_5332-jgd_GML.zip"
"宿泊容量メッシュ","P09-10_5333-jgd_GML.zip","P09/P09-10/P09-10_5333-jgd_GML.zip"
"宿泊容量メッシュ","P09-10_5334-jgd_GML.zip","P09/P09-10/P09-10_5334-jgd_GML.zip"
"宿泊容量メッシュ","P09-10_5335-jgd_GML.zip","P09/P09-10/P09-10_5335-jgd_GML.zip"
"宿泊容量メッシュ","P09-10_5336-jgd_GML.zip","P09/P09-10/P09-10_5336-jgd_GML.zip"
"宿泊容量メッシュ","P09-10_5337-jgd_GML.zip","P09/P09-10/P09-10_5337-jgd_GML.zip"
"宿泊容量メッシュ","P09-10_5338-jgd_GML.zip","P09/P09-10/P09-10_5338-jgd_GML.zip"
"宿泊容量メッシュ","P09-10_5339-jgd_GML.zip","P09/P09-10/P09-10_5339-jgd_GML.zip"
"宿泊容量メッシュ","P09-10_5340-jgd_GML.zip","P09/P09-10/P09-10_5340-jgd_GML.zip"
"宿泊容量メッシュ","P09-10_5432-jgd_GML.zip","P09/P09-10/P09-10_5432-jgd_GML.zip"
"宿泊容量メッシュ","P09-10_5433-jgd_GML.zip","P09/P09-10/P09-10_5433-jgd_GML.zip"
"宿泊容量メッシュ","P09-10_5435-jgd_GML.zip","P09/P09-10/P09-10_5435-jgd_GML.zip"
"宿泊容量メッシュ","P09-10_5436-jgd_GML.zip","P09/P09-10/P09-10_5436-jgd_GML.zip"
"宿泊容量メッシュ","P09-10_5437-jgd_GML.zip","P09/P09-10/P09-10_5437-jgd_GML.zip"
"宿泊容量メッシュ","P09-10_5438-jgd_GML.zip","P09/P09-10/P09-10_5438-jgd_GML.zip"
"宿泊容量メッシュ","P09-10_5439-jgd_GML.zip","P09/P09-10/P09-10_5439-jgd_GML.zip"
"宿泊容量メッシュ","P09-10_5440-jgd_GML.zip","P09/P09-10/P09-10_5440-jgd_GML.zip"
"宿泊容量メッシュ","P09-10_5536-jgd_GML.zip","P09/P09-10/P09-10_5536-jgd_GML.zip"
"宿泊容量メッシュ","P09-10_5537-jgd_GML.zip","P09/P09-10/P09-10_5537-jgd_GML.zip"
"宿泊容量メッシュ","P09-10_5538-jgd_GML.zip","P09/P09-10/P09-10_5538-jgd_GML.zip"
"宿泊容量メッシュ","P09-10_5539-jgd_GML.zip","P09/P09-10/P09-10_5539-jgd_GML.zip"
"宿泊容量メッシュ","P09-10_5540-jgd_GML.zip","P09/P09-10/P09-10_5540-jgd_GML.zip"
"宿泊容量メッシュ","P09-10_5541-jgd_GML.zip","P09/P09-10/P09-10_5541-jgd_GML.zip"
"宿泊容量メッシュ","P09-10_5636-jgd_GML.zip","P09/P09-10/P09-10_5636-jgd_GML.zip"
"宿泊容量メッシュ","P09-10_5637-jgd_GML.zip","P09/P09-10/P09-10_5637-jgd_GML.zip"
"宿泊容量メッシュ","P09-10_5638-jgd_GML.zip","P09/P09-10/P09-10_5638-jgd_GML.zip"
"宿泊容量メッシュ","P09-10_5639-jgd_GML.zip","P09/P09-10/P09-10_5639-jgd_GML.zip"
"宿泊容量メッシュ","P09-10_5640-jgd_GML.zip","P09/P09-10/P09-10_5640-jgd_GML.zip"
"宿泊容量メッシュ","P09-10_5641-jgd_GML.zip","P09/P09-10/P09-10_5641-jgd_GML.zip"
"宿泊容量メッシュ","P09-10_5738-jgd_GML.zip","P09/P09-10/P09-10_5738-jgd_GML.zip"
"宿泊容量メッシュ","P09-10_5739-jgd_GML.zip","P09/P09-10/P09-10_5739-jgd_GML.zip"
"宿泊容量メッシュ","P09-10_5740-jgd_GML.zip","P09/P09-10/P09-10_5740-jgd_GML.zip"
"宿泊容量メッシュ","P09-10_5741-jgd_GML.zip","P09/P09-10/P09-10_5741-jgd_GML.zip"
"宿泊容量メッシュ","P09-10_5839-jgd_GML.zip","P09/P09-10/P09-10_5839-jgd_GML.zip"
"宿泊容量メッシュ","P09-10_5840-jgd_GML.zip","P09/P09-10/P09-10_5840-jgd_GML.zip"
"宿泊容量メッシュ","P09-10_5841-jgd_GML.zip","P09/P09-10/P09-10_5841-jgd_GML.zip"
"宿泊容量メッシュ","P09-10_5939-jgd_GML.zip","P09/P09-10/P09-10_5939-jgd_GML.zip"
"宿泊容量メッシュ","P09-10_5940-jgd_GML.zip","P09/P09-10/P09-10_5940-jgd_GML.zip"
"宿泊容量メッシュ","P09-10_5941-jgd_GML.zip","P09/P09-10/P09-10_5941-jgd_GML.zip"
"宿泊容量メッシュ","P09-10_6039-jgd_GML.zip","P09/P09-10/P09-10_6039-jgd_GML.zip"
"宿泊容量メッシュ","P09-10_6040-jgd_GML.zip","P09/P09-10/P09-10_6040-jgd_GML.zip"
"宿泊容量メッシュ","P09-10_6041-jgd_GML.zip","P09/P09-10/P09-10_6041-jgd_GML.zip"
"宿泊容量メッシュ","P09-10_6140-jgd_GML.zip","P09/P09-10/P09-10_6140-jgd_GML.zip"
"宿泊容量メッシュ","P09-10_6141-jgd_GML.zip","P09/P09-10/P09-10_6141-jgd_GML.zip"
"宿泊容量メッシュ","P09-10_6240-jgd_GML.zip","P09/P09-10/P09-10_6240-jgd_GML.zip"
"宿泊容量メッシュ","P09-10_6241-jgd_GML.zip","P09/P09-10/P09-10_6241-jgd_GML.zip"
"宿泊容量メッシュ","P09-10_6243-jgd_GML.zip","P09/P09-10/P09-10_6243-jgd_GML.zip"
"宿泊容量メッシュ","P09-10_6339-jgd_GML.zip","P09/P09-10/P09-10_6339-jgd_GML.zip"
"宿泊容量メッシュ","P09-10_6340-jgd_GML.zip","P09/P09-10/P09-10_6340-jgd_GML.zip"
"宿泊容量メッシュ","P09-10_6341-jgd_GML.zip","P09/P09-10/P09-10_6341-jgd_GML.zip"
"宿泊容量メッシュ","P09-10_6342-jgd_GML.zip","P09/P09-10/P09-10_6342-jgd_GML.zip"
"宿泊容量メッシュ","P09-10_6343-jgd_GML.zip","P09/P09-10/P09-10_6343-jgd_GML.zip"
"宿泊容量メッシュ","P09-10_6440-jgd_GML.zip","P09/P09-10/P09-10_6440-jgd_GML.zip"
"宿泊容量メッシュ","P09-10_6441-jgd_GML.zip","P09/P09-10/P09-10_6441-jgd_GML.zip"
"宿泊容量メッシュ","P09-10_6442-jgd_GML.zip","P09/P09-10/P09-10_6442-jgd_GML.zip"
"宿泊容量メッシュ","P09-10_6443-jgd_GML.zip","P09/P09-10/P09-10_6443-jgd_GML.zip"
"宿泊容量メッシュ","P09-10_6444-jgd_GML.zip","P09/P09-10/P09-10_6444-jgd_GML.zip"
"宿泊容量メッシュ","P09-10_6445-jgd_GML.zip","P09/P09-10/P09-10_6445-jgd_GML.zip"
"宿泊容量メッシュ","P09-10_6540-jgd_GML.zip","P09/P09-10/P09-10_6540-jgd_GML.zip"
"宿泊容量メッシュ","P09-10_6541-jgd_GML.zip","P09/P09-10/P09-10_6541-jgd_GML.zip"
"宿泊容量メッシュ","P09-10_6542-jgd_GML.zip","P09/P09-10/P09-10_6542-jgd_GML.zip"
"宿泊容量メッシュ","P09-10_6543-jgd_GML.zip","P09/P09-10/P09-10_6543-jgd_GML.zip"
"宿泊容量メッシュ","P09-10_6544-jgd_GML.zip","P09/P09-10/P09-10_6544-jgd_GML.zip"
"宿泊容量メッシュ","P09-10_6545-jgd_GML.zip","P09/P09-10/P09-10_6545-jgd_GML.zip"
"宿泊容量メッシュ","P09-10_6641-jgd_GML.zip","P09/P09-10/P09-10_6641-jgd_GML.zip"
"宿泊容量メッシュ","P09-10_6642-jgd_GML.zip","P09/P09-10/P09-10_6642-jgd_GML.zip"
"宿泊容量メッシュ","P09-10_6643-jgd_GML.zip","P09/P09-10/P09-10_6643-jgd_GML.zip"
"宿泊容量メッシュ","P09-10_6644-jgd_GML.zip","P09/P09-10/P09-10_6644-jgd_GML.zip"
"宿泊容量メッシュ","P09-10_6645-jgd_GML.zip","P09/P09-10/P09-10_6645-jgd_GML.zip"
"宿泊容量メッシュ","P09-10_6741-jgd_GML.zip","P09/P09-10/P09-10_6741-jgd_GML.zip"
"宿泊容量メッシュ","P09-10_6742-jgd_GML.zip","P09/P09-10/P09-10_6742-jgd_GML.zip"
"宿泊容量メッシュ","P09-10_6841-jgd_GML.zip","P09/P09-10/P09-10_6841-jgd_GML.zip"
"地域資源","P19-12_01_GML.zip","P19/P19-12/P19-12_01_GML.zip"
"地域資源","P19-12_02_GML.zip","P19/P19-12/P19-12_02_GML.zip"
"地域資源","P19-12_03_GML.zip","P19/P19-12/P19-12_03_GML.zip"
"地域資源","P19-12_04_GML.zip","P19/P19-12/P19-12_04_GML.zip"
"地域資源","P19-12_05_GML.zip","P19/P19-12/P19-12_05_GML.zip"
"地域資源","P19-12_06_GML.zip","P19/P19-12/P19-12_06_GML.zip"
"地域資源","P19-12_07_GML.zip","P19/P19-12/P19-12_07_GML.zip"
"地域資源","P19-12_08_GML.zip","P19/P19-12/P19-12_08_GML.zip"
"地域資源","P19-12_09_GML.zip","P19/P19-12/P19-12_09_GML.zip"
"地域資源","P19-12_10_GML.zip","P19/P19-12/P19-12_10_GML.zip"
"地域資源","P19-12_11_GML.zip","P19/P19-12/P19-12_11_GML.zip"
"地域資源","P19-12_12_GML.zip","P19/P19-12/P19-12_12_GML.zip"
"地域資源","P19-12_13_GML.zip","P19/P19-12/P19-12_13_GML.zip"
"地域資源","P19-12_14_GML.zip","P19/P19-12/P19-12_14_GML.zip"
"地域資源","P19-12_15_GML.zip","P19/P19-12/P19-12_15_GML.zip"
"地域資源","P19-12_16_GML.zip","P19/P19-12/P19-12_16_GML.zip"
"地域資源","P19-12_17_GML.zip","P19/P19-12/P19-12_17_GML.zip"
"地域資源","P19-12_18_GML.zip","P19/P19-12/P19-12_18_GML.zip"
"地域資源","P19-12_19_GML.zip","P19/P19-12/P19-12_19_GML.zip"
"地域資源","P19-12_20_GML.zip","P19/P19-12/P19-12_20_GML.zip"
"地域資源","P19-12_21_GML.zip","P19/P19-12/P19-12_21_GML.zip"
"地域資源","P19-12_22_GML.zip","P19/P19-12/P19-12_22_GML.zip"
"地域資源","P19-12_23_GML.zip","P19/P19-12/P19-12_23_GML.zip"
"地域資源","P19-12_24_GML.zip","P19/P19-12/P19-12_24_GML.zip"
"地域資源","P19-12_25_GML.zip","P19/P19-12/P19-12_25_GML.zip"
"地域資源","P19-12_26_GML.zip","P19/P19-12/P19-12_26_GML.zip"
"地域資源","P19-12_27_GML.zip","P19/P19-12/P19-12_27_GML.zip"
"地域資源","P19-12_28_GML.zip","P19/P19-12/P19-12_28_GML.zip"
"地域資源","P19-12_29_GML.zip","P19/P19-12/P19-12_29_GML.zip"
"地域資源","P19-12_30_GML.zip","P19/P19-12/P19-12_30_GML.zip"
"地域資源","P19-12_31_GML.zip","P19/P19-12/P19-12_31_GML.zip"
"地域資源","P19-12_32_GML.zip","P19/P19-12/P19-12_32_GML.zip"
"地域資源","P19-12_33_GML.zip","P19/P19-12/P19-12_33_GML.zip"
"地域資源","P19-12_34_GML.zip","P19/P19-12/P19-12_34_GML.zip"
"地域資源","P19-12_35_GML.zip","P19/P19-12/P19-12_35_GML.zip"
"地域資源","P19-12_36_GML.zip","P19/P19-12/P19-12_36_GML.zip"
"地域資源","P19-12_37_GML.zip","P19/P19-12/P19-12_37_GML.zip"
"地域資源","P19-12_38_GML.zip","P19/P19-12/P19-12_38_GML.zip"
"地域資源","P19-12_39_GML.zip","P19/P19-12/P19-12_39_GML.zip"
"地域資源","P19-12_40_GML.zip","P19/P19-12/P19-12_40_GML.zip"
"地域資源","P19-12_41_GML.zip","P19/P19-12/P19-12_41_GML.zip"
"地域資源","P19-12_42_GML.zip","P19/P19-12/P19-12_42_GML.zip"
"地域資源","P19-12_43_GML.zip","P19/P19-12/P19-12_43_GML.zip"
"地域資源","P19-12_44_GML.zip","P19/P19-12/P19-12_44_GML.zip"
"地域資源","P19-12_45_GML.zip","P19/P19-12/P19-12_45_GML.zip"
"地域資源","P19-12_46_GML.zip","P19/P19-12/P19-12_46_GML.zip"
"地域資源","P19-12_47_GML.zip","P19/P19-12/P19-12_47_GML.zip"
"自然公園地域","A10-10_GML.zip","A10/A10-10/A10-10_GML.zip"
"自然保全地域","A11-15_01_GML.zip","A11/A11-15/A11-15_01_GML.zip"
"自然保全地域","A11-15_02_GML.zip","A11/A11-15/A11-15_02_GML.zip"
"自然保全地域","A11-15_03_GML.zip","A11/A11-15/A11-15_03_GML.zip"
"自然保全地域","A11-15_04_GML.zip","A11/A11-15/A11-15_04_GML.zip"
"自然保全地域","A11-15_05_GML.zip","A11/A11-15/A11-15_05_GML.zip"
"自然保全地域","A11-15_06_GML.zip","A11/A11-15/A11-15_06_GML.zip"
"自然保全地域","A11-15_07_GML.zip","A11/A11-15/A11-15_07_GML.zip"
"自然保全地域","A11-15_08_GML.zip","A11/A11-15/A11-15_08_GML.zip"
"自然保全地域","A11-15_09_GML.zip","A11/A11-15/A11-15_09_GML.zip"
"自然保全地域","A11-15_10_GML.zip","A11/A11-15/A11-15_10_GML.zip"
"自然保全地域","A11-15_11_GML.zip","A11/A11-15/A11-15_11_GML.zip"
"自然保全地域","A11-15_12_GML.zip","A11/A11-15/A11-15_12_GML.zip"
"自然保全地域","A11-15_13_GML.zip","A11/A11-15/A11-15_13_GML.zip"
"自然保全地域","A11-15_14_GML.zip","A11/A11-15/A11-15_14_GML.zip"
"自然保全地域","A11-15_15_GML.zip","A11/A11-15/A11-15_15_GML.zip"
"自然保全地域","A11-15_16_GML.zip","A11/A11-15/A11-15_16_GML.zip"
"自然保全地域","A11-15_17_GML.zip","A11/A11-15/A11-15_17_GML.zip"
"自然保全地域","A11-15_18_GML.zip","A11/A11-15/A11-15_18_GML.zip"
"自然保全地域","A11-15_19_GML.zip","A11/A11-15/A11-15_19_GML.zip"
"自然保全地域","A11-15_20_GML.zip","A11/A11-15/A11-15_20_GML.zip"
"自然保全地域","A11-15_21_GML.zip","A11/A11-15/A11-15_21_GML.zip"
"自然保全地域","A11-15_22_GML.zip","A11/A11-15/A11-15_22_GML.zip"
"自然保全地域","A11-15_23_GML.zip","A11/A11-15/A11-15_23_GML.zip"
"自然保全地域","A11-15_24_GML.zip","A11/A11-15/A11-15_24_GML.zip"
"自然保全地域","A11-15_25_GML.zip","A11/A11-15/A11-15_25_GML.zip"
"自然保全地域","A11-15_26_GML.zip","A11/A11-15/A11-15_26_GML.zip"
"自然保全地域","A11-15_27_GML.zip","A11/A11-15/A11-15_27_GML.zip"
"自然保全地域","A11-15_28_GML.zip","A11/A11-15/A11-15_28_GML.zip"
"自然保全地域","A11-15_29_GML.zip","A11/A11-15/A11-15_29_GML.zip"
"自然保全地域","A11-15_30_GML.zip","A11/A11-15/A11-15_30_GML.zip"
"自然保全地域","A11-15_31_GML.zip","A11/A11-15/A11-15_31_GML.zip"
"自然保全地域","A11-15_32_GML.zip","A11/A11-15/A11-15_32_GML.zip"
"自然保全地域","A11-15_33_GML.zip","A11/A11-15/A11-15_33_GML.zip"
"自然保全地域","A11-15_34_GML.zip","A11/A11-15/A11-15_34_GML.zip"
"自然保全地域","A11-15_35_GML.zip","A11/A11-15/A11-15_35_GML.zip"
"自然保全地域","A11-15_36_GML.zip","A11/A11-15/A11-15_36_GML.zip"
"自然保全地域","A11-15_37_GML.zip","A11/A11-15/A11-15_37_GML.zip"
"自然保全地域","A11-15_38_GML.zip","A11/A11-15/A11-15_38_GML.zip"
"自然保全地域","A11-15_39_GML.zip","A11/A11-15/A11-15_39_GML.zip"
"自然保全地域","A11-15_40_GML.zip","A11/A11-15/A11-15_40_GML.zip"
"自然保全地域","A11-15_41_GML.zip","A11/A11-15/A11-15_41_GML.zip"
"自然保全地域","A11-15_42_GML.zip","A11/A11-15/A11-15_42_GML.zip"
"自然保全地域","A11-15_43_GML.zip","A11/A11-15/A11-15_43_GML.zip"
"自然保全地域","A11-15_44_GML.zip","A11/A11-15/A11-15_44_GML.zip"
"自然保全地域","A11-15_45_GML.zip","A11/A11-15/A11-15_45_GML.zip"
"自然保全地域","A11-15_46_GML.zip","A11/A11-15/A11-15_46_GML.zip"
"自然保全地域","A11-15_47_GML.zip","A11/A11-15/A11-15_47_GML.zip"
"鳥獣保護区","A15-15_01_GML.zip","A15/A15-15/A15-15_01_GML.zip"
"鳥獣保護区","A15-15_02_GML.zip","A15/A15-15/A15-15_02_GML.zip"
"鳥獣保護区","A15-15_03_GML.zip","A15/A15-15/A15-15_03_GML.zip"
"鳥獣保護区","A15-15_04_GML.zip","A15/A15-15/A15-15_04_GML.zip"
"鳥獣保護区","A15-15_05_GML.zip","A15/A15-15/A15-15_05_GML.zip"
"鳥獣保護区","A15-15_06_GML.zip","A15/A15-15/A15-15_06_GML.zip"
"鳥獣保護区","A15-15_07_GML.zip","A15/A15-15/A15-15_07_GML.zip"
"鳥獣保護区","A15-15_08_GML.zip","A15/A15-15/A15-15_08_GML.zip"
"鳥獣保護区","A15-15_09_GML.zip","A15/A15-15/A15-15_09_GML.zip"
"鳥獣保護区","A15-15_10_GML.zip","A15/A15-15/A15-15_10_GML.zip"
"鳥獣保護区","A15-15_11_GML.zip","A15/A15-15/A15-15_11_GML.zip"
"鳥獣保護区","A15-15_12_GML.zip","A15/A15-15/A15-15_12_GML.zip"
"鳥獣保護区","A15-15_13_GML.zip","A15/A15-15/A15-15_13_GML.zip"
"鳥獣保護区","A15-15_14_GML.zip","A15/A15-15/A15-15_14_GML.zip"
"鳥獣保護区","A15-15_15_GML.zip","A15/A15-15/A15-15_15_GML.zip"
"鳥獣保護区","A15-15_16_GML.zip","A15/A15-15/A15-15_16_GML.zip"
"鳥獣保護区","A15-15_17_GML.zip","A15/A15-15/A15-15_17_GML.zip"
"鳥獣保護区","A15-15_18_GML.zip","A15/A15-15/A15-15_18_GML.zip"
"鳥獣保護区","A15-15_19_GML.zip","A15/A15-15/A15-15_19_GML.zip"
"鳥獣保護区","A15-15_20_GML.zip","A15/A15-15/A15-15_20_GML.zip"
"鳥獣保護区","A15-15_21_GML.zip","A15/A15-15/A15-15_21_GML.zip"
"鳥獣保護区","A15-15_22_GML.zip","A15/A15-15/A15-15_22_GML.zip"
"鳥獣保護区","A15-15_23_GML.zip","A15/A15-15/A15-15_23_GML.zip"
"鳥獣保護区","A15-15_24_GML.zip","A15/A15-15/A15-15_24_GML.zip"
"鳥獣保護区","A15-15_25_GML.zip","A15/A15-15/A15-15_25_GML.zip"
"鳥獣保護区","A15-15_26_GML.zip","A15/A15-15/A15-15_26_GML.zip"
"鳥獣保護区","A15-15_27_GML.zip","A15/A15-15/A15-15_27_GML.zip"
"鳥獣保護区","A15-15_28_GML.zip","A15/A15-15/A15-15_28_GML.zip"
"鳥獣保護区","A15-15_29_GML.zip","A15/A15-15/A15-15_29_GML.zip"
"鳥獣保護区","A15-15_30_GML.zip","A15/A15-15/A15-15_30_GML.zip"
"鳥獣保護区","A15-09_31_GML.zip","A15/A15-09/A15-09_31_GML.zip"
"鳥獣保護区","A15-15_32_GML.zip","A15/A15-15/A15-15_32_GML.zip"
"鳥獣保護区","A15-15_33_GML.zip","A15/A15-15/A15-15_33_GML.zip"
"鳥獣保護区","A15-15_34_GML.zip","A15/A15-15/A15-15_34_GML.zip"
"鳥獣保護区","A15-15_35_GML.zip","A15/A15-15/A15-15_35_GML.zip"
"鳥獣保護区","A15-15_36_GML.zip","A15/A15-15/A15-15_36_GML.zip"
"鳥獣保護区","A15-15_37_GML.zip","A15/A15-15/A15-15_37_GML.zip"
"鳥獣保護区","A15-15_38_GML.zip","A15/A15-15/A15-15_38_GML.zip"
"鳥獣保護区","A15-15_39_GML.zip","A15/A15-15/A15-15_39_GML.zip"
"鳥獣保護区","A15-15_40_GML.zip","A15/A15-15/A15-15_40_GML.zip"
"鳥獣保護区","A15-15_41_GML.zip","A15/A15-15/A15-15_41_GML.zip"
"鳥獣保護区","A15-15_42_GML.zip","A15/A15-15/A15-15_42_GML.zip"
"鳥獣保護区","A15-15_43_GML.zip","A15/A15-15/A15-15_43_GML.zip"
"鳥獣保護区","A15-15_44_GML.zip","A15/A15-15/A15-15_44_GML.zip"
"鳥獣保護区","A15-09_45_GML.zip","A15/A15-09/A15-09_45_GML.zip"
"鳥獣保護区","A15-15_46_GML.zip","A15/A15-15/A15-15_46_GML.zip"
"鳥獣保護区","A15-15_47_GML.zip","A15/A15-15/A15-15_47_GML.zip"
"道路","N13-24_3622_GEOJSON.zip","N13/N13-24/N13-24_3622_GEOJSON.zip"
"道路","N13-24_3623_GEOJSON.zip","N13/N13-24/N13-24_3623_GEOJSON.zip"
"道路","N13-24_3624_GEOJSON.zip","N13/N13-24/N13-24_3624_GEOJSON.zip"
"道路","N13-24_3631_GEOJSON.zip","N13/N13-24/N13-24_3631_GEOJSON.zip"
"道路","N13-24_3653_GEOJSON.zip","N13/N13-24/N13-24_3653_GEOJSON.zip"
"道路","N13-24_3724_GEOJSON.zip","N13/N13-24/N13-24_3724_GEOJSON.zip"
"道路","N13-24_3725_GEOJSON.zip","N13/N13-24/N13-24_3725_GEOJSON.zip"
"道路","N13-24_3741_GEOJSON.zip","N13/N13-24/N13-24_3741_GEOJSON.zip"
"道路","N13-24_3831_GEOJSON.zip","N13/N13-24/N13-24_3831_GEOJSON.zip"
"道路","N13-24_3926_GEOJSON.zip","N13/N13-24/N13-24_3926_GEOJSON.zip"
"道路","N13-24_3927_GEOJSON.zip","N13/N13-24/N13-24_3927_GEOJSON.zip"
"道路","N13-24_3928_GEOJSON.zip","N13/N13-24/N13-24_3928_GEOJSON.zip"
"道路","N13-24_3942_GEOJSON.zip","N13/N13-24/N13-24_3942_GEOJSON.zip"
"道路","N13-24_4027_GEOJSON.zip","N13/N13-24/N13-24_4027_GEOJSON.zip"
"道路","N13-24_4028_GEOJSON.zip","N13/N13-24/N13-24_4028_GEOJSON.zip"
"道路","N13-24_4042_GEOJSON.zip","N13/N13-24/N13-24_4042_GEOJSON.zip"
"道路","N13-24_4128_GEOJSON.zip","N13/N13-24/N13-24_4128_GEOJSON.zip"
"道路","N13-24_4129_GEOJSON.zip","N13/N13-24/N13-24_4129_GEOJSON.zip"
"道路","N13-24_4229_GEOJSON.zip","N13/N13-24/N13-24_4229_GEOJSON.zip"
"道路","N13-24_4230_GEOJSON.zip","N13/N13-24/N13-24_4230_GEOJSON.zip"
"道路","N13-24_4329_GEOJSON.zip","N13/N13-24/N13-24_4329_GEOJSON.zip"
"道路","N13-24_4429_GEOJSON.zip","N13/N13-24/N13-24_4429_GEOJSON.zip"
"道路","N13-24_4529_GEOJSON.zip","N13/N13-24/N13-24_4529_GEOJSON.zip"
"道路","N13-24_4530_GEOJSON.zip","N13/N13-24/N13-24_4530_GEOJSON.zip"
"道路","N13-24_4531_GEOJSON.zip","N13/N13-24/N13-24_4531_GEOJSON.zip"
"道路","N13-24_4540_GEOJSON.zip","N13/N13-24/N13-24_4540_GEOJSON.zip"
"道路","N13-24_4629_GEOJSON.zip","N13/N13-24/N13-24_4629_GEOJSON.zip"
"道路","N13-24_4630_GEOJSON.zip","N13/N13-24/N13-24_4630_GEOJSON.zip"
"道路","N13-24_4631_GEOJSON.zip","N13/N13-24/N13-24_4631_GEOJSON.zip"
"道路","N13-24_4728_GEOJSON.zip","N13/N13-24/N13-24_4728_GEOJSON.zip"
"道路","N13-24_4729_GEOJSON.zip","N13/N13-24/N13-24_4729_GEOJSON.zip"
"道路","N13-24_4730_GEOJSON.zip","N13/N13-24/N13-24_4730_GEOJSON.zip"
"道路","N13-24_4731_GEOJSON.zip","N13/N13-24/N13-24_4731_GEOJSON.zip"
"道路","N13-24_4828_GEOJSON.zip","N13/N13-24/N13-24_4828_GEOJSON.zip"
"道路","N13-24_4829_GEOJSON.zip","N13/N13-24/N13-24_4829_GEOJSON.zip"
"道路","N13-24_4830_GEOJSON.zip","N13/N13-24/N13-24_4830_GEOJSON.zip"
"道路","N13-24_4831_GEOJSON.zip","N13/N13-24/N13-24_4831_GEOJSON.zip"
"道路","N13-24_4839_GEOJSON.zip","N13/N13-24/N13-24_4839_GEOJSON.zip"
"道路","N13-24_4928_GEOJSON.zip","N13/N13-24/N13-24_4928_GEOJSON.zip"
"道路","N13-24_4929_GEOJSON.zip","N13/N13-24/N13-24_4929_GEOJSON.zip"
"道路","N13-24_4930_GEOJSON.zip","N13/N13-24/N13-24_4930_GEOJSON.zip"
"道路","N13-24_4931_GEOJSON.zip","N13/N13-24/N13-24_4931_GEOJSON.zip"
"道路","N13-24_4932_GEOJSON.zip","N13/N13-24/N13-24_4932_GEOJSON.zip"
"道路","N13-24_4933_GEOJSON.zip","N13/N13-24/N13-24_4933_GEOJSON.zip"
"道路","N13-24_4934_GEOJSON.zip","N13/N13-24/N13-24_4934_GEOJSON.zip"
"道路","N13-24_4939_GEOJSON.zip","N13/N13-24/N13-24_4939_GEOJSON.zip"
"道路","N13-24_5029_GEOJSON.zip","N13/N13-24/N13-24_5029_GEOJSON.zip"
"道路","N13-24_5030_GEOJSON.zip","N13/N13-24/N13-24_5030_GEOJSON.zip"
"道路","N13-24_5031_GEOJSON.zip","N13/N13-24/N13-24_5031_GEOJSON.zip"
"道路","N13-24_5032_GEOJSON.zip","N13/N13-24/N13-24_5032_GEOJSON.zip"
"道路","N13-24_5033_GEOJSON.zip","N13/N13-24/N13-24_5033_GEOJSON.zip"
"道路","N13-24_5034_GEOJSON.zip","N13/N13-24/N13-24_5034_GEOJSON.zip"
"道路","N13-24_5035_GEOJSON.zip","N13/N13-24/N13-24_5035_GEOJSON.zip"
"道路","N13-24_5036_GEOJSON.zip","N13/N13-24/N13-24_5036_GEOJSON.zip"
"道路","N13-24_5039_GEOJSON.zip","N13/N13-24/N13-24_5039_GEOJSON.zip"
"道路","N13-24_5129_GEOJSON.zip","N13/N13-24/N13-24_5129_GEOJSON.zip"
"道路","N13-24_5130_GEOJSON.zip","N13/N13-24/N13-24_5130_GEOJSON.zip"
"道路","N13-24_5131_GEOJSON.zip","N13/N13-24/N13-24_5131_GEOJSON.zip"
"道路","N13-24_5132_GEOJSON.zip","N13/N13-24/N13-24_5132_GEOJSON.zip"
"道路","N13-24_5133_GEOJSON.zip","N13/N13-24/N13-24_5133_GEOJSON.zip"
"道路","N13-24_5134_GEOJSON.zip","N13/N13-24/N13-24_5134_GEOJSON.zip"
"道路","N13-24_5135_GEOJSON.zip","N13/N13-24/N13-24_5135_GEOJSON.zip"
"道路","N13-24_5136_GEOJSON.zip","N13/N13-24/N13-24_5136_GEOJSON.zip"
"道路","N13-24_5137_GEOJSON.zip","N13/N13-24/N13-24_5137_GEOJSON.zip"
"道路","N13-24_5138_GEOJSON.zip","N13/N13-24/N13-24_5138_GEOJSON.zip"
"道路","N13-24_5139_GEOJSON.zip","N13/N13-24/N13-24_5139_GEOJSON.zip"
"道路","N13-24_5229_GEOJSON.zip","N13/N13-24/N13-24_5229_GEOJSON.zip"
"道路","N13-24_5231_GEOJSON.zip","N13/N13-24/N13-24_5231_GEOJSON.zip"
"道路","N13-24_5232_GEOJSON.zip","N13/N13-24/N13-24_5232_GEOJSON.zip"
"道路","N13-24_5233_GEOJSON.zip","N13/N13-24/N13-24_5233_GEOJSON.zip"
"道路","N13-24_5234_GEOJSON.zip","N13/N13-24/N13-24_5234_GEOJSON.zip"
"道路","N13-24_5235_GEOJSON.zip","N13/N13-24/N13-24_5235_GEOJSON.zip"
"道路","N13-24_5236_GEOJSON.zip","N13/N13-24/N13-24_5236_GEOJSON.zip"
"道路","N13-24_5237_GEOJSON.zip","N13/N13-24/N13-24_5237_GEOJSON.zip"
"道路","N13-24_5238_GEOJSON.zip","N13/N13-24/N13-24_5238_GEOJSON.zip"
"道路","N13-24_5239_GEOJSON.zip","N13/N13-24/N13-24_5239_GEOJSON.zip"
"道路","N13-24_5240_GEOJSON.zip","N13/N13-24/N13-24_5240_GEOJSON.zip"
"道路","N13-24_5332_GEOJSON.zip","N13/N13-24/N13-24_5332_GEOJSON.zip"
"道路","N13-24_5333_GEOJSON.zip","N13/N13-24/N13-24_5333_GEOJSON.zip"
"道路","N13-24_5334_GEOJSON.zip","N13/N13-24/N13-24_5334_GEOJSON.zip"
"道路","N13-24_5335_GEOJSON.zip","N13/N13-24/N13-24_5335_GEOJSON.zip"
"道路","N13-24_5336_GEOJSON.zip","N13/N13-24/N13-24_5336_GEOJSON.zip"
"道路","N13-24_5337_GEOJSON.zip","N13/N13-24/N13-24_5337_GEOJSON.zip"
"道路","N13-24_5338_GEOJSON.zip","N13/N13-24/N13-24_5338_GEOJSON.zip"
"道路","N13-24_5339_GEOJSON.zip","N13/N13-24/N13-24_5339_GEOJSON.zip"
"道路","N13-24_5340_GEOJSON.zip","N13/N13-24/N13-24_5340_GEOJSON.zip"
"道路","N13-24_5432_GEOJSON.zip","N13/N13-24/N13-24_5432_GEOJSON.zip"
"道路","N13-24_5433_GEOJSON.zip","N13/N13-24/N13-24_5433_GEOJSON.zip"
"道路","N13-24_5435_GEOJSON.zip","N13/N13-24/N13-24_5435_GEOJSON.zip"
"道路","N13-24_5436_GEOJSON.zip","N13/N13-24/N13-24_5436_GEOJSON.zip"
"道路","N13-24_5437_GEOJSON.zip","N13/N13-24/N13-24_5437_GEOJSON.zip"
"道路","N13-24_5438_GEOJSON.zip","N13/N13-24/N13-24_5438_GEOJSON.zip"
"道路","N13-24_5439_GEOJSON.zip","N13/N13-24/N13-24_5439_GEOJSON.zip"
"道路","N13-24_5440_GEOJSON.zip","N13/N13-24/N13-24_5440_GEOJSON.zip"
"道路","N13-24_5536_GEOJSON.zip","N13/N13-24/N13-24_5536_GEOJSON.zip"
"道路","N13-24_5537_GEOJSON.zip","N13/N13-24/N13-24_5537_GEOJSON.zip"
"道路","N13-24_5538_GEOJSON.zip","N13/N13-24/N13-24_5538_GEOJSON.zip"
"道路","N13-24_5539_GEOJSON.zip","N13/N13-24/N13-24_5539_GEOJSON.zip"
"道路","N13-24_5540_GEOJSON.zip","N13/N13-24/N13-24_5540_GEOJSON.zip"
"道路","N13-24_5541_GEOJSON.zip","N13/N13-24/N13-24_5541_GEOJSON.zip"
"道路","N13-24_5636_GEOJSON.zip","N13/N13-24/N13-24_5636_GEOJSON.zip"
"道路","N13-24_5637_GEOJSON.zip","N13/N13-24/N13-24_5637_GEOJSON.zip"
"道路","N13-24_5638_GEOJSON.zip","N13/N13-24/N13-24_5638_GEOJSON.zip"
"道路","N13-24_5639_GEOJSON.zip","N13/N13-24/N13-24_5639_GEOJSON.zip"
"道路","N13-24_5640_GEOJSON.zip","N13/N13-24/N13-24_5640_GEOJSON.zip"
"道路","N13-24_5641_GEOJSON.zip","N13/N13-24/N13-24_5641_GEOJSON.zip"
"道路","N13-24_5738_GEOJSON.zip","N13/N13-24/N13-24_5738_GEOJSON.zip"
"道路","N13-24_5739_GEOJSON.zip","N13/N13-24/N13-24_5739_GEOJSON.zip"
"道路","N13-24_5740_GEOJSON.zip","N13/N13-24/N13-24_5740_GEOJSON.zip"
"道路","N13-24_5741_GEOJSON.zip","N13/N13-24/N13-24_5741_GEOJSON.zip"
"道路","N13-24_5839_GEOJSON.zip","N13/N13-24/N13-24_5839_GEOJSON.zip"
"道路","N13-24_5840_GEOJSON.zip","N13/N13-24/N13-24_5840_GEOJSON.zip"
"道路","N13-24_5841_GEOJSON.zip","N13/N13-24/N13-24_5841_GEOJSON.zip"
"道路","N13-24_5939_GEOJSON.zip","N13/N13-24/N13-24_5939_GEOJSON.zip"
"道路","N13-24_5940_GEOJSON.zip","N13/N13-24/N13-24_5940_GEOJSON.zip"
"道路","N13-24_5941_GEOJSON.zip","N13/N13-24/N13-24_5941_GEOJSON.zip"
"道路","N13-24_5942_GEOJSON.zip","N13/N13-24/N13-24_5942_GEOJSON.zip"
"道路","N13-24_6039_GEOJSON.zip","N13/N13-24/N13-24_6039_GEOJSON.zip"
"道路","N13-24_6040_GEOJSON.zip","N13/N13-24/N13-24_6040_GEOJSON.zip"
"道路","N13-24_6041_GEOJSON.zip","N13/N13-24/N13-24_6041_GEOJSON.zip"
"道路","N13-24_6139_GEOJSON.zip","N13/N13-24/N13-24_6139_GEOJSON.zip"
"道路","N13-24_6140_GEOJSON.zip","N13/N13-24/N13-24_6140_GEOJSON.zip"
"道路","N13-24_6141_GEOJSON.zip","N13/N13-24/N13-24_6141_GEOJSON.zip"
"道路","N13-24_6239_GEOJSON.zip","N13/N13-24/N13-24_6239_GEOJSON.zip"
"道路","N13-24_6240_GEOJSON.zip","N13/N13-24/N13-24_6240_GEOJSON.zip"
"道路","N13-24_6241_GEOJSON.zip","N13/N13-24/N13-24_6241_GEOJSON.zip"
"道路","N13-24_6243_GEOJSON.zip","N13/N13-24/N13-24_6243_GEOJSON.zip"
"道路","N13-24_6339_GEOJSON.zip","N13/N13-24/N13-24_6339_GEOJSON.zip"
"道路","N13-24_6340_GEOJSON.zip","N13/N13-24/N13-24_6340_GEOJSON.zip"
"道路","N13-24_6341_GEOJSON.zip","N13/N13-24/N13-24_6341_GEOJSON.zip"
"道路","N13-24_6342_GEOJSON.zip","N13/N13-24/N13-24_6342_GEOJSON.zip"
"道路","N13-24_6343_GEOJSON.zip","N13/N13-24/N13-24_6343_GEOJSON.zip"
"道路","N13-24_6439_GEOJSON.zip","N13/N13-24/N13-24_6439_GEOJSON.zip"
"道路","N13-24_6440_GEOJSON.zip","N13/N13-24/N13-24_6440_GEOJSON.zip"
"道路","N13-24_6441_GEOJSON.zip","N13/N13-24/N13-24_6441_GEOJSON.zip"
"道路","N13-24_6442_GEOJSON.zip","N13/N13-24/N13-24_6442_GEOJSON.zip"
"道路","N13-24_6443_GEOJSON.zip","N13/N13-24/N13-24_6443_GEOJSON.zip"
"道路","N13-24_6444_GEOJSON.zip","N13/N13-24/N13-24_6444_GEOJSON.zip"
"道路","N13-24_6445_GEOJSON.zip","N13/N13-24/N13-24_6445_GEOJSON.zip"
"道路","N13-24_6540_GEOJSON.zip","N13/N13-24/N13-24_6540_GEOJSON.zip"
"道路","N13-24_6541_GEOJSON.zip","N13/N13-24/N13-24_6541_GEOJSON.zip"
"道路","N13-24_6542_GEOJSON.zip","N13/N13-24/N13-24_6542_GEOJSON.zip"
"道路","N13-24_6543_GEOJSON.zip","N13/N13-24/N13-24_6543_GEOJSON.zip"
"道路","N13-24_6544_GEOJSON.zip","N13/N13-24/N13-24_6544_GEOJSON.zip"
"道路","N13-24_6545_GEOJSON.zip","N13/N13-24/N13-24_6545_GEOJSON.zip"
"道路","N13-24_6546_GEOJSON.zip","N13/N13-24/N13-24_6546_GEOJSON.zip"
"道路","N13-24_6641_GEOJSON.zip","N13/N13-24/N13-24_6641_GEOJSON.zip"
"道路","N13-24_6642_GEOJSON.zip","N13/N13-24/N13-24_6642_GEOJSON.zip"
"道路","N13-24_6643_GEOJSON.zip","N13/N13-24/N13-24_6643_GEOJSON.zip"
"道路","N13-24_6644_GEOJSON.zip","N13/N13-24/N13-24_6644_GEOJSON.zip"
"道路","N13-24_6645_GEOJSON.zip","N13/N13-24/N13-24_6645_GEOJSON.zip"
"道路","N13-24_6646_GEOJSON.zip","N13/N13-24/N13-24_6646_GEOJSON.zip"
"道路","N13-24_6741_GEOJSON.zip","N13/N13-24/N13-24_6741_GEOJSON.zip"
"道路","N13-24_6742_GEOJSON.zip","N13/N13-24/N13-24_6742_GEOJSON.zip"
"道路","N13-24_6747_GEOJSON.zip","N13/N13-24/N13-24_6747_GEOJSON.zip"
"道路","N13-24_6748_GEOJSON.zip","N13/N13-24/N13-24_6748_GEOJSON.zip"
"道路","N13-24_6840_GEOJSON.zip","N13/N13-24/N13-24_6840_GEOJSON.zip"
"道路","N13-24_6841_GEOJSON.zip","N13/N13-24/N13-24_6841_GEOJSON.zip"
"道路","N13-24_6842_GEOJSON.zip","N13/N13-24/N13-24_6842_GEOJSON.zip"
"道路","N13-24_6848_GEOJSON.zip","N13/N13-24/N13-24_6848_GEOJSON.zip"
"高速道路時系列","N06-25_GML.zip","N06/N06-25/N06-25_GML.zip"
"高速道路時系列","N06-13.zip","N06/N06-13/N06-13.zip"
"緊急輸送道路","N10-24_GML.zip","N10/N10-24/N10-24_GML.zip"
"重要物流道路","N12-21_52_GML.zip","N12/N12-21/N12-21_52_GML.zip"
"重要物流道路","N12-21_53_GML.zip","N12/N12-21/N12-21_53_GML.zip"
"重要物流道路","N12-21_54_GML.zip","N12/N12-21/N12-21_54_GML.zip"
"重要物流道路","N12-21_55_GML.zip","N12/N12-21/N12-21_55_GML.zip"
"重要物流道路","N12-21_56_GML.zip","N12/N12-21/N12-21_56_GML.zip"
"重要物流道路","N12-21_57_GML.zip","N12/N12-21/N12-21_57_GML.zip"
"重要物流道路","N12-21_58_GML.zip","N12/N12-21/N12-21_58_GML.zip"
"重要物流道路","N12-21_59_GML.zip","N12/N12-21/N12-21_59_GML.zip"
"道路密度・道路延長メッシュ","N04-10_3622-jgd_GML.zip","N04/N04-10/N04-10_3622-jgd_GML.zip"
"道路密度・道路延長メッシュ","N04-10_3623-jgd_GML.zip","N04/N04-10/N04-10_3623-jgd_GML.zip"
"道路密度・道路延長メッシュ","N04-10_3624-jgd_GML.zip","N04/N04-10/N04-10_3624-jgd_GML.zip"
"道路密度・道路延長メッシュ","N04-78_3631-tky_GML.zip","N04/N04-78/N04-78_3631-tky_GML.zip"
"道路密度・道路延長メッシュ","N04-78_3641-tky_GML.zip","N04/N04-78/N04-78_3641-tky_GML.zip"
"道路密度・道路延長メッシュ","N04-10_3653-jgd_GML.zip","N04/N04-10/N04-10_3653-jgd_GML.zip"
"道路密度・道路延長メッシュ","N04-10_3724-jgd_GML.zip","N04/N04-10/N04-10_3724-jgd_GML.zip"
"道路密度・道路延長メッシュ","N04-10_3725-jgd_GML.zip","N04/N04-10/N04-10_3725-jgd_GML.zip"
"道路密度・道路延長メッシュ","N04-10_3741-jgd_GML.zip","N04/N04-10/N04-10_3741-jgd_GML.zip"
"道路密度・道路延長メッシュ","N04-78_3823-tky_GML.zip","N04/N04-78/N04-78_3823-tky_GML.zip"
"道路密度・道路延長メッシュ","N04-78_3824-tky_GML.zip","N04/N04-78/N04-78_3824-tky_GML.zip"
"道路密度・道路延長メッシュ","N04-10_3831-jgd_GML.zip","N04/N04-10/N04-10_3831-jgd_GML.zip"
"道路密度・道路延長メッシュ","N04-78_3841-tky_GML.zip","N04/N04-78/N04-78_3841-tky_GML.zip"
"道路密度・道路延長メッシュ","N04-10_3926-jgd_GML.zip","N04/N04-10/N04-10_3926-jgd_GML.zip"
"道路密度・道路延長メッシュ","N04-10_3927-jgd_GML.zip","N04/N04-10/N04-10_3927-jgd_GML.zip"
"道路密度・道路延長メッシュ","N04-10_3928-jgd_GML.zip","N04/N04-10/N04-10_3928-jgd_GML.zip"
"道路密度・道路延長メッシュ","N04-10_3942-jgd_GML.zip","N04/N04-10/N04-10_3942-jgd_GML.zip"
"道路密度・道路延長メッシュ","N04-10_4027-jgd_GML.zip","N04/N04-10/N04-10_4027-jgd_GML.zip"
"道路密度・道路延長メッシュ","N04-10_4028-jgd_GML.zip","N04/N04-10/N04-10_4028-jgd_GML.zip"
"道路密度・道路延長メッシュ","N04-78_4040-tky_GML.zip","N04/N04-78/N04-78_4040-tky_GML.zip"
"道路密度・道路延長メッシュ","N04-10_4042-jgd_GML.zip","N04/N04-10/N04-10_4042-jgd_GML.zip"
"道路密度・道路延長メッシュ","N04-10_4128-jgd_GML.zip","N04/N04-10/N04-10_4128-jgd_GML.zip"
"道路密度・道路延長メッシュ","N04-10_4129-jgd_GML.zip","N04/N04-10/N04-10_4129-jgd_GML.zip"
"道路密度・道路延長メッシュ","N04-78_4142-tky_GML.zip","N04/N04-78/N04-78_4142-tky_GML.zip"
"道路密度・道路延長メッシュ","N04-10_4229-jgd_GML.zip","N04/N04-10/N04-10_4229-jgd_GML.zip"
"道路密度・道路延長メッシュ","N04-10_4230-jgd_GML.zip","N04/N04-10/N04-10_4230-jgd_GML.zip"
"道路密度・道路延長メッシュ","N04-78_4328-tky_GML.zip","N04/N04-78/N04-78_4328-tky_GML.zip"
"道路密度・道路延長メッシュ","N04-10_4329-jgd_GML.zip","N04/N04-10/N04-10_4329-jgd_GML.zip"
"道路密度・道路延長メッシュ","N04-10_4429-jgd_GML.zip","N04/N04-10/N04-10_4429-jgd_GML.zip"
"道路密度・道路延長メッシュ","N04-10_4529-jgd_GML.zip","N04/N04-10/N04-10_4529-jgd_GML.zip"
"道路密度・道路延長メッシュ","N04-10_4530-jgd_GML.zip","N04/N04-10/N04-10_4530-jgd_GML.zip"
"道路密度・道路延長メッシュ","N04-10_4531-jgd_GML.zip","N04/N04-10/N04-10_4531-jgd_GML.zip"
"道路密度・道路延長メッシュ","N04-78_4540-tky_GML.zip","N04/N04-78/N04-78_4540-tky_GML.zip"
"道路密度・道路延長メッシュ","N04-10_4629-jgd_GML.zip","N04/N04-10/N04-10_4629-jgd_GML.zip"
"道路密度・道路延長メッシュ","N04-10_4630-jgd_GML.zip","N04/N04-10/N04-10_4630-jgd_GML.zip"
"道路密度・道路延長メッシュ","N04-10_4631-jgd_GML.zip","N04/N04-10/N04-10_4631-jgd_GML.zip"
"道路密度・道路延長メッシュ","N04-78_4728-tky_GML.zip","N04/N04-78/N04-78_4728-tky_GML.zip"
"道路密度・道路延長メッシュ","N04-10_4729-jgd_GML.zip","N04/N04-10/N04-10_4729-jgd_GML.zip"
"道路密度・道路延長メッシュ","N04-10_4730-jgd_GML.zip","N04/N04-10/N04-10_4730-jgd_GML.zip"
"道路密度・道路延長メッシュ","N04-10_4731-jgd_GML.zip","N04/N04-10/N04-10_4731-jgd_GML.zip"
"道路密度・道路延長メッシュ","N04-78_4740-tky_GML.zip","N04/N04-78/N04-78_4740-tky_GML.zip"
"道路密度・道路延長メッシュ","N04-10_4828-jgd_GML.zip","N04/N04-10/N04-10_4828-jgd_GML.zip"
"道路密度・道路延長メッシュ","N04-10_4829-jgd_GML.zip","N04/N04-10/N04-10_4829-jgd_GML.zip"
"道路密度・道路延長メッシュ","N04-10_4830-jgd_GML.zip","N04/N04-10/N04-10_4830-jgd_GML.zip"
"道路密度・道路延長メッシュ","N04-10_4831-jgd_GML.zip","N04/N04-10/N04-10_4831-jgd_GML.zip"
"道路密度・道路延長メッシュ","N04-10_4839-jgd_GML.zip","N04/N04-10/N04-10_4839-jgd_GML.zip"
"道路密度・道路延長メッシュ","N04-10_4928-jgd_GML.zip","N04/N04-10/N04-10_4928-jgd_GML.zip"
"道路密度・道路延長メッシュ","N04-10_4929-jgd_GML.zip","N04/N04-10/N04-10_4929-jgd_GML.zip"
"道路密度・道路延長メッシュ","N04-10_4930-jgd_GML.zip","N04/N04-10/N04-10_4930-jgd_GML.zip"
"道路密度・道路延長メッシュ","N04-10_4931-jgd_GML.zip","N04/N04-10/N04-10_4931-jgd_GML.zip"
"道路密度・道路延長メッシュ","N04-10_4932-jgd_GML.zip","N04/N04-10/N04-10_4932-jgd_GML.zip"
"道路密度・道路延長メッシュ","N04-10_4933-jgd_GML.zip","N04/N04-10/N04-10_4933-jgd_GML.zip"
"道路密度・道路延長メッシュ","N04-10_4934-jgd_GML.zip","N04/N04-10/N04-10_4934-jgd_GML.zip"
"道路密度・道路延長メッシュ","N04-10_4939-jgd_GML.zip","N04/N04-10/N04-10_4939-jgd_GML.zip"
"道路密度・道路延長メッシュ","N04-10_5029-jgd_GML.zip","N04/N04-10/N04-10_5029-jgd_GML.zip"
"道路密度・道路延長メッシュ","N04-10_5030-jgd_GML.zip","N04/N04-10/N04-10_5030-jgd_GML.zip"
"道路密度・道路延長メッシュ","N04-10_5031-jgd_GML.zip","N04/N04-10/N04-10_5031-jgd_GML.zip"
"道路密度・道路延長メッシュ","N04-10_5032-jgd_GML.zip","N04/N04-10/N04-10_5032-jgd_GML.zip"
"道路密度・道路延長メッシュ","N04-10_5033-jgd_GML.zip","N04/N04-10/N04-10_5033-jgd_GML.zip"
"道路密度・道路延長メッシュ","N04-10_5034-jgd_GML.zip","N04/N04-10/N04-10_5034-jgd_GML.zip"
"道路密度・道路延長メッシュ","N04-10_5035-jgd_GML.zip","N04/N04-10/N04-10_5035-jgd_GML.zip"
"道路密度・道路延長メッシュ","N04-10_5036-jgd_GML.zip","N04/N04-10/N04-10_5036-jgd_GML.zip"
"道路密度・道路延長メッシュ","N04-10_5039-jgd_GML.zip","N04/N04-10/N04-10_5039-jgd_GML.zip"
"道路密度・道路延長メッシュ","N04-10_5129-jgd_GML.zip","N04/N04-10/N04-10_5129-jgd_GML.zip"
"道路密度・道路延長メッシュ","N04-10_5130-jgd_GML.zip","N04/N04-10/N04-10_5130-jgd_GML.zip"
"道路密度・道路延長メッシュ","N04-10_5131-jgd_GML.zip","N04/N04-10/N04-10_5131-jgd_GML.zip"
"道路密度・道路延長メッシュ","N04-10_5132-jgd_GML.zip","N04/N04-10/N04-10_5132-jgd_GML.zip"
"道路密度・道路延長メッシュ","N04-10_5133-jgd_GML.zip","N04/N04-10/N04-10_5133-jgd_GML.zip"
"道路密度・道路延長メッシュ","N04-10_5134-jgd_GML.zip","N04/N04-10/N04-10_5134-jgd_GML.zip"
"道路密度・道路延長メッシュ","N04-10_5135-jgd_GML.zip","N04/N04-10/N04-10_5135-jgd_GML.zip"
"道路密度・道路延長メッシュ","N04-10_5136-jgd_GML.zip","N04/N04-10/N04-10_5136-jgd_GML.zip"
"道路密度・道路延長メッシュ","N04-10_5137-jgd_GML.zip","N04/N04-10/N04-10_5137-jgd_GML.zip"
"道路密度・道路延長メッシュ","N04-10_5138-jgd_GML.zip","N04/N04-10/N04-10_5138-jgd_GML.zip"
"道路密度・道路延長メッシュ","N04-10_5139-jgd_GML.zip","N04/N04-10/N04-10_5139-jgd_GML.zip"
"道路密度・道路延長メッシュ","N04-10_5229-jgd_GML.zip","N04/N04-10/N04-10_5229-jgd_GML.zip"
"道路密度・道路延長メッシュ","N04-10_5231-jgd_GML.zip","N04/N04-10/N04-10_5231-jgd_GML.zip"
"道路密度・道路延長メッシュ","N04-10_5232-jgd_GML.zip","N04/N04-10/N04-10_5232-jgd_GML.zip"
"道路密度・道路延長メッシュ","N04-10_5233-jgd_GML.zip","N04/N04-10/N04-10_5233-jgd_GML.zip"
"道路密度・道路延長メッシュ","N04-10_5234-jgd_GML.zip","N04/N04-10/N04-10_5234-jgd_GML.zip"
"道路密度・道路延長メッシュ","N04-10_5235-jgd_GML.zip","N04/N04-10/N04-10_5235-jgd_GML.zip"
"道路密度・道路延長メッシュ","N04-10_5236-jgd_GML.zip","N04/N04-10/N04-10_5236-jgd_GML.zip"
"道路密度・道路延長メッシュ","N04-10_5237-jgd_GML.zip","N04/N04-10/N04-10_5237-jgd_GML.zip"
"道路密度・道路延長メッシュ","N04-10_5238-jgd_GML.zip","N04/N04-10/N04-10_5238-jgd_GML.zip"
"道路密度・道路延長メッシュ","N04-10_5239-jgd_GML.zip","N04/N04-10/N04-10_5239-jgd_GML.zip"
"道路密度・道路延長メッシュ","N04-10_5240-jgd_GML.zip","N04/N04-10/N04-10_5240-jgd_GML.zip"
"道路密度・道路延長メッシュ","N04-10_5332-jgd_GML.zip","N04/N04-10/N04-10_5332-jgd_GML.zip"
"道路密度・道路延長メッシュ","N04-10_5333-jgd_GML.zip","N04/N04-10/N04-10_5333-jgd_GML.zip"
"道路密度・道路延長メッシュ","N04-10_5334-jgd_GML.zip","N04/N04-10/N04-10_5334-jgd_GML.zip"
"道路密度・道路延長メッシュ","N04-10_5335-jgd_GML.zip","N04/N04-10/N04-10_5335-jgd_GML.zip"
"道路密度・道路延長メッシュ","N04-10_5336-jgd_GML.zip","N04/N04-10/N04-10_5336-jgd_GML.zip"
"道路密度・道路延長メッシュ","N04-10_5337-jgd_GML.zip","N04/N04-10/N04-10_5337-jgd_GML.zip"
"道路密度・道路延長メッシュ","N04-10_5338-jgd_GML.zip","N04/N04-10/N04-10_5338-jgd_GML.zip"
"道路密度・道路延長メッシュ","N04-10_5339-jgd_GML.zip","N04/N04-10/N04-10_5339-jgd_GML.zip"
"道路密度・道路延長メッシュ","N04-10_5340-jgd_GML.zip","N04/N04-10/N04-10_5340-jgd_GML.zip"
"道路密度・道路延長メッシュ","N04-10_5432-jgd_GML.zip","N04/N04-10/N04-10_5432-jgd_GML.zip"
"道路密度・道路延長メッシュ","N04-10_5433-jgd_GML.zip","N04/N04-10/N04-10_5433-jgd_GML.zip"
"道路密度・道路延長メッシュ","N04-10_5435-jgd_GML.zip","N04/N04-10/N04-10_5435-jgd_GML.zip"
"道路密度・道路延長メッシュ","N04-10_5436-jgd_GML.zip","N04/N04-10/N04-10_5436-jgd_GML.zip"
"道路密度・道路延長メッシュ","N04-10_5437-jgd_GML.zip","N04/N04-10/N04-10_5437-jgd_GML.zip"
"道路密度・道路延長メッシュ","N04-10_5438-jgd_GML.zip","N04/N04-10/N04-10_5438-jgd_GML.zip"
"道路密度・道路延長メッシュ","N04-10_5439-jgd_GML.zip","N04/N04-10/N04-10_5439-jgd_GML.zip"
"道路密度・道路延長メッシュ","N04-10_5440-jgd_GML.zip","N04/N04-10/N04-10_5440-jgd_GML.zip"
"道路密度・道路延長メッシュ","N04-78_5531-tky_GML.zip","N04/N04-78/N04-78_5531-tky_GML.zip"
"道路密度・道路延長メッシュ","N04-10_5536-jgd_GML.zip","N04/N04-10/N04-10_5536-jgd_GML.zip"
"道路密度・道路延長メッシュ","N04-10_5537-jgd_GML.zip","N04/N04-10/N04-10_5537-jgd_GML.zip"
"道路密度・道路延長メッシュ","N04-10_5538-jgd_GML.zip","N04/N04-10/N04-10_5538-jgd_GML.zip"
"道路密度・道路延長メッシュ","N04-10_5539-jgd_GML.zip","N04/N04-10/N04-10_5539-jgd_GML.zip"
"道路密度・道路延長メッシュ","N04-10_5540-jgd_GML.zip","N04/N04-10/N04-10_5540-jgd_GML.zip"
"道路密度・道路延長メッシュ","N04-10_5541-jgd_GML.zip","N04/N04-10/N04-10_5541-jgd_GML.zip"
"道路密度・道路延長メッシュ","N04-10_5636-jgd_GML.zip","N04/N04-10/N04-10_5636-jgd_GML.zip"
"道路密度・道路延長メッシュ","N04-10_5637-jgd_GML.zip","N04/N04-10/N04-10_5637-jgd_GML.zip"
"道路密度・道路延長メッシュ","N04-10_5638-jgd_GML.zip","N04/N04-10/N04-10_5638-jgd_GML.zip"
"道路密度・道路延長メッシュ","N04-10_5639-jgd_GML.zip","N04/N04-10/N04-10_5639-jgd_GML.zip"
"道路密度・道路延長メッシュ","N04-10_5640-jgd_GML.zip","N04/N04-10/N04-10_5640-jgd_GML.zip"
"道路密度・道路延長メッシュ","N04-10_5641-jgd_GML.zip","N04/N04-10/N04-10_5641-jgd_GML.zip"
"道路密度・道路延長メッシュ","N04-10_5738-jgd_GML.zip","N04/N04-10/N04-10_5738-jgd_GML.zip"
"道路密度・道路延長メッシュ","N04-10_5739-jgd_GML.zip","N04/N04-10/N04-10_5739-jgd_GML.zip"
"道路密度・道路延長メッシュ","N04-10_5740-jgd_GML.zip","N04/N04-10/N04-10_5740-jgd_GML.zip"
"道路密度・道路延長メッシュ","N04-10_5741-jgd_GML.zip","N04/N04-10/N04-10_5741-jgd_GML.zip"
"道路密度・道路延長メッシュ","N04-10_5839-jgd_GML.zip","N04/N04-10/N04-10_5839-jgd_GML.zip"
"道路密度・道路延長メッシュ","N04-10_5840-jgd_GML.zip","N04/N04-10/N04-10_5840-jgd_GML.zip"
"道路密度・道路延長メッシュ","N04-10_5841-jgd_GML.zip","N04/N04-10/N04-10_5841-jgd_GML.zip"
"道路密度・道路延長メッシュ","N04-10_5939-jgd_GML.zip","N04/N04-10/N04-10_5939-jgd_GML.zip"
"道路密度・道路延長メッシュ","N04-10_5940-jgd_GML.zip","N04/N04-10/N04-10_5940-jgd_GML.zip"
"道路密度・道路延長メッシュ","N04-10_5941-jgd_GML.zip","N04/N04-10/N04-10_5941-jgd_GML.zip"
"道路密度・道路延長メッシュ","N04-10_5942-jgd_GML.zip","N04/N04-10/N04-10_5942-jgd_GML.zip"
"道路密度・道路延長メッシュ","N04-10_6039-jgd_GML.zip","N04/N04-10/N04-10_6039-jgd_GML.zip"
"道路密度・道路延長メッシュ","N04-10_6040-jgd_GML.zip","N04/N04-10/N04-10_6040-jgd_GML.zip"
"道路密度・道路延長メッシュ","N04-10_6041-jgd_GML.zip","N04/N04-10/N04-10_6041-jgd_GML.zip"
"道路密度・道路延長メッシュ","N04-10_6139-jgd_GML.zip","N04/N04-10/N04-10_6139-jgd_GML.zip"
"道路密度・道路延長メッシュ","N04-10_6140-jgd_GML.zip","N04/N04-10/N04-10_6140-jgd_GML.zip"
"道路密度・道路延長メッシュ","N04-10_6141-jgd_GML.zip","N04/N04-10/N04-10_6141-jgd_GML.zip"
"道路密度・道路延長メッシュ","N04-10_6239-jgd_GML.zip","N04/N04-10/N04-10_6239-jgd_GML.zip"
"道路密度・道路延長メッシュ","N04-10_6240-jgd_GML.zip","N04/N04-10/N04-10_6240-jgd_GML.zip"
"道路密度・道路延長メッシュ","N04-10_6241-jgd_GML.zip","N04/N04-10/N04-10_6241-jgd_GML.zip"
"道路密度・道路延長メッシュ","N04-10_6243-jgd_GML.zip","N04/N04-10/N04-10_6243-jgd_GML.zip"
"道路密度・道路延長メッシュ","N04-10_6339-jgd_GML.zip","N04/N04-10/N04-10_6339-jgd_GML.zip"
"道路密度・道路延長メッシュ","N04-10_6340-jgd_GML.zip","N04/N04-10/N04-10_6340-jgd_GML.zip"
"道路密度・道路延長メッシュ","N04-10_6341-jgd_GML.zip","N04/N04-10/N04-10_6341-jgd_GML.zip"
"道路密度・道路延長メッシュ","N04-10_6342-jgd_GML.zip","N04/N04-10/N04-10_6342-jgd_GML.zip"
"道路密度・道路延長メッシュ","N04-10_6343-jgd_GML.zip","N04/N04-10/N04-10_6343-jgd_GML.zip"
"道路密度・道路延長メッシュ","N04-10_6439-jgd_GML.zip","N04/N04-10/N04-10_6439-jgd_GML.zip"
"道路密度・道路延長メッシュ","N04-10_6440-jgd_GML.zip","N04/N04-10/N04-10_6440-jgd_GML.zip"
"道路密度・道路延長メッシュ","N04-10_6441-jgd_GML.zip","N04/N04-10/N04-10_6441-jgd_GML.zip"
"道路密度・道路延長メッシュ","N04-10_6442-jgd_GML.zip","N04/N04-10/N04-10_6442-jgd_GML.zip"
"道路密度・道路延長メッシュ","N04-10_6443-jgd_GML.zip","N04/N04-10/N04-10_6443-jgd_GML.zip"
"道路密度・道路延長メッシュ","N04-10_6444-jgd_GML.zip","N04/N04-10/N04-10_6444-jgd_GML.zip"
"道路密度・道路延長メッシュ","N04-10_6445-jgd_GML.zip","N04/N04-10/N04-10_6445-jgd_GML.zip"
"道路密度・道路延長メッシュ","N04-10_6540-jgd_GML.zip","N04/N04-10/N04-10_6540-jgd_GML.zip"
"道路密度・道路延長メッシュ","N04-10_6541-jgd_GML.zip","N04/N04-10/N04-10_6541-jgd_GML.zip"
"道路密度・道路延長メッシュ","N04-10_6542-jgd_GML.zip","N04/N04-10/N04-10_6542-jgd_GML.zip"
"道路密度・道路延長メッシュ","N04-10_6543-jgd_GML.zip","N04/N04-10/N04-10_6543-jgd_GML.zip"
"道路密度・道路延長メッシュ","N04-10_6544-jgd_GML.zip","N04/N04-10/N04-10_6544-jgd_GML.zip"
"道路密度・道路延長メッシュ","N04-10_6545-jgd_GML.zip","N04/N04-10/N04-10_6545-jgd_GML.zip"
"道路密度・道路延長メッシュ","N04-78_6546-tky_GML.zip","N04/N04-78/N04-78_6546-tky_GML.zip"
"道路密度・道路延長メッシュ","N04-10_6641-jgd_GML.zip","N04/N04-10/N04-10_6641-jgd_GML.zip"
"道路密度・道路延長メッシュ","N04-10_6642-jgd_GML.zip","N04/N04-10/N04-10_6642-jgd_GML.zip"
"道路密度・道路延長メッシュ","N04-10_6643-jgd_GML.zip","N04/N04-10/N04-10_6643-jgd_GML.zip"
"道路密度・道路延長メッシュ","N04-10_6644-jgd_GML.zip","N04/N04-10/N04-10_6644-jgd_GML.zip"
"道路密度・道路延長メッシュ","N04-10_6645-jgd_GML.zip","N04/N04-10/N04-10_6645-jgd_GML.zip"
"道路密度・道路延長メッシュ","N04-78_6646-tky_GML.zip","N04/N04-78/N04-78_6646-tky_GML.zip"
"道路密度・道路延長メッシュ","N04-78_6647-tky_GML.zip","N04/N04-78/N04-78_6647-tky_GML.zip"
"道路密度・道路延長メッシュ","N04-10_6741-jgd_GML.zip","N04/N04-10/N04-10_6741-jgd_GML.zip"
"道路密度・道路延長メッシュ","N04-10_6742-jgd_GML.zip","N04/N04-10/N04-10_6742-jgd_GML.zip"
"道路密度・道路延長メッシュ","N04-78_6747-tky_GML.zip","N04/N04-78/N04-78_6747-tky_GML.zip"
"道路密度・道路延長メッシュ","N04-78_6748-tky_GML.zip","N04/N04-78/N04-78_6748-tky_GML.zip"
"道路密度・道路延長メッシュ","N04-10_6840-jgd_GML.zip","N04/N04-10/N04-10_6840-jgd_GML.zip"
"道路密度・道路延長メッシュ","N04-10_6841-jgd_GML.zip","N04/N04-10/N04-10_6841-jgd_GML.zip"
"道路密度・道路延長メッシュ","N04-10_6842-jgd_GML.zip","N04/N04-10/N04-10_6842-jgd_GML.zip"
"道路密度・道路延長メッシュ","N04-78_6847-tky_GML.zip","N04/N04-78/N04-78_6847-tky_GML.zip"
"道路密度・道路延長メッシュ","N04-78_6848-tky_GML.zip","N04/N04-78/N04-78_6848-tky_GML.zip"
"高速バス停留所","P36-23_GML.zip","P36/P36-23//P36-23_GML.zip"
"高速バス停留所","P36-23_SHP.zip","P36/P36-23//P36-23_SHP.zip"
"バス停留所","P11-22_GML.zip","P11/P11-22/P11-22_GML.zip"
"バス停留所","P11-22_SHP.zip","P11/P11-22/P11-22_SHP.zip"
"バスルート","N07-22_GML.zip","N07/N07-22/N07-22_GML.zip"
"バスルート","N07-22_SHP.zip","N07/N07-22/N07-22_SHP.zip"
"鉄道","N02-25_GML.zip","N02/N02-25/N02-25_GML.zip"
"鉄道","N02-13.zip","N02/N02-13/N02-13.zip"
"鉄道時系列","N05-25_GML.zip","N05/N05-25/N05-25_GML.zip"
"鉄道時系列","N05-13.zip","N05/N05-13/N05-13.zip"
"駅別乗降客数","S12-25_GML.zip","S12/S12-25/S12-25_GML.zip"
"駅別乗降客数","S12-13.zip","S12/S12-13/S12-13.zip"
"交通流動量_駅別乗降数","S05-c-10_SYUTO_GML.zip","S05-c/S05-c-10/S05-c-10_SYUTO_GML.zip"
"交通流動量_駅別乗降数","S05-c-12_KINKI_GML.zip","S05-c/S05-c-12/S05-c-12_KINKI_GML.zip"
"空港","C28-21_GML.zip","C28/C28-21/C28-21_GML.zip"
"空港","C28-13.zip","C28/C28-13/C28-13.zip"
"空港時系列","N08-21_GML.zip","N08/N08-21/N08-21_GML.zip"
"空港時系列","N08-13.zip","N08/N08-13/N08-13.zip"
"空港間流通量","S10b-14_GML.zip","S10b/S10b-14/S10b-14_GML.zip"
"ヘリポート","N11-13_01.zip","N11/N11-13/N11-13_01.zip"
"ヘリポート","N11-13_02.zip","N11/N11-13/N11-13_02.zip"
"ヘリポート","N11-13_03.zip","N11/N11-13/N11-13_03.zip"
"ヘリポート","N11-13_04.zip","N11/N11-13/N11-13_04.zip"
"ヘリポート","N11-13_05.zip","N11/N11-13/N11-13_05.zip"
"ヘリポート","N11-13_06.zip","N11/N11-13/N11-13_06.zip"
"ヘリポート","N11-13_07.zip","N11/N11-13/N11-13_07.zip"
"ヘリポート","N11-13_08.zip","N11/N11-13/N11-13_08.zip"
"ヘリポート","N11-13_09.zip","N11/N11-13/N11-13_09.zip"
"ヘリポート","N11-13_10.zip","N11/N11-13/N11-13_10.zip"
"ヘリポート","N11-13_11.zip","N11/N11-13/N11-13_11.zip"
"ヘリポート","N11-13_12.zip","N11/N11-13/N11-13_12.zip"
"ヘリポート","N11-13_13.zip","N11/N11-13/N11-13_13.zip"
"ヘリポート","N11-13_14.zip","N11/N11-13/N11-13_14.zip"
"ヘリポート","N11-13_15.zip","N11/N11-13/N11-13_15.zip"
"ヘリポート","N11-13_16.zip","N11/N11-13/N11-13_16.zip"
"ヘリポート","N11-13_17.zip","N11/N11-13/N11-13_17.zip"
"ヘリポート","N11-13_18.zip","N11/N11-13/N11-13_18.zip"
"ヘリポート","N11-13_19.zip","N11/N11-13/N11-13_19.zip"
"ヘリポート","N11-13_20.zip","N11/N11-13/N11-13_20.zip"
"ヘリポート","N11-13_21.zip","N11/N11-13/N11-13_21.zip"
"ヘリポート","N11-13_22.zip","N11/N11-13/N11-13_22.zip"
"ヘリポート","N11-13_23.zip","N11/N11-13/N11-13_23.zip"
"ヘリポート","N11-13_24.zip","N11/N11-13/N11-13_24.zip"
"ヘリポート","N11-13_25.zip","N11/N11-13/N11-13_25.zip"
"ヘリポート","N11-13_26.zip","N11/N11-13/N11-13_26.zip"
"ヘリポート","N11-13_27.zip","N11/N11-13/N11-13_27.zip"
"ヘリポート","N11-13_28.zip","N11/N11-13/N11-13_28.zip"
"ヘリポート","N11-13_29.zip","N11/N11-13/N11-13_29.zip"
"ヘリポート","N11-13_30.zip","N11/N11-13/N11-13_30.zip"
"ヘリポート","N11-13_31.zip","N11/N11-13/N11-13_31.zip"
"ヘリポート","N11-13_32.zip","N11/N11-13/N11-13_32.zip"
"ヘリポート","N11-13_33.zip","N11/N11-13/N11-13_33.zip"
"ヘリポート","N11-13_34.zip","N11/N11-13/N11-13_34.zip"
"ヘリポート","N11-13_35.zip","N11/N11-13/N11-13_35.zip"
"ヘリポート","N11-13_36.zip","N11/N11-13/N11-13_36.zip"
"ヘリポート","N11-13_37.zip","N11/N11-13/N11-13_37.zip"
"ヘリポート","N11-13_38.zip","N11/N11-13/N11-13_38.zip"
"ヘリポート","N11-13_39.zip","N11/N11-13/N11-13_39.zip"
"ヘリポート","N11-13_40.zip","N11/N11-13/N11-13_40.zip"
"ヘリポート","N11-13_41.zip","N11/N11-13/N11-13_41.zip"
"ヘリポート","N11-13_42.zip","N11/N11-13/N11-13_42.zip"
"ヘリポート","N11-13_43.zip","N11/N11-13/N11-13_43.zip"
"ヘリポート","N11-13_44.zip","N11/N11-13/N11-13_44.zip"
"ヘリポート","N11-13_45.zip","N11/N11-13/N11-13_45.zip"
"ヘリポート","N11-13_46.zip","N11/N11-13/N11-13_46.zip"
"ヘリポート","N11-13_47.zip","N11/N11-13/N11-13_47.zip"
"港湾","C02-14_GML.zip","C02/C02-14/C02-14_GML.zip"
"漁港","C09-06_GML.zip","C09/C09-06/C09-06_GML.zip"
"港湾間流通量・海上経路","S10a-16_GML.zip","S10a/S10a-16/S10a-16_GML.zip"
"定期旅客航路","N09-12_GML.zip","N09/N09-12/N09-12_GML.zip"
"発生・集中量","S05-a-10_SYUTO_GML.zip","S05-a/S05-a-10/S05-a-10_SYUTO_GML.zip"
"発生・集中量","S05-a-10_CHUBU_GML.zip","S05-a/S05-a-10/S05-a-10_CHUBU_GML.zip"
"発生・集中量","S05-a-12_KINKI_GML.zip","S05-a/S05-a-12/S05-a-12_KINKI_GML.zip"
"発生・集中量","S05-a-13_CHUBU-g.zip","S05-a/S05-a-13/S05-a-13_CHUBU-g.zip"
"ＯＤ量","S05-b-10_SYUTO_GML.zip","S05-b/S05-b-10/S05-b-10_SYUTO_GML.zip"
"ＯＤ量","S05-b-10_CHUBU_GML.zip","S05-b/S05-b-10/S05-b-10_CHUBU_GML.zip"
"ＯＤ量","S05-b-12_KINKI_GML.zip","S05-b/S05-b-12/S05-b-12_KINKI_GML.zip"
"ＯＤ量","S05-b-13_CHUBU-g.zip","S05-b/S05-b-13/S05-b-13_CHUBU-g.zip"
"貨物旅客地域流動量","S05-d-18_GML.zip","S05-d/S05-d-18/S05-d-18_GML.zip"
"貨物旅客地域流動量","S05-d-11-g.zip","S05-d/S05-d-11/S05-d-11-g.zip"
"1kmメッシュ別将来推計人口（R6国政局推計）","1km_mesh_2024_GEOJSON.zip","m1kr6/m1kr6-24/1km_mesh_2024_GEOJSON.zip"
"1kmメッシュ別将来推計人口（R6国政局推計）","1km_mesh_2024_52_GEOJSON.zip","m1kr6/m1kr6-24/1km_mesh_2024_52_GEOJSON.zip"
"1kmメッシュ別将来推計人口（R6国政局推計）","1km_mesh_2024_53_GEOJSON.zip","m1kr6/m1kr6-24/1km_mesh_2024_53_GEOJSON.zip"
"1kmメッシュ別将来推計人口（R6国政局推計）","1km_mesh_2024_54_GEOJSON.zip","m1kr6/m1kr6-24/1km_mesh_2024_54_GEOJSON.zip"
"1kmメッシュ別将来推計人口（R6国政局推計）","1km_mesh_2024_55_GEOJSON.zip","m1kr6/m1kr6-24/1km_mesh_2024_55_GEOJSON.zip"
"1kmメッシュ別将来推計人口（R6国政局推計）","1km_mesh_2024_56_GEOJSON.zip","m1kr6/m1kr6-24/1km_mesh_2024_56_GEOJSON.zip"
"1kmメッシュ別将来推計人口（R6国政局推計）","1km_mesh_2024_57_GEOJSON.zip","m1kr6/m1kr6-24/1km_mesh_2024_57_GEOJSON.zip"
"1kmメッシュ別将来推計人口（R6国政局推計）","1km_mesh_2024_58_GEOJSON.zip","m1kr6/m1kr6-24/1km_mesh_2024_58_GEOJSON.zip"
"1kmメッシュ別将来推計人口（R6国政局推計）","1km_mesh_2024_59_GEOJSON.zip","m1kr6/m1kr6-24/1km_mesh_2024_59_GEOJSON.zip"
"500mメッシュ別将来推計人口（R6国政局推計）","500m_mesh_2024_GEOJSON.zip","m500r6/m500r6-24/500m_mesh_2024_GEOJSON.zip"
"500mメッシュ別将来推計人口（R6国政局推計）","500m_mesh_2024_52_GEOJSON.zip","m500r6/m500r6-24/500m_mesh_2024_52_GEOJSON.zip"
"500mメッシュ別将来推計人口（R6国政局推計）","500m_mesh_2024_53_GEOJSON.zip","m500r6/m500r6-24/500m_mesh_2024_53_GEOJSON.zip"
"500mメッシュ別将来推計人口（R6国政局推計）","500m_mesh_2024_54_GEOJSON.zip","m500r6/m500r6-24/500m_mesh_2024_54_GEOJSON.zip"
"500mメッシュ別将来推計人口（R6国政局推計）","500m_mesh_2024_55_GEOJSON.zip","m500r6/m500r6-24/500m_mesh_2024_55_GEOJSON.zip"
"500mメッシュ別将来推計人口（R6国政局推計）","500m_mesh_2024_56_GEOJSON.zip","m500r6/m500r6-24/500m_mesh_2024_56_GEOJSON.zip"
"500mメッシュ別将来推計人口（R6国政局推計）","500m_mesh_2024_57_GEOJSON.zip","m500r6/m500r6-24/500m_mesh_2024_57_GEOJSON.zip"
"500mメッシュ別将来推計人口（R6国政局推計）","500m_mesh_2024_58_GEOJSON.zip","m500r6/m500r6-24/500m_mesh_2024_58_GEOJSON.zip"
"500mメッシュ別将来推計人口（R6国政局推計）","500m_mesh_2024_59_GEOJSON.zip","m500r6/m500r6-24/500m_mesh_2024_59_GEOJSON.zip"
"250mメッシュ別将来推計人口（R6国政局推計）","250m_mesh_2024_GEOJSON.zip","m250r6/m250r6-24/250m_mesh_2024_GEOJSON.zip"
"250mメッシュ別将来推計人口（R6国政局推計）","250m_mesh_2024_52_GEOJSON.zip","m250r6/m250r6-24/250m_mesh_2024_52_GEOJSON.zip"
"250mメッシュ別将来推計人口（R6国政局推計）","250m_mesh_2024_53_GEOJSON.zip","m250r6/m250r6-24/250m_mesh_2024_53_GEOJSON.zip"
"250mメッシュ別将来推計人口（R6国政局推計）","250m_mesh_2024_54_GEOJSON.zip","m250r6/m250r6-24/250m_mesh_2024_54_GEOJSON.zip"
"250mメッシュ別将来推計人口（R6国政局推計）","250m_mesh_2024_55_GEOJSON.zip","m250r6/m250r6-24/250m_mesh_2024_55_GEOJSON.zip"
"250mメッシュ別将来推計人口（R6国政局推計）","250m_mesh_2024_56_GEOJSON.zip","m250r6/m250r6-24/250m_mesh_2024_56_GEOJSON.zip"
"250mメッシュ別将来推計人口（R6国政局推計）","250m_mesh_2024_57_GEOJSON.zip","m250r6/m250r6-24/250m_mesh_2024_57_GEOJSON.zip"
"250mメッシュ別将来推計人口（R6国政局推計）","250m_mesh_2024_58_GEOJSON.zip","m250r6/m250r6-24/250m_mesh_2024_58_GEOJSON.zip"
"250mメッシュ別将来推計人口（R6国政局推計）","250m_mesh_2024_59_GEOJSON.zip","m250r6/m250r6-24/250m_mesh_2024_59_GEOJSON.zip"
"1kmメッシュ別将来推計人口（H30国政局推計）","1km_mesh_suikei_2018_shape_01.zip","m1kh30/m1kh30-18/1km_mesh_suikei_2018_shape_01.zip"
"1kmメッシュ別将来推計人口（H30国政局推計）","1km_mesh_suikei_2018_shape_02.zip","m1kh30/m1kh30-18/1km_mesh_suikei_2018_shape_02.zip"
"1kmメッシュ別将来推計人口（H30国政局推計）","1km_mesh_suikei_2018_shape_03.zip","m1kh30/m1kh30-18/1km_mesh_suikei_2018_shape_03.zip"
"1kmメッシュ別将来推計人口（H30国政局推計）","1km_mesh_suikei_2018_shape_04.zip","m1kh30/m1kh30-18/1km_mesh_suikei_2018_shape_04.zip"
"1kmメッシュ別将来推計人口（H30国政局推計）","1km_mesh_suikei_2018_shape_05.zip","m1kh30/m1kh30-18/1km_mesh_suikei_2018_shape_05.zip"
"1kmメッシュ別将来推計人口（H30国政局推計）","1km_mesh_suikei_2018_shape_06.zip","m1kh30/m1kh30-18/1km_mesh_suikei_2018_shape_06.zip"
"1kmメッシュ別将来推計人口（H30国政局推計）","1km_mesh_suikei_2018_shape_07.zip","m1kh30/m1kh30-18/1km_mesh_suikei_2018_shape_07.zip"
"1kmメッシュ別将来推計人口（H30国政局推計）","1km_mesh_suikei_2018_shape_08.zip","m1kh30/m1kh30-18/1km_mesh_suikei_2018_shape_08.zip"
"1kmメッシュ別将来推計人口（H30国政局推計）","1km_mesh_suikei_2018_shape_09.zip","m1kh30/m1kh30-18/1km_mesh_suikei_2018_shape_09.zip"
"1kmメッシュ別将来推計人口（H30国政局推計）","1km_mesh_suikei_2018_shape_10.zip","m1kh30/m1kh30-18/1km_mesh_suikei_2018_shape_10.zip"
"1kmメッシュ別将来推計人口（H30国政局推計）","1km_mesh_suikei_2018_shape_11.zip","m1kh30/m1kh30-18/1km_mesh_suikei_2018_shape_11.zip"
"1kmメッシュ別将来推計人口（H30国政局推計）","1km_mesh_suikei_2018_shape_12.zip","m1kh30/m1kh30-18/1km_mesh_suikei_2018_shape_12.zip"
"1kmメッシュ別将来推計人口（H30国政局推計）","1km_mesh_suikei_2018_shape_13.zip","m1kh30/m1kh30-18/1km_mesh_suikei_2018_shape_13.zip"
"1kmメッシュ別将来推計人口（H30国政局推計）","1km_mesh_suikei_2018_shape_14.zip","m1kh30/m1kh30-18/1km_mesh_suikei_2018_shape_14.zip"
"1kmメッシュ別将来推計人口（H30国政局推計）","1km_mesh_suikei_2018_shape_15.zip","m1kh30/m1kh30-18/1km_mesh_suikei_2018_shape_15.zip"
"1kmメッシュ別将来推計人口（H30国政局推計）","1km_mesh_suikei_2018_shape_16.zip","m1kh30/m1kh30-18/1km_mesh_suikei_2018_shape_16.zip"
"1kmメッシュ別将来推計人口（H30国政局推計）","1km_mesh_suikei_2018_shape_17.zip","m1kh30/m1kh30-18/1km_mesh_suikei_2018_shape_17.zip"
"1kmメッシュ別将来推計人口（H30国政局推計）","1km_mesh_suikei_2018_shape_18.zip","m1kh30/m1kh30-18/1km_mesh_suikei_2018_shape_18.zip"
"1kmメッシュ別将来推計人口（H30国政局推計）","1km_mesh_suikei_2018_shape_19.zip","m1kh30/m1kh30-18/1km_mesh_suikei_2018_shape_19.zip"
"1kmメッシュ別将来推計人口（H30国政局推計）","1km_mesh_suikei_2018_shape_20.zip","m1kh30/m1kh30-18/1km_mesh_suikei_2018_shape_20.zip"
"1kmメッシュ別将来推計人口（H30国政局推計）","1km_mesh_suikei_2018_shape_21.zip","m1kh30/m1kh30-18/1km_mesh_suikei_2018_shape_21.zip"
"1kmメッシュ別将来推計人口（H30国政局推計）","1km_mesh_suikei_2018_shape_22.zip","m1kh30/m1kh30-18/1km_mesh_suikei_2018_shape_22.zip"
"1kmメッシュ別将来推計人口（H30国政局推計）","1km_mesh_suikei_2018_shape_23.zip","m1kh30/m1kh30-18/1km_mesh_suikei_2018_shape_23.zip"
"1kmメッシュ別将来推計人口（H30国政局推計）","1km_mesh_suikei_2018_shape_24.zip","m1kh30/m1kh30-18/1km_mesh_suikei_2018_shape_24.zip"
"1kmメッシュ別将来推計人口（H30国政局推計）","1km_mesh_suikei_2018_shape_25.zip","m1kh30/m1kh30-18/1km_mesh_suikei_2018_shape_25.zip"
"1kmメッシュ別将来推計人口（H30国政局推計）","1km_mesh_suikei_2018_shape_26.zip","m1kh30/m1kh30-18/1km_mesh_suikei_2018_shape_26.zip"
"1kmメッシュ別将来推計人口（H30国政局推計）","1km_mesh_suikei_2018_shape_27.zip","m1kh30/m1kh30-18/1km_mesh_suikei_2018_shape_27.zip"
"1kmメッシュ別将来推計人口（H30国政局推計）","1km_mesh_suikei_2018_shape_28.zip","m1kh30/m1kh30-18/1km_mesh_suikei_2018_shape_28.zip"
"1kmメッシュ別将来推計人口（H30国政局推計）","1km_mesh_suikei_2018_shape_29.zip","m1kh30/m1kh30-18/1km_mesh_suikei_2018_shape_29.zip"
"1kmメッシュ別将来推計人口（H30国政局推計）","1km_mesh_suikei_2018_shape_30.zip","m1kh30/m1kh30-18/1km_mesh_suikei_2018_shape_30.zip"
"1kmメッシュ別将来推計人口（H30国政局推計）","1km_mesh_suikei_2018_shape_31.zip","m1kh30/m1kh30-18/1km_mesh_suikei_2018_shape_31.zip"
"1kmメッシュ別将来推計人口（H30国政局推計）","1km_mesh_suikei_2018_shape_32.zip","m1kh30/m1kh30-18/1km_mesh_suikei_2018_shape_32.zip"
"1kmメッシュ別将来推計人口（H30国政局推計）","1km_mesh_suikei_2018_shape_33.zip","m1kh30/m1kh30-18/1km_mesh_suikei_2018_shape_33.zip"
"1kmメッシュ別将来推計人口（H30国政局推計）","1km_mesh_suikei_2018_shape_34.zip","m1kh30/m1kh30-18/1km_mesh_suikei_2018_shape_34.zip"
"1kmメッシュ別将来推計人口（H30国政局推計）","1km_mesh_suikei_2018_shape_35.zip","m1kh30/m1kh30-18/1km_mesh_suikei_2018_shape_35.zip"
"1kmメッシュ別将来推計人口（H30国政局推計）","1km_mesh_suikei_2018_shape_36.zip","m1kh30/m1kh30-18/1km_mesh_suikei_2018_shape_36.zip"
"1kmメッシュ別将来推計人口（H30国政局推計）","1km_mesh_suikei_2018_shape_37.zip","m1kh30/m1kh30-18/1km_mesh_suikei_2018_shape_37.zip"
"1kmメッシュ別将来推計人口（H30国政局推計）","1km_mesh_suikei_2018_shape_38.zip","m1kh30/m1kh30-18/1km_mesh_suikei_2018_shape_38.zip"
"1kmメッシュ別将来推計人口（H30国政局推計）","1km_mesh_suikei_2018_shape_39.zip","m1kh30/m1kh30-18/1km_mesh_suikei_2018_shape_39.zip"
"1kmメッシュ別将来推計人口（H30国政局推計）","1km_mesh_suikei_2018_shape_40.zip","m1kh30/m1kh30-18/1km_mesh_suikei_2018_shape_40.zip"
"1kmメッシュ別将来推計人口（H30国政局推計）","1km_mesh_suikei_2018_shape_41.zip","m1kh30/m1kh30-18/1km_mesh_suikei_2018_shape_41.zip"
"1kmメッシュ別将来推計人口（H30国政局推計）","1km_mesh_suikei_2018_shape_42.zip","m1kh30/m1kh30-18/1km_mesh_suikei_2018_shape_42.zip"
"1kmメッシュ別将来推計人口（H30国政局推計）","1km_mesh_suikei_2018_shape_43.zip","m1kh30/m1kh30-18/1km_mesh_suikei_2018_shape_43.zip"
"1kmメッシュ別将来推計人口（H30国政局推計）","1km_mesh_suikei_2018_shape_44.zip","m1kh30/m1kh30-18/1km_mesh_suikei_2018_shape_44.zip"
"1kmメッシュ別将来推計人口（H30国政局推計）","1km_mesh_suikei_2018_shape_45.zip","m1kh30/m1kh30-18/1km_mesh_suikei_2018_shape_45.zip"
"1kmメッシュ別将来推計人口（H30国政局推計）","1km_mesh_suikei_2018_shape_46.zip","m1kh30/m1kh30-18/1km_mesh_suikei_2018_shape_46.zip"
"1kmメッシュ別将来推計人口（H30国政局推計）","1km_mesh_suikei_2018_shape_47.zip","m1kh30/m1kh30-18/1km_mesh_suikei_2018_shape_47.zip"
"500mメッシュ別将来推計人口（H30国政局推計）","500m_mesh_suikei_2018_shape_01.zip","m500h30/m500h30-18/500m_mesh_suikei_2018_shape_01.zip"
"500mメッシュ別将来推計人口（H30国政局推計）","500m_mesh_suikei_2018_shape_02.zip","m500h30/m500h30-18/500m_mesh_suikei_2018_shape_02.zip"
"500mメッシュ別将来推計人口（H30国政局推計）","500m_mesh_suikei_2018_shape_03.zip","m500h30/m500h30-18/500m_mesh_suikei_2018_shape_03.zip"
"500mメッシュ別将来推計人口（H30国政局推計）","500m_mesh_suikei_2018_shape_04.zip","m500h30/m500h30-18/500m_mesh_suikei_2018_shape_04.zip"
"500mメッシュ別将来推計人口（H30国政局推計）","500m_mesh_suikei_2018_shape_05.zip","m500h30/m500h30-18/500m_mesh_suikei_2018_shape_05.zip"
"500mメッシュ別将来推計人口（H30国政局推計）","500m_mesh_suikei_2018_shape_06.zip","m500h30/m500h30-18/500m_mesh_suikei_2018_shape_06.zip"
"500mメッシュ別将来推計人口（H30国政局推計）","500m_mesh_suikei_2018_shape_07.zip","m500h30/m500h30-18/500m_mesh_suikei_2018_shape_07.zip"
"500mメッシュ別将来推計人口（H30国政局推計）","500m_mesh_suikei_2018_shape_08.zip","m500h30/m500h30-18/500m_mesh_suikei_2018_shape_08.zip"
"500mメッシュ別将来推計人口（H30国政局推計）","500m_mesh_suikei_2018_shape_09.zip","m500h30/m500h30-18/500m_mesh_suikei_2018_shape_09.zip"
"500mメッシュ別将来推計人口（H30国政局推計）","500m_mesh_suikei_2018_shape_10.zip","m500h30/m500h30-18/500m_mesh_suikei_2018_shape_10.zip"
"500mメッシュ別将来推計人口（H30国政局推計）","500m_mesh_suikei_2018_shape_11.zip","m500h30/m500h30-18/500m_mesh_suikei_2018_shape_11.zip"
"500mメッシュ別将来推計人口（H30国政局推計）","500m_mesh_suikei_2018_shape_12.zip","m500h30/m500h30-18/500m_mesh_suikei_2018_shape_12.zip"
"500mメッシュ別将来推計人口（H30国政局推計）","500m_mesh_suikei_2018_shape_13.zip","m500h30/m500h30-18/500m_mesh_suikei_2018_shape_13.zip"
"500mメッシュ別将来推計人口（H30国政局推計）","500m_mesh_suikei_2018_shape_14.zip","m500h30/m500h30-18/500m_mesh_suikei_2018_shape_14.zip"
"500mメッシュ別将来推計人口（H30国政局推計）","500m_mesh_suikei_2018_shape_15.zip","m500h30/m500h30-18/500m_mesh_suikei_2018_shape_15.zip"
"500mメッシュ別将来推計人口（H30国政局推計）","500m_mesh_suikei_2018_shape_16.zip","m500h30/m500h30-18/500m_mesh_suikei_2018_shape_16.zip"
"500mメッシュ別将来推計人口（H30国政局推計）","500m_mesh_suikei_2018_shape_17.zip","m500h30/m500h30-18/500m_mesh_suikei_2018_shape_17.zip"
"500mメッシュ別将来推計人口（H30国政局推計）","500m_mesh_suikei_2018_shape_18.zip","m500h30/m500h30-18/500m_mesh_suikei_2018_shape_18.zip"
"500mメッシュ別将来推計人口（H30国政局推計）","500m_mesh_suikei_2018_shape_19.zip","m500h30/m500h30-18/500m_mesh_suikei_2018_shape_19.zip"
"500mメッシュ別将来推計人口（H30国政局推計）","500m_mesh_suikei_2018_shape_20.zip","m500h30/m500h30-18/500m_mesh_suikei_2018_shape_20.zip"
"500mメッシュ別将来推計人口（H30国政局推計）","500m_mesh_suikei_2018_shape_21.zip","m500h30/m500h30-18/500m_mesh_suikei_2018_shape_21.zip"
"500mメッシュ別将来推計人口（H30国政局推計）","500m_mesh_suikei_2018_shape_22.zip","m500h30/m500h30-18/500m_mesh_suikei_2018_shape_22.zip"
"500mメッシュ別将来推計人口（H30国政局推計）","500m_mesh_suikei_2018_shape_23.zip","m500h30/m500h30-18/500m_mesh_suikei_2018_shape_23.zip"
"500mメッシュ別将来推計人口（H30国政局推計）","500m_mesh_suikei_2018_shape_24.zip","m500h30/m500h30-18/500m_mesh_suikei_2018_shape_24.zip"
"500mメッシュ別将来推計人口（H30国政局推計）","500m_mesh_suikei_2018_shape_25.zip","m500h30/m500h30-18/500m_mesh_suikei_2018_shape_25.zip"
"500mメッシュ別将来推計人口（H30国政局推計）","500m_mesh_suikei_2018_shape_26.zip","m500h30/m500h30-18/500m_mesh_suikei_2018_shape_26.zip"
"500mメッシュ別将来推計人口（H30国政局推計）","500m_mesh_suikei_2018_shape_27.zip","m500h30/m500h30-18/500m_mesh_suikei_2018_shape_27.zip"
"500mメッシュ別将来推計人口（H30国政局推計）","500m_mesh_suikei_2018_shape_28.zip","m500h30/m500h30-18/500m_mesh_suikei_2018_shape_28.zip"
"500mメッシュ別将来推計人口（H30国政局推計）","500m_mesh_suikei_2018_shape_29.zip","m500h30/m500h30-18/500m_mesh_suikei_2018_shape_29.zip"
"500mメッシュ別将来推計人口（H30国政局推計）","500m_mesh_suikei_2018_shape_30.zip","m500h30/m500h30-18/500m_mesh_suikei_2018_shape_30.zip"
"500mメッシュ別将来推計人口（H30国政局推計）","500m_mesh_suikei_2018_shape_31.zip","m500h30/m500h30-18/500m_mesh_suikei_2018_shape_31.zip"
"500mメッシュ別将来推計人口（H30国政局推計）","500m_mesh_suikei_2018_shape_32.zip","m500h30/m500h30-18/500m_mesh_suikei_2018_shape_32.zip"
"500mメッシュ別将来推計人口（H30国政局推計）","500m_mesh_suikei_2018_shape_33.zip","m500h30/m500h30-18/500m_mesh_suikei_2018_shape_33.zip"
"500mメッシュ別将来推計人口（H30国政局推計）","500m_mesh_suikei_2018_shape_34.zip","m500h30/m500h30-18/500m_mesh_suikei_2018_shape_34.zip"
"500mメッシュ別将来推計人口（H30国政局推計）","500m_mesh_suikei_2018_shape_35.zip","m500h30/m500h30-18/500m_mesh_suikei_2018_shape_35.zip"
"500mメッシュ別将来推計人口（H30国政局推計）","500m_mesh_suikei_2018_shape_36.zip","m500h30/m500h30-18/500m_mesh_suikei_2018_shape_36.zip"
"500mメッシュ別将来推計人口（H30国政局推計）","500m_mesh_suikei_2018_shape_37.zip","m500h30/m500h30-18/500m_mesh_suikei_2018_shape_37.zip"
"500mメッシュ別将来推計人口（H30国政局推計）","500m_mesh_suikei_2018_shape_38.zip","m500h30/m500h30-18/500m_mesh_suikei_2018_shape_38.zip"
"500mメッシュ別将来推計人口（H30国政局推計）","500m_mesh_suikei_2018_shape_39.zip","m500h30/m500h30-18/500m_mesh_suikei_2018_shape_39.zip"
"500mメッシュ別将来推計人口（H30国政局推計）","500m_mesh_suikei_2018_shape_40.zip","m500h30/m500h30-18/500m_mesh_suikei_2018_shape_40.zip"
"500mメッシュ別将来推計人口（H30国政局推計）","500m_mesh_suikei_2018_shape_41.zip","m500h30/m500h30-18/500m_mesh_suikei_2018_shape_41.zip"
"500mメッシュ別将来推計人口（H30国政局推計）","500m_mesh_suikei_2018_shape_42.zip","m500h30/m500h30-18/500m_mesh_suikei_2018_shape_42.zip"
"500mメッシュ別将来推計人口（H30国政局推計）","500m_mesh_suikei_2018_shape_43.zip","m500h30/m500h30-18/500m_mesh_suikei_2018_shape_43.zip"
"500mメッシュ別将来推計人口（H30国政局推計）","500m_mesh_suikei_2018_shape_44.zip","m500h30/m500h30-18/500m_mesh_suikei_2018_shape_44.zip"
"500mメッシュ別将来推計人口（H30国政局推計）","500m_mesh_suikei_2018_shape_45.zip","m500h30/m500h30-18/500m_mesh_suikei_2018_shape_45.zip"
"500mメッシュ別将来推計人口（H30国政局推計）","500m_mesh_suikei_2018_shape_46.zip","m500h30/m500h30-18/500m_mesh_suikei_2018_shape_46.zip"
"500mメッシュ別将来推計人口（H30国政局推計）","500m_mesh_suikei_2018_shape_47.zip","m500h30/m500h30-18/500m_mesh_suikei_2018_shape_47.zip"
"1kmメッシュ別将来推計人口（H29国政局推計）","m1000-17_GML.zip","m1000/m1000-17/m1000-17_GML.zip"
"500mメッシュ別将来推計人口（H29国政局推計）","m500-17_GML.zip","m500/m500-17/m500-17_GML.zip"