"title","filename","url"
"海岸線","C23-06_01_GML.zip","C23/C23-06/C23-06_01_GML.zip"
"海岸線","C23-06_02_GML.zip","C23/C23-06/C23-06_02_GML.zip"
"海岸線","C23-06_03_GML.zip","C23/C23-06/C23-06_03_GML.zip"
"海岸線","C23-06_04_GML.zip","C23/C23-06/C23-06_04_GML.zip"
"海岸線","C23-06_05_GML.zip","C23/C23-06/C23-06_05_GML.zip"
"海岸線","C23-06_06_GML.zip","C23/C23-06/C23-06_06_GML.zip"
"海岸線","C23-06_07_GML.zip","C23/C23-06/C23-06_07_GML.zip"
"海岸線","C23-06_08_GML.zip","C23/C23-06/C23-06_08_GML.zip"
"海岸線","C23-06_12_GML.zip","C23/C23-06/C23-06_12_GML.zip"
"海岸線","C23-06_13_GML.zip","C23/C23-06/C23-06_13_GML.zip"
"海岸線","C23-06_14_GML.zip","C23/C23-06/C23-06_14_GML.zip"
"海岸線","C23-06_15_GML.zip","C23/C23-06/C23-06_15_GML.zip"
"海岸線","C23-06_16_GML.zip","C23/C23-06/C23-06_16_GML.zip"
"海岸線","C23-06_17_GML.zip","C23/C23-06/C23-06_17_GML.zip"
"海岸線","C23-06_18_GML.zip","C23/C23-06/C23-06_18_GML.zip"
"海岸線","C23-06_22_GML.zip","C23/C23-06/C23-06_22_GML.zip"
"海岸線","C23-06_23_GML.zip","C23/C23-06/C23-06_23_GML.zip"
"海岸線","C23-06_24_GML.zip","C23/C23-06/C23-06_24_GML.zip"
"海岸線","C23-06_26_GML.zip","C23/C23-06/C23-06_26_GML.zip"
"海岸線","C23-06_27_GML.zip","C23/C23-06/C23-06_27_GML.zip"
"海岸線","C23-06_28_GML.zip","C23/C23-06/C23-06_28_GML.zip"
"海岸線","C23-06_30_GML.zip","C23/C23-06/C23-06_30_GML.zip"
"海岸線","C23-06_31_GML.zip","C23/C23-06/C23-06_31_GML.zip"
"海岸線","C23-06_32_GML.zip","C23/C23-06/C23-06_32_GML.zip"
"海岸線","C23-06_33_GML.zip","C23/C23-06/C23-06_33_GML.zip"
"海岸線","C23-06_34_GML.zip","C23/C23-06/C23-06_34_GML.zip"
"海岸線","C23-06_35_GML.zip","C23/C23-06/C23-06_35_GML.zip"
"海岸線","C23-06_36_GML.zip","C23/C23-06/C23-06_36_GML.zip"
"海岸線","C23-06_37_GML.zip","C23/C23-06/C23-06_37_GML.zip"
"海岸線","C23-06_38_GML.zip","C23/C23-06/C23-06_38_GML.zip"
"海岸線","C23-06_39_GML.zip","C23/C23-06/C23-06_39_GML.zip"
"海岸線","C23-06_40_GML.zip","C23/C23-06/C23-06_40_GML.zip"
"海岸線","C23-06_41_GML.zip","C23/C23-06/C23-06_41_GML.zip"
"海岸線","C23-06_42_GML.zip","C23/C23-06/C23-06_42_GML.zip"
"海岸線","C23-06_43_GML.zip","C23/C23-06/C23-06_43_GML.zip"
"海岸線","C23-06_44_GML.zip","C23/C23-06/C23-06_44_GML.zip"
"海岸線","C23-06_45_GML.zip","C23/C23-06/C23-06_45_GML.zip"
"海岸線","C23-06_46_GML.zip","C23/C23-06/C23-06_46_GML.zip"
"海岸線","C23-06_47_GML.zip","C23/C23-06/C23-06_47_GML.zip"
"海岸保全施設","P23-12_01_GML.zip","P23/P23-12/P23-12_01_GML.zip"
"海岸保全施設","P23-12_02_GML.zip","P23/P23-12/P23-12_02_GML.zip"
"海岸保全施設","P23-12_03_GML.zip","P23/P23-12/P23-12_03_GML.zip"
"海岸保全施設","P23-12_04_GML.zip","P23/P23-12/P23-12_04_GML.zip"
"海岸保全施設","P23-12_05_GML.zip","P23/P23-12/P23-12_05_GML.zip"
"海岸保全施設","P23-12_06_GML.zip","P23/P23-12/P23-12_06_GML.zip"
"海岸保全施設","P23-12_07_GML.zip","P23/P23-12/P23-12_07_GML.zip"
"海岸保全施設","P23-12_08_GML.zip","P23/P23-12/P23-12_08_GML.zip"
"海岸保全施設","P23-12_12_GML.zip","P23/P23-12/P23-12_12_GML.zip"
"海岸保全施設","P23-12_13_GML.zip","P23/P23-12/P23-12_13_GML.zip"
"海岸保全施設","P23-12_14_GML.zip","P23/P23-12/P23-12_14_GML.zip"
"海岸保全施設","P23-12_15_GML.zip","P23/P23-12/P23-12_15_GML.zip"
"海岸保全施設","P23-12_16_GML.zip","P23/P23-12/P23-12_16_GML.zip"
"海岸保全施設","P23-12_17_GML.zip","P23/P23-12/P23-12_17_GML.zip"
"海岸保全施設","P23-12_18_GML.zip","P23/P23-12/P23-12_18_GML.zip"
"海岸保全施設","P23-12_22_GML.zip","P23/P23-12/P23-12_22_GML.zip"
"海岸保全施設","P23-12_23_GML.zip","P23/P23-12/P23-12_23_GML.zip"
"海岸保全施設","P23-12_24_GML.zip","P23/P23-12/P23-12_24_GML.zip"
"海岸保全施設","P23-12_26_GML.zip","P23/P23-12/P23-12_26_GML.zip"
"海岸保全施設","P23-12_27_GML.zip","P23/P23-12/P23-12_27_GML.zip"
"海岸保全施設","P23-12_28_GML.zip","P23/P23-12/P23-12_28_GML.zip"
"海岸保全施設","P23-12_30_GML.zip","P23/P23-12/P23-12_30_GML.zip"
"海岸保全施設","P23-12_31_GML.zip","P23/P23-12/P23-12_31_GML.zip"
"海岸保全施設","P23-12_32_GML.zip","P23/P23-12/P23-12_32_GML.zip"
"海岸保全施設","P23-12_33_GML.zip","P23/P23-12/P23-12_33_GML.zip"
"海岸保全施設","P23-12_34_GML.zip","P23/P23-12/P23-12_34_GML.zip"
"海岸保全施設","P23-12_35_GML.zip","P23/P23-12/P23-12_35_GML.zip"
"海岸保全施設","P23-12_36_GML.zip","P23/P23-12/P23-12_36_GML.zip"
"海岸保全施設","P23-12_37_GML.zip","P23/P23-12/P23-12_37_GML.zip"
"海岸保全施設","P23-12_38_GML.zip","P23/P23-12/P23-12_38_GML.zip"
"海岸保全施設","P23-12_39_GML.zip","P23/P23-12/P23-12_39_GML.zip"
"海岸保全施設","P23-12_40_GML.zip","P23/P23-12/P23-12_40_GML.zip"
"海岸保全施設","P23-12_41_GML.zip","P23/P23-12/P23-12_41_GML.zip"
"海岸保全施設","P23-12_42_GML.zip","P23/P23-12/P23-12_42_GML.zip"
"海岸保全施設","P23-12_43_GML.zip","P23/P23-12/P23-12_43_GML.zip"
"海岸保全施設","P23-12_44_GML.zip","P23/P23-12/P23-12_44_GML.zip"
"海岸保全施設","P23-12_45_GML.zip","P23/P23-12/P23-12_45_GML.zip"
"海岸保全施設","P23-12_46_GML.zip","P23/P23-12/P23-12_46_GML.zip"
"海岸保全施設","P23-12_47_GML.zip","P23/P23-12/P23-12_47_GML.zip"
"湖沼","W09-05_GML.zip","W09/W09-05/W09-05_GML.zip"
"ダム","W01-14_GML.zip","W01/W01-14/W01-14_GML.zip"
"河川","W05-09_01_GML.zip","W05/W05-09/W05-09_01_GML.zip"
"河川","W05-07_02_GML.zip","W05/W05-07/W05-07_02_GML.zip"
"河川","W05-07_03_GML.zip","W05/W05-07/W05-07_03_GML.zip"
"河川","W05-07_04_GML.zip","W05/W05-07/W05-07_04_GML.zip"
"河川","W05-07_05_GML.zip","W05/W05-07/W05-07_05_GML.zip"
"河川","W05-07_06_GML.zip","W05/W05-07/W05-07_06_GML.zip"
"河川","W05-07_07_GML.zip","W05/W05-07/W05-07_07_GML.zip"
"河川","W05-08_08_GML.zip","W05/W05-08/W05-08_08_GML.zip"
"河川","W05-08_09_GML.zip","W05/W05-08/W05-08_09_GML.zip"
"河川","W05-08_10_GML.zip","W05/W05-08/W05-08_10_GML.zip"
"河川","W05-08_11_GML.zip","W05/W05-08/W05-08_11_GML.zip"
"河川","W05-08_12_GML.zip","W05/W05-08/W05-08_12_GML.zip"
"河川","W05-08_13_GML.zip","W05/W05-08/W05-08_13_GML.zip"
"河川","W05-08_14_GML.zip","W05/W05-08/W05-08_14_GML.zip"
"河川","W05-07_15_GML.zip","W05/W05-07/W05-07_15_GML.zip"
"河川","W05-07_16_GML.zip","W05/W05-07/W05-07_16_GML.zip"
"河川","W05-07_17_GML.zip","W05/W05-07/W05-07_17_GML.zip"
"河川","W05-07_18_GML.zip","W05/W05-07/W05-07_18_GML.zip"
"河川","W05-08_19_GML.zip","W05/W05-08/W05-08_19_GML.zip"
"河川","W05-08_20_GML.zip","W05/W05-08/W05-08_20_GML.zip"
"河川","W05-08_21_GML.zip","W05/W05-08/W05-08_21_GML.zip"
"河川","W05-08_22_GML.zip","W05/W05-08/W05-08_22_GML.zip"
"河川","W05-08_23_GML.zip","W05/W05-08/W05-08_23_GML.zip"
"河川","W05-08_24_GML.zip","W05/W05-08/W05-08_24_GML.zip"
"河川","W05-09_25_GML.zip","W05/W05-09/W05-09_25_GML.zip"
"河川","W05-09_26_GML.zip","W05/W05-09/W05-09_26_GML.zip"
"河川","W05-09_27_GML.zip","W05/W05-09/W05-09_27_GML.zip"
"河川","W05-09_28_GML.zip","W05/W05-09/W05-09_28_GML.zip"
"河川","W05-09_29_GML.zip","W05/W05-09/W05-09_29_GML.zip"
"河川","W05-09_30_GML.zip","W05/W05-09/W05-09_30_GML.zip"
"河川","W05-08_31_GML.zip","W05/W05-08/W05-08_31_GML.zip"
"河川","W05-08_32_GML.zip","W05/W05-08/W05-08_32_GML.zip"
"河川","W05-08_33_GML.zip","W05/W05-08/W05-08_33_GML.zip"
"河川","W05-08_34_GML.zip","W05/W05-08/W05-08_34_GML.zip"
"河川","W05-08_35_GML.zip","W05/W05-08/W05-08_35_GML.zip"
"河川","W05-06_36_GML.zip","W05/W05-06/W05-06_36_GML.zip"
"河川","W05-06_37_GML.zip","W05/W05-06/W05-06_37_GML.zip"
"河川","W05-06_38_GML.zip","W05/W05-06/W05-06_38_GML.zip"
"河川","W05-06_39_GML.zip","W05/W05-06/W05-06_39_GML.zip"
"河川","W05-07_40_GML.zip","W05/W05-07/W05-07_40_GML.zip"
"河川","W05-07_41_GML.zip","W05/W05-07/W05-07_41_GML.zip"
"河川","W05-07_42_GML.zip","W05/W05-07/W05-07_42_GML.zip"
"河川","W05-07_43_GML.zip","W05/W05-07/W05-07_43_GML.zip"
"河川","W05-07_44_GML.zip","W05/W05-07/W05-07_44_GML.zip"
"河川","W05-07_45_GML.zip","W05/W05-07/W05-07_45_GML.zip"
"河川","W05-07_46_GML.zip","W05/W05-07/W05-07_46_GML.zip"
"河川","W05-07_47_GML.zip","W05/W05-07/W05-07_47_GML.zip"
"低位地帯","G08-15_01_GML.zip","G08/G08-15/G08-15_01_GML.zip"
"低位地帯","G08-15_02_GML.zip","G08/G08-15/G08-15_02_GML.zip"
"低位地帯","G08-15_03_GML.zip","G08/G08-15/G08-15_03_GML.zip"
"低位地帯","G08-15_04_GML.zip","G08/G08-15/G08-15_04_GML.zip"
"低位地帯","G08-15_05_GML.zip","G08/G08-15/G08-15_05_GML.zip"
"低位地帯","G08-15_06_GML.zip","G08/G08-15/G08-15_06_GML.zip"
"低位地帯","G08-15_07_GML.zip","G08/G08-15/G08-15_07_GML.zip"
"低位地帯","G08-15_08_GML.zip","G08/G08-15/G08-15_08_GML.zip"
"低位地帯","G08-15_09_GML.zip","G08/G08-15/G08-15_09_GML.zip"
"低位地帯","G08-15_10_GML.zip","G08/G08-15/G08-15_10_GML.zip"
"低位地帯","G08-15_11_GML.zip","G08/G08-15/G08-15_11_GML.zip"
"低位地帯","G08-15_12_GML.zip","G08/G08-15/G08-15_12_GML.zip"
"低位地帯","G08-15_13_GML.zip","G08/G08-15/G08-15_13_GML.zip"
"低位地帯","G08-15_14_GML.zip","G08/G08-15/G08-15_14_GML.zip"
"低位地帯","G08-15_15_GML.zip","G08/G08-15/G08-15_15_GML.zip"
"低位地帯","G08-15_16_GML.zip","G08/G08-15/G08-15_16_GML.zip"
"低位地帯","G08-15_17_GML.zip","G08/G08-15/G08-15_17_GML.zip"
"低位地帯","G08-15_18_GML.zip","G08/G08-15/G08-15_18_GML.zip"
"低位地帯","G08-15_19_GML.zip","G08/G08-15/G08-15_19_GML.zip"
"低位地帯","G08-15_20_GML.zip","G08/G08-15/G08-15_20_GML.zip"
"低位地帯","G08-15_21_GML.zip","G08/G08-15/G08-15_21_GML.zip"
"低位地帯","G08-15_22_GML.zip","G08/G08-15/G08-15_22_GML.zip"
"低位地帯","G08-15_23_GML.zip","G08/G08-15/G08-15_23_GML.zip"
"低位地帯","G08-15_24_GML.zip","G08/G08-15/G08-15_24_GML.zip"
"低位地帯","G08-15_25_GML.zip","G08/G08-15/G08-15_25_GML.zip"
"低位地帯","G08-15_26_GML.zip","G08/G08-15/G08-15_26_GML.zip"
"低位地帯","G08-15_27_GML.zip","G08/G08-15/G08-15_27_GML.zip"
"低位地帯","G08-15_28_GML.zip","G08/G08-15/G08-15_28_GML.zip"
"低位地帯","G08-15_29_GML.zip","G08/G08-15/G08-15_29_GML.zip"
"低位地帯","G08-15_30_GML.zip","G08/G08-15/G08-15_30_GML.zip"
"低位地帯","G08-15_31_GML.zip","G08/G08-15/G08-15_31_GML.zip"
"低位地帯","G08-15_32_GML.zip","G08/G08-15/G08-15_32_GML.zip"
"低位地帯","G08-15_33_GML.zip","G08/G08-15/G08-15_33_GML.zip"
"低位地帯","G08-15_34_GML.zip","G08/G08-15/G08-15_34_GML.zip"
"低位地帯","G08-15_35_GML.zip","G08/G08-15/G08-15_35_GML.zip"
"低位地帯","G08-15_36_GML.zip","G08/G08-15/G08-15_36_GML.zip"
"低位地帯","G08-15_37_GML.zip","G08/G08-15/G08-15_37_GML.zip"
"低位地帯","G08-15_38_GML.zip","G08/G08-15/G08-15_38_GML.zip"
"低位地帯","G08-15_39_GML.zip","G08/G08-15/G08-15_39_GML.zip"
"低位地帯","G08-15_40_GML.zip","G08/G08-15/G08-15_40_GML.zip"
"低位地帯","G08-15_41_GML.zip","G08/G08-15/G08-15_41_GML.zip"
"低位地帯","G08-15_42_GML.zip","G08/G08-15/G08-15_42_GML.zip"
"低位地帯","G08-15_43_GML.zip","G08/G08-15/G08-15_43_GML.zip"
"低位地帯","G08-15_44_GML.zip","G08/G08-15/G08-15_44_GML.zip"
"低位地帯","G08-15_45_GML.zip","G08/G08-15/G08-15_45_GML.zip"
"低位地帯","G08-15_46_GML.zip","G08/G08-15/G08-15_46_GML.zip"
"低位地帯","G08-15_47_GML.zip","G08/G08-15/G08-15_47_GML.zip"
"大規模盛土造成地","A54-23_GEOJSON.zip","A54/A54-23//A54-23_GEOJSON.zip"
"森林地域","A13-15_01_GML.zip","A13/A13-15/A13-15_01_GML.zip"
"森林地域","A13-15_02_GML.zip","A13/A13-15/A13-15_02_GML.zip"
"森林地域","A13-15_03_GML.zip","A13/A13-15/A13-15_03_GML.zip"
"森林地域","A13-15_04_GML.zip","A13/A13-15/A13-15_04_GML.zip"
"森林地域","A13-15_05_GML.zip","A13/A13-15/A13-15_05_GML.zip"
"森林地域","A13-15_06_GML.zip","A13/A13-15/A13-15_06_GML.zip"
"森林地域","A13-15_07_GML.zip","A13/A13-15/A13-15_07_GML.zip"
"森林地域","A13-15_08_GML.zip","A13/A13-15/A13-15_08_GML.zip"
"森林地域","A13-15_09_GML.zip","A13/A13-15/A13-15_09_GML.zip"
"森林地域","A13-15_10_GML.zip","A13/A13-15/A13-15_10_GML.zip"
"森林地域","A13-15_11_GML.zip","A13/A13-15/A13-15_11_GML.zip"
"森林地域","A13-15_12_GML.zip","A13/A13-15/A13-15_12_GML.zip"
"森林地域","A13-15_13_GML.zip","A13/A13-15/A13-15_13_GML.zip"
"森林地域","A13-15_14_GML.zip","A13/A13-15/A13-15_14_GML.zip"
"森林地域","A13-15_15_GML.zip","A13/A13-15/A13-15_15_GML.zip"
"森林地域","A13-15_16_GML.zip","A13/A13-15/A13-15_16_GML.zip"
"森林地域","A13-15_17_GML.zip","A13/A13-15/A13-15_17_GML.zip"
"森林地域","A13-15_18_GML.zip","A13/A13-15/A13-15_18_GML.zip"
"森林地域","A13-15_19_GML.zip","A13/A13-15/A13-15_19_GML.zip"
"森林地域","A13-15_20_GML.zip","A13/A13-15/A13-15_20_GML.zip"
"森林地域","A13-15_21_GML.zip","A13/A13-15/A13-15_21_GML.zip"
"森林地域","A13-15_22_GML.zip","A13/A13-15/A13-15_22_GML.zip"
"森林地域","A13-15_23_GML.zip","A13/A13-15/A13-15_23_GML.zip"
"森林地域","A13-15_24_GML.zip","A13/A13-15/A13-15_24_GML.zip"
"森林地域","A13-15_25_GML.zip","A13/A13-15/A13-15_25_GML.zip"
"森林地域","A13-15_26_GML.zip","A13/A13-15/A13-15_26_GML.zip"
"森林地域","A13-15_27_GML.zip","A13/A13-15/A13-15_27_GML.zip"
"森林地域","A13-15_28_GML.zip","A13/A13-15/A13-15_28_GML.zip"
"森林地域","A13-15_29_GML.zip","A13/A13-15/A13-15_29_GML.zip"
"森林地域","A13-15_30_GML.zip","A13/A13-15/A13-15_30_GML.zip"
"森林地域","A13-15_31_GML.zip","A13/A13-15/A13-15_31_GML.zip"
"森林地域","A13-15_32_GML.zip","A13/A13-15/A13-15_32_GML.zip"
"森林地域","A13-15_33_GML.zip","A13/A13-15/A13-15_33_GML.zip"
"森林地域","A13-15_34_GML.zip","A13/A13-15/A13-15_34_GML.zip"
"森林地域","A13-15_35_GML.zip","A13/A13-15/A13-15_35_GML.zip"
"森林地域","A13-15_36_GML.zip","A13/A13-15/A13-15_36_GML.zip"
"森林地域","A13-15_37_GML.zip","A13/A13-15/A13-15_37_GML.zip"
"森林地域","A13-15_38_GML.zip","A13/A13-15/A13-15_38_GML.zip"
"森林地域","A13-15_39_GML.zip","A13/A13-15/A13-15_39_GML.zip"
"森林地域","A13-15_40_GML.zip","A13/A13-15/A13-15_40_GML.zip"
"森林地域","A13-15_41_GML.zip","A13/A13-15/A13-15_41_GML.zip"
"森林地域","A13-15_42_GML.zip","A13/A13-15/A13-15_42_GML.zip"
"森林地域","A13-15_43_GML.zip","A13/A13-15/A13-15_43_GML.zip"
"森林地域","A13-15_44_GML.zip","A13/A13-15/A13-15_44_GML.zip"
"森林地域","A13-15_45_GML.zip","A13/A13-15/A13-15_45_GML.zip"
"森林地域","A13-15_46_GML.zip","A13/A13-15/A13-15_46_GML.zip"
"森林地域","A13-15_47_GML.zip","A13/A13-15/A13-15_47_GML.zip"
"国有林野","A45-24_01_GEOJSON.zip","A45/A45-24/A45-24_01_GEOJSON.zip"
"国有林野","A45-24_02_GEOJSON.zip","A45/A45-24/A45-24_02_GEOJSON.zip"
"国有林野","A45-24_03_GEOJSON.zip","A45/A45-24/A45-24_03_GEOJSON.zip"
"国有林野","A45-24_04_GEOJSON.zip","A45/A45-24/A45-24_04_GEOJSON.zip"
"国有林野","A45-24_05_GEOJSON.zip","A45/A45-24/A45-24_05_GEOJSON.zip"
"国有林野","A45-24_06_GEOJSON.zip","A45/A45-24/A45-24_06_GEOJSON.zip"
"国有林野","A45-24_07_GEOJSON.zip","A45/A45-24/A45-24_07_GEOJSON.zip"
"国有林野","A45-24_08_GEOJSON.zip","A45/A45-24/A45-24_08_GEOJSON.zip"
"国有林野","A45-24_09_GEOJSON.zip","A45/A45-24/A45-24_09_GEOJSON.zip"
"国有林野","A45-24_10_GEOJSON.zip","A45/A45-24/A45-24_10_GEOJSON.zip"
"国有林野","A45-24_11_GEOJSON.zip","A45/A45-24/A45-24_11_GEOJSON.zip"
"国有林野","A45-24_12_GEOJSON.zip","A45/A45-24/A45-24_12_GEOJSON.zip"
"国有林野","A45-24_13_GEOJSON.zip","A45/A45-24/A45-24_13_GEOJSON.zip"
"国有林野","A45-24_14_GEOJSON.zip","A45/A45-24/A45-24_14_GEOJSON.zip"
"国有林野","A45-24_15_GEOJSON.zip","A45/A45-24/A45-24_15_GEOJSON.zip"
"国有林野","A45-24_16_GEOJSON.zip","A45/A45-24/A45-24_16_GEOJSON.zip"
"国有林野","A45-24_17_GEOJSON.zip","A45/A45-24/A45-24_17_GEOJSON.zip"
"国有林野","A45-24_18_GEOJSON.zip","A45/A45-24/A45-24_18_GEOJSON.zip"
"国有林野","A45-24_19_GEOJSON.zip","A45/A45-24/A45-24_19_GEOJSON.zip"
"国有林野","A45-24_20_GEOJSON.zip","A45/A45-24/A45-24_20_GEOJSON.zip"
"国有林野","A45-24_21_GEOJSON.zip","A45/A45-24/A45-24_21_GEOJSON.zip"
"国有林野","A45-24_22_GEOJSON.zip","A45/A45-24/A45-24_22_GEOJSON.zip"
"国有林野","A45-24_23_GEOJSON.zip","A45/A45-24/A45-24_23_GEOJSON.zip"
"国有林野","A45-24_24_GEOJSON.zip","A45/A45-24/A45-24_24_GEOJSON.zip"
"国有林野","A45-24_25_GEOJSON.zip","A45/A45-24/A45-24_25_GEOJSON.zip"
"国有林野","A45-24_26_GEOJSON.zip","A45/A45-24/A45-24_26_GEOJSON.zip"
"国有林野","A45-24_27_GEOJSON.zip","A45/A45-24/A45-24_27_GEOJSON.zip"
"国有林野","A45-24_28_GEOJSON.zip","A45/A45-24/A45-24_28_GEOJSON.zip"
"国有林野","A45-24_29_GEOJSON.zip","A45/A45-24/A45-24_29_GEOJSON.zip"
"国有林野","A45-24_30_GEOJSON.zip","A45/A45-24/A45-24_30_GEOJSON.zip"
"国有林野","A45-24_31_GEOJSON.zip","A45/A45-24/A45-24_31_GEOJSON.zip"
"国有林野","A45-24_32_GEOJSON.zip","A45/A45-24/A45-24_32_GEOJSON.zip"
"国有林野","A45-24_33_GEOJSON.zip","A45/A45-24/A45-24_33_GEOJSON.zip"
"国有林野","A45-24_34_GEOJSON.zip","A45/A45-24/A45-24_34_GEOJSON.zip"
"国有林野","A45-24_35_GEOJSON.zip","A45/A45-24/A45-24_35_GEOJSON.zip"
"国有林野","A45-24_36_GEOJSON.zip","A45/A45-24/A45-24_36_GEOJSON.zip"
"国有林野","A45-24_37_GEOJSON.zip","A45/A45-24/A45-24_37_GEOJSON.zip"
"国有林野","A45-24_38_GEOJSON.zip","A45/A45-24/A45-24_38_GEOJSON.zip"
"国有林野","A45-24_39_GEOJSON.zip","A45/A45-24/A45-24_39_GEOJSON.zip"
"国有林野","A45-24_40_GEOJSON.zip","A45/A45-24/A45-24_40_GEOJSON.zip"
"国有林野","A45-24_41_GEOJSON.zip","A45/A45-24/A45-24_41_GEOJSON.zip"
"国有林野","A45-24_42_GEOJSON.zip","A45/A45-24/A45-24_42_GEOJSON.zip"
"国有林野","A45-24_43_GEOJSON.zip","A45/A45-24/A45-24_43_GEOJSON.zip"
"国有林野","A45-24_44_GEOJSON.zip","A45/A45-24/A45-24_44_GEOJSON.zip"
"国有林野","A45-24_45_GEOJSON.zip","A45/A45-24/A45-24_45_GEOJSON.zip"
"国有林野","A45-24_46_GEOJSON.zip","A45/A45-24/A45-24_46_GEOJSON.zip"
"国有林野","A45-24_47_GEOJSON.zip","A45/A45-24/A45-24_47_GEOJSON.zip"
"農業地域","A12-15_01_GML.zip","A12/A12-15/A12-15_01_GML.zip"
"農業地域","A12-15_02_GML.zip","A12/A12-15/A12-15_02_GML.zip"
"農業地域","A12-15_03_GML.zip","A12/A12-15/A12-15_03_GML.zip"
"農業地域","A12-15_04_GML.zip","A12/A12-15/A12-15_04_GML.zip"
"農業地域","A12-15_05_GML.zip","A12/A12-15/A12-15_05_GML.zip"
"農業地域","A12-15_06_GML.zip","A12/A12-15/A12-15_06_GML.zip"
"農業地域","A12-15_07_GML.zip","A12/A12-15/A12-15_07_GML.zip"
"農業地域","A12-15_08_GML.zip","A12/A12-15/A12-15_08_GML.zip"
"農業地域","A12-15_09_GML.zip","A12/A12-15/A12-15_09_GML.zip"
"農業地域","A12-15_10_GML.zip","A12/A12-15/A12-15_10_GML.zip"
"農業地域","A12-15_11_GML.zip","A12/A12-15/A12-15_11_GML.zip"
"農業地域","A12-15_12_GML.zip","A12/A12-15/A12-15_12_GML.zip"
"農業地域","A12-15_13_GML.zip","A12/A12-15/A12-15_13_GML.zip"
"農業地域","A12-15_14_GML.zip","A12/A12-15/A12-15_14_GML.zip"
"農業地域","A12-15_15_GML.zip","A12/A12-15/A12-15_15_GML.zip"
"農業地域","A12-15_16_GML.zip","A12/A12-15/A12-15_16_GML.zip"
"農業地域","A12-15_17_GML.zip","A12/A12-15/A12-15_17_GML.zip"
"農業地域","A12-15_18_GML.zip","A12/A12-15/A12-15_18_GML.zip"
"農業地域","A12-15_19_GML.zip","A12/A12-15/A12-15_19_GML.zip"
"農業地域","A12-15_20_GML.zip","A12/A12-15/A12-15_20_GML.zip"
"農業地域","A12-15_21_GML.zip","A12/A12-15/A12-15_21_GML.zip"
"農業地域","A12-15_22_GML.zip","A12/A12-15/A12-15_22_GML.zip"
"農業地域","A12-15_23_GML.zip","A12/A12-15/A12-15_23_GML.zip"
"農業地域","A12-15_24_GML.zip","A12/A12-15/A12-15_24_GML.zip"
"農業地域","A12-15_25_GML.zip","A12/A12-15/A12-15_25_GML.zip"
"農業地域","A12-15_26_GML.zip","A12/A12-15/A12-15_26_GML.zip"
"農業地域","A12-15_27_GML.zip","A12/A12-15/A12-15_27_GML.zip"
"農業地域","A12-15_28_GML.zip","A12/A12-15/A12-15_28_GML.zip"
"農業地域","A12-15_29_GML.zip","A12/A12-15/A12-15_29_GML.zip"
"農業地域","A12-15_30_GML.zip","A12/A12-15/A12-15_30_GML.zip"
"農業地域","A12-15_31_GML.zip","A12/A12-15/A12-15_31_GML.zip"
"農業地域","A12-15_32_GML.zip","A12/A12-15/A12-15_32_GML.zip"
"農業地域","A12-15_33_GML.zip","A12/A12-15/A12-15_33_GML.zip"
"農業地域","A12-15_34_GML.zip","A12/A12-15/A12-15_34_GML.zip"
"農業地域","A12-15_35_GML.zip","A12/A12-15/A12-15_35_GML.zip"
"農業地域","A12-15_36_GML.zip","A12/A12-15/A12-15_36_GML.zip"
"農業地域","A12-15_37_GML.zip","A12/A12-15/A12-15_37_GML.zip"
"農業地域","A12-15_38_GML.zip","A12/A12-15/A12-15_38_GML.zip"
"農業地域","A12-15_39_GML.zip","A12/A12-15/A12-15_39_GML.zip"
"農業地域","A12-15_40_GML.zip","A12/A12-15/A12-15_40_GML.zip"
"農業地域","A12-15_41_GML.zip","A12/A12-15/A12-15_41_GML.zip"
"農業地域","A12-15_42_GML.zip","A12/A12-15/A12-15_42_GML.zip"
"農業地域","A12-15_43_GML.zip","A12/A12-15/A12-15_43_GML.zip"
"農業地域","A12-15_44_GML.zip","A12/A12-15/A12-15_44_GML.zip"
"農業地域","A12-15_45_GML.zip","A12/A12-15/A12-15_45_GML.zip"
"農業地域","A12-15_46_GML.zip","A12/A12-15/A12-15_46_GML.zip"
"農業地域","A12-15_47_GML.zip","A12/A12-15/A12-15_47_GML.zip"
"地価公示","L01-26_GML.zip","L01/L01-26//L01-26_GML.zip"
"行政区域","N03-20260101_GML.zip","N03/N03-2026/N03-20260101_GML.zip"
"DID人口集中地区","A16-20_GML.zip","A16/A16-20/A16-20_GML.zip"
"中学校区","A32-23_GML.zip","A32/A32-23/A32-23_GML.zip"
"小学校区","A27-23_GML.zip","A27/A27-23/A27-23_GML.zip"
"医療圏","A38-20_GML.zip","A38/A38-20/A38-20_GML.zip"
"景観計画区域","A35a-14_01_GML.zip","A35a/A35a-14/A35a-14_01_GML.zip"
"景観計画区域","A35a-14_02_GML.zip","A35a/A35a-14/A35a-14_02_GML.zip"
"景観計画区域","A35a-14_03_GML.zip","A35a/A35a-14/A35a-14_03_GML.zip"
"景観計画区域","A35a-14_04_GML.zip","A35a/A35a-14/A35a-14_04_GML.zip"
"景観計画区域","A35a-14_05_GML.zip","A35a/A35a-14/A35a-14_05_GML.zip"
"景観計画区域","A35a-14_06_GML.zip","A35a/A35a-14/A35a-14_06_GML.zip"
"景観計画区域","A35a-14_07_GML.zip","A35a/A35a-14/A35a-14_07_GML.zip"
"景観計画区域","A35a-14_08_GML.zip","A35a/A35a-14/A35a-14_08_GML.zip"
"景観計画区域","A35a-14_09_GML.zip","A35a/A35a-14/A35a-14_09_GML.zip"
"景観計画区域","A35a-14_10_GML.zip","A35a/A35a-14/A35a-14_10_GML.zip"
"景観計画区域","A35a-14_11_GML.zip","A35a/A35a-14/A35a-14_11_GML.zip"
"景観計画区域","A35a-14_12_GML.zip","A35a/A35a-14/A35a-14_12_GML.zip"
"景観計画区域","A35a-14_13_GML.zip","A35a/A35a-14/A35a-14_13_GML.zip"
"景観計画区域","A35a-14_14_GML.zip","A35a/A35a-14/A35a-14_14_GML.zip"
"景観計画区域","A35a-14_15_GML.zip","A35a/A35a-14/A35a-14_15_GML.zip"
"景観計画区域","A35a-14_16_GML.zip","A35a/A35a-14/A35a-14_16_GML.zip"
"景観計画区域","A35a-14_17_GML.zip","A35a/A35a-14/A35a-14_17_GML.zip"
"景観計画区域","A35a-14_18_GML.zip","A35a/A35a-14/A35a-14_18_GML.zip"
"景観計画区域","A35a-14_19_GML.zip","A35a/A35a-14/A35a-14_19_GML.zip"
"景観計画区域","A35a-14_20_GML.zip","A35a/A35a-14/A35a-14_20_GML.zip"
"景観計画区域","A35a-14_21_GML.zip","A35a/A35a-14/A35a-14_21_GML.zip"
"景観計画区域","A35a-14_22_GML.zip","A35a/A35a-14/A35a-14_22_GML.zip"
"景観計画区域","A35a-14_23_GML.zip","A35a/A35a-14/A35a-14_23_GML.zip"
"景観計画区域","A35a-14_24_GML.zip","A35a/A35a-14/A35a-14_24_GML.zip"
"景観計画区域","A35a-14_25_GML.zip","A35a/A35a-14/A35a-14_25_GML.zip"
"景観計画区域","A35a-14_26_GML.zip","A35a/A35a-14/A35a-14_26_GML.zip"
"景観計画区域","A35a-14_27_GML.zip","A35a/A35a-14/A35a-14_27_GML.zip"
"景観計画区域","A35a-14_28_GML.zip","A35a/A35a-14/A35a-14_28_GML.zip"
"景観計画区域","A35a-14_29_GML.zip","A35a/A35a-14/A35a-14_29_GML.zip"
"景観計画区域","A35a-14_30_GML.zip","A35a/A35a-14/A35a-14_30_GML.zip"
"景観計画区域","A35a-14_31_GML.zip","A35a/A35a-14/A35a-14_31_GML.zip"
"景観計画区域","A35a-14_32_GML.zip","A35a/A35a-14/A35a-14_32_GML.zip"
"景観計画区域","A35a-14_33_GML.zip","A35a/A35a-14/A35a-14_33_GML.zip"
"景観計画区域","A35a-14_34_GML.zip","A35a/A35a-14/A35a-14_34_GML.zip"
"景観計画区域","A35a-14_35_GML.zip","A35a/A35a-14/A35a-14_35_GML.zip"
"景観計画区域","A35a-14_36_GML.zip","A35a/A35a-14/A35a-14_36_GML.zip"
"景観計画区域","A35a-14_37_GML.zip","A35a/A35a-14/A35a-14_37_GML.zip"
"景観計画区域","A35a-14_38_GML.zip","A35a/A35a-14/A35a-14_38_GML.zip"
"景観計画区域","A35a-14_39_GML.zip","A35a/A35a-14/A35a-14_39_GML.zip"
"景観計画区域","A35a-14_40_GML.zip","A35a/A35a-14/A35a-14_40_GML.zip"
"景観計画区域","A35a-14_41_GML.zip","A35a/A35a-14/A35a-14_41_GML.zip"
"景観計画区域","A35a-14_42_GML.zip","A35a/A35a-14/A35a-14_42_GML.zip"
"景観計画区域","A35a-14_43_GML.zip","A35a/A35a-14/A35a-14_43_GML.zip"
"景観計画区域","A35a-14_44_GML.zip","A35a/A35a-14/A35a-14_44_GML.zip"
"景観計画区域","A35a-14_45_GML.zip","A35a/A35a-14/A35a-14_45_GML.zip"
"景観計画区域","A35a-14_46_GML.zip","A35a/A35a-14/A35a-14_46_GML.zip"
"景観計画区域","A35a-14_47_GML.zip","A35a/A35a-14/A35a-14_47_GML.zip"
"景観地区・準景観地区","A35b-14_01_GML.zip","A35b/A35b-14/A35b-14_01_GML.zip"
"景観地区・準景観地区","A35b-14_03_GML.zip","A35b/A35b-14/A35b-14_03_GML.zip"
"景観地区・準景観地区","A35b-14_04_GML.zip","A35b/A35b-14/A35b-14_04_GML.zip"
"景観地区・準景観地区","A35b-14_13_GML.zip","A35b/A35b-14/A35b-14_13_GML.zip"
"景観地区・準景観地区","A35b-14_14_GML.zip","A35b/A35b-14/A35b-14_14_GML.zip"
"景観地区・準景観地区","A35b-14_21_GML.zip","A35b/A35b-14/A35b-14_21_GML.zip"
"景観地区・準景観地区","A35b-14_22_GML.zip","A35b/A35b-14/A35b-14_22_GML.zip"
"景観地区・準景観地区","A35b-14_26_GML.zip","A35b/A35b-14/A35b-14_26_GML.zip"
"景観地区・準景観地区","A35b-14_28_GML.zip","A35b/A35b-14/A35b-14_28_GML.zip"
"景観地区・準景観地区","A35b-14_30_GML.zip","A35b/A35b-14/A35b-14_30_GML.zip"
"景観地区・準景観地区","A35b-14_32_GML.zip","A35b/A35b-14/A35b-14_32_GML.zip"
"景観地区・準景観地区","A35b-14_33_GML.zip","A35b/A35b-14/A35b-14_33_GML.zip"
"景観地区・準景観地区","A35b-14_34_GML.zip","A35b/A35b-14/A35b-14_34_GML.zip"
"景観地区・準景観地区","A35b-14_44_GML.zip","A35b/A35b-14/A35b-14_44_GML.zip"
"景観地区・準景観地区","A35b-14_46_GML.zip","A35b/A35b-14/A35b-14_46_GML.zip"
"景観地区・準景観地区","A35b-14_47_GML.zip","A35b/A35b-14/A35b-14_47_GML.zip"
"景観重要建造物・樹木","A35c-14_01_GML.zip","A35c/A35c-14/A35c-14_01_GML.zip"
"景観重要建造物・樹木","A35c-14_02_GML.zip","A35c/A35c-14/A35c-14_02_GML.zip"
"景観重要建造物・樹木","A35c-14_03_GML.zip","A35c/A35c-14/A35c-14_03_GML.zip"
"景観重要建造物・樹木","A35c-14_06_GML.zip","A35c/A35c-14/A35c-14_06_GML.zip"
"景観重要建造物・樹木","A35c-14_07_GML.zip","A35c/A35c-14/A35c-14_07_GML.zip"
"景観重要建造物・樹木","A35c-14_08_GML.zip","A35c/A35c-14/A35c-14_08_GML.zip"
"景観重要建造物・樹木","A35c-14_10_GML.zip","A35c/A35c-14/A35c-14_10_GML.zip"
"景観重要建造物・樹木","A35c-14_11_GML.zip","A35c/A35c-14/A35c-14_11_GML.zip"
"景観重要建造物・樹木","A35c-14_12_GML.zip","A35c/A35c-14/A35c-14_12_GML.zip"
"景観重要建造物・樹木","A35c-14_13_GML.zip","A35c/A35c-14/A35c-14_13_GML.zip"
"景観重要建造物・樹木","A35c-14_14_GML.zip","A35c/A35c-14/A35c-14_14_GML.zip"
"景観重要建造物・樹木","A35c-14_17_GML.zip","A35c/A35c-14/A35c-14_17_GML.zip"
"景観重要建造物・樹木","A35c-14_20_GML.zip","A35c/A35c-14/A35c-14_20_GML.zip"
"景観重要建造物・樹木","A35c-14_21_GML.zip","A35c/A35c-14/A35c-14_21_GML.zip"
"景観重要建造物・樹木","A35c-14_22_GML.zip","A35c/A35c-14/A35c-14_22_GML.zip"
"景観重要建造物・樹木","A35c-14_23_GML.zip","A35c/A35c-14/A35c-14_23_GML.zip"
"景観重要建造物・樹木","A35c-14_24_GML.zip","A35c/A35c-14/A35c-14_24_GML.zip"
"景観重要建造物・樹木","A35c-14_25_GML.zip","A35c/A35c-14/A35c-14_25_GML.zip"
"景観重要建造物・樹木","A35c-14_26_GML.zip","A35c/A35c-14/A35c-14_26_GML.zip"
"景観重要建造物・樹木","A35c-14_27_GML.zip","A35c/A35c-14/A35c-14_27_GML.zip"
"景観重要建造物・樹木","A35c-14_28_GML.zip","A35c/A35c-14/A35c-14_28_GML.zip"
"景観重要建造物・樹木","A35c-14_29_GML.zip","A35c/A35c-14/A35c-14_29_GML.zip"
"景観重要建造物・樹木","A35c-14_30_GML.zip","A35c/A35c-14/A35c-14_30_GML.zip"
"景観重要建造物・樹木","A35c-14_32_GML.zip","A35c/A35c-14/A35c-14_32_GML.zip"
"景観重要建造物・樹木","A35c-14_33_GML.zip","A35c/A35c-14/A35c-14_33_GML.zip"
"景観重要建造物・樹木","A35c-14_35_GML.zip","A35c/A35c-14/A35c-14_35_GML.zip"
"景観重要建造物・樹木","A35c-14_39_GML.zip","A35c/A35c-14/A35c-14_39_GML.zip"
"景観重要建造物・樹木","A35c-14_40_GML.zip","A35c/A35c-14/A35c-14_40_GML.zip"
"景観重要建造物・樹木","A35c-14_41_GML.zip","A35c/A35c-14/A35c-14_41_GML.zip"
"景観重要建造物・樹木","A35c-14_42_GML.zip","A35c/A35c-14/A35c-14_42_GML.zip"
"景観重要建造物・樹木","A35c-14_43_GML.zip","A35c/A35c-14/A35c-14_43_GML.zip"
"景観重要建造物・樹木","A35c-14_45_GML.zip","A35c/A35c-14/A35c-14_45_GML.zip"
"景観重要建造物・樹木","A35c-14_46_GML.zip","A35c/A35c-14/A35c-14_46_GML.zip"
"伝統的建造物群保存地区","A43-18_GML.zip","A43/A43-18/A43-18_GML.zip"
"歴史的風致維持向上計画の重点地区","A44-18_GML.zip","A44/A44-18/A44-18_GML.zip"
"宅地造成等工事規制区域・特定盛土等規制区域","A56-25_01_GML.zip","A56/A56-25/A56-25_01_GML.zip"
"宅地造成等工事規制区域・特定盛土等規制区域","A56-25_03_GML.zip","A56/A56-25/A56-25_03_GML.zip"
"宅地造成等工事規制区域・特定盛土等規制区域","A56-25_04_GML.zip","A56/A56-25/A56-25_04_GML.zip"
"宅地造成等工事規制区域・特定盛土等規制区域","A56-25_05_GML.zip","A56/A56-25/A56-25_05_GML.zip"
"宅地造成等工事規制区域・特定盛土等規制区域","A56-25_06_GML.zip","A56/A56-25/A56-25_06_GML.zip"
"宅地造成等工事規制区域・特定盛土等規制区域","A56-25_07_GML.zip","A56/A56-25/A56-25_07_GML.zip"
"宅地造成等工事規制区域・特定盛土等規制区域","A56-25_08_GML.zip","A56/A56-25/A56-25_08_GML.zip"
"宅地造成等工事規制区域・特定盛土等規制区域","A56-25_09_GML.zip","A56/A56-25/A56-25_09_GML.zip"
"宅地造成等工事規制区域・特定盛土等規制区域","A56-25_10_GML.zip","A56/A56-25/A56-25_10_GML.zip"
"宅地造成等工事規制区域・特定盛土等規制区域","A56-25_11_GML.zip","A56/A56-25/A56-25_11_GML.zip"
"宅地造成等工事規制区域・特定盛土等規制区域","A56-25_12_GML.zip","A56/A56-25/A56-25_12_GML.zip"
"宅地造成等工事規制区域・特定盛土等規制区域","A56-25_13_GML.zip","A56/A56-25/A56-25_13_GML.zip"
"宅地造成等工事規制区域・特定盛土等規制区域","A56-25_14_GML.zip","A56/A56-25/A56-25_14_GML.zip"
"宅地造成等工事規制区域・特定盛土等規制区域","A56-25_15_GML.zip","A56/A56-25/A56-25_15_GML.zip"
"宅地造成等工事規制区域・特定盛土等規制区域","A56-25_16_GML.zip","A56/A56-25/A56-25_16_GML.zip"
"宅地造成等工事規制区域・特定盛土等規制区域","A56-25_17_GML.zip","A56/A56-25/A56-25_17_GML.zip"
"宅地造成等工事規制区域・特定盛土等規制区域","A56-25_18_GML.zip","A56/A56-25/A56-25_18_GML.zip"
"宅地造成等工事規制区域・特定盛土等規制区域","A56-25_19_GML.zip","A56/A56-25/A56-25_19_GML.zip"
"宅地造成等工事規制区域・特定盛土等規制区域","A56-25_20_GML.zip","A56/A56-25/A56-25_20_GML.zip"
"宅地造成等工事規制区域・特定盛土等規制区域","A56-25_21_GML.zip","A56/A56-25/A56-25_21_GML.zip"
"宅地造成等工事規制区域・特定盛土等規制区域","A56-25_22_GML.zip","A56/A56-25/A56-25_22_GML.zip"
"宅地造成等工事規制区域・特定盛土等規制区域","A56-25_23_GML.zip","A56/A56-25/A56-25_23_GML.zip"
"宅地造成等工事規制区域・特定盛土等規制区域","A56-25_24_GML.zip","A56/A56-25/A56-25_24_GML.zip"
"宅地造成等工事規制区域・特定盛土等規制区域","A56-25_25_GML.zip","A56/A56-25/A56-25_25_GML.zip"
"宅地造成等工事規制区域・特定盛土等規制区域","A56-25_26_GML.zip","A56/A56-25/A56-25_26_GML.zip"
"宅地造成等工事規制区域・特定盛土等規制区域","A56-25_27_GML.zip","A56/A56-25/A56-25_27_GML.zip"
"宅地造成等工事規制区域・特定盛土等規制区域","A56-25_28_GML.zip","A56/A56-25/A56-25_28_GML.zip"
"宅地造成等工事規制区域・特定盛土等規制区域","A56-25_29_GML.zip","A56/A56-25/A56-25_29_GML.zip"
"宅地造成等工事規制区域・特定盛土等規制区域","A56-25_30_GML.zip","A56/A56-25/A56-25_30_GML.zip"
"宅地造成等工事規制区域・特定盛土等規制区域","A56-25_31_GML.zip","A56/A56-25/A56-25_31_GML.zip"
"宅地造成等工事規制区域・特定盛土等規制区域","A56-25_32_GML.zip","A56/A56-25/A56-25_32_GML.zip"
"宅地造成等工事規制区域・特定盛土等規制区域","A56-25_33_GML.zip","A56/A56-25/A56-25_33_GML.zip"
"宅地造成等工事規制区域・特定盛土等規制区域","A56-25_34_GML.zip","A56/A56-25/A56-25_34_GML.zip"
"宅地造成等工事規制区域・特定盛土等規制区域","A56-25_35_GML.zip","A56/A56-25/A56-25_35_GML.zip"
"宅地造成等工事規制区域・特定盛土等規制区域","A56-25_36_GML.zip","A56/A56-25/A56-25_36_GML.zip"
"宅地造成等工事規制区域・特定盛土等規制区域","A56-25_38_GML.zip","A56/A56-25/A56-25_38_GML.zip"
"宅地造成等工事規制区域・特定盛土等規制区域","A56-25_39_GML.zip","A56/A56-25/A56-25_39_GML.zip"
"宅地造成等工事規制区域・特定盛土等規制区域","A56-25_40_GML.zip","A56/A56-25/A56-25_40_GML.zip"
"宅地造成等工事規制区域・特定盛土等規制区域","A56-25_42_GML.zip","A56/A56-25/A56-25_42_GML.zip"
"宅地造成等工事規制区域・特定盛土等規制区域","A56-25_43_GML.zip","A56/A56-25/A56-25_43_GML.zip"
"宅地造成等工事規制区域・特定盛土等規制区域","A56-25_44_GML.zip","A56/A56-25/A56-25_44_GML.zip"
"宅地造成等工事規制区域・特定盛土等規制区域","A56-25_45_GML.zip","A56/A56-25/A56-25_45_GML.zip"
"宅地造成等工事規制区域・特定盛土等規制区域","A56-25_46_GML.zip","A56/A56-25/A56-25_46_GML.zip"
"都市計画決定情報","A55-24_01000_GEOJSON.zip","A55/A55-24/A55-24_01000_GEOJSON.zip"
"都市計画決定情報","A55-24_02000_GEOJSON.zip","A55/A55-24/A55-24_02000_GEOJSON.zip"
"都市計画決定情報","A55-24_03000_GEOJSON.zip","A55/A55-24/A55-24_03000_GEOJSON.zip"
"都市計画決定情報","A55-24_04000_GEOJSON.zip","A55/A55-24/A55-24_04000_GEOJSON.zip"
"都市計画決定情報","A55-24_05000_GEOJSON.zip","A55/A55-24/A55-24_05000_GEOJSON.zip"
"都市計画決定情報","A55-24_06000_GEOJSON.zip","A55/A55-24/A55-24_06000_GEOJSON.zip"
"都市計画決定情報","A55-24_07000_GEOJSON.zip","A55/A55-24/A55-24_07000_GEOJSON.zip"
"都市計画決定情報","A55-24_08000_GEOJSON.zip","A55/A55-24/A55-24_08000_GEOJSON.zip"
"都市計画決定情報","A55-24_09000_GEOJSON.zip","A55/A55-24/A55-24_09000_GEOJSON.zip"
"都市計画決定情報","A55-24_10000_GEOJSON.zip","A55/A55-24/A55-24_10000_GEOJSON.zip"
"都市計画決定情報","A55-24_11000_GEOJSON.zip","A55/A55-24/A55-24_11000_GEOJSON.zip"
"都市計画決定情報","A55-24_12000_GEOJSON.zip","A55/A55-24/A55-24_12000_GEOJSON.zip"
"都市計画決定情報","A55-24_13000_GEOJSON.zip","A55/A55-24/A55-24_13000_GEOJSON.zip"
"都市計画決定情報","A55-24_14000_GEOJSON.zip","A55/A55-24/A55-24_14000_GEOJSON.zip"
"都市計画決定情報","A55-24_15000_GEOJSON.zip","A55/A55-24/A55-24_15000_GEOJSON.zip"
"都市計画決定情報","A55-24_16000_GEOJSON.zip","A55/A55-24/A55-24_16000_GEOJSON.zip"
"都市計画決定情報","A55-24_17000_GEOJSON.zip","A55/A55-24/A55-24_17000_GEOJSON.zip"
"都市計画決定情報","A55-24_18000_GEOJSON.zip","A55/A55-24/A55-24_18000_GEOJSON.zip"
"都市計画決定情報","A55-24_19000_GEOJSON.zip","A55/A55-24/A55-24_19000_GEOJSON.zip"
"都市計画決定情報","A55-24_20000_GEOJSON.zip","A55/A55-24/A55-24_20000_GEOJSON.zip"
"都市計画決定情報","A55-24_21000_GEOJSON.zip","A55/A55-24/A55-24_21000_GEOJSON.zip"
"都市計画決定情報","A55-24_22000_GEOJSON.zip","A55/A55-24/A55-24_22000_GEOJSON.zip"
"都市計画決定情報","A55-24_23000_GEOJSON.zip","A55/A55-24/A55-24_23000_GEOJSON.zip"
"都市計画決定情報","A55-24_24000_GEOJSON.zip","A55/A55-24/A55-24_24000_GEOJSON.zip"
"都市計画決定情報","A55-24_25000_GEOJSON.zip","A55/A55-24/A55-24_25000_GEOJSON.zip"
"都市計画決定情報","A55-24_26000_GEOJSON.zip","A55/A55-24/A55-24_26000_GEOJSON.zip"
"都市計画決定情報","A55-24_27000_GEOJSON.zip","A55/A55-24/A55-24_27000_GEOJSON.zip"
"都市計画決定情報","A55-24_28000_GEOJSON.zip","A55/A55-24/A55-24_28000_GEOJSON.zip"
"都市計画決定情報","A55-24_29000_GEOJSON.zip","A55/A55-24/A55-24_29000_GEOJSON.zip"
"都市計画決定情報","A55-24_30000_GEOJSON.zip","A55/A55-24/A55-24_30000_GEOJSON.zip"
"都市計画決定情報","A55-24_31000_GEOJSON.zip","A55/A55-24/A55-24_31000_GEOJSON.zip"
"都市計画決定情報","A55-24_32000_GEOJSON.zip","A55/A55-24/A55-24_32000_GEOJSON.zip"
"都市計画決定情報","A55-24_33000_GEOJSON.zip","A55/A55-24/A55-24_33000_GEOJSON.zip"
"都市計画決定情報","A55-24_34000_GEOJSON.zip","A55/A55-24/A55-24_34000_GEOJSON.zip"
"都市計画決定情報","A55-24_35000_GEOJSON.zip","A55/A55-24/A55-24_35000_GEOJSON.zip"
"都市計画決定情報","A55-24_36000_GEOJSON.zip","A55/A55-24/A55-24_36000_GEOJSON.zip"
"都市計画決定情報","A55-24_37000_GEOJSON.zip","A55/A55-24/A55-24_37000_GEOJSON.zip"
"都市計画決定情報","A55-24_38000_GEOJSON.zip","A55/A55-24/A55-24_38000_GEOJSON.zip"
"都市計画決定情報","A55-24_39000_GEOJSON.zip","A55/A55-24/A55-24_39000_GEOJSON.zip"
"都市計画決定情報","A55-24_40000_GEOJSON.zip","A55/A55-24/A55-24_40000_GEOJSON.zip"
"都市計画決定情報","A55-24_41000_GEOJSON.zip","A55/A55-24/A55-24_41000_GEOJSON.zip"
"都市計画決定情報","A55-24_42000_GEOJSON.zip","A55/A55-24/A55-24_42000_GEOJSON.zip"
"都市計画決定情報","A55-24_43000_GEOJSON.zip","A55/A55-24/A55-24_43000_GEOJSON.zip"
"都市計画決定情報","A55-24_44000_GEOJSON.zip","A55/A55-24/A55-24_44000_GEOJSON.zip"
"都市計画決定情報","A55-24_45000_GEOJSON.zip","A55/A55-24/A55-24_45000_GEOJSON.zip"
"都市計画決定情報","A55-24_46000_GEOJSON.zip","A55/A55-24/A55-24_46000_GEOJSON.zip"
"都市計画決定情報","A55-24_47000_GEOJSON.zip","A55/A55-24/A55-24_47000_GEOJSON.zip"
"都市地域","A09-18_01_GML.zip","A09/A09-18/A09-18_01_GML.zip"
"都市地域","A09-18_02_GML.zip","A09/A09-18/A09-18_02_GML.zip"
"都市地域","A09-18_03_GML.zip","A09/A09-18/A09-18_03_GML.zip"
"都市地域","A09-18_04_GML.zip","A09/A09-18/A09-18_04_GML.zip"
"都市地域","A09-18_05_GML.zip","A09/A09-18/A09-18_05_GML.zip"
"都市地域","A09-18_06_GML.zip","A09/A09-18/A09-18_06_GML.zip"
"都市地域","A09-18_07_GML.zip","A09/A09-18/A09-18_07_GML.zip"
"都市地域","A09-18_08_GML.zip","A09/A09-18/A09-18_08_GML.zip"
"都市地域","A09-18_09_GML.zip","A09/A09-18/A09-18_09_GML.zip"
"都市地域","A09-18_10_GML.zip","A09/A09-18/A09-18_10_GML.zip"
"都市地域","A09-18_11_GML.zip","A09/A09-18/A09-18_11_GML.zip"
"都市地域","A09-18_12_GML.zip","A09/A09-18/A09-18_12_GML.zip"
"都市地域","A09-18_13_GML.zip","A09/A09-18/A09-18_13_GML.zip"
"都市地域","A09-18_14_GML.zip","A09/A09-18/A09-18_14_GML.zip"
"都市地域","A09-18_15_GML.zip","A09/A09-18/A09-18_15_GML.zip"
"都市地域","A09-18_16_GML.zip","A09/A09-18/A09-18_16_GML.zip"
"都市地域","A09-18_17_GML.zip","A09/A09-18/A09-18_17_GML.zip"
"都市地域","A09-18_18_GML.zip","A09/A09-18/A09-18_18_GML.zip"
"都市地域","A09-18_19_GML.zip","A09/A09-18/A09-18_19_GML.zip"
"都市地域","A09-18_20_GML.zip","A09/A09-18/A09-18_20_GML.zip"
"都市地域","A09-18_21_GML.zip","A09/A09-18/A09-18_21_GML.zip"
"都市地域","A09-18_22_GML.zip","A09/A09-18/A09-18_22_GML.zip"
"都市地域","A09-11_23_GML.zip","A09/A09-11/A09-11_23_GML.zip"
"都市地域","A09-18_24_GML.zip","A09/A09-18/A09-18_24_GML.zip"
"都市地域","A09-18_25_GML.zip","A09/A09-18/A09-18_25_GML.zip"
"都市地域","A09-18_26_GML.zip","A09/A09-18/A09-18_26_GML.zip"
"都市地域","A09-18_27_GML.zip","A09/A09-18/A09-18_27_GML.zip"
"都市地域","A09-18_28_GML.zip","A09/A09-18/A09-18_28_GML.zip"
"都市地域","A09-18_29_GML.zip","A09/A09-18/A09-18_29_GML.zip"
"都市地域","A09-18_30_GML.zip","A09/A09-18/A09-18_30_GML.zip"
"都市地域","A09-18_31_GML.zip","A09/A09-18/A09-18_31_GML.zip"
"都市地域","A09-18_32_GML.zip","A09/A09-18/A09-18_32_GML.zip"
"都市地域","A09-18_33_GML.zip","A09/A09-18/A09-18_33_GML.zip"
"都市地域","A09-18_34_GML.zip","A09/A09-18/A09-18_34_GML.zip"
"都市地域","A09-18_35_GML.zip","A09/A09-18/A09-18_35_GML.zip"
"都市地域","A09-18_36_GML.zip","A09/A09-18/A09-18_36_GML.zip"
"都市地域","A09-18_37_GML.zip","A09/A09-18/A09-18_37_GML.zip"
"都市地域","A09-18_38_GML.zip","A09/A09-18/A09-18_38_GML.zip"
"都市地域","A09-18_39_GML.zip","A09/A09-18/A09-18_39_GML.zip"
"都市地域","A09-18_40_GML.zip","A09/A09-18/A09-18_40_GML.zip"
"都市地域","A09-18_41_GML.zip","A09/A09-18/A09-18_41_GML.zip"
"都市地域","A09-18_42_GML.zip","A09/A09-18/A09-18_42_GML.zip"
"都市地域","A09-18_43_GML.zip","A09/A09-18/A09-18_43_GML.zip"
"都市地域","A09-18_44_GML.zip","A09/A09-18/A09-18_44_GML.zip"
"都市地域","A09-18_45_GML.zip","A09/A09-18/A09-18_45_GML.zip"
"都市地域","A09-18_46_GML.zip","A09/A09-18/A09-18_46_GML.zip"
"都市地域","A09-18_47_GML.zip","A09/A09-18/A09-18_47_GML.zip"
"用途地域","A29-19_01_GML.zip","A29/A29-19/A29-19_01_GML.zip"
"用途地域","A29-19_02_GML.zip","A29/A29-19/A29-19_02_GML.zip"
"用途地域","A29-19_03_GML.zip","A29/A29-19/A29-19_03_GML.zip"
"用途地域","A29-19_04_GML.zip","A29/A29-19/A29-19_04_GML.zip"
"用途地域","A29-19_05_GML.zip","A29/A29-19/A29-19_05_GML.zip"
"用途地域","A29-19_06_GML.zip","A29/A29-19/A29-19_06_GML.zip"
"用途地域","A29-19_07_GML.zip","A29/A29-19/A29-19_07_GML.zip"
"用途地域","A29-19_08_GML.zip","A29/A29-19/A29-19_08_GML.zip"
"用途地域","A29-19_09_GML.zip","A29/A29-19/A29-19_09_GML.zip"
"用途地域","A29-19_10_GML.zip","A29/A29-19/A29-19_10_GML.zip"
"用途地域","A29-19_11_GML.zip","A29/A29-19/A29-19_11_GML.zip"
"用途地域","A29-19_12_GML.zip","A29/A29-19/A29-19_12_GML.zip"
"用途地域","A29-19_13_GML.zip","A29/A29-19/A29-19_13_GML.zip"
"用途地域","A29-19_14_GML.zip","A29/A29-19/A29-19_14_GML.zip"
"用途地域","A29-19_15_GML.zip","A29/A29-19/A29-19_15_GML.zip"
"用途地域","A29-19_16_GML.zip","A29/A29-19/A29-19_16_GML.zip"
"用途地域","A29-19_17_GML.zip","A29/A29-19/A29-19_17_GML.zip"
"用途地域","A29-19_18_GML.zip","A29/A29-19/A29-19_18_GML.zip"
"用途地域","A29-19_19_GML.zip","A29/A29-19/A29-19_19_GML.zip"
"用途地域","A29-19_20_GML.zip","A29/A29-19/A29-19_20_GML.zip"
"用途地域","A29-19_21_GML.zip","A29/A29-19/A29-19_21_GML.zip"
"用途地域","A29-19_22_GML.zip","A29/A29-19/A29-19_22_GML.zip"
"用途地域","A29-19_23_GML.zip","A29/A29-19/A29-19_23_GML.zip"
"用途地域","A29-19_24_GML.zip","A29/A29-19/A29-19_24_GML.zip"
"用途地域","A29-19_25_GML.zip","A29/A29-19/A29-19_25_GML.zip"
"用途地域","A29-19_26_GML.zip","A29/A29-19/A29-19_26_GML.zip"
"用途地域","A29-19_27_GML.zip","A29/A29-19/A29-19_27_GML.zip"
"用途地域","A29-19_28_GML.zip","A29/A29-19/A29-19_28_GML.zip"
"用途地域","A29-19_29_GML.zip","A29/A29-19/A29-19_29_GML.zip"
"用途地域","A29-19_30_GML.zip","A29/A29-19/A29-19_30_GML.zip"
"用途地域","A29-19_31_GML.zip","A29/A29-19/A29-19_31_GML.zip"
"用途地域","A29-19_32_GML.zip","A29/A29-19/A29-19_32_GML.zip"
"用途地域","A29-19_33_GML.zip","A29/A29-19/A29-19_33_GML.zip"
"用途地域","A29-19_34_GML.zip","A29/A29-19/A29-19_34_GML.zip"
"用途地域","A29-19_35_GML.zip","A29/A29-19/A29-19_35_GML.zip"
"用途地域","A29-19_36_GML.zip","A29/A29-19/A29-19_36_GML.zip"
"用途地域","A29-19_37_GML.zip","A29/A29-19/A29-19_37_GML.zip"
"用途地域","A29-19_38_GML.zip","A29/A29-19/A29-19_38_GML.zip"
"用途地域","A29-19_39_GML.zip","A29/A29-19/A29-19_39_GML.zip"
"用途地域","A29-19_40_GML.zip","A29/A29-19/A29-19_40_GML.zip"
"用途地域","A29-19_41_GML.zip","A29/A29-19/A29-19_41_GML.zip"
"用途地域","A29-19_42_GML.zip","A29/A29-19/A29-19_42_GML.zip"
"用途地域","A29-19_43_GML.zip","A29/A29-19/A29-19_43_GML.zip"
"用途地域","A29-19_44_GML.zip","A29/A29-19/A29-19_44_GML.zip"
"用途地域","A29-19_45_GML.zip","A29/A29-19/A29-19_45_GML.zip"
"用途地域","A29-19_46_GML.zip","A29/A29-19/A29-19_46_GML.zip"
"用途地域","A29-19_47_GML.zip","A29/A29-19/A29-19_47_GML.zip"
"立地適正化計画区域","A50-20_01_GML.zip","A50/A50-20/A50-20_01_GML.zip"
"立地適正化計画区域","A50-20_02_GML.zip","A50/A50-20/A50-20_02_GML.zip"
"立地適正化計画区域","A50-20_03_GML.zip","A50/A50-20/A50-20_03_GML.zip"
"立地適正化計画区域","A50-20_04_GML.zip","A50/A50-20/A50-20_04_GML.zip"
"立地適正化計画区域","A50-20_05_GML.zip","A50/A50-20/A50-20_05_GML.zip"
"立地適正化計画区域","A50-20_06_GML.zip","A50/A50-20/A50-20_06_GML.zip"
"立地適正化計画区域","A50-20_07_GML.zip","A50/A50-20/A50-20_07_GML.zip"
"立地適正化計画区域","A50-20_08_GML.zip","A50/A50-20/A50-20_08_GML.zip"
"立地適正化計画区域","A50-20_09_GML.zip","A50/A50-20/A50-20_09_GML.zip"
"立地適正化計画区域","A50-20_10_GML.zip","A50/A50-20/A50-20_10_GML.zip"
"立地適正化計画区域","A50-20_11_GML.zip","A50/A50-20/A50-20_11_GML.zip"
"立地適正化計画区域","A50-20_12_GML.zip","A50/A50-20/A50-20_12_GML.zip"
"立地適正化計画区域","A50-20_13_GML.zip","A50/A50-20/A50-20_13_GML.zip"
"立地適正化計画区域","A50-20_14_GML.zip","A50/A50-20/A50-20_14_GML.zip"
"立地適正化計画区域","A50-20_15_GML.zip","A50/A50-20/A50-20_15_GML.zip"
"立地適正化計画区域","A50-20_16_GML.zip","A50/A50-20/A50-20_16_GML.zip"
"立地適正化計画区域","A50-20_17_GML.zip","A50/A50-20/A50-20_17_GML.zip"
"立地適正化計画区域","A50-20_18_GML.zip","A50/A50-20/A50-20_18_GML.zip"
"立地適正化計画区域","A50-20_19_GML.zip","A50/A50-20/A50-20_19_GML.zip"
"立地適正化計画区域","A50-20_20_GML.zip","A50/A50-20/A50-20_20_GML.zip"
"立地適正化計画区域","A50-20_21_GML.zip","A50/A50-20/A50-20_21_GML.zip"
"立地適正化計画区域","A50-20_22_GML.zip","A50/A50-20/A50-20_22_GML.zip"
"立地適正化計画区域","A50-20_23_GML.zip","A50/A50-20/A50-20_23_GML.zip"
"立地適正化計画区域","A50-20_24_GML.zip","A50/A50-20/A50-20_24_GML.zip"
"立地適正化計画区域","A50-20_25_GML.zip","A50/A50-20/A50-20_25_GML.zip"
"立地適正化計画区域","A50-20_26_GML.zip","A50/A50-20/A50-20_26_GML.zip"
"立地適正化計画区域","A50-20_27_GML.zip","A50/A50-20/A50-20_27_GML.zip"
"立地適正化計画区域","A50-20_28_GML.zip","A50/A50-20/A50-20_28_GML.zip"
"立地適正化計画区域","A50-20_29_GML.zip","A50/A50-20/A50-20_29_GML.zip"
"立地適正化計画区域","A50-20_30_GML.zip","A50/A50-20/A50-20_30_GML.zip"
"立地適正化計画区域","A50-20_32_GML.zip","A50/A50-20/A50-20_32_GML.zip"
"立地適正化計画区域","A50-20_33_GML.zip","A50/A50-20/A50-20_33_GML.zip"
"立地適正化計画区域","A50-20_34_GML.zip","A50/A50-20/A50-20_34_GML.zip"
"立地適正化計画区域","A50-20_35_GML.zip","A50/A50-20/A50-20_35_GML.zip"
"立地適正化計画区域","A50-20_36_GML.zip","A50/A50-20/A50-20_36_GML.zip"
"立地適正化計画区域","A50-20_37_GML.zip","A50/A50-20/A50-20_37_GML.zip"
"立地適正化計画区域","A50-20_38_GML.zip","A50/A50-20/A50-20_38_GML.zip"
"立地適正化計画区域","A50-20_39_GML.zip","A50/A50-20/A50-20_39_GML.zip"
"立地適正化計画区域","A50-20_40_GML.zip","A50/A50-20/A50-20_40_GML.zip"
"立地適正化計画区域","A50-20_41_GML.zip","A50/A50-20/A50-20_41_GML.zip"
"立地適正化計画区域","A50-20_42_GML.zip","A50/A50-20/A50-20_42_GML.zip"
"立地適正化計画区域","A50-20_43_GML.zip","A50/A50-20/A50-20_43_GML.zip"
"立地適正化計画区域","A50-20_44_GML.zip","A50/A50-20/A50-20_44_GML.zip"
"立地適正化計画区域","A50-20_45_GML.zip","A50/A50-20/A50-20_45_GML.zip"
"立地適正化計画区域","A50-20_46_GML.zip","A50/A50-20/A50-20_46_GML.zip"
"歴史的風土保存区域","A42-18_GML.zip","A42/A42-18/A42-18_GML.zip"
"都市公園","P13-11_01_GML.zip","P13/P13-11/P13-11_01_GML.zip"
"都市公園","P13-11_02_GML.zip","P13/P13-11/P13-11_02_GML.zip"
"都市公園","P13-11_03_GML.zip","P13/P13-11/P13-11_03_GML.zip"
"都市公園","P13-11_04_GML.zip","P13/P13-11/P13-11_04_GML.zip"
"都市公園","P13-11_05_GML.zip","P13/P13-11/P13-11_05_GML.zip"
"都市公園","P13-11_06_GML.zip","P13/P13-11/P13-11_06_GML.zip"
"都市公園","P13-11_07_GML.zip","P13/P13-11/P13-11_07_GML.zip"
"都市公園","P13-11_08_GML.zip","P13/P13-11/P13-11_08_GML.zip"
"都市公園","P13-11_09_GML.zip","P13/P13-11/P13-11_09_GML.zip"
"都市公園","P13-11_10_GML.zip","P13/P13-11/P13-11_10_GML.zip"
"都市公園","P13-11_11_GML.zip","P13/P13-11/P13-11_11_GML.zip"
"都市公園","P13-11_12_GML.zip","P13/P13-11/P13-11_12_GML.zip"
"都市公園","P13-11_13_GML.zip","P13/P13-11/P13-11_13_GML.zip"
"都市公園","P13-11_14_GML.zip","P13/P13-11/P13-11_14_GML.zip"
"都市公園","P13-11_15_GML.zip","P13/P13-11/P13-11_15_GML.zip"
"都市公園","P13-11_16_GML.zip","P13/P13-11/P13-11_16_GML.zip"
"都市公園","P13-11_17_GML.zip","P13/P13-11/P13-11_17_GML.zip"
"都市公園","P13-11_18_GML.zip","P13/P13-11/P13-11_18_GML.zip"
"都市公園","P13-11_19_GML.zip","P13/P13-11/P13-11_19_GML.zip"
"都市公園","P13-11_20_GML.zip","P13/P13-11/P13-11_20_GML.zip"
"都市公園","P13-11_21_GML.zip","P13/P13-11/P13-11_21_GML.zip"
"都市公園","P13-11_22_GML.zip","P13/P13-11/P13-11_22_GML.zip"
"都市公園","P13-11_23_GML.zip","P13/P13-11/P13-11_23_GML.zip"
"都市公園","P13-11_24_GML.zip","P13/P13-11/P13-11_24_GML.zip"
"都市公園","P13-11_25_GML.zip","P13/P13-11/P13-11_25_GML.zip"
"都市公園","P13-11_26_GML.zip","P13/P13-11/P13-11_26_GML.zip"
"都市公園","P13-11_27_GML.zip","P13/P13-11/P13-11_27_GML.zip"
"都市公園","P13-11_28_GML.zip","P13/P13-11/P13-11_28_GML.zip"
"都市公園","P13-11_29_GML.zip","P13/P13-11/P13-11_29_GML.zip"
"都市公園","P13-11_30_GML.zip","P13/P13-11/P13-11_30_GML.zip"
"都市公園","P13-11_31_GML.zip","P13/P13-11/P13-11_31_GML.zip"
"都市公園","P13-11_32_GML.zip","P13/P13-11/P13-11_32_GML.zip"
"都市公園","P13-11_33_GML.zip","P13/P13-11/P13-11_33_GML.zip"
"都市公園","P13-11_34_GML.zip","P13/P13-11/P13-11_34_GML.zip"
"都市公園","P13-11_35_GML.zip","P13/P13-11/P13-11_35_GML.zip"
"都市公園","P13-11_36_GML.zip","P13/P13-11/P13-11_36_GML.zip"
"都市公園","P13-11_37_GML.zip","P13/P13-11/P13-11_37_GML.zip"
"都市公園","P13-11_38_GML.zip","P13/P13-11/P13-11_38_GML.zip"
"都市公園","P13-11_39_GML.zip","P13/P13-11/P13-11_39_GML.zip"
"都市公園","P13-11_40_GML.zip","P13/P13-11/P13-11_40_GML.zip"
"都市公園","P13-11_41_GML.zip","P13/P13-11/P13-11_41_GML.zip"
"都市公園","P13-11_42_GML.zip","P13/P13-11/P13-11_42_GML.zip"
"都市公園","P13-11_43_GML.zip","P13/P13-11/P13-11_43_GML.zip"
"都市公園","P13-11_44_GML.zip","P13/P13-11/P13-11_44_GML.zip"
"都市公園","P13-11_45_GML.zip","P13/P13-11/P13-11_45_GML.zip"
"都市公園","P13-11_46_GML.zip","P13/P13-11/P13-11_46_GML.zip"
"都市公園","P13-11_47_GML.zip","P13/P13-11/P13-11_47_GML.zip"
"三大都市圏計画区域","A03-25_SYUTO_GML.zip","A03/A03-25/A03-25_SYUTO_GML.zip"
"三大都市圏計画区域","A03-25_CHUBU_GML.zip","A03/A03-25/A03-25_CHUBU_GML.zip"
"三大都市圏計画区域","A03-25_KINKI_GML.zip","A03/A03-25/A03-25_KINKI_GML.zip"
"過疎地域","A17-17_01_GML.zip","A17/A17-17/A17-17_01_GML.zip"
"過疎地域","A17-17_02_GML.zip","A17/A17-17/A17-17_02_GML.zip"
"過疎地域","A17-17_03_GML.zip","A17/A17-17/A17-17_03_GML.zip"
"過疎地域","A17-17_04_GML.zip","A17/A17-17/A17-17_04_GML.zip"
"過疎地域","A17-17_05_GML.zip","A17/A17-17/A17-17_05_GML.zip"
"過疎地域","A17-17_06_GML.zip","A17/A17-17/A17-17_06_GML.zip"
"過疎地域","A17-17_07_GML.zip","A17/A17-17/A17-17_07_GML.zip"
"過疎地域","A17-17_08_GML.zip","A17/A17-17/A17-17_08_GML.zip"
"過疎地域","A17-17_09_GML.zip","A17/A17-17/A17-17_09_GML.zip"
"過疎地域","A17-17_10_GML.zip","A17/A17-17/A17-17_10_GML.zip"
"過疎地域","A17-17_11_GML.zip","A17/A17-17/A17-17_11_GML.zip"
"過疎地域","A17-17_12_GML.zip","A17/A17-17/A17-17_12_GML.zip"
"過疎地域","A17-17_13_GML.zip","A17/A17-17/A17-17_13_GML.zip"
"過疎地域","A17-17_15_GML.zip","A17/A17-17/A17-17_15_GML.zip"
"過疎地域","A17-17_16_GML.zip","A17/A17-17/A17-17_16_GML.zip"
"過疎地域","A17-17_17_GML.zip","A17/A17-17/A17-17_17_GML.zip"
"過疎地域","A17-17_18_GML.zip","A17/A17-17/A17-17_18_GML.zip"
"過疎地域","A17-17_19_GML.zip","A17/A17-17/A17-17_19_GML.zip"
"過疎地域","A17-17_20_GML.zip","A17/A17-17/A17-17_20_GML.zip"
"過疎地域","A17-17_21_GML.zip","A17/A17-17/A17-17_21_GML.zip"
"過疎地域","A17-17_22_GML.zip","A17/A17-17/A17-17_22_GML.zip"
"過疎地域","A17-17_23_GML.zip","A17/A17-17/A17-17_23_GML.zip"
"過疎地域","A17-17_24_GML.zip","A17/A17-17/A17-17_24_GML.zip"
"過疎地域","A17-17_25_GML.zip","A17/A17-17/A17-17_25_GML.zip"
"過疎地域","A17-17_26_GML.zip","A17/A17-17/A17-17_26_GML.zip"
"過疎地域","A17-17_27_GML.zip","A17/A17-17/A17-17_27_GML.zip"
"過疎地域","A17-17_28_GML.zip","A17/A17-17/A17-17_28_GML.zip"
"過疎地域","A17-17_29_GML.zip","A17/A17-17/A17-17_29_GML.zip"
"過疎地域","A17-17_30_GML.zip","A17/A17-17/A17-17_30_GML.zip"
"過疎地域","A17-17_31_GML.zip","A17/A17-17/A17-17_31_GML.zip"
"過疎地域","A17-17_32_GML.zip","A17/A17-17/A17-17_32_GML.zip"
"過疎地域","A17-17_33_GML.zip","A17/A17-17/A17-17_33_GML.zip"
"過疎地域","A17-17_34_GML.zip","A17/A17-17/A17-17_34_GML.zip"
"過疎地域","A17-17_35_GML.zip","A17/A17-17/A17-17_35_GML.zip"
"過疎地域","A17-17_36_GML.zip","A17/A17-17/A17-17_36_GML.zip"
"過疎地域","A17-17_37_GML.zip","A17/A17-17/A17-17_37_GML.zip"
"過疎地域","A17-17_38_GML.zip","A17/A17-17/A17-17_38_GML.zip"
"過疎地域","A17-17_39_GML.zip","A17/A17-17/A17-17_39_GML.zip"
"過疎地域","A17-17_40_GML.zip","A17/A17-17/A17-17_40_GML.zip"
"過疎地域","A17-17_41_GML.zip","A17/A17-17/A17-17_41_GML.zip"
"過疎地域","A17-17_42_GML.zip","A17/A17-17/A17-17_42_GML.zip"
"過疎地域","A17-17_43_GML.zip","A17/A17-17/A17-17_43_GML.zip"
"過疎地域","A17-17_44_GML.zip","A17/A17-17/A17-17_44_GML.zip"
"過疎地域","A17-17_45_GML.zip","A17/A17-17/A17-17_45_GML.zip"
"過疎地域","A17-17_46_GML.zip","A17/A17-17/A17-17_46_GML.zip"
"過疎地域","A17-17_47_GML.zip","A17/A17-17/A17-17_47_GML.zip"
"振興山村","A24-16_01_GML.zip","A24/A24-16/A24-16_01_GML.zip"
"振興山村","A24-16_02_GML.zip","A24/A24-16/A24-16_02_GML.zip"
"振興山村","A24-16_03_GML.zip","A24/A24-16/A24-16_03_GML.zip"
"振興山村","A24-16_04_GML.zip","A24/A24-16/A24-16_04_GML.zip"
"振興山村","A24-16_05_GML.zip","A24/A24-16/A24-16_05_GML.zip"
"振興山村","A24-16_06_GML.zip","A24/A24-16/A24-16_06_GML.zip"
"振興山村","A24-16_07_GML.zip","A24/A24-16/A24-16_07_GML.zip"
"振興山村","A24-16_08_GML.zip","A24/A24-16/A24-16_08_GML.zip"
"振興山村","A24-16_09_GML.zip","A24/A24-16/A24-16_09_GML.zip"
"振興山村","A24-16_10_GML.zip","A24/A24-16/A24-16_10_GML.zip"
"振興山村","A24-16_11_GML.zip","A24/A24-16/A24-16_11_GML.zip"
"振興山村","A24-16_12_GML.zip","A24/A24-16/A24-16_12_GML.zip"
"振興山村","A24-16_13_GML.zip","A24/A24-16/A24-16_13_GML.zip"
"振興山村","A24-16_14_GML.zip","A24/A24-16/A24-16_14_GML.zip"
"振興山村","A24-16_15_GML.zip","A24/A24-16/A24-16_15_GML.zip"
"振興山村","A24-16_16_GML.zip","A24/A24-16/A24-16_16_GML.zip"
"振興山村","A24-16_17_GML.zip","A24/A24-16/A24-16_17_GML.zip"
"振興山村","A24-16_18_GML.zip","A24/A24-16/A24-16_18_GML.zip"
"振興山村","A24-16_19_GML.zip","A24/A24-16/A24-16_19_GML.zip"
"振興山村","A24-16_20_GML.zip","A24/A24-16/A24-16_20_GML.zip"
"振興山村","A24-16_21_GML.zip","A24/A24-16/A24-16_21_GML.zip"
"振興山村","A24-16_22_GML.zip","A24/A24-16/A24-16_22_GML.zip"
"振興山村","A24-16_23_GML.zip","A24/A24-16/A24-16_23_GML.zip"
"振興山村","A24-16_24_GML.zip","A24/A24-16/A24-16_24_GML.zip"
"振興山村","A24-16_25_GML.zip","A24/A24-16/A24-16_25_GML.zip"
"振興山村","A24-16_26_GML.zip","A24/A24-16/A24-16_26_GML.zip"
"振興山村","A24-16_28_GML.zip","A24/A24-16/A24-16_28_GML.zip"
"振興山村","A24-16_29_GML.zip","A24/A24-16/A24-16_29_GML.zip"
"振興山村","A24-16_30_GML.zip","A24/A24-16/A24-16_30_GML.zip"
"振興山村","A24-16_31_GML.zip","A24/A24-16/A24-16_31_GML.zip"
"振興山村","A24-16_32_GML.zip","A24/A24-16/A24-16_32_GML.zip"
"振興山村","A24-16_33_GML.zip","A24/A24-16/A24-16_33_GML.zip"
"振興山村","A24-16_34_GML.zip","A24/A24-16/A24-16_34_GML.zip"
"振興山村","A24-16_35_GML.zip","A24/A24-16/A24-16_35_GML.zip"
"振興山村","A24-16_36_GML.zip","A24/A24-16/A24-16_36_GML.zip"
"振興山村","A24-16_37_GML.zip","A24/A24-16/A24-16_37_GML.zip"
"振興山村","A24-16_38_GML.zip","A24/A24-16/A24-16_38_GML.zip"
"振興山村","A24-16_39_GML.zip","A24/A24-16/A24-16_39_GML.zip"
"振興山村","A24-16_40_GML.zip","A24/A24-16/A24-16_40_GML.zip"
"振興山村","A24-16_41_GML.zip","A24/A24-16/A24-16_41_GML.zip"
"振興山村","A24-16_43_GML.zip","A24/A24-16/A24-16_43_GML.zip"
"振興山村","A24-16_44_GML.zip","A24/A24-16/A24-16_44_GML.zip"
"振興山村","A24-16_45_GML.zip","A24/A24-16/A24-16_45_GML.zip"
"振興山村","A24-16_46_GML.zip","A24/A24-16/A24-16_46_GML.zip"
"特定農山村地域","A25-16_01_GML.zip","A25/A25-16/A25-16_01_GML.zip"
"特定農山村地域","A25-16_02_GML.zip","A25/A25-16/A25-16_02_GML.zip"
"特定農山村地域","A25-16_03_GML.zip","A25/A25-16/A25-16_03_GML.zip"
"特定農山村地域","A25-16_04_GML.zip","A25/A25-16/A25-16_04_GML.zip"
"特定農山村地域","A25-16_05_GML.zip","A25/A25-16/A25-16_05_GML.zip"
"特定農山村地域","A25-16_06_GML.zip","A25/A25-16/A25-16_06_GML.zip"
"特定農山村地域","A25-16_07_GML.zip","A25/A25-16/A25-16_07_GML.zip"
"特定農山村地域","A25-16_08_GML.zip","A25/A25-16/A25-16_08_GML.zip"
"特定農山村地域","A25-16_09_GML.zip","A25/A25-16/A25-16_09_GML.zip"
"特定農山村地域","A25-16_10_GML.zip","A25/A25-16/A25-16_10_GML.zip"
"特定農山村地域","A25-16_11_GML.zip","A25/A25-16/A25-16_11_GML.zip"
"特定農山村地域","A25-16_12_GML.zip","A25/A25-16/A25-16_12_GML.zip"
"特定農山村地域","A25-16_13_GML.zip","A25/A25-16/A25-16_13_GML.zip"
"特定農山村地域","A25-16_14_GML.zip","A25/A25-16/A25-16_14_GML.zip"
"特定農山村地域","A25-16_15_GML.zip","A25/A25-16/A25-16_15_GML.zip"
"特定農山村地域","A25-16_16_GML.zip","A25/A25-16/A25-16_16_GML.zip"
"特定農山村地域","A25-16_17_GML.zip","A25/A25-16/A25-16_17_GML.zip"
"特定農山村地域","A25-16_18_GML.zip","A25/A25-16/A25-16_18_GML.zip"
"特定農山村地域","A25-16_19_GML.zip","A25/A25-16/A25-16_19_GML.zip"
"特定農山村地域","A25-16_20_GML.zip","A25/A25-16/A25-16_20_GML.zip"
"特定農山村地域","A25-16_21_GML.zip","A25/A25-16/A25-16_21_GML.zip"
"特定農山村地域","A25-16_22_GML.zip","A25/A25-16/A25-16_22_GML.zip"
"特定農山村地域","A25-16_23_GML.zip","A25/A25-16/A25-16_23_GML.zip"
"特定農山村地域","A25-16_24_GML.zip","A25/A25-16/A25-16_24_GML.zip"
"特定農山村地域","A25-16_25_GML.zip","A25/A25-16/A25-16_25_GML.zip"
"特定農山村地域","A25-16_26_GML.zip","A25/A25-16/A25-16_26_GML.zip"
"特定農山村地域","A25-16_27_GML.zip","A25/A25-16/A25-16_27_GML.zip"
"特定農山村地域","A25-16_28_GML.zip","A25/A25-16/A25-16_28_GML.zip"
"特定農山村地域","A25-16_29_GML.zip","A25/A25-16/A25-16_29_GML.zip"
"特定農山村地域","A25-16_30_GML.zip","A25/A25-16/A25-16_30_GML.zip"
"特定農山村地域","A25-16_31_GML.zip","A25/A25-16/A25-16_31_GML.zip"
"特定農山村地域","A25-16_32_GML.zip","A25/A25-16/A25-16_32_GML.zip"
"特定農山村地域","A25-16_33_GML.zip","A25/A25-16/A25-16_33_GML.zip"
"特定農山村地域","A25-16_34_GML.zip","A25/A25-16/A25-16_34_GML.zip"
"特定農山村地域","A25-16_35_GML.zip","A25/A25-16/A25-16_35_GML.zip"
"特定農山村地域","A25-16_36_GML.zip","A25/A25-16/A25-16_36_GML.zip"
"特定農山村地域","A25-16_37_GML.zip","A25/A25-16/A25-16_37_GML.zip"
"特定農山村地域","A25-16_38_GML.zip","A25/A25-16/A25-16_38_GML.zip"
"特定農山村地域","A25-16_39_GML.zip","A25/A25-16/A25-16_39_GML.zip"
"特定農山村地域","A25-16_40_GML.zip","A25/A25-16/A25-16_40_GML.zip"
"特定農山村地域","A25-16_41_GML.zip","A25/A25-16/A25-16_41_GML.zip"
"特定農山村地域","A25-16_42_GML.zip","A25/A25-16/A25-16_42_GML.zip"
"特定農山村地域","A25-16_43_GML.zip","A25/A25-16/A25-16_43_GML.zip"
"特定農山村地域","A25-16_44_GML.zip","A25/A25-16/A25-16_44_GML.zip"
"特定農山村地域","A25-16_45_GML.zip","A25/A25-16/A25-16_45_GML.zip"
"特定農山村地域","A25-16_46_GML.zip","A25/A25-16/A25-16_46_GML.zip"
"特定農山村地域","A25-16_47_GML.zip","A25/A25-16/A25-16_47_GML.zip"
"離島振興対策実施地域","A19-17_01_GML.zip","A19/A19-17/A19-17_01_GML.zip"
"離島振興対策実施地域","A19-17_04_GML.zip","A19/A19-17/A19-17_04_GML.zip"
"離島振興対策実施地域","A19-17_06_GML.zip","A19/A19-17/A19-17_06_GML.zip"
"離島振興対策実施地域","A19-17_13_GML.zip","A19/A19-17/A19-17_13_GML.zip"
"離島振興対策実施地域","A19-17_15_GML.zip","A19/A19-17/A19-17_15_GML.zip"
"離島振興対策実施地域","A19-17_17_GML.zip","A19/A19-17/A19-17_17_GML.zip"
"離島振興対策実施地域","A19-17_22_GML.zip","A19/A19-17/A19-17_22_GML.zip"
"離島振興対策実施地域","A19-17_23_GML.zip","A19/A19-17/A19-17_23_GML.zip"
"離島振興対策実施地域","A19-17_24_GML.zip","A19/A19-17/A19-17_24_GML.zip"
"離島振興対策実施地域","A19-17_28_GML.zip","A19/A19-17/A19-17_28_GML.zip"
"離島振興対策実施地域","A19-001001_30_GML.zip","A19/A19-00/A19-001001_30_GML.zip"
"離島振興対策実施地域","A19-17_32_GML.zip","A19/A19-17/A19-17_32_GML.zip"
"離島振興対策実施地域","A19-17_33_GML.zip","A19/A19-17/A19-17_33_GML.zip"
"離島振興対策実施地域","A19-17_34_GML.zip","A19/A19-17/A19-17_34_GML.zip"
"離島振興対策実施地域","A19-17_35_GML.zip","A19/A19-17/A19-17_35_GML.zip"
"離島振興対策実施地域","A19-17_36_GML.zip","A19/A19-17/A19-17_36_GML.zip"
"離島振興対策実施地域","A19-17_37_GML.zip","A19/A19-17/A19-17_37_GML.zip"
"離島振興対策実施地域","A19-17_38_GML.zip","A19/A19-17/A19-17_38_GML.zip"
"離島振興対策実施地域","A19-17_39_GML.zip","A19/A19-17/A19-17_39_GML.zip"
"離島振興対策実施地域","A19-17_40_GML.zip","A19/A19-17/A19-17_40_GML.zip"
"離島振興対策実施地域","A19-17_41_GML.zip","A19/A19-17/A19-17_41_GML.zip"
"離島振興対策実施地域","A19-17_42_GML.zip","A19/A19-17/A19-17_42_GML.zip"
"離島振興対策実施地域","A19-17_43_GML.zip","A19/A19-17/A19-17_43_GML.zip"
"離島振興対策実施地域","A19-17_44_GML.zip","A19/A19-17/A19-17_44_GML.zip"
"離島振興対策実施地域","A19-17_45_GML.zip","A19/A19-17/A19-17_45_GML.zip"
"離島振興対策実施地域","A19-17_46_GML.zip","A19/A19-17/A19-17_46_GML.zip"
"離島振興対策実施地域統計情報","A19s-10_01_GML.zip","A19s/A19s-10/A19s-10_01_GML.zip"
"離島振興対策実施地域統計情報","A19s-a-10_01_GML.zip","A19s/A19s-10/A19s-a-10_01_GML.zip"
"離島振興対策実施地域統計情報","A19s-10_04_GML.zip","A19s/A19s-10/A19s-10_04_GML.zip"
"離島振興対策実施地域統計情報","A19s-a-10_04_GML.zip","A19s/A19s-10/A19s-a-10_04_GML.zip"
"離島振興対策実施地域統計情報","A19s-10_06_GML.zip","A19s/A19s-10/A19s-10_06_GML.zip"
"離島振興対策実施地域統計情報","A19s-a-10_06_GML.zip","A19s/A19s-10/A19s-a-10_06_GML.zip"
"離島振興対策実施地域統計情報","A19s-10_13_GML.zip","A19s/A19s-10/A19s-10_13_GML.zip"
"離島振興対策実施地域統計情報","A19s-a-10_13_GML.zip","A19s/A19s-10/A19s-a-10_13_GML.zip"
"離島振興対策実施地域統計情報","A19s-10_15_GML.zip","A19s/A19s-10/A19s-10_15_GML.zip"
"離島振興対策実施地域統計情報","A19s-a-10_15_GML.zip","A19s/A19s-10/A19s-a-10_15_GML.zip"
"離島振興対策実施地域統計情報","A19s-10_17_GML.zip","A19s/A19s-10/A19s-10_17_GML.zip"
"離島振興対策実施地域統計情報","A19s-a-10_17_GML.zip","A19s/A19s-10/A19s-a-10_17_GML.zip"
"離島振興対策実施地域統計情報","A19s-10_22_GML.zip","A19s/A19s-10/A19s-10_22_GML.zip"
"離島振興対策実施地域統計情報","A19s-a-10_22_GML.zip","A19s/A19s-10/A19s-a-10_22_GML.zip"
"離島振興対策実施地域統計情報","A19s-10_23_GML.zip","A19s/A19s-10/A19s-10_23_GML.zip"
"離島振興対策実施地域統計情報","A19s-a-10_23_GML.zip","A19s/A19s-10/A19s-a-10_23_GML.zip"
"離島振興対策実施地域統計情報","A19s-10_24_GML.zip","A19s/A19s-10/A19s-10_24_GML.zip"
"離島振興対策実施地域統計情報","A19s-a-10_24_GML.zip","A19s/A19s-10/A19s-a-10_24_GML.zip"
"離島振興対策実施地域統計情報","A19s-10_28_GML.zip","A19s/A19s-10/A19s-10_28_GML.zip"
"離島振興対策実施地域統計情報","A19s-a-10_28_GML.zip","A19s/A19s-10/A19s-a-10_28_GML.zip"
"離島振興対策実施地域統計情報","A19s-10_30_GML.zip","A19s/A19s-10/A19s-10_30_GML.zip"
"離島振興対策実施地域統計情報","A19s-a-10_30_GML.zip","A19s/A19s-10/A19s-a-10_30_GML.zip"
"離島振興対策実施地域統計情報","A19s-10_32_GML.zip","A19s/A19s-10/A19s-10_32_GML.zip"
"離島振興対策実施地域統計情報","A19s-a-10_32_GML.zip","A19s/A19s-10/A19s-a-10_32_GML.zip"
"離島振興対策実施地域統計情報","A19s-10_33_GML.zip","A19s/A19s-10/A19s-10_33_GML.zip"
"離島振興対策実施地域統計情報","A19s-a-10_33_GML.zip","A19s/A19s-10/A19s-a-10_33_GML.zip"
"離島振興対策実施地域統計情報","A19s-10_34_GML.zip","A19s/A19s-10/A19s-10_34_GML.zip"
"離島振興対策実施地域統計情報","A19s-a-10_34_GML.zip","A19s/A19s-10/A19s-a-10_34_GML.zip"
"離島振興対策実施地域統計情報","A19s-10_35_GML.zip","A19s/A19s-10/A19s-10_35_GML.zip"
"離島振興対策実施地域統計情報","A19s-a-10_35_GML.zip","A19s/A19s-10/A19s-a-10_35_GML.zip"
"離島振興対策実施地域統計情報","A19s-10_36_GML.zip","A19s/A19s-10/A19s-10_36_GML.zip"
"離島振興対策実施地域統計情報","A19s-a-10_36_GML.zip","A19s/A19s-10/A19s-a-10_36_GML.zip"
"離島振興対策実施地域統計情報","A19s-10_37_GML.zip","A19s/A19s-10/A19s-10_37_GML.zip"
"離島振興対策実施地域統計情報","A19s-a-10_37_GML.zip","A19s/A19s-10/A19s-a-10_37_GML.zip"
"離島振興対策実施地域統計情報","A19s-10_38_GML.zip","A19s/A19s-10/A19s-10_38_GML.zip"
"離島振興対策実施地域統計情報","A19s-a-10_38_GML.zip","A19s/A19s-10/A19s-a-10_38_GML.zip"
"離島振興対策実施地域統計情報","A19s-10_39_GML.zip","A19s/A19s-10/A19s-10_39_GML.zip"
"離島振興対策実施地域統計情報","A19s-a-10_39_GML.zip","A19s/A19s-10/A19s-a-10_39_GML.zip"
"離島振興対策実施地域統計情報","A19s-10_40_GML.zip","A19s/A19s-10/A19s-10_40_GML.zip"
"離島振興対策実施地域統計情報","A19s-a-10_40_GML.zip","A19s/A19s-10/A19s-a-10_40_GML.zip"
"離島振興対策実施地域統計情報","A19s-10_41_GML.zip","A19s/A19s-10/A19s-10_41_GML.zip"
"離島振興対策実施地域統計情報","A19s-a-10_41_GML.zip","A19s/A19s-10/A19s-a-10_41_GML.zip"
"離島振興対策実施地域統計情報","A19s-10_42_GML.zip","A19s/A19s-10/A19s-10_42_GML.zip"
"離島振興対策実施地域統計情報","A19s-a-10_42_GML.zip","A19s/A19s-10/A19s-a-10_42_GML.zip"
"離島振興対策実施地域統計情報","A19s-10_43_GML.zip","A19s/A19s-10/A19s-10_43_GML.zip"
"離島振興対策実施地域統計情報","A19s-a-10_43_GML.zip","A19s/A19s-10/A19s-a-10_43_GML.zip"
"離島振興対策実施地域統計情報","A19s-10_44_GML.zip","A19s/A19s-10/A19s-10_44_GML.zip"
"離島振興対策実施地域統計情報","A19s-a-10_44_GML.zip","A19s/A19s-10/A19s-a-10_44_GML.zip"
"離島振興対策実施地域統計情報","A19s-10_45_GML.zip","A19s/A19s-10/A19s-10_45_GML.zip"
"離島振興対策実施地域統計情報","A19s-a-10_45_GML.zip","A19s/A19s-10/A19s-a-10_45_GML.zip"
"離島振興対策実施地域統計情報","A19s-10_46_GML.zip","A19s/A19s-10/A19s-10_46_GML.zip"
"離島振興対策実施地域統計情報","A19s-a-10_46_GML.zip","A19s/A19s-10/A19s-a-10_46_GML.zip"
"小笠原諸島","A21-070402_13_GML.zip","A21/A21-07/A21-070402_13_GML.zip"
"小笠原諸島統計情報","A21s-10_13_GML.zip","A21s/A21s-10/A21s-10_13_GML.zip"
"奄美群島","A20-070402_46_GML.zip","A20/A20-07/A20-070402_46_GML.zip"
"奄美群島統計情報","A20s-10_46_GML.zip","A20s/A20s-10/A20s-10_46_GML.zip"
"半島振興対策実施地域","A18-16_01_GML.zip","A18/A18-16/A18-16_01_GML.zip"
"半島振興対策実施地域","A18-16_02_GML.zip","A18/A18-16/A18-16_02_GML.zip"
"半島振興対策実施地域","A18-16_05_GML.zip","A18/A18-16/A18-16_05_GML.zip"
"半島振興対策実施地域","A18-16_12_GML.zip","A18/A18-16/A18-16_12_GML.zip"
"半島振興対策実施地域","A18-16_16_GML.zip","A18/A18-16/A18-16_16_GML.zip"
"半島振興対策実施地域","A18-16_17_GML.zip","A18/A18-16/A18-16_17_GML.zip"
"半島振興対策実施地域","A18-16_22_GML.zip","A18/A18-16/A18-16_22_GML.zip"
"半島振興対策実施地域","A18-16_24_GML.zip","A18/A18-16/A18-16_24_GML.zip"
"半島振興対策実施地域","A18-16_26_GML.zip","A18/A18-16/A18-16_26_GML.zip"
"半島振興対策実施地域","A18-16_29_GML.zip","A18/A18-16/A18-16_29_GML.zip"
"半島振興対策実施地域","A18-16_30_GML.zip","A18/A18-16/A18-16_30_GML.zip"
"半島振興対策実施地域","A18-16_32_GML.zip","A18/A18-16/A18-16_32_GML.zip"
"半島振興対策実施地域","A18-16_34_GML.zip","A18/A18-16/A18-16_34_GML.zip"
"半島振興対策実施地域","A18-16_35_GML.zip","A18/A18-16/A18-16_35_GML.zip"
"半島振興対策実施地域","A18-16_38_GML.zip","A18/A18-16/A18-16_38_GML.zip"
"半島振興対策実施地域","A18-16_39_GML.zip","A18/A18-16/A18-16_39_GML.zip"
"半島振興対策実施地域","A18-16_41_GML.zip","A18/A18-16/A18-16_41_GML.zip"
"半島振興対策実施地域","A18-16_42_GML.zip","A18/A18-16/A18-16_42_GML.zip"
"半島振興対策実施地域","A18-16_43_GML.zip","A18/A18-16/A18-16_43_GML.zip"
"半島振興対策実施地域","A18-16_44_GML.zip","A18/A18-16/A18-16_44_GML.zip"
"半島振興対策実施地域","A18-16_45_GML.zip","A18/A18-16/A18-16_45_GML.zip"
"半島振興対策実施地域","A18-16_46_GML.zip","A18/A18-16/A18-16_46_GML.zip"
"半島振興対策実施地域統計情報","A18s-a-10_GML.zip","A18s-a/A18s-a-10/A18s-a-10_GML.zip"
"半島循環道路","A37-15_01_GML.zip","A37/A37-15/A37-15_01_GML.zip"
"半島循環道路","A37-15_02_GML.zip","A37/A37-15/A37-15_02_GML.zip"
"半島循環道路","A37-15_05_GML.zip","A37/A37-15/A37-15_05_GML.zip"
"半島循環道路","A37-15_12_GML.zip","A37/A37-15/A37-15_12_GML.zip"
"半島循環道路","A37-15_16_GML.zip","A37/A37-15/A37-15_16_GML.zip"
"半島循環道路","A37-15_17_GML.zip","A37/A37-15/A37-15_17_GML.zip"
"半島循環道路","A37-15_22_GML.zip","A37/A37-15/A37-15_22_GML.zip"
"半島循環道路","A37-15_24_GML.zip","A37/A37-15/A37-15_24_GML.zip"
"半島循環道路","A37-15_26_GML.zip","A37/A37-15/A37-15_26_GML.zip"
"半島循環道路","A37-15_29_GML.zip","A37/A37-15/A37-15_29_GML.zip"
"半島循環道路","A37-15_30_GML.zip","A37/A37-15/A37-15_30_GML.zip"
"半島循環道路","A37-15_32_GML.zip","A37/A37-15/A37-15_32_GML.zip"
"半島循環道路","A37-15_34_GML.zip","A37/A37-15/A37-15_34_GML.zip"
"半島循環道路","A37-15_35_GML.zip","A37/A37-15/A37-15_35_GML.zip"
"半島循環道路","A37-15_38_GML.zip","A37/A37-15/A37-15_38_GML.zip"
"半島循環道路","A37-15_39_GML.zip","A37/A37-15/A37-15_39_GML.zip"
"半島循環道路","A37-15_41_GML.zip","A37/A37-15/A37-15_41_GML.zip"
"半島循環道路","A37-15_42_GML.zip","A37/A37-15/A37-15_42_GML.zip"
"半島循環道路","A37-15_43_GML.zip","A37/A37-15/A37-15_43_GML.zip"
"半島循環道路","A37-15_44_GML.zip","A37/A37-15/A37-15_44_GML.zip"
"半島循環道路","A37-15_45_GML.zip","A37/A37-15/A37-15_45_GML.zip"
"半島循環道路","A37-15_46_GML.zip","A37/A37-15/A37-15_46_GML.zip"
"豪雪地帯","A22-16_01_GML.zip","A22/A22-16/A22-16_01_GML.zip"
"豪雪地帯","A22-16_02_GML.zip","A22/A22-16/A22-16_02_GML.zip"
"豪雪地帯","A22-16_03_GML.zip","A22/A22-16/A22-16_03_GML.zip"
"豪雪地帯","A22-16_04_GML.zip","A22/A22-16/A22-16_04_GML.zip"
"豪雪地帯","A22-16_05_GML.zip","A22/A22-16/A22-16_05_GML.zip"
"豪雪地帯","A22-16_06_GML.zip","A22/A22-16/A22-16_06_GML.zip"
"豪雪地帯","A22-16_07_GML.zip","A22/A22-16/A22-16_07_GML.zip"
"豪雪地帯","A22-16_09_GML.zip","A22/A22-16/A22-16_09_GML.zip"
"豪雪地帯","A22-16_10_GML.zip","A22/A22-16/A22-16_10_GML.zip"
"豪雪地帯","A22-16_15_GML.zip","A22/A22-16/A22-16_15_GML.zip"
"豪雪地帯","A22-16_16_GML.zip","A22/A22-16/A22-16_16_GML.zip"
"豪雪地帯","A22-16_17_GML.zip","A22/A22-16/A22-16_17_GML.zip"
"豪雪地帯","A22-16_18_GML.zip","A22/A22-16/A22-16_18_GML.zip"
"豪雪地帯","A22-16_19_GML.zip","A22/A22-16/A22-16_19_GML.zip"
"豪雪地帯","A22-16_20_GML.zip","A22/A22-16/A22-16_20_GML.zip"
"豪雪地帯","A22-16_21_GML.zip","A22/A22-16/A22-16_21_GML.zip"
"豪雪地帯","A22-16_22_GML.zip","A22/A22-16/A22-16_22_GML.zip"
"豪雪地帯","A22-16_25_GML.zip","A22/A22-16/A22-16_25_GML.zip"
"豪雪地帯","A22-16_26_GML.zip","A22/A22-16/A22-16_26_GML.zip"
"豪雪地帯","A22-16_28_GML.zip","A22/A22-16/A22-16_28_GML.zip"
"豪雪地帯","A22-16_31_GML.zip","A22/A22-16/A22-16_31_GML.zip"
"豪雪地帯","A22-16_32_GML.zip","A22/A22-16/A22-16_32_GML.zip"
"豪雪地帯","A22-16_33_GML.zip","A22/A22-16/A22-16_33_GML.zip"
"豪雪地帯","A22-16_34_GML.zip","A22/A22-16/A22-16_34_GML.zip"
"豪雪地帯（気象データ）","A22-m-14_01_GML.zip","A22-m/A22-m-14/A22-m-14_01_GML.zip"
"豪雪地帯（気象データ）","A22-m-14_02_GML.zip","A22-m/A22-m-14/A22-m-14_02_GML.zip"
"豪雪地帯（気象データ）","A22-m-14_03_GML.zip","A22-m/A22-m-14/A22-m-14_03_GML.zip"
"豪雪地帯（気象データ）","A22-m-14_04_GML.zip","A22-m/A22-m-14/A22-m-14_04_GML.zip"
"豪雪地帯（気象データ）","A22-m-14_05_GML.zip","A22-m/A22-m-14/A22-m-14_05_GML.zip"
"豪雪地帯（気象データ）","A22-m-14_06_GML.zip","A22-m/A22-m-14/A22-m-14_06_GML.zip"
"豪雪地帯（気象データ）","A22-m-14_07_GML.zip","A22-m/A22-m-14/A22-m-14_07_GML.zip"
"豪雪地帯（気象データ）","A22-m-14_09_GML.zip","A22-m/A22-m-14/A22-m-14_09_GML.zip"
"豪雪地帯（気象データ）","A22-m-14_10_GML.zip","A22-m/A22-m-14/A22-m-14_10_GML.zip"
"豪雪地帯（気象データ）","A22-m-14_15_GML.zip","A22-m/A22-m-14/A22-m-14_15_GML.zip"
"豪雪地帯（気象データ）","A22-m-14_16_GML.zip","A22-m/A22-m-14/A22-m-14_16_GML.zip"
"豪雪地帯（気象データ）","A22-m-14_17_GML.zip","A22-m/A22-m-14/A22-m-14_17_GML.zip"
"豪雪地帯（気象データ）","A22-m-14_18_GML.zip","A22-m/A22-m-14/A22-m-14_18_GML.zip"
"豪雪地帯（気象データ）","A22-m-14_19_GML.zip","A22-m/A22-m-14/A22-m-14_19_GML.zip"
"豪雪地帯（気象データ）","A22-m-14_20_GML.zip","A22-m/A22-m-14/A22-m-14_20_GML.zip"
"豪雪地帯（気象データ）","A22-m-14_21_GML.zip","A22-m/A22-m-14/A22-m-14_21_GML.zip"
"豪雪地帯（気象データ）","A22-m-14_22_GML.zip","A22-m/A22-m-14/A22-m-14_22_GML.zip"
"豪雪地帯（気象データ）","A22-m-14_25_GML.zip","A22-m/A22-m-14/A22-m-14_25_GML.zip"
"豪雪地帯（気象データ）","A22-m-14_26_GML.zip","A22-m/A22-m-14/A22-m-14_26_GML.zip"
"豪雪地帯（気象データ）","A22-m-14_28_GML.zip","A22-m/A22-m-14/A22-m-14_28_GML.zip"
"豪雪地帯（気象データ）","A22-m-14_31_GML.zip","A22-m/A22-m-14/A22-m-14_31_GML.zip"
"豪雪地帯（気象データ）","A22-m-14_32_GML.zip","A22-m/A22-m-14/A22-m-14_32_GML.zip"
"豪雪地帯（気象データ）","A22-m-14_33_GML.zip","A22-m/A22-m-14/A22-m-14_33_GML.zip"
"豪雪地帯（気象データ）","A22-m-14_34_GML.zip","A22-m/A22-m-14/A22-m-14_34_GML.zip"
"豪雪地帯統計情報","A22s-10_01_GML.zip","A22s/A22s-10/A22s-10_01_GML.zip"
"豪雪地帯統計情報","A22s-10_02_GML.zip","A22s/A22s-10/A22s-10_02_GML.zip"
"豪雪地帯統計情報","A22s-10_03_GML.zip","A22s/A22s-10/A22s-10_03_GML.zip"
"豪雪地帯統計情報","A22s-10_04_GML.zip","A22s/A22s-10/A22s-10_04_GML.zip"
"豪雪地帯統計情報","A22s-10_05_GML.zip","A22s/A22s-10/A22s-10_05_GML.zip"
"豪雪地帯統計情報","A22s-10_06_GML.zip","A22s/A22s-10/A22s-10_06_GML.zip"
"豪雪地帯統計情報","A22s-10_07_GML.zip","A22s/A22s-10/A22s-10_07_GML.zip"
"豪雪地帯統計情報","A22s-10_09_GML.zip","A22s/A22s-10/A22s-10_09_GML.zip"
"豪雪地帯統計情報","A22s-10_10_GML.zip","A22s/A22s-10/A22s-10_10_GML.zip"
"豪雪地帯統計情報","A22s-10_15_GML.zip","A22s/A22s-10/A22s-10_15_GML.zip"
"豪雪地帯統計情報","A22s-10_16_GML.zip","A22s/A22s-10/A22s-10_16_GML.zip"
"豪雪地帯統計情報","A22s-10_17_GML.zip","A22s/A22s-10/A22s-10_17_GML.zip"
"豪雪地帯統計情報","A22s-10_18_GML.zip","A22s/A22s-10/A22s-10_18_GML.zip"
"豪雪地帯統計情報","A22s-10_19_GML.zip","A22s/A22s-10/A22s-10_19_GML.zip"
"豪雪地帯統計情報","A22s-10_20_GML.zip","A22s/A22s-10/A22s-10_20_GML.zip"
"豪雪地帯統計情報","A22s-10_21_GML.zip","A22s/A22s-10/A22s-10_21_GML.zip"
"豪雪地帯統計情報","A22s-10_22_GML.zip","A22s/A22s-10/A22s-10_22_GML.zip"
"豪雪地帯統計情報","A22s-10_25_GML.zip","A22s/A22s-10/A22s-10_25_GML.zip"
"豪雪地帯統計情報","A22s-10_26_GML.zip","A22s/A22s-10/A22s-10_26_GML.zip"
"豪雪地帯統計情報","A22s-10_28_GML.zip","A22s/A22s-10/A22s-10_28_GML.zip"
"豪雪地帯統計情報","A22s-10_31_GML.zip","A22s/A22s-10/A22s-10_31_GML.zip"
"豪雪地帯統計情報","A22s-10_32_GML.zip","A22s/A22s-10/A22s-10_32_GML.zip"
"豪雪地帯統計情報","A22s-10_33_GML.zip","A22s/A22s-10/A22s-10_33_GML.zip"
"豪雪地帯統計情報","A22s-10_34_GML.zip","A22s/A22s-10/A22s-10_34_GML.zip"
"特殊土壌地帯","A23-16_22_GML.zip","A23/A23-16/A23-16_22_GML.zip"
"特殊土壌地帯","A23-16_28_GML.zip","A23/A23-16/A23-16_28_GML.zip"
"特殊土壌地帯","A23-16_31_GML.zip","A23/A23-16/A23-16_31_GML.zip"
"特殊土壌地帯","A23-16_32_GML.zip","A23/A23-16/A23-16_32_GML.zip"
"特殊土壌地帯","A23-16_33_GML.zip","A23/A23-16/A23-16_33_GML.zip"
"特殊土壌地帯","A23-16_34_GML.zip","A23/A23-16/A23-16_34_GML.zip"
"特殊土壌地帯","A23-16_35_GML.zip","A23/A23-16/A23-16_35_GML.zip"
"特殊土壌地帯","A23-16_38_GML.zip","A23/A23-16/A23-16_38_GML.zip"
"特殊土壌地帯","A23-16_39_GML.zip","A23/A23-16/A23-16_39_GML.zip"
"特殊土壌地帯","A23-16_40_GML.zip","A23/A23-16/A23-16_40_GML.zip"
"特殊土壌地帯","A23-16_43_GML.zip","A23/A23-16/A23-16_43_GML.zip"
"特殊土壌地帯","A23-16_44_GML.zip","A23/A23-16/A23-16_44_GML.zip"
"特殊土壌地帯","A23-16_45_GML.zip","A23/A23-16/A23-16_45_GML.zip"
"特殊土壌地帯","A23-16_46_GML.zip","A23/A23-16/A23-16_46_GML.zip"
"密集市街地","A39-15_GML.zip","A39/A39-15/A39-15_GML.zip"
"洪水浸水想定区域（河川単位）","A31-21_81_GEOJSON.zip","A31/A31-21/A31-21_81_GEOJSON.zip"
"洪水浸水想定区域（河川単位）","A31-21_82_GEOJSON.zip","A31/A31-21/A31-21_82_GEOJSON.zip"
"洪水浸水想定区域（河川単位）","A31-21_83_GEOJSON.zip","A31/A31-21/A31-21_83_GEOJSON.zip"
"洪水浸水想定区域（河川単位）","A31-21_84_GEOJSON.zip","A31/A31-21/A31-21_84_GEOJSON.zip"
"洪水浸水想定区域（河川単位）","A31-21_85_GEOJSON.zip","A31/A31-21/A31-21_85_GEOJSON.zip"
"洪水浸水想定区域（河川単位）","A31-21_86_GEOJSON.zip","A31/A31-21/A31-21_86_GEOJSON.zip"
"洪水浸水想定区域（河川単位）","A31-21_87_GEOJSON.zip","A31/A31-21/A31-21_87_GEOJSON.zip"
"洪水浸水想定区域（河川単位）","A31-20_88_GEOJSON.zip","A31/A31-20/A31-20_88_GEOJSON.zip"
"洪水浸水想定区域（河川単位）","A31-20_89_GEOJSON.zip","A31/A31-20/A31-20_89_GEOJSON.zip"
"避難施設","P20-12_01_GML.zip","P20/P20-12/P20-12_01_GML.zip"
"避難施設","P20-12_02_GML.zip","P20/P20-12/P20-12_02_GML.zip"
"避難施設","P20-12_03_GML.zip","P20/P20-12/P20-12_03_GML.zip"
"避難施設","P20-12_04_GML.zip","P20/P20-12/P20-12_04_GML.zip"
"避難施設","P20-12_05_GML.zip","P20/P20-12/P20-12_05_GML.zip"
"避難施設","P20-12_06_GML.zip","P20/P20-12/P20-12_06_GML.zip"
"避難施設","P20-12_07_GML.zip","P20/P20-12/P20-12_07_GML.zip"
"避難施設","P20-12_08_GML.zip","P20/P20-12/P20-12_08_GML.zip"
"避難施設","P20-12_09_GML.zip","P20/P20-12/P20-12_09_GML.zip"
"避難施設","P20-12_10_GML.zip","P20/P20-12/P20-12_10_GML.zip"
"避難施設","P20-12_11_GML.zip","P20/P20-12/P20-12_11_GML.zip"
"避難施設","P20-12_12_GML.zip","P20/P20-12/P20-12_12_GML.zip"
"避難施設","P20-12_13_GML.zip","P20/P20-12/P20-12_13_GML.zip"
"避難施設","P20-12_14_GML.zip","P20/P20-12/P20-12_14_GML.zip"
"避難施設","P20-12_15_GML.zip","P20/P20-12/P20-12_15_GML.zip"
"避難施設","P20-12_16_GML.zip","P20/P20-12/P20-12_16_GML.zip"
"避難施設","P20-12_17_GML.zip","P20/P20-12/P20-12_17_GML.zip"
"避難施設","P20-12_18_GML.zip","P20/P20-12/P20-12_18_GML.zip"
"避難施設","P20-12_19_GML.zip","P20/P20-12/P20-12_19_GML.zip"
"避難施設","P20-12_20_GML.zip","P20/P20-12/P20-12_20_GML.zip"
"避難施設","P20-12_21_GML.zip","P20/P20-12/P20-12_21_GML.zip"
"避難施設","P20-12_22_GML.zip","P20/P20-12/P20-12_22_GML.zip"
"避難施設","P20-12_23_GML.zip","P20/P20-12/P20-12_23_GML.zip"
"避難施設","P20-12_24_GML.zip","P20/P20-12/P20-12_24_GML.zip"
"避難施設","P20-12_25_GML.zip","P20/P20-12/P20-12_25_GML.zip"
"避難施設","P20-12_26_GML.zip","P20/P20-12/P20-12_26_GML.zip"
"避難施設","P20-12_27_GML.zip","P20/P20-12/P20-12_27_GML.zip"
"避難施設","P20-12_28_GML.zip","P20/P20-12/P20-12_28_GML.zip"
"避難施設","P20-12_29_GML.zip","P20/P20-12/P20-12_29_GML.zip"
"避難施設","P20-12_30_GML.zip","P20/P20-12/P20-12_30_GML.zip"
"避難施設","P20-12_31_GML.zip","P20/P20-12/P20-12_31_GML.zip"
"避難施設","P20-12_32_GML.zip","P20/P20-12/P20-12_32_GML.zip"
"避難施設","P20-12_33_GML.zip","P20/P20-12/P20-12_33_GML.zip"
"避難施設","P20-12_34_GML.zip","P20/P20-12/P20-12_34_GML.zip"
"避難施設","P20-12_35_GML.zip","P20/P20-12/P20-12_35_GML.zip"
"避難施設","P20-12_36_GML.zip","P20/P20-12/P20-12_36_GML.zip"
"避難施設","P20-12_37_GML.zip","P20/P20-12/P20-12_37_GML.zip"
"避難施設","P20-12_38_GML.zip","P20/P20-12/P20-12_38_GML.zip"
"避難施設","P20-12_39_GML.zip","P20/P20-12/P20-12_39_GML.zip"
"避難施設","P20-12_40_GML.zip","P20/P20-12/P20-12_40_GML.zip"
"避難施設","P20-12_41_GML.zip","P20/P20-12/P20-12_41_GML.zip"
"避難施設","P20-12_42_GML.zip","P20/P20-12/P20-12_42_GML.zip"
"避難施設","P20-12_43_GML.zip","P20/P20-12/P20-12_43_GML.zip"
"避難施設","P20-12_44_GML.zip","P20/P20-12/P20-12_44_GML.zip"
"避難施設","P20-12_45_GML.zip","P20/P20-12/P20-12_45_GML.zip"
"避難施設","P20-12_46_GML.zip","P20/P20-12/P20-12_46_GML.zip"
"避難施設","P20-12_47_GML.zip","P20/P20-12/P20-12_47_GML.zip"
"竜巻等の突風","A30b-11_GML.zip","A30b/A30b-11/A30b-11_GML.zip"
"土砂災害警戒区域","A33-25_52_GEOJSON.zip","A33/A33-25/A33-25_52_GEOJSON.zip"
"土砂災害警戒区域","A33-25_53_GEOJSON.zip","A33/A33-25/A33-25_53_GEOJSON.zip"
"土砂災害警戒区域","A33-25_54_GEOJSON.zip","A33/A33-25/A33-25_54_GEOJSON.zip"
"土砂災害警戒区域","A33-25_55_GEOJSON.zip","A33/A33-25/A33-25_55_GEOJSON.zip"
"土砂災害警戒区域","A33-25_56_GEOJSON.zip","A33/A33-25/A33-25_56_GEOJSON.zip"
"土砂災害警戒区域","A33-25_57_GEOJSON.zip","A33/A33-25/A33-25_57_GEOJSON.zip"
"土砂災害警戒区域","A33-25_58_GEOJSON.zip","A33/A33-25/A33-25_58_GEOJSON.zip"
"土砂災害警戒区域","A33-25_59_GEOJSON.zip","A33/A33-25/A33-25_59_GEOJSON.zip"
"地すべり防止区域","A46-21_53_GML.zip","A46/A46-21/A46-21_53_GML.zip"
"地すべり防止区域","A46-21_55_GML.zip","A46/A46-21/A46-21_55_GML.zip"
"地すべり防止区域","A46-21_57_GML.zip","A46/A46-21/A46-21_57_GML.zip"
"地すべり防止区域","A46-21_59_GML.zip","A46/A46-21/A46-21_59_GML.zip"
"急傾斜地崩壊危険区域","A47-21_01_GML.zip","A47/A47-21/A47-21_01_GML.zip"
"急傾斜地崩壊危険区域","A47-21_02_GML.zip","A47/A47-21/A47-21_02_GML.zip"
"急傾斜地崩壊危険区域","A47-21_03_GML.zip","A47/A47-21/A47-21_03_GML.zip"
"急傾斜地崩壊危険区域","A47-21_04_GML.zip","A47/A47-21/A47-21_04_GML.zip"
"急傾斜地崩壊危険区域","A47-21_05_GML.zip","A47/A47-21/A47-21_05_GML.zip"
"急傾斜地崩壊危険区域","A47-21_06_GML.zip","A47/A47-21/A47-21_06_GML.zip"
"急傾斜地崩壊危険区域","A47-21_07_GML.zip","A47/A47-21/A47-21_07_GML.zip"
"急傾斜地崩壊危険区域","A47-21_08_GML.zip","A47/A47-21/A47-21_08_GML.zip"
"急傾斜地崩壊危険区域","A47-21_09_GML.zip","A47/A47-21/A47-21_09_GML.zip"
"急傾斜地崩壊危険区域","A47-21_10_GML.zip","A47/A47-21/A47-21_10_GML.zip"
"急傾斜地崩壊危険区域","A47-21_11_GML.zip","A47/A47-21/A47-21_11_GML.zip"
"急傾斜地崩壊危険区域","A47-21_12_GML.zip","A47/A47-21/A47-21_12_GML.zip"
"急傾斜地崩壊危険区域","A47-21_13_GML.zip","A47/A47-21/A47-21_13_GML.zip"
"急傾斜地崩壊危険区域","A47-21_15_GML.zip","A47/A47-21/A47-21_15_GML.zip"
"急傾斜地崩壊危険区域","A47-21_16_GML.zip","A47/A47-21/A47-21_16_GML.zip"
"急傾斜地崩壊危険区域","A47-21_17_GML.zip","A47/A47-21/A47-21_17_GML.zip"
"急傾斜地崩壊危険区域","A47-21_20_GML.zip","A47/A47-21/A47-21_20_GML.zip"
"急傾斜地崩壊危険区域","A47-21_21_GML.zip","A47/A47-21/A47-21_21_GML.zip"
"急傾斜地崩壊危険区域","A47-21_22_GML.zip","A47/A47-21/A47-21_22_GML.zip"
"急傾斜地崩壊危険区域","A47-21_24_GML.zip","A47/A47-21/A47-21_24_GML.zip"
"急傾斜地崩壊危険区域","A47-21_25_GML.zip","A47/A47-21/A47-21_25_GML.zip"
"急傾斜地崩壊危険区域","A47-21_27_GML.zip","A47/A47-21/A47-21_27_GML.zip"
"急傾斜地崩壊危険区域","A47-21_30_GML.zip","A47/A47-21/A47-21_30_GML.zip"
"急傾斜地崩壊危険区域","A47-21_31_GML.zip","A47/A47-21/A47-21_31_GML.zip"
"急傾斜地崩壊危険区域","A47-21_32_GML.zip","A47/A47-21/A47-21_32_GML.zip"
"急傾斜地崩壊危険区域","A47-21_33_GML.zip","A47/A47-21/A47-21_33_GML.zip"
"急傾斜地崩壊危険区域","A47-21_34_GML.zip","A47/A47-21/A47-21_34_GML.zip"
"急傾斜地崩壊危険区域","A47-21_36_GML.zip","A47/A47-21/A47-21_36_GML.zip"
"急傾斜地崩壊危険区域","A47-21_38_GML.zip","A47/A47-21/A47-21_38_GML.zip"
"急傾斜地崩壊危険区域","A47-21_39_GML.zip","A47/A47-21/A47-21_39_GML.zip"
"急傾斜地崩壊危険区域","A47-21_41_GML.zip","A47/A47-21/A47-21_41_GML.zip"
"急傾斜地崩壊危険区域","A47-21_43_GML.zip","A47/A47-21/A47-21_43_GML.zip"
"急傾斜地崩壊危険区域","A47-21_46_GML.zip","A47/A47-21/A47-21_46_GML.zip"
"急傾斜地崩壊危険区域","A47-21_47_GML.zip","A47/A47-21/A47-21_47_GML.zip"
"津波浸水想定","A40-23_01_GML.zip","A40/A40-23/A40-23_01_GML.zip"
"津波浸水想定","A40-21_02_GML.zip","A40/A40-21/A40-21_02_GML.zip"
"津波浸水想定","A40-22_03_GML.zip","A40/A40-22/A40-22_03_GML.zip"
"津波浸水想定","A40-22_04_GML.zip","A40/A40-22/A40-22_04_GML.zip"
"津波浸水想定","A40-16_05_GML.zip","A40/A40-16/A40-16_05_GML.zip"
"津波浸水想定","A40-16_06_GML.zip","A40/A40-16/A40-16_06_GML.zip"
"津波浸水想定","A40-23_07_GML.zip","A40/A40-23/A40-23_07_GML.zip"
"津波浸水想定","A40-23_08_GML.zip","A40/A40-23/A40-23_08_GML.zip"
"津波浸水想定","A40-18_12_GML.zip","A40/A40-18/A40-18_12_GML.zip"
"津波浸水想定","A40-23_13_GML.zip","A40/A40-23/A40-23_13_GML.zip"
"津波浸水想定","A40-20_14_GML.zip","A40/A40-20/A40-20_14_GML.zip"
"津波浸水想定","A40-17_15_GML.zip","A40/A40-17/A40-17_15_GML.zip"
"津波浸水想定","A40-20_16_GML.zip","A40/A40-20/A40-20_16_GML.zip"
"津波浸水想定","A40-17_17_GML.zip","A40/A40-17/A40-17_17_GML.zip"
"津波浸水想定","A40-23_18_GML.zip","A40/A40-23/A40-23_18_GML.zip"
"津波浸水想定","A40-23_21_GML.zip","A40/A40-23/A40-23_21_GML.zip"
"津波浸水想定","A40-16_22_GML.zip","A40/A40-16/A40-16_22_GML.zip"
"津波浸水想定","A40-22_23_GML.zip","A40/A40-22/A40-22_23_GML.zip"
"津波浸水想定","A40-16_24_GML.zip","A40/A40-16/A40-16_24_GML.zip"
"津波浸水想定","A40-16_26_GML.zip","A40/A40-16/A40-16_26_GML.zip"
"津波浸水想定","A40-23_27_GML.zip","A40/A40-23/A40-23_27_GML.zip"
"津波浸水想定","A40-18_28_GML.zip","A40/A40-18/A40-18_28_GML.zip"
"津波浸水想定","A40-16_30_GML.zip","A40/A40-16/A40-16_30_GML.zip"
"津波浸水想定","A40-18_31_GML.zip","A40/A40-18/A40-18_31_GML.zip"
"津波浸水想定","A40-24_32_GML.zip","A40/A40-24/A40-24_32_GML.zip"
"津波浸水想定","A40-22_33_GML.zip","A40/A40-22/A40-22_33_GML.zip"
"津波浸水想定","A40-16_34_GML.zip","A40/A40-16/A40-16_34_GML.zip"
"津波浸水想定","A40-16_35_GML.zip","A40/A40-16/A40-16_35_GML.zip"
"津波浸水想定","A40-16_36_GML.zip","A40/A40-16/A40-16_36_GML.zip"
"津波浸水想定","A40-16_38_GML.zip","A40/A40-16/A40-16_38_GML.zip"
"津波浸水想定","A40-16_39_GML.zip","A40/A40-16/A40-16_39_GML.zip"
"津波浸水想定","A40-16_40_GML.zip","A40/A40-16/A40-16_40_GML.zip"
"津波浸水想定","A40-16_41_GML.zip","A40/A40-16/A40-16_41_GML.zip"
"津波浸水想定","A40-16_42_GML.zip","A40/A40-16/A40-16_42_GML.zip"
"津波浸水想定","A40-22_43_GML.zip","A40/A40-22/A40-22_43_GML.zip"
"津波浸水想定","A40-16_44_GML.zip","A40/A40-16/A40-16_44_GML.zip"
"津波浸水想定","A40-23_45_GML.zip","A40/A40-23/A40-23_45_GML.zip"
"津波浸水想定","A40-20_46_GML.zip","A40/A40-20/A40-20_46_GML.zip"
"津波浸水想定","A40-16_47_GML.zip","A40/A40-16/A40-16_47_GML.zip"
"高潮浸水想定区域","A49-23_02_GML.zip","A49/A49-23/A49-23_02_GML.zip"
"高潮浸水想定区域","A49-20_12_GML.zip","A49/A49-20/A49-20_12_GML.zip"
"高潮浸水想定区域","A49-20_13_GML.zip","A49/A49-20/A49-20_13_GML.zip"
"高潮浸水想定区域","A49-24_14_GML.zip","A49/A49-24/A49-24_14_GML.zip"
"高潮浸水想定区域","A49-22_23_GML.zip","A49/A49-22/A49-22_23_GML.zip"
"高潮浸水想定区域","A49-21_24_GML.zip","A49/A49-21/A49-21_24_GML.zip"
"高潮浸水想定区域","A49-21_27_GML.zip","A49/A49-21/A49-21_27_GML.zip"
"高潮浸水想定区域","A49-24_28_GML.zip","A49/A49-24/A49-24_28_GML.zip"
"高潮浸水想定区域","A49-23_35_GML.zip","A49/A49-23/A49-23_35_GML.zip"
"高潮浸水想定区域","A49-22_36_GML.zip","A49/A49-22/A49-22_36_GML.zip"
"高潮浸水想定区域","A49-22_37_GML.zip","A49/A49-22/A49-22_37_GML.zip"
"高潮浸水想定区域","A49-20_40_GML.zip","A49/A49-20/A49-20_40_GML.zip"
"高潮浸水想定区域","A49-23_41_GML.zip","A49/A49-23/A49-23_41_GML.zip"
"高潮浸水想定区域","A49-21_44_GML.zip","A49/A49-21/A49-21_44_GML.zip"
"高潮浸水想定区域","A49-23_45_GML.zip","A49/A49-23/A49-23_45_GML.zip"
"災害危険区域","A48-21_57_GML.zip","A48/A48-21/A48-21_57_GML.zip"
"砂防指定地","A52-23_02_GML.zip","A52/A52-23/A52-23_02_GML.zip"
"砂防指定地","A52-23_03_GML.zip","A52/A52-23/A52-23_03_GML.zip"
"砂防指定地","A52-23_08_GML.zip","A52/A52-23/A52-23_08_GML.zip"
"砂防指定地","A52-23_09_GML.zip","A52/A52-23/A52-23_09_GML.zip"
"砂防指定地","A52-23_11_GML.zip","A52/A52-23/A52-23_11_GML.zip"
"砂防指定地","A52-23_12_GML.zip","A52/A52-23/A52-23_12_GML.zip"
"砂防指定地","A52-23_13_GML.zip","A52/A52-23/A52-23_13_GML.zip"
"砂防指定地","A52-23_14_GML.zip","A52/A52-23/A52-23_14_GML.zip"
"砂防指定地","A52-23_15_GML.zip","A52/A52-23/A52-23_15_GML.zip"
"砂防指定地","A52-23_17_GML.zip","A52/A52-23/A52-23_17_GML.zip"
"砂防指定地","A52-23_20_GML.zip","A52/A52-23/A52-23_20_GML.zip"
"砂防指定地","A52-23_21_GML.zip","A52/A52-23/A52-23_21_GML.zip"
"砂防指定地","A52-23_22_GML.zip","A52/A52-23/A52-23_22_GML.zip"
"砂防指定地","A52-23_25_GML.zip","A52/A52-23/A52-23_25_GML.zip"
"砂防指定地","A52-23_30_GML.zip","A52/A52-23/A52-23_30_GML.zip"
"砂防指定地","A52-23_32_GML.zip","A52/A52-23/A52-23_32_GML.zip"
"砂防指定地","A52-23_34_GML.zip","A52/A52-23/A52-23_34_GML.zip"
"砂防指定地","A52-23_36_GML.zip","A52/A52-23/A52-23_36_GML.zip"
"砂防指定地","A52-23_37_GML.zip","A52/A52-23/A52-23_37_GML.zip"
"砂防指定地","A52-23_39_GML.zip","A52/A52-23/A52-23_39_GML.zip"
"砂防指定地","A52-23_42_GML.zip","A52/A52-23/A52-23_42_GML.zip"
"砂防指定地","A52-23_43_GML.zip","A52/A52-23/A52-23_43_GML.zip"
"砂防指定地","A52-23_46_GML.zip","A52/A52-23/A52-23_46_GML.zip"
"砂防指定地","A52-23_47_GML.zip","A52/A52-23/A52-23_47_GML.zip"
"多段階浸水想定","A53-25_81_GEOJSON.zip","A53/A53-25/A53-25_81_GEOJSON.zip"
"多段階浸水想定","A53-23-81_GEOJSON.zip","A53/A53-23/A53-23-81_GEOJSON.zip"
"多段階浸水想定","A53-25_82_GEOJSON.zip","A53/A53-25/A53-25_82_GEOJSON.zip"
"多段階浸水想定","A53-25_83_GEOJSON.zip","A53/A53-25/A53-25_83_GEOJSON.zip"
"多段階浸水想定","A53-25_84_GEOJSON.zip","A53/A53-25/A53-25_84_GEOJSON.zip"
"多段階浸水想定","A53-25_85_GEOJSON.zip","A53/A53-25/A53-25_85_GEOJSON.zip"
"多段階浸水想定","A53-25_86_GEOJSON.zip","A53/A53-25/A53-25_86_GEOJSON.zip"
"多段階浸水想定","A53-25_87_GEOJSON.zip","A53/A53-25/A53-25_87_GEOJSON.zip"
"多段階浸水想定","A53-25_88_GEOJSON.zip","A53/A53-25/A53-25_88_GEOJSON.zip"
"多段階浸水想定","A53-25_89_GEOJSON.zip","A53/A53-25/A53-25_89_GEOJSON.zip"
"雨水出水（内水）浸水想定区域","A51-25_01_GML.zip","A51/A51-25/A51-25_01_GML.zip"
"雨水出水（内水）浸水想定区域","A51-25_02_GML.zip","A51/A51-25/A51-25_02_GML.zip"
"雨水出水（内水）浸水想定区域","A51-25_04_GML.zip","A51/A51-25/A51-25_04_GML.zip"
"雨水出水（内水）浸水想定区域","A51-25_10_GML.zip","A51/A51-25/A51-25_10_GML.zip"
"雨水出水（内水）浸水想定区域","A51-25_11_GML.zip","A51/A51-25/A51-25_11_GML.zip"
"雨水出水（内水）浸水想定区域","A51-25_12_GML.zip","A51/A51-25/A51-25_12_GML.zip"
"雨水出水（内水）浸水想定区域","A51-25_13_GML.zip","A51/A51-25/A51-25_13_GML.zip"
"雨水出水（内水）浸水想定区域","A51-25_14_GML.zip","A51/A51-25/A51-25_14_GML.zip"
"雨水出水（内水）浸水想定区域","A51-25_16_GML.zip","A51/A51-25/A51-25_16_GML.zip"
"雨水出水（内水）浸水想定区域","A51-25_17_GML.zip","A51/A51-25/A51-25_17_GML.zip"
"雨水出水（内水）浸水想定区域","A51-25_18_GML.zip","A51/A51-25/A51-25_18_GML.zip"
"雨水出水（内水）浸水想定区域","A51-25_20_GML.zip","A51/A51-25/A51-25_20_GML.zip"
"雨水出水（内水）浸水想定区域","A51-25_23_GML.zip","A51/A51-25/A51-25_23_GML.zip"
"雨水出水（内水）浸水想定区域","A51-25_28_GML.zip","A51/A51-25/A51-25_28_GML.zip"
"雨水出水（内水）浸水想定区域","A51-25_31_GML.zip","A51/A51-25/A51-25_31_GML.zip"
"雨水出水（内水）浸水想定区域","A51-25_32_GML.zip","A51/A51-25/A51-25_32_GML.zip"
"雨水出水（内水）浸水想定区域","A51-25_33_GML.zip","A51/A51-25/A51-25_33_GML.zip"
"雨水出水（内水）浸水想定区域","A51-25_34_GML.zip","A51/A51-25/A51-25_34_GML.zip"
"雨水出水（内水）浸水想定区域","A51-25_35_GML.zip","A51/A51-25/A51-25_35_GML.zip"
"雨水出水（内水）浸水想定区域","A51-25_37_GML.zip","A51/A51-25/A51-25_37_GML.zip"
"雨水出水（内水）浸水想定区域","A51-25_38_GML.zip","A51/A51-25/A51-25_38_GML.zip"
"雨水出水（内水）浸水想定区域","A51-25_40_GML.zip","A51/A51-25/A51-25_40_GML.zip"
"国・都道府県の機関","P28-22.zip","P28/P28-22/P28-22.zip"
"市町村役場等及び公的集会施設","P05-22_GML.zip","P05/P05-22/P05-22_GML.zip"
"市区町村役場","P34-14_01_GML.zip","P34/P34-14/P34-14_01_GML.zip"
"市区町村役場","P34-14_02_GML.zip","P34/P34-14/P34-14_02_GML.zip"
"市区町村役場","P34-14_03_GML.zip","P34/P34-14/P34-14_03_GML.zip"
"市区町村役場","P34-14_04_GML.zip","P34/P34-14/P34-14_04_GML.zip"
"市区町村役場","P34-14_05_GML.zip","P34/P34-14/P34-14_05_GML.zip"
"市区町村役場","P34-14_06_GML.zip","P34/P34-14/P34-14_06_GML.zip"
"市区町村役場","P34-14_07_GML.zip","P34/P34-14/P34-14_07_GML.zip"
"市区町村役場","P34-14_08_GML.zip","P34/P34-14/P34-14_08_GML.zip"
"市区町村役場","P34-14_09_GML.zip","P34/P34-14/P34-14_09_GML.zip"
"市区町村役場","P34-14_10_GML.zip","P34/P34-14/P34-14_10_GML.zip"
"市区町村役場","P34-14_11_GML.zip","P34/P34-14/P34-14_11_GML.zip"
"市区町村役場","P34-14_12_GML.zip","P34/P34-14/P34-14_12_GML.zip"
"市区町村役場","P34-14_13_GML.zip","P34/P34-14/P34-14_13_GML.zip"
"市区町村役場","P34-14_14_GML.zip","P34/P34-14/P34-14_14_GML.zip"
"市区町村役場","P34-14_15_GML.zip","P34/P34-14/P34-14_15_GML.zip"
"市区町村役場","P34-14_16_GML.zip","P34/P34-14/P34-14_16_GML.zip"
"市区町村役場","P34-14_17_GML.zip","P34/P34-14/P34-14_17_GML.zip"
"市区町村役場","P34-14_18_GML.zip","P34/P34-14/P34-14_18_GML.zip"
"市区町村役場","P34-14_19_GML.zip","P34/P34-14/P34-14_19_GML.zip"
"市区町村役場","P34-14_20_GML.zip","P34/P34-14/P34-14_20_GML.zip"
"市区町村役場","P34-14_21_GML.zip","P34/P34-14/P34-14_21_GML.zip"
"市区町村役場","P34-14_22_GML.zip","P34/P34-14/P34-14_22_GML.zip"
"市区町村役場","P34-14_23_GML.zip","P34/P34-14/P34-14_23_GML.zip"
"市区町村役場","P34-14_24_GML.zip","P34/P34-14/P34-14_24_GML.zip"
"市区町村役場","P34-14_25_GML.zip","P34/P34-14/P34-14_25_GML.zip"
"市区町村役場","P34-14_26_GML.zip","P34/P34-14/P34-14_26_GML.zip"
"市区町村役場","P34-14_27_GML.zip","P34/P34-14/P34-14_27_GML.zip"
"市区町村役場","P34-14_28_GML.zip","P34/P34-14/P34-14_28_GML.zip"
"市区町村役場","P34-14_29_GML.zip","P34/P34-14/P34-14_29_GML.zip"
"市区町村役場","P34-14_30_GML.zip","P34/P34-14/P34-14_30_GML.zip"
"市区町村役場","P34-14_31_GML.zip","P34/P34-14/P34-14_31_GML.zip"
"市区町村役場","P34-14_32_GML.zip","P34/P34-14/P34-14_32_GML.zip"
"市区町村役場","P34-14_33_GML.zip","P34/P34-14/P34-14_33_GML.zip"
"市区町村役場","P34-14_34_GML.zip","P34/P34-14/P34-14_34_GML.zip"
"市区町村役場","P34-14_35_GML.zip","P34/P34-14/P34-14_35_GML.zip"
"市区町村役場","P34-14_36_GML.zip","P34/P34-14/P34-14_36_GML.zip"
"市区町村役場","P34-14_37_GML.zip","P34/P34-14/P34-14_37_GML.zip"
"市区町村役場","P34-14_38_GML.zip","P34/P34-14/P34-14_38_GML.zip"
"市区町村役場","P34-14_39_GML.zip","P34/P34-14/P34-14_39_GML.zip"
"市区町村役場","P34-14_40_GML.zip","P34/P34-14/P34-14_40_GML.zip"
"市区町村役場","P34-14_41_GML.zip","P34/P34-14/P34-14_41_GML.zip"
"市区町村役場","P34-14_42_GML.zip","P34/P34-14/P34-14_42_GML.zip"
"市区町村役場","P34-14_43_GML.zip","P34/P34-14/P34-14_43_GML.zip"
"市区町村役場","P34-14_44_GML.zip","P34/P34-14/P34-14_44_GML.zip"
"市区町村役場","P34-14_45_GML.zip","P34/P34-14/P34-14_45_GML.zip"
"市区町村役場","P34-14_46_GML.zip","P34/P34-14/P34-14_46_GML.zip"
"市区町村役場","P34-14_47_GML.zip","P34/P34-14/P34-14_47_GML.zip"
"公共施設","P02-06_01_GML.zip","P02/P02-06/P02-06_01_GML.zip"
"公共施設","P02-06_02_GML.zip","P02/P02-06/P02-06_02_GML.zip"
"公共施設","P02-06_03_GML.zip","P02/P02-06/P02-06_03_GML.zip"
"公共施設","P02-06_04_GML.zip","P02/P02-06/P02-06_04_GML.zip"
"公共施設","P02-06_05_GML.zip","P02/P02-06/P02-06_05_GML.zip"
"公共施設","P02-06_06_GML.zip","P02/P02-06/P02-06_06_GML.zip"
"公共施設","P02-06_07_GML.zip","P02/P02-06/P02-06_07_GML.zip"
"公共施設","P02-06_08_GML.zip","P02/P02-06/P02-06_08_GML.zip"
"公共施設","P02-06_09_GML.zip","P02/P02-06/P02-06_09_GML.zip"
"公共施設","P02-06_10_GML.zip","P02/P02-06/P02-06_10_GML.zip"
"公共施設","P02-06_11_GML.zip","P02/P02-06/P02-06_11_GML.zip"
"公共施設","P02-06_12_GML.zip","P02/P02-06/P02-06_12_GML.zip"
"公共施設","P02-06_13_GML.zip","P02/P02-06/P02-06_13_GML.zip"
"公共施設","P02-06_14_GML.zip","P02/P02-06/P02-06_14_GML.zip"
"公共施設","P02-06_15_GML.zip","P02/P02-06/P02-06_15_GML.zip"
"公共施設","P02-06_16_GML.zip","P02/P02-06/P02-06_16_GML.zip"
"公共施設","P02-06_17_GML.zip","P02/P02-06/P02-06_17_GML.zip"
"公共施設","P02-06_18_GML.zip","P02/P02-06/P02-06_18_GML.zip"
"公共施設","P02-06_19_GML.zip","P02/P02-06/P02-06_19_GML.zip"
"公共施設","P02-06_20_GML.zip","P02/P02-06/P02-06_20_GML.zip"
"公共施設","P02-06_21_GML.zip","P02/P02-06/P02-06_21_GML.zip"
"公共施設","P02-06_22_GML.zip","P02/P02-06/P02-06_22_GML.zip"
"公共施設","P02-06_23_GML.zip","P02/P02-06/P02-06_23_GML.zip"
"公共施設","P02-06_24_GML.zip","P02/P02-06/P02-06_24_GML.zip"
"公共施設","P02-06_25_GML.zip","P02/P02-06/P02-06_25_GML.zip"
"公共施設","P02-06_26_GML.zip","P02/P02-06/P02-06_26_GML.zip"
"公共施設","P02-06_27_GML.zip","P02/P02-06/P02-06_27_GML.zip"
"公共施設","P02-06_28_GML.zip","P02/P02-06/P02-06_28_GML.zip"
"公共施設","P02-06_29_GML.zip","P02/P02-06/P02-06_29_GML.zip"
"公共施設","P02-06_30_GML.zip","P02/P02-06/P02-06_30_GML.zip"
"公共施設","P02-06_31_GML.zip","P02/P02-06/P02-06_31_GML.zip"
"公共施設","P02-06_32_GML.zip","P02/P02-06/P02-06_32_GML.zip"
"公共施設","P02-06_33_GML.zip","P02/P02-06/P02-06_33_GML.zip"
"公共施設","P02-06_34_GML.zip","P02/P02-06/P02-06_34_GML.zip"
"公共施設","P02-06_35_GML.zip","P02/P02-06/P02-06_35_GML.zip"
"公共施設","P02-06_36_GML.zip","P02/P02-06/P02-06_36_GML.zip"
"公共施設","P02-06_37_GML.zip","P02/P02-06/P02-06_37_GML.zip"
"公共施設","P02-06_38_GML.zip","P02/P02-06/P02-06_38_GML.zip"
"公共施設","P02-06_39_GML.zip","P02/P02-06/P02-06_39_GML.zip"
"公共施設","P02-06_40_GML.zip","P02/P02-06/P02-06_40_GML.zip"
"公共施設","P02-06_41_GML.zip","P02/P02-06/P02-06_41_GML.zip"
"公共施設","P02-06_42_GML.zip","P02/P02-06/P02-06_42_GML.zip"
"公共施設","P02-06_43_GML.zip","P02/P02-06/P02-06_43_GML.zip"
"公共施設","P02-06_44_GML.zip","P02/P02-06/P02-06_44_GML.zip"
"公共施設","P02-06_45_GML.zip","P02/P02-06/P02-06_45_GML.zip"
"公共施設","P02-06_46_GML.zip","P02/P02-06/P02-06_46_GML.zip"
"公共施設","P02-06_47_GML.zip","P02/P02-06/P02-06_47_GML.zip"
"警察署","P18-12_01_GML.zip","P18/P18-12/P18-12_01_GML.zip"
"警察署","P18-12_02_GML.zip","P18/P18-12/P18-12_02_GML.zip"
"警察署","P18-12_03_GML.zip","P18/P18-12/P18-12_03_GML.zip"
"警察署","P18-12_04_GML.zip","P18/P18-12/P18-12_04_GML.zip"
"警察署","P18-12_05_GML.zip","P18/P18-12/P18-12_05_GML.zip"
"警察署","P18-12_06_GML.zip","P18/P18-12/P18-12_06_GML.zip"
"警察署","P18-12_07_GML.zip","P18/P18-12/P18-12_07_GML.zip"
"警察署","P18-12_08_GML.zip","P18/P18-12/P18-12_08_GML.zip"
"警察署","P18-12_09_GML.zip","P18/P18-12/P18-12_09_GML.zip"
"警察署","P18-12_10_GML.zip","P18/P18-12/P18-12_10_GML.zip"
"警察署","P18-12_11_GML.zip","P18/P18-12/P18-12_11_GML.zip"
"警察署","P18-12_12_GML.zip","P18/P18-12/P18-12_12_GML.zip"
"警察署","P18-12_13_GML.zip","P18/P18-12/P18-12_13_GML.zip"
"警察署","P18-12_14_GML.zip","P18/P18-12/P18-12_14_GML.zip"
"警察署","P18-12_15_GML.zip","P18/P18-12/P18-12_15_GML.zip"
"警察署","P18-12_16_GML.zip","P18/P18-12/P18-12_16_GML.zip"
"警察署","P18-12_17_GML.zip","P18/P18-12/P18-12_17_GML.zip"
"警察署","P18-12_18_GML.zip","P18/P18-12/P18-12_18_GML.zip"
"警察署","P18-12_19_GML.zip","P18/P18-12/P18-12_19_GML.zip"
"警察署","P18-12_20_GML.zip","P18/P18-12/P18-12_20_GML.zip"
"警察署","P18-12_21_GML.zip","P18/P18-12/P18-12_21_GML.zip"
"警察署","P18-12_22_GML.zip","P18/P18-12/P18-12_22_GML.zip"
"警察署","P18-12_23_GML.zip","P18/P18-12/P18-12_23_GML.zip"
"警察署","P18-12_24_GML.zip","P18/P18-12/P18-12_24_GML.zip"
"警察署","P18-12_25_GML.zip","P18/P18-12/P18-12_25_GML.zip"
"警察署","P18-12_26_GML.zip","P18/P18-12/P18-12_26_GML.zip"
"警察署","P18-12_27_GML.zip","P18/P18-12/P18-12_27_GML.zip"
"警察署","P18-12_28_GML.zip","P18/P18-12/P18-12_28_GML.zip"
"警察署","P18-12_29_GML.zip","P18/P18-12/P18-12_29_GML.zip"
"警察署","P18-12_30_GML.zip","P18/P18-12/P18-12_30_GML.zip"
"警察署","P18-12_31_GML.zip","P18/P18-12/P18-12_31_GML.zip"
"警察署","P18-12_32_GML.zip","P18/P18-12/P18-12_32_GML.zip"
"警察署","P18-12_33_GML.zip","P18/P18-12/P18-12_33_GML.zip"
"警察署","P18-12_34_GML.zip","P18/P18-12/P18-12_34_GML.zip"
"警察署","P18-12_35_GML.zip","P18/P18-12/P18-12_35_GML.zip"
"警察署","P18-12_36_GML.zip","P18/P18-12/P18-12_36_GML.zip"
"警察署","P18-12_37_GML.zip","P18/P18-12/P18-12_37_GML.zip"
"警察署","P18-12_38_GML.zip","P18/P18-12/P18-12_38_GML.zip"
"警察署","P18-12_39_GML.zip","P18/P18-12/P18-12_39_GML.zip"
"警察署","P18-12_40_GML.zip","P18/P18-12/P18-12_40_GML.zip"
"警察署","P18-12_41_GML.zip","P18/P18-12/P18-12_41_GML.zip"
"警察署","P18-12_42_GML.zip","P18/P18-12/P18-12_42_GML.zip"
"警察署","P18-12_43_GML.zip","P18/P18-12/P18-12_43_GML.zip"
"警察署","P18-12_44_GML.zip","P18/P18-12/P18-12_44_GML.zip"
"警察署","P18-12_45_GML.zip","P18/P18-12/P18-12_45_GML.zip"
"警察署","P18-12_46_GML.zip","P18/P18-12/P18-12_46_GML.zip"
"警察署","P18-12_47_GML.zip","P18/P18-12/P18-12_47_GML.zip"
"消防署","P17-12_01_GML.zip","P17/P17-12/P17-12_01_GML.zip"
"消防署","P17-12_02_GML.zip","P17/P17-12/P17-12_02_GML.zip"
"消防署","P17-12_03_GML.zip","P17/P17-12/P17-12_03_GML.zip"
"消防署","P17-12_04_GML.zip","P17/P17-12/P17-12_04_GML.zip"
"消防署","P17-12_05_GML.zip","P17/P17-12/P17-12_05_GML.zip"
"消防署","P17-12_06_GML.zip","P17/P17-12/P17-12_06_GML.zip"
"消防署","P17-12_07_GML.zip","P17/P17-12/P17-12_07_GML.zip"
"消防署","P17-12_08_GML.zip","P17/P17-12/P17-12_08_GML.zip"
"消防署","P17-12_09_GML.zip","P17/P17-12/P17-12_09_GML.zip"
"消防署","P17-12_10_GML.zip","P17/P17-12/P17-12_10_GML.zip"
"消防署","P17-12_11_GML.zip","P17/P17-12/P17-12_11_GML.zip"
"消防署","P17-12_12_GML.zip","P17/P17-12/P17-12_12_GML.zip"
"消防署","P17-12_13_GML.zip","P17/P17-12/P17-12_13_GML.zip"
"消防署","P17-12_14_GML.zip","P17/P17-12/P17-12_14_GML.zip"
"消防署","P17-12_15_GML.zip","P17/P17-12/P17-12_15_GML.zip"
"消防署","P17-12_16_GML.zip","P17/P17-12/P17-12_16_GML.zip"
"消防署","P17-12_17_GML.zip","P17/P17-12/P17-12_17_GML.zip"
"消防署","P17-12_18_GML.zip","P17/P17-12/P17-12_18_GML.zip"
"消防署","P17-12_19_GML.zip","P17/P17-12/P17-12_19_GML.zip"
"消防署","P17-12_20_GML.zip","P17/P17-12/P17-12_20_GML.zip"
"消防署","P17-12_21_GML.zip","P17/P17-12/P17-12_21_GML.zip"
"消防署","P17-12_22_GML.zip","P17/P17-12/P17-12_22_GML.zip"
"消防署","P17-12_23_GML.zip","P17/P17-12/P17-12_23_GML.zip"
"消防署","P17-12_24_GML.zip","P17/P17-12/P17-12_24_GML.zip"
"消防署","P17-12_25_GML.zip","P17/P17-12/P17-12_25_GML.zip"
"消防署","P17-12_26_GML.zip","P17/P17-12/P17-12_26_GML.zip"
"消防署","P17-12_27_GML.zip","P17/P17-12/P17-12_27_GML.zip"
"消防署","P17-12_28_GML.zip","P17/P17-12/P17-12_28_GML.zip"
"消防署","P17-12_29_GML.zip","P17/P17-12/P17-12_29_GML.zip"
"消防署","P17-12_30_GML.zip","P17/P17-12/P17-12_30_GML.zip"
"消防署","P17-12_31_GML.zip","P17/P17-12/P17-12_31_GML.zip"
"消防署","P17-12_32_GML.zip","P17/P17-12/P17-12_32_GML.zip"
"消防署","P17-12_33_GML.zip","P17/P17-12/P17-12_33_GML.zip"
"消防署","P17-12_34_GML.zip","P17/P17-12/P17-12_34_GML.zip"
"消防署","P17-12_35_GML.zip","P17/P17-12/P17-12_35_GML.zip"
"消防署","P17-12_36_GML.zip","P17/P17-12/P17-12_36_GML.zip"
"消防署","P17-12_37_GML.zip","P17/P17-12/P17-12_37_GML.zip"
"消防署","P17-12_38_GML.zip","P17/P17-12/P17-12_38_GML.zip"
"消防署","P17-12_39_GML.zip","P17/P17-12/P17-12_39_GML.zip"
"消防署","P17-12_40_GML.zip","P17/P17-12/P17-12_40_GML.zip"
"消防署","P17-12_41_GML.zip","P17/P17-12/P17-12_41_GML.zip"
"消防署","P17-12_42_GML.zip","P17/P17-12/P17-12_42_GML.zip"
"消防署","P17-12_43_GML.zip","P17/P17-12/P17-12_43_GML.zip"
"消防署","P17-12_44_GML.zip","P17/P17-12/P17-12_44_GML.zip"
"消防署","P17-12_45_GML.zip","P17/P17-12/P17-12_45_GML.zip"
"消防署","P17-12_46_GML.zip","P17/P17-12/P17-12_46_GML.zip"
"消防署","P17-12_47_GML.zip","P17/P17-12/P17-12_47_GML.zip"
"郵便局","P30-13.zip","P30/P30-13/P30-13.zip"
"医療機関","P04-20_GML.zip","P04/P04-20/P04-20_GML.zip"
"福祉施設","P14-23_GML.zip","P14/P14-23/P14-23_GML.zip"
"文化施設","P27-13.zip","P27/P27-13/P27-13.zip"
"学校","P29-23_GML.zip","P29/P29-23/P29-23_GML.zip"
"学校","P29-13.zip","P29/P29-13/P29-13.zip"
"上水道関連施設","P21-12_01_GML.zip","P21/P21-12/P21-12_01_GML.zip"
"上水道関連施設","P21-12_02_GML.zip","P21/P21-12/P21-12_02_GML.zip"
"上水道関連施設","P21-12_03_GML.zip","P21/P21-12/P21-12_03_GML.zip"
"上水道関連施設","P21-12_04_GML.zip","P21/P21-12/P21-12_04_GML.zip"
"上水道関連施設","P21-12_05_GML.zip","P21/P21-12/P21-12_05_GML.zip"
"上水道関連施設","P21-12_06_GML.zip","P21/P21-12/P21-12_06_GML.zip"
"上水道関連施設","P21-12_07_GML.zip","P21/P21-12/P21-12_07_GML.zip"
"上水道関連施設","P21-12_08_GML.zip","P21/P21-12/P21-12_08_GML.zip"
"上水道関連施設","P21-12_09_GML.zip","P21/P21-12/P21-12_09_GML.zip"
"上水道関連施設","P21-12_10_GML.zip","P21/P21-12/P21-12_10_GML.zip"
"上水道関連施設","P21-12_11_GML.zip","P21/P21-12/P21-12_11_GML.zip"
"上水道関連施設","P21-12_12_GML.zip","P21/P21-12/P21-12_12_GML.zip"
"上水道関連施設","P21-12_13_GML.zip","P21/P21-12/P21-12_13_GML.zip"
"上水道関連施設","P21-12_14_GML.zip","P21/P21-12/P21-12_14_GML.zip"
"上水道関連施設","P21-12_15_GML.zip","P21/P21-12/P21-12_15_GML.zip"
"上水道関連施設","P21-12_16_GML.zip","P21/P21-12/P21-12_16_GML.zip"
"上水道関連施設","P21-12_17_GML.zip","P21/P21-12/P21-12_17_GML.zip"
"上水道関連施設","P21-12_18_GML.zip","P21/P21-12/P21-12_18_GML.zip"
"上水道関連施設","P21-12_19_GML.zip","P21/P21-12/P21-12_19_GML.zip"
"上水道関連施設","P21-12_20_GML.zip","P21/P21-12/P21-12_20_GML.zip"
"上水道関連施設","P21-12_21_GML.zip","P21/P21-12/P21-12_21_GML.zip"
"上水道関連施設","P21-12_22_GML.zip","P21/P21-12/P21-12_22_GML.zip"
"上水道関連施設","P21-12_23_GML.zip","P21/P21-12/P21-12_23_GML.zip"
"上水道関連施設","P21-12_24_GML.zip","P21/P21-12/P21-12_24_GML.zip"
"上水道関連施設","P21-12_25_GML.zip","P21/P21-12/P21-12_25_GML.zip"
"上水道関連施設","P21-12_26_GML.zip","P21/P21-12/P21-12_26_GML.zip"
"上水道関連施設","P21-12_27_GML.zip","P21/P21-12/P21-12_27_GML.zip"
"上水道関連施設","P21-12_28_GML.zip","P21/P21-12/P21-12_28_GML.zip"
"上水道関連施設","P21-12_29_GML.zip","P21/P21-12/P21-12_29_GML.zip"
"上水道関連施設","P21-12_30_GML.zip","P21/P21-12/P21-12_30_GML.zip"
"上水道関連施設","P21-12_31_GML.zip","P21/P21-12/P21-12_31_GML.zip"
"上水道関連施設","P21-12_32_GML.zip","P21/P21-12/P21-12_32_GML.zip"
"上水道関連施設","P21-12_33_GML.zip","P21/P21-12/P21-12_33_GML.zip"
"上水道関連施設","P21-12_34_GML.zip","P21/P21-12/P21-12_34_GML.zip"
"上水道関連施設","P21-12_35_GML.zip","P21/P21-12/P21-12_35_GML.zip"
"上水道関連施設","P21-12_36_GML.zip","P21/P21-12/P21-12_36_GML.zip"
"上水道関連施設","P21-12_37_GML.zip","P21/P21-12/P21-12_37_GML.zip"
"上水道関連施設","P21-12_38_GML.zip","P21/P21-12/P21-12_38_GML.zip"
"上水道関連施設","P21-12_39_GML.zip","P21/P21-12/P21-12_39_GML.zip"
"上水道関連施設","P21-12_40_GML.zip","P21/P21-12/P21-12_40_GML.zip"
"上水道関連施設","P21-12_41_GML.zip","P21/P21-12/P21-12_41_GML.zip"
"上水道関連施設","P21-12_42_GML.zip","P21/P21-12/P21-12_42_GML.zip"
"上水道関連施設","P21-12_43_GML.zip","P21/P21-12/P21-12_43_GML.zip"
"上水道関連施設","P21-12_44_GML.zip","P21/P21-12/P21-12_44_GML.zip"
"上水道関連施設","P21-12_45_GML.zip","P21/P21-12/P21-12_45_GML.zip"
"上水道関連施設","P21-12_46_GML.zip","P21/P21-12/P21-12_46_GML.zip"
"上水道関連施設","P21-12_47_GML.zip","P21/P21-12/P21-12_47_GML.zip"
"下水道関連施設","P22-12_01_GML.zip","P22/P22-12/P22-12_01_GML.zip"
"下水道関連施設","P22-12_02_GML.zip","P22/P22-12/P22-12_02_GML.zip"
"下水道関連施設","P22-12_03_GML.zip","P22/P22-12/P22-12_03_GML.zip"
"下水道関連施設","P22-12_04_GML.zip","P22/P22-12/P22-12_04_GML.zip"
"下水道関連施設","P22-12_05_GML.zip","P22/P22-12/P22-12_05_GML.zip"
"下水道関連施設","P22-12_06_GML.zip","P22/P22-12/P22-12_06_GML.zip"
"下水道関連施設","P22-12_07_GML.zip","P22/P22-12/P22-12_07_GML.zip"
"下水道関連施設","P22-12_08_GML.zip","P22/P22-12/P22-12_08_GML.zip"
"下水道関連施設","P22-12_09_GML.zip","P22/P22-12/P22-12_09_GML.zip"
"下水道関連施設","P22-12_10_GML.zip","P22/P22-12/P22-12_10_GML.zip"
"下水道関連施設","P22-12_11_GML.zip","P22/P22-12/P22-12_11_GML.zip"
"下水道関連施設","P22-12_12_GML.zip","P22/P22-12/P22-12_12_GML.zip"
"下水道関連施設","P22-12_13_GML.zip","P22/P22-12/P22-12_13_GML.zip"
"下水道関連施設","P22-12_14_GML.zip","P22/P22-12/P22-12_14_GML.zip"
"下水道関連施設","P22-12_15_GML.zip","P22/P22-12/P22-12_15_GML.zip"
"下水道関連施設","P22-12_16_GML.zip","P22/P22-12/P22-12_16_GML.zip"
"下水道関連施設","P22-12_17_GML.zip","P22/P22-12/P22-12_17_GML.zip"
"下水道関連施設","P22-12_18_GML.zip","P22/P22-12/P22-12_18_GML.zip"
"下水道関連施設","P22-12_19_GML.zip","P22/P22-12/P22-12_19_GML.zip"
"下水道関連施設","P22-12_20_GML.zip","P22/P22-12/P22-12_20_GML.zip"
"下水道関連施設","P22-12_21_GML.zip","P22/P22-12/P22-12_21_GML.zip"
"下水道関連施設","P22-12_22_GML.zip","P22/P22-12/P22-12_22_GML.zip"
"下水道関連施設","P22-12_23_GML.zip","P22/P22-12/P22-12_23_GML.zip"
"下水道関連施設","P22-12_24_GML.zip","P22/P22-12/P22-12_24_GML.zip"
"下水道関連施設","P22-12_25_GML.zip","P22/P22-12/P22-12_25_GML.zip"
"下水道関連施設","P22-12_26_GML.zip","P22/P22-12/P22-12_26_GML.zip"
"下水道関連施設","P22-12_27_GML.zip","P22/P22-12/P22-12_27_GML.zip"
"下水道関連施設","P22-12_28_GML.zip","P22/P22-12/P22-12_28_GML.zip"
"下水道関連施設","P22-12_29_GML.zip","P22/P22-12/P22-12_29_GML.zip"
"下水道関連施設","P22-12_30_GML.zip","P22/P22-12/P22-12_30_GML.zip"
"下水道関連施設","P22-12_31_GML.zip","P22/P22-12/P22-12_31_GML.zip"
"下水道関連施設","P22-12_32_GML.zip","P22/P22-12/P22-12_32_GML.zip"
"下水道関連施設","P22-12_33_GML.zip","P22/P22-12/P22-12_33_GML.zip"
"下水道関連施設","P22-12_34_GML.zip","P22/P22-12/P22-12_34_GML.zip"
"下水道関連施設","P22-12_35_GML.zip","P22/P22-12/P22-12_35_GML.zip"
"下水道関連施設","P22-12_36_GML.zip","P22/P22-12/P22-12_36_GML.zip"
"下水道関連施設","P22-12_37_GML.zip","P22/P22-12/P22-12_37_GML.zip"
"下水道関連施設","P22-12_38_GML.zip","P22/P22-12/P22-12_38_GML.zip"
"下水道関連施設","P22-12_39_GML.zip","P22/P22-12/P22-12_39_GML.zip"
"下水道関連施設","P22-12_40_GML.zip","P22/P22-12/P22-12_40_GML.zip"
"下水道関連施設","P22-12_41_GML.zip","P22/P22-12/P22-12_41_GML.zip"
"下水道関連施設","P22-12_42_GML.zip","P22/P22-12/P22-12_42_GML.zip"
"下水道関連施設","P22-12_43_GML.zip","P22/P22-12/P22-12_43_GML.zip"
"下水道関連施設","P22-12_44_GML.zip","P22/P22-12/P22-12_44_GML.zip"
"下水道関連施設","P22-12_45_GML.zip","P22/P22-12/P22-12_45_GML.zip"
"下水道関連施設","P22-12_46_GML.zip","P22/P22-12/P22-12_46_GML.zip"
"下水道関連施設","P22-12_47_GML.zip","P22/P22-12/P22-12_47_GML.zip"
"廃棄物処理施設","P15-12_01_GML.zip","P15/P15-12/P15-12_01_GML.zip"
"廃棄物処理施設","P15-12_02_GML.zip","P15/P15-12/P15-12_02_GML.zip"
"廃棄物処理施設","P15-12_03_GML.zip","P15/P15-12/P15-12_03_GML.zip"
"廃棄物処理施設","P15-12_04_GML.zip","P15/P15-12/P15-12_04_GML.zip"
"廃棄物処理施設","P15-12_05_GML.zip","P15/P15-12/P15-12_05_GML.zip"
"廃棄物処理施設","P15-12_06_GML.zip","P15/P15-12/P15-12_06_GML.zip"
"廃棄物処理施設","P15-12_07_GML.zip","P15/P15-12/P15-12_07_GML.zip"
"廃棄物処理施設","P15-12_08_GML.zip","P15/P15-12/P15-12_08_GML.zip"
"廃棄物処理施設","P15-12_09_GML.zip","P15/P15-12/P15-12_09_GML.zip"
"廃棄物処理施設","P15-12_10_GML.zip","P15/P15-12/P15-12_10_GML.zip"
"廃棄物処理施設","P15-12_11_GML.zip","P15/P15-12/P15-12_11_GML.zip"
"廃棄物処理施設","P15-12_12_GML.zip","P15/P15-12/P15-12_12_GML.zip"
"廃棄物処理施設","P15-12_13_GML.zip","P15/P15-12/P15-12_13_GML.zip"
"廃棄物処理施設","P15-12_14_GML.zip","P15/P15-12/P15-12_14_GML.zip"
"廃棄物処理施設","P15-12_15_GML.zip","P15/P15-12/P15-12_15_GML.zip"
"廃棄物処理施設","P15-12_16_GML.zip","P15/P15-12/P15-12_16_GML.zip"
"廃棄物処理施設","P15-12_17_GML.zip","P15/P15-12/P15-12_17_GML.zip"
"廃棄物処理施設","P15-12_18_GML.zip","P15/P15-12/P15-12_18_GML.zip"
"廃棄物処理施設","P15-12_19_GML.zip","P15/P15-12/P15-12_19_GML.zip"
"廃棄物処理施設","P15-12_20_GML.zip","P15/P15-12/P15-12_20_GML.zip"
"廃棄物処理施設","P15-12_21_GML.zip","P15/P15-12/P15-12_21_GML.zip"
"廃棄物処理施設","P15-12_22_GML.zip","P15/P15-12/P15-12_22_GML.zip"
"廃棄物処理施設","P15-12_23_GML.zip","P15/P15-12/P15-12_23_GML.zip"
"廃棄物処理施設","P15-12_24_GML.zip","P15/P15-12/P15-12_24_GML.zip"
"廃棄物処理施設","P15-12_25_GML.zip","P15/P15-12/P15-12_25_GML.zip"
"廃棄物処理施設","P15-12_26_GML.zip","P15/P15-12/P15-12_26_GML.zip"
"廃棄物処理施設","P15-12_27_GML.zip","P15/P15-12/P15-12_27_GML.zip"
"廃棄物処理施設","P15-12_28_GML.zip","P15/P15-12/P15-12_28_GML.zip"
"廃棄物処理施設","P15-12_29_GML.zip","P15/P15-12/P15-12_29_GML.zip"
"廃棄物処理施設","P15-12_30_GML.zip","P15/P15-12/P15-12_30_GML.zip"
"廃棄物処理施設","P15-12_31_GML.zip","P15/P15-12/P15-12_31_GML.zip"
"廃棄物処理施設","P15-12_32_GML.zip","P15/P15-12/P15-12_32_GML.zip"
"廃棄物処理施設","P15-12_33_GML.zip","P15/P15-12/P15-12_33_GML.zip"
"廃棄物処理施設","P15-12_34_GML.zip","P15/P15-12/P15-12_34_GML.zip"
"廃棄物処理施設","P15-12_35_GML.zip","P15/P15-12/P15-12_35_GML.zip"
"廃棄物処理施設","P15-12_36_GML.zip","P15/P15-12/P15-12_36_GML.zip"
"廃棄物処理施設","P15-12_37_GML.zip","P15/P15-12/P15-12_37_GML.zip"
"廃棄物処理施設","P15-12_38_GML.zip","P15/P15-12/P15-12_38_GML.zip"
"廃棄物処理施設","P15-12_39_GML.zip","P15/P15-12/P15-12_39_GML.zip"
"廃棄物処理施設","P15-12_40_GML.zip","P15/P15-12/P15-12_40_GML.zip"
"廃棄物処理施設","P15-12_41_GML.zip","P15/P15-12/P15-12_41_GML.zip"
"廃棄物処理施設","P15-12_42_GML.zip","P15/P15-12/P15-12_42_GML.zip"
"廃棄物処理施設","P15-12_43_GML.zip","P15/P15-12/P15-12_43_GML.zip"
"廃棄物処理施設","P15-12_44_GML.zip","P15/P15-12/P15-12_44_GML.zip"
"廃棄物処理施設","P15-12_45_GML.zip","P15/P15-12/P15-12_45_GML.zip"
"廃棄物処理施設","P15-12_46_GML.zip","P15/P15-12/P15-12_46_GML.zip"
"廃棄物処理施設","P15-12_47_GML.zip","P15/P15-12/P15-12_47_GML.zip"
"発電施設","P03-07_GML.zip","P03/P03-07/P03-07_GML.zip"
"発電施設","P03-13.zip","P03/P03-13/P03-13.zip"
"燃料給油所","P07-15_01_GML.zip","P07/P07-15/P07-15_01_GML.zip"
"燃料給油所","P07-15_02_GML.zip","P07/P07-15/P07-15_02_GML.zip"
"燃料給油所","P07-15_03_GML.zip","P07/P07-15/P07-15_03_GML.zip"
"燃料給油所","P07-15_04_GML.zip","P07/P07-15/P07-15_04_GML.zip"
"燃料給油所","P07-15_05_GML.zip","P07/P07-15/P07-15_05_GML.zip"
"燃料給油所","P07-15_06_GML.zip","P07/P07-15/P07-15_06_GML.zip"
"燃料給油所","P07-15_07_GML.zip","P07/P07-15/P07-15_07_GML.zip"
"燃料給油所","P07-15_08_GML.zip","P07/P07-15/P07-15_08_GML.zip"
"燃料給油所","P07-15_09_GML.zip","P07/P07-15/P07-15_09_GML.zip"
"燃料給油所","P07-15_10_GML.zip","P07/P07-15/P07-15_10_GML.zip"
"燃料給油所","P07-15_11_GML.zip","P07/P07-15/P07-15_11_GML.zip"
"燃料給油所","P07-15_12_GML.zip","P07/P07-15/P07-15_12_GML.zip"
"燃料給油所","P07-15_13_GML.zip","P07/P07-15/P07-15_13_GML.zip"
"燃料給油所","P07-15_14_GML.zip","P07/P07-15/P07-15_14_GML.zip"
"燃料給油所","P07-15_15_GML.zip","P07/P07-15/P07-15_15_GML.zip"
"燃料給油所","P07-15_16_GML.zip","P07/P07-15/P07-15_16_GML.zip"
"燃料給油所","P07-15_17_GML.zip","P07/P07-15/P07-15_17_GML.zip"
"燃料給油所","P07-15_18_GML.zip","P07/P07-15/P07-15_18_GML.zip"
"燃料給油所","P07-15_19_GML.zip","P07/P07-15/P07-15_19_GML.zip"
"燃料給油所","P07-15_20_GML.zip","P07/P07-15/P07-15_20_GML.zip"
"燃料給油所","P07-15_21_GML.zip","P07/P07-15/P07-15_21_GML.zip"
"燃料給油所","P07-15_22_GML.zip","P07/P07-15/P07-15_22_GML.zip"
"燃料給油所","P07-15_23_GML.zip","P07/P07-15/P07-15_23_GML.zip"
"燃料給油所","P07-15_24_GML.zip","P07/P07-15/P07-15_24_GML.zip"
"燃料給油所","P07-15_25_GML.zip","P07/P07-15/P07-15_25_GML.zip"
"燃料給油所","P07-15_26_GML.zip","P07/P07-15/P07-15_26_GML.zip"
"燃料給油所","P07-15_27_GML.zip","P07/P07-15/P07-15_27_GML.zip"
"燃料給油所","P07-15_28_GML.zip","P07/P07-15/P07-15_28_GML.zip"
"燃料給油所","P07-15_29_GML.zip","P07/P07-15/P07-15_29_GML.zip"
"燃料給油所","P07-15_30_GML.zip","P07/P07-15/P07-15_30_GML.zip"
"燃料給油所","P07-15_31_GML.zip","P07/P07-15/P07-15_31_GML.zip"
"燃料給油所","P07-15_32_GML.zip","P07/P07-15/P07-15_32_GML.zip"
"燃料給油所","P07-15_33_GML.zip","P07/P07-15/P07-15_33_GML.zip"
"燃料給油所","P07-15_34_GML.zip","P07/P07-15/P07-15_34_GML.zip"
"燃料給油所","P07-15_35_GML.zip","P07/P07-15/P07-15_35_GML.zip"
"燃料給油所","P07-15_36_GML.zip","P07/P07-15/P07-15_36_GML.zip"
"燃料給油所","P07-15_37_GML.zip","P07/P07-15/P07-15_37_GML.zip"
"燃料給油所","P07-15_38_GML.zip","P07/P07-15/P07-15_38_GML.zip"
"燃料給油所","P07-15_39_GML.zip","P07/P07-15/P07-15_39_GML.zip"
"燃料給油所","P07-15_40_GML.zip","P07/P07-15/P07-15_40_GML.zip"
"燃料給油所","P07-15_41_GML.zip","P07/P07-15/P07-15_41_GML.zip"
"燃料給油所","P07-15_42_GML.zip","P07/P07-15/P07-15_42_GML.zip"
"燃料給油所","P07-15_43_GML.zip","P07/P07-15/P07-15_43_GML.zip"
"燃料給油所","P07-15_44_GML.zip","P07/P07-15/P07-15_44_GML.zip"
"燃料給油所","P07-15_45_GML.zip","P07/P07-15/P07-15_45_GML.zip"
"燃料給油所","P07-15_46_GML.zip","P07/P07-15/P07-15_46_GML.zip"
"燃料給油所","P07-15_47_GML.zip","P07/P07-15/P07-15_47_GML.zip"
"ニュータウン","P26-13_01.zip","P26/P26-13/P26-13_01.zip"
"ニュータウン","P26-13_02.zip","P26/P26-13/P26-13_02.zip"
"ニュータウン","P26-13_03.zip","P26/P26-13/P26-13_03.zip"
"ニュータウン","P26-13_04.zip","P26/P26-13/P26-13_04.zip"
"ニュータウン","P26-13_05.zip","P26/P26-13/P26-13_05.zip"
"ニュータウン","P26-13_06.zip","P26/P26-13/P26-13_06.zip"
"ニュータウン","P26-13_07.zip","P26/P26-13/P26-13_07.zip"
"ニュータウン","P26-13_08.zip","P26/P26-13/P26-13_08.zip"
"ニュータウン","P26-13_09.zip","P26/P26-13/P26-13_09.zip"
"ニュータウン","P26-13_10.zip","P26/P26-13/P26-13_10.zip"
"ニュータウン","P26-13_11.zip","P26/P26-13/P26-13_11.zip"
"ニュータウン","P26-13_12.zip","P26/P26-13/P26-13_12.zip"
"ニュータウン","P26-13_13.zip","P26/P26-13/P26-13_13.zip"
"ニュータウン","P26-13_14.zip","P26/P26-13/P26-13_14.zip"
"ニュータウン","P26-13_15.zip","P26/P26-13/P26-13_15.zip"
"ニュータウン","P26-13_16.zip","P26/P26-13/P26-13_16.zip"
"ニュータウン","P26-13_17.zip","P26/P26-13/P26-13_17.zip"
"ニュータウン","P26-13_18.zip","P26/P26-13/P26-13_18.zip"
"ニュータウン","P26-13_19.zip","P26/P26-13/P26-13_19.zip"
"ニュータウン","P26-13_20.zip","P26/P26-13/P26-13_20.zip"
"ニュータウン","P26-13_21.zip","P26/P26-13/P26-13_21.zip"
"ニュータウン","P26-13_22.zip","P26/P26-13/P26-13_22.zip"
"ニュータウン","P26-13_23.zip","P26/P26-13/P26-13_23.zip"
"ニュータウン","P26-13_24.zip","P26/P26-13/P26-13_24.zip"
"ニュータウン","P26-13_25.zip","P26/P26-13/P26-13_25.zip"
"ニュータウン","P26-13_26.zip","P26/P26-13/P26-13_26.zip"
"ニュータウン","P26-13_27.zip","P26/P26-13/P26-13_27.zip"
"ニュータウン","P26-13_28.zip","P26/P26-13/P26-13_28.zip"
"ニュータウン","P26-13_29.zip","P26/P26-13/P26-13_29.zip"
"ニュータウン","P26-13_30.zip","P26/P26-13/P26-13_30.zip"
"ニュータウン","P26-13_31.zip","P26/P26-13/P26-13_31.zip"
"ニュータウン","P26-13_32.zip","P26/P26-13/P26-13_32.zip"
"ニュータウン","P26-13_33.zip","P26/P26-13/P26-13_33.zip"
"ニュータウン","P26-13_34.zip","P26/P26-13/P26-13_34.zip"
"ニュータウン","P26-13_35.zip","P26/P26-13/P26-13_35.zip"
"ニュータウン","P26-13_36.zip","P26/P26-13/P26-13_36.zip"
"ニュータウン","P26-13_37.zip","P26/P26-13/P26-13_37.zip"
"ニュータウン","P26-13_38.zip","P26/P26-13/P26-13_38.zip"
"ニュータウン","P26-13_39.zip","P26/P26-13/P26-13_39.zip"
"ニュータウン","P26-13_40.zip","P26/P26-13/P26-13_40.zip"
"ニュータウン","P26-13_41.zip","P26/P26-13/P26-13_41.zip"
"ニュータウン","P26-13_42.zip","P26/P26-13/P26-13_42.zip"
"ニュータウン","P26-13_43.zip","P26/P26-13/P26-13_43.zip"
"ニュータウン","P26-13_44.zip","P26/P26-13/P26-13_44.zip"
"ニュータウン","P26-13_45.zip","P26/P26-13/P26-13_45.zip"
"ニュータウン","P26-13_46.zip","P26/P26-13/P26-13_46.zip"
"ニュータウン","P26-13_47.zip","P26/P26-13/P26-13_47.zip"
"工業用地","L05-1-09_01_GML.zip","L05/L05-09/L05-1-09_01_GML.zip"
"工業用地","L05-2-09_01_GML.zip","L05/L05-09/L05-2-09_01_GML.zip"
"工業用地","L05-1-09_02_GML.zip","L05/L05-09/L05-1-09_02_GML.zip"
"工業用地","L05-2-09_02_GML.zip","L05/L05-09/L05-2-09_02_GML.zip"
"工業用地","L05-1-09_03_GML.zip","L05/L05-09/L05-1-09_03_GML.zip"
"工業用地","L05-2-09_03_GML.zip","L05/L05-09/L05-2-09_03_GML.zip"
"工業用地","L05-1-09_04_GML.zip","L05/L05-09/L05-1-09_04_GML.zip"
"工業用地","L05-2-09_04_GML.zip","L05/L05-09/L05-2-09_04_GML.zip"
"工業用地","L05-1-09_05_GML.zip","L05/L05-09/L05-1-09_05_GML.zip"
"工業用地","L05-2-09_05_GML.zip","L05/L05-09/L05-2-09_05_GML.zip"
"工業用地","L05-1-09_06_GML.zip","L05/L05-09/L05-1-09_06_GML.zip"
"工業用地","L05-2-09_06_GML.zip","L05/L05-09/L05-2-09_06_GML.zip"
"工業用地","L05-1-09_07_GML.zip","L05/L05-09/L05-1-09_07_GML.zip"
"工業用地","L05-2-09_07_GML.zip","L05/L05-09/L05-2-09_07_GML.zip"
"工業用地","L05-1-09_08_GML.zip","L05/L05-09/L05-1-09_08_GML.zip"
"工業用地","L05-2-09_08_GML.zip","L05/L05-09/L05-2-09_08_GML.zip"
"工業用地","L05-1-09_09_GML.zip","L05/L05-09/L05-1-09_09_GML.zip"
"工業用地","L05-2-09_09_GML.zip","L05/L05-09/L05-2-09_09_GML.zip"
"工業用地","L05-1-09_10_GML.zip","L05/L05-09/L05-1-09_10_GML.zip"
"工業用地","L05-2-09_10_GML.zip","L05/L05-09/L05-2-09_10_GML.zip"
"工業用地","L05-1-09_11_GML.zip","L05/L05-09/L05-1-09_11_GML.zip"
"工業用地","L05-2-09_11_GML.zip","L05/L05-09/L05-2-09_11_GML.zip"
"工業用地","L05-1-09_12_GML.zip","L05/L05-09/L05-1-09_12_GML.zip"
"工業用地","L05-2-09_12_GML.zip","L05/L05-09/L05-2-09_12_GML.zip"
"工業用地","L05-1-09_13_GML.zip","L05/L05-09/L05-1-09_13_GML.zip"
"工業用地","L05-2-09_13_GML.zip","L05/L05-09/L05-2-09_13_GML.zip"
"工業用地","L05-1-09_14_GML.zip","L05/L05-09/L05-1-09_14_GML.zip"
"工業用地","L05-2-09_14_GML.zip","L05/L05-09/L05-2-09_14_GML.zip"
"工業用地","L05-1-09_15_GML.zip","L05/L05-09/L05-1-09_15_GML.zip"
"工業用地","L05-2-09_15_GML.zip","L05/L05-09/L05-2-09_15_GML.zip"
"工業用地","L05-1-09_16_GML.zip","L05/L05-09/L05-1-09_16_GML.zip"
"工業用地","L05-2-09_16_GML.zip","L05/L05-09/L05-2-09_16_GML.zip"
"工業用地","L05-1-09_17_GML.zip","L05/L05-09/L05-1-09_17_GML.zip"
"工業用地","L05-2-09_17_GML.zip","L05/L05-09/L05-2-09_17_GML.zip"
"工業用地","L05-1-09_18_GML.zip","L05/L05-09/L05-1-09_18_GML.zip"
"工業用地","L05-2-09_18_GML.zip","L05/L05-09/L05-2-09_18_GML.zip"
"工業用地","L05-1-09_19_GML.zip","L05/L05-09/L05-1-09_19_GML.zip"
"工業用地","L05-2-09_19_GML.zip","L05/L05-09/L05-2-09_19_GML.zip"
"工業用地","L05-1-09_20_GML.zip","L05/L05-09/L05-1-09_20_GML.zip"
"工業用地","L05-2-09_20_GML.zip","L05/L05-09/L05-2-09_20_GML.zip"
"工業用地","L05-1-09_21_GML.zip","L05/L05-09/L05-1-09_21_GML.zip"
"工業用地","L05-2-09_21_GML.zip","L05/L05-09/L05-2-09_21_GML.zip"
"工業用地","L05-1-09_22_GML.zip","L05/L05-09/L05-1-09_22_GML.zip"
"工業用地","L05-2-09_22_GML.zip","L05/L05-09/L05-2-09_22_GML.zip"
"工業用地","L05-1-09_23_GML.zip","L05/L05-09/L05-1-09_23_GML.zip"
"工業用地","L05-2-09_23_GML.zip","L05/L05-09/L05-2-09_23_GML.zip"
"工業用地","L05-1-09_24_GML.zip","L05/L05-09/L05-1-09_24_GML.zip"
"工業用地","L05-2-09_24_GML.zip","L05/L05-09/L05-2-09_24_GML.zip"
"工業用地","L05-1-09_25_GML.zip","L05/L05-09/L05-1-09_25_GML.zip"
"工業用地","L05-2-09_25_GML.zip","L05/L05-09/L05-2-09_25_GML.zip"
"工業用地","L05-1-09_26_GML.zip","L05/L05-09/L05-1-09_26_GML.zip"
"工業用地","L05-2-09_26_GML.zip","L05/L05-09/L05-2-09_26_GML.zip"
"工業用地","L05-1-09_27_GML.zip","L05/L05-09/L05-1-09_27_GML.zip"
"工業用地","L05-2-09_27_GML.zip","L05/L05-09/L05-2-09_27_GML.zip"
"工業用地","L05-1-09_28_GML.zip","L05/L05-09/L05-1-09_28_GML.zip"
"工業用地","L05-2-09_28_GML.zip","L05/L05-09/L05-2-09_28_GML.zip"
"工業用地","L05-1-09_29_GML.zip","L05/L05-09/L05-1-09_29_GML.zip"
"工業用地","L05-1-09_30_GML.zip","L05/L05-09/L05-1-09_30_GML.zip"
"工業用地","L05-2-09_30_GML.zip","L05/L05-09/L05-2-09_30_GML.zip"
"工業用地","L05-1-09_31_GML.zip","L05/L05-09/L05-1-09_31_GML.zip"
"工業用地","L05-2-09_31_GML.zip","L05/L05-09/L05-2-09_31_GML.zip"
"工業用地","L05-1-09_32_GML.zip","L05/L05-09/L05-1-09_32_GML.zip"
"工業用地","L05-2-09_32_GML.zip","L05/L05-09/L05-2-09_32_GML.zip"
"工業用地","L05-1-09_33_GML.zip","L05/L05-09/L05-1-09_33_GML.zip"
"工業用地","L05-2-09_33_GML.zip","L05/L05-09/L05-2-09_33_GML.zip"
"工業用地","L05-1-09_34_GML.zip","L05/L05-09/L05-1-09_34_GML.zip"
"工業用地","L05-2-09_34_GML.zip","L05/L05-09/L05-2-09_34_GML.zip"
"工業用地","L05-1-09_35_GML.zip","L05/L05-09/L05-1-09_35_GML.zip"
"工業用地","L05-2-09_35_GML.zip","L05/L05-09/L05-2-09_35_GML.zip"
"工業用地","L05-1-09_36_GML.zip","L05/L05-09/L05-1-09_36_GML.zip"
"工業用地","L05-2-09_36_GML.zip","L05/L05-09/L05-2-09_36_GML.zip"
"工業用地","L05-1-09_37_GML.zip","L05/L05-09/L05-1-09_37_GML.zip"
"工業用地","L05-2-09_37_GML.zip","L05/L05-09/L05-2-09_37_GML.zip"
"工業用地","L05-1-09_38_GML.zip","L05/L05-09/L05-1-09_38_GML.zip"
"工業用地","L05-2-09_38_GML.zip","L05/L05-09/L05-2-09_38_GML.zip"
"工業用地","L05-1-09_39_GML.zip","L05/L05-09/L05-1-09_39_GML.zip"
"工業用地","L05-2-09_39_GML.zip","L05/L05-09/L05-2-09_39_GML.zip"
"工業用地","L05-1-09_40_GML.zip","L05/L05-09/L05-1-09_40_GML.zip"
"工業用地","L05-2-09_40_GML.zip","L05/L05-09/L05-2-09_40_GML.zip"
"工業用地","L05-1-09_41_GML.zip","L05/L05-09/L05-1-09_41_GML.zip"
"工業用地","L05-2-09_41_GML.zip","L05/L05-09/L05-2-09_41_GML.zip"
"工業用地","L05-1-09_42_GML.zip","L05/L05-09/L05-1-09_42_GML.zip"
"工業用地","L05-2-09_42_GML.zip","L05/L05-09/L05-2-09_42_GML.zip"
"工業用地","L05-1-09_43_GML.zip","L05/L05-09/L05-1-09_43_GML.zip"
"工業用地","L05-2-09_43_GML.zip","L05/L05-09/L05-2-09_43_GML.zip"
"工業用地","L05-1-09_44_GML.zip","L05/L05-09/L05-1-09_44_GML.zip"
"工業用地","L05-2-09_44_GML.zip","L05/L05-09/L05-2-09_44_GML.zip"
"工業用地","L05-1-09_45_GML.zip","L05/L05-09/L05-1-09_45_GML.zip"
"工業用地","L05-2-09_45_GML.zip","L05/L05-09/L05-2-09_45_GML.zip"
"工業用地","L05-1-09_46_GML.zip","L05/L05-09/L05-1-09_46_GML.zip"
"工業用地","L05-2-09_46_GML.zip","L05/L05-09/L05-2-09_46_GML.zip"
"工業用地","L05-1-09_47_GML.zip","L05/L05-09/L05-1-09_47_GML.zip"
"研究機関","P16-12_01_GML.zip","P16/P16-12/P16-12_01_GML.zip"
"研究機関","P16-12_02_GML.zip","P16/P16-12/P16-12_02_GML.zip"
"研究機関","P16-12_03_GML.zip","P16/P16-12/P16-12_03_GML.zip"
"研究機関","P16-12_04_GML.zip","P16/P16-12/P16-12_04_GML.zip"
"研究機関","P16-12_05_GML.zip","P16/P16-12/P16-12_05_GML.zip"
"研究機関","P16-12_06_GML.zip","P16/P16-12/P16-12_06_GML.zip"
"研究機関","P16-12_07_GML.zip","P16/P16-12/P16-12_07_GML.zip"
"研究機関","P16-12_08_GML.zip","P16/P16-12/P16-12_08_GML.zip"
"研究機関","P16-12_09_GML.zip","P16/P16-12/P16-12_09_GML.zip"
"研究機関","P16-12_10_GML.zip","P16/P16-12/P16-12_10_GML.zip"
"研究機関","P16-12_11_GML.zip","P16/P16-12/P16-12_11_GML.zip"
"研究機関","P16-12_12_GML.zip","P16/P16-12/P16-12_12_GML.zip"
"研究機関","P16-12_13_GML.zip","P16/P16-12/P16-12_13_GML.zip"
"研究機関","P16-12_14_GML.zip","P16/P16-12/P16-12_14_GML.zip"
"研究機関","P16-12_15_GML.zip","P16/P16-12/P16-12_15_GML.zip"
"研究機関","P16-12_16_GML.zip","P16/P16-12/P16-12_16_GML.zip"
"研究機関","P16-12_17_GML.zip","P16/P16-12/P16-12_17_GML.zip"
"研究機関","P16-12_18_GML.zip","P16/P16-12/P16-12_18_GML.zip"
"研究機関","P16-12_19_GML.zip","P16/P16-12/P16-12_19_GML.zip"
"研究機関","P16-12_20_GML.zip","P16/P16-12/P16-12_20_GML.zip"
"研究機関","P16-12_21_GML.zip","P16/P16-12/P16-12_21_GML.zip"
"研究機関","P16-12_22_GML.zip","P16/P16-12/P16-12_22_GML.zip"
"研究機関","P16-12_23_GML.zip","P16/P16-12/P16-12_23_GML.zip"
"研究機関","P16-12_24_GML.zip","P16/P16-12/P16-12_24_GML.zip"
"研究機関","P16-12_25_GML.zip","P16/P16-12/P16-12_25_GML.zip"
"研究機関","P16-12_26_GML.zip","P16/P16-12/P16-12_26_GML.zip"
"研究機関","P16-12_27_GML.zip","P16/P16-12/P16-12_27_GML.zip"
"研究機関","P16-12_28_GML.zip","P16/P16-12/P16-12_28_GML.zip"
"研究機関","P16-12_29_GML.zip","P16/P16-12/P16-12_29_GML.zip"
"研究機関","P16-12_30_GML.zip","P16/P16-12/P16-12_30_GML.zip"
"研究機関","P16-12_31_GML.zip","P16/P16-12/P16-12_31_GML.zip"
"研究機関","P16-12_32_GML.zip","P16/P16-12/P16-12_32_GML.zip"
"研究機関","P16-12_33_GML.zip","P16/P16-12/P16-12_33_GML.zip"
"研究機関","P16-12_34_GML.zip","P16/P16-12/P16-12_34_GML.zip"
"研究機関","P16-12_35_GML.zip","P16/P16-12/P16-12_35_GML.zip"
"研究機関","P16-12_36_GML.zip","P16/P16-12/P16-12_36_GML.zip"
"研究機関","P16-12_37_GML.zip","P16/P16-12/P16-12_37_GML.zip"
"研究機関","P16-12_38_GML.zip","P16/P16-12/P16-12_38_GML.zip"
"研究機関","P16-12_39_GML.zip","P16/P16-12/P16-12_39_GML.zip"
"研究機関","P16-12_40_GML.zip","P16/P16-12/P16-12_40_GML.zip"
"研究機関","P16-12_41_GML.zip","P16/P16-12/P16-12_41_GML.zip"
"研究機関","P16-12_42_GML.zip","P16/P16-12/P16-12_42_GML.zip"
"研究機関","P16-12_43_GML.zip","P16/P16-12/P16-12_43_GML.zip"
"研究機関","P16-12_44_GML.zip","P16/P16-12/P16-12_44_GML.zip"
"研究機関","P16-12_45_GML.zip","P16/P16-12/P16-12_45_GML.zip"
"研究機関","P16-12_46_GML.zip","P16/P16-12/P16-12_46_GML.zip"
"研究機関","P16-12_47_GML.zip","P16/P16-12/P16-12_47_GML.zip"
"地場産業関連施設","P24-12_GML.zip","P24/P24-12/P24-12_GML.zip"
"物流拠点","P31-13_01.zip","P31/P31-13/P31-13_01.zip"
"物流拠点","P31-13_02.zip","P31/P31-13/P31-13_02.zip"
"物流拠点","P31-13_03.zip","P31/P31-13/P31-13_03.zip"
"物流拠点","P31-13_04.zip","P31/P31-13/P31-13_04.zip"
"物流拠点","P31-13_05.zip","P31/P31-13/P31-13_05.zip"
"物流拠点","P31-13_06.zip","P31/P31-13/P31-13_06.zip"
"物流拠点","P31-13_07.zip","P31/P31-13/P31-13_07.zip"
"物流拠点","P31-13_08.zip","P31/P31-13/P31-13_08.zip"
"物流拠点","P31-13_09.zip","P31/P31-13/P31-13_09.zip"
"物流拠点","P31-13_10.zip","P31/P31-13/P31-13_10.zip"
"物流拠点","P31-13_11.zip","P31/P31-13/P31-13_11.zip"
"物流拠点","P31-13_12.zip","P31/P31-13/P31-13_12.zip"
"物流拠点","P31-13_13.zip","P31/P31-13/P31-13_13.zip"
"物流拠点","P31-13_14.zip","P31/P31-13/P31-13_14.zip"
"物流拠点","P31-13_15.zip","P31/P31-13/P31-13_15.zip"
"物流拠点","P31-13_16.zip","P31/P31-13/P31-13_16.zip"
"物流拠点","P31-13_17.zip","P31/P31-13/P31-13_17.zip"
"物流拠点","P31-13_18.zip","P31/P31-13/P31-13_18.zip"
"物流拠点","P31-13_19.zip","P31/P31-13/P31-13_19.zip"
"物流拠点","P31-13_20.zip","P31/P31-13/P31-13_20.zip"
"物流拠点","P31-13_21.zip","P31/P31-13/P31-13_21.zip"
"物流拠点","P31-13_22.zip","P31/P31-13/P31-13_22.zip"
"物流拠点","P31-13_23.zip","P31/P31-13/P31-13_23.zip"
"物流拠点","P31-13_24.zip","P31/P31-13/P31-13_24.zip"
"物流拠点","P31-13_25.zip","P31/P31-13/P31-13_25.zip"
"物流拠点","P31-13_26.zip","P31/P31-13/P31-13_26.zip"
"物流拠点","P31-13_27.zip","P31/P31-13/P31-13_27.zip"
"物流拠点","P31-13_28.zip","P31/P31-13/P31-13_28.zip"
"物流拠点","P31-13_29.zip","P31/P31-13/P31-13_29.zip"
"物流拠点","P31-13_30.zip","P31/P31-13/P31-13_30.zip"
"物流拠点","P31-13_31.zip","P31/P31-13/P31-13_31.zip"
"物流拠点","P31-13_32.zip","P31/P31-13/P31-13_32.zip"
"物流拠点","P31-13_33.zip","P31/P31-13/P31-13_33.zip"
"物流拠点","P31-13_34.zip","P31/P31-13/P31-13_34.zip"
"物流拠点","P31-13_35.zip","P31/P31-13/P31-13_35.zip"
"物流拠点","P31-13_36.zip","P31/P31-13/P31-13_36.zip"
"物流拠点","P31-13_37.zip","P31/P31-13/P31-13_37.zip"
"物流拠点","P31-13_38.zip","P31/P31-13/P31-13_38.zip"
"物流拠点","P31-13_39.zip","P31/P31-13/P31-13_39.zip"
"物流拠点","P31-13_40.zip","P31/P31-13/P31-13_40.zip"
"物流拠点","P31-13_41.zip","P31/P31-13/P31-13_41.zip"
"物流拠点","P31-13_42.zip","P31/P31-13/P31-13_42.zip"
"物流拠点","P31-13_43.zip","P31/P31-13/P31-13_43.zip"
"物流拠点","P31-13_44.zip","P31/P31-13/P31-13_44.zip"
"物流拠点","P31-13_45.zip","P31/P31-13/P31-13_45.zip"
"物流拠点","P31-13_46.zip","P31/P31-13/P31-13_46.zip"
"物流拠点","P31-13_47.zip","P31/P31-13/P31-13_47.zip"
"集客施設","P33-14_01_GML.zip","P33/P33-14/P33-14_01_GML.zip"
"集客施設","P33-14_02_GML.zip","P33/P33-14/P33-14_02_GML.zip"
"集客施設","P33-14_03_GML.zip","P33/P33-14/P33-14_03_GML.zip"
"集客施設","P33-14_04_GML.zip","P33/P33-14/P33-14_04_GML.zip"
"集客施設","P33-14_05_GML.zip","P33/P33-14/P33-14_05_GML.zip"
"集客施設","P33-14_06_GML.zip","P33/P33-14/P33-14_06_GML.zip"
"集客施設","P33-14_07_GML.zip","P33/P33-14/P33-14_07_GML.zip"
"集客施設","P33-14_08_GML.zip","P33/P33-14/P33-14_08_GML.zip"
"集客施設","P33-14_09_GML.zip","P33/P33-14/P33-14_09_GML.zip"
"集客施設","P33-14_10_GML.zip","P33/P33-14/P33-14_10_GML.zip"
"集客施設","P33-14_11_GML.zip","P33/P33-14/P33-14_11_GML.zip"
"集客施設","P33-14_12_GML.zip","P33/P33-14/P33-14_12_GML.zip"
"集客施設","P33-14_13_GML.zip","P33/P33-14/P33-14_13_GML.zip"
"集客施設","P33-14_14_GML.zip","P33/P33-14/P33-14_14_GML.zip"
"集客施設","P33-14_15_GML.zip","P33/P33-14/P33-14_15_GML.zip"
"集客施設","P33-14_16_GML.zip","P33/P33-14/P33-14_16_GML.zip"
"集客施設","P33-14_17_GML.zip","P33/P33-14/P33-14_17_GML.zip"
"集客施設","P33-14_18_GML.zip","P33/P33-14/P33-14_18_GML.zip"
"集客施設","P33-14_19_GML.zip","P33/P33-14/P33-14_19_GML.zip"
"集客施設","P33-14_20_GML.zip","P33/P33-14/P33-14_20_GML.zip"
"集客施設","P33-14_21_GML.zip","P33/P33-14/P33-14_21_GML.zip"
"集客施設","P33-14_22_GML.zip","P33/P33-14/P33-14_22_GML.zip"
"集客施設","P33-14_23_GML.zip","P33/P33-14/P33-14_23_GML.zip"
"集客施設","P33-14_24_GML.zip","P33/P33-14/P33-14_24_GML.zip"
"集客施設","P33-14_25_GML.zip","P33/P33-14/P33-14_25_GML.zip"
"集客施設","P33-14_26_GML.zip","P33/P33-14/P33-14_26_GML.zip"
"集客施設","P33-14_27_GML.zip","P33/P33-14/P33-14_27_GML.zip"
"集客施設","P33-14_28_GML.zip","P33/P33-14/P33-14_28_GML.zip"
"集客施設","P33-14_29_GML.zip","P33/P33-14/P33-14_29_GML.zip"
"集客施設","P33-14_30_GML.zip","P33/P33-14/P33-14_30_GML.zip"
"集客施設","P33-14_31_GML.zip","P33/P33-14/P33-14_31_GML.zip"
"集客施設","P33-14_32_GML.zip","P33/P33-14/P33-14_32_GML.zip"
"集客施設","P33-14_33_GML.zip","P33/P33-14/P33-14_33_GML.zip"
"集客施設","P33-14_34_GML.zip","P33/P33-14/P33-14_34_GML.zip"
"集客施設","P33-14_35_GML.zip","P33/P33-14/P33-14_35_GML.zip"
"集客施設","P33-14_36_GML.zip","P33/P33-14/P33-14_36_GML.zip"
"集客施設","P33-14_37_GML.zip","P33/P33-14/P33-14_37_GML.zip"
"集客施設","P33-14_38_GML.zip","P33/P33-14/P33-14_38_GML.zip"
"集客施設","P33-14_39_GML.zip","P33/P33-14/P33-14_39_GML.zip"
"集客施設","P33-14_40_GML.zip","P33/P33-14/P33-14_40_GML.zip"
"集客施設","P33-14_41_GML.zip","P33/P33-14/P33-14_41_GML.zip"
"集客施設","P33-14_42_GML.zip","P33/P33-14/P33-14_42_GML.zip"
"集客施設","P33-14_43_GML.zip","P33/P33-14/P33-14_43_GML.zip"
"集客施設","P33-14_44_GML.zip","P33/P33-14/P33-14_44_GML.zip"
"集客施設","P33-14_45_GML.zip","P33/P33-14/P33-14_45_GML.zip"
"集客施設","P33-14_46_GML.zip","P33/P33-14/P33-14_46_GML.zip"
"集客施設","P33-14_47_GML.zip","P33/P33-14/P33-14_47_GML.zip"
"道の駅","P35-18_GML.zip","P35/P35-18/P35-18_GML.zip"
"都道府県指定文化財","P32-14_00_GML.zip","P32/P32-14/P32-14_00_GML.zip"
"都道府県指定文化財","P32-14_01_GML.zip","P32/P32-14/P32-14_01_GML.zip"
"都道府県指定文化財","P32-14_02_GML.zip","P32/P32-14/P32-14_02_GML.zip"
"都道府県指定文化財","P32-14_03_GML.zip","P32/P32-14/P32-14_03_GML.zip"
"都道府県指定文化財","P32-14_04_GML.zip","P32/P32-14/P32-14_04_GML.zip"
"都道府県指定文化財","P32-14_05_GML.zip","P32/P32-14/P32-14_05_GML.zip"
"都道府県指定文化財","P32-14_06_GML.zip","P32/P32-14/P32-14_06_GML.zip"
"都道府県指定文化財","P32-14_07_GML.zip","P32/P32-14/P32-14_07_GML.zip"
"都道府県指定文化財","P32-14_08_GML.zip","P32/P32-14/P32-14_08_GML.zip"
"都道府県指定文化財","P32-14_09_GML.zip","P32/P32-14/P32-14_09_GML.zip"
"都道府県指定文化財","P32-14_10_GML.zip","P32/P32-14/P32-14_10_GML.zip"
"都道府県指定文化財","P32-14_11_GML.zip","P32/P32-14/P32-14_11_GML.zip"
"都道府県指定文化財","P32-14_12_GML.zip","P32/P32-14/P32-14_12_GML.zip"
"都道府県指定文化財","P32-14_14_GML.zip","P32/P32-14/P32-14_14_GML.zip"
"都道府県指定文化財","P32-14_15_GML.zip","P32/P32-14/P32-14_15_GML.zip"
"都道府県指定文化財","P32-14_16_GML.zip","P32/P32-14/P32-14_16_GML.zip"
"都道府県指定文化財","P32-14_17_GML.zip","P32/P32-14/P32-14_17_GML.zip"
"都道府県指定文化財","P32-14_18_GML.zip","P32/P32-14/P32-14_18_GML.zip"
"都道府県指定文化財","P32-14_19_GML.zip","P32/P32-14/P32-14_19_GML.zip"
"都道府県指定文化財","P32-14_20_GML.zip","P32/P32-14/P32-14_20_GML.zip"
"都道府県指定文化財","P32-14_21_GML.zip","P32/P32-14/P32-14_21_GML.zip"
"都道府県指定文化財","P32-14_22_GML.zip","P32/P32-14/P32-14_22_GML.zip"
"都道府県指定文化財","P32-14_23_GML.zip","P32/P32-14/P32-14_23_GML.zip"
"都道府県指定文化財","P32-14_24_GML.zip","P32/P32-14/P32-14_24_GML.zip"
"都道府県指定文化財","P32-14_25_GML.zip","P32/P32-14/P32-14_25_GML.zip"
"都道府県指定文化財","P32-14_26_GML.zip","P32/P32-14/P32-14_26_GML.zip"
"都道府県指定文化財","P32-14_27_GML.zip","P32/P32-14/P32-14_27_GML.zip"
"都道府県指定文化財","P32-14_28_GML.zip","P32/P32-14/P32-14_28_GML.zip"
"都道府県指定文化財","P32-14_30_GML.zip","P32/P32-14/P32-14_30_GML.zip"
"都道府県指定文化財","P32-14_31_GML.zip","P32/P32-14/P32-14_31_GML.zip"
"都道府県指定文化財","P32-14_32_GML.zip","P32/P32-14/P32-14_32_GML.zip"
"都道府県指定文化財","P32-14_33_GML.zip","P32/P32-14/P32-14_33_GML.zip"
"都道府県指定文化財","P32-14_34_GML.zip","P32/P32-14/P32-14_34_GML.zip"
"都道府県指定文化財","P32-14_35_GML.zip","P32/P32-14/P32-14_35_GML.zip"
"都道府県指定文化財","P32-14_36_GML.zip","P32/P32-14/P32-14_36_GML.zip"
"都道府県指定文化財","P32-14_37_GML.zip","P32/P32-14/P32-14_37_GML.zip"
"都道府県指定文化財","P32-14_38_GML.zip","P32/P32-14/P32-14_38_GML.zip"
"都道府県指定文化財","P32-14_39_GML.zip","P32/P32-14/P32-14_39_GML.zip"
"都道府県指定文化財","P32-14_40_GML.zip","P32/P32-14/P32-14_40_GML.zip"
"都道府県指定文化財","P32-14_41_GML.zip","P32/P32-14/P32-14_41_GML.zip"
"都道府県指定文化財","P32-14_42_GML.zip","P32/P32-14/P32-14_42_GML.zip"
"都道府県指定文化財","P32-14_43_GML.zip","P32/P32-14/P32-14_43_GML.zip"
"都道府県指定文化財","P32-14_45_GML.zip","P32/P32-14/P32-14_45_GML.zip"
"都道府県指定文化財","P32-14_46_GML.zip","P32/P32-14/P32-14_46_GML.zip"
"都道府県指定文化財","P32-14_47_GML.zip","P32/P32-14/P32-14_47_GML.zip"
"世界文化遺産","A34-230328_GML.zip","A34/A34-22/A34-230328_GML.zip"
"世界自然遺産","A28-22_GML.zip","A28/A28-22/A28-22_GML.zip"
"観光資源","P12-14_GML.zip","P12/P12-14/P12-14_GML.zip"
"地域資源","P19-12_01_GML.zip","P19/P19-12/P19-12_01_GML.zip"
"地域資源","P19-12_02_GML.zip","P19/P19-12/P19-12_02_GML.zip"
"地域資源","P19-12_03_GML.zip","P19/P19-12/P19-12_03_GML.zip"
"地域資源","P19-12_04_GML.zip","P19/P19-12/P19-12_04_GML.zip"
"地域資源","P19-12_05_GML.zip","P19/P19-12/P19-12_05_GML.zip"
"地域資源","P19-12_06_GML.zip","P19/P19-12/P19-12_06_GML.zip"
"地域資源","P19-12_07_GML.zip","P19/P19-12/P19-12_07_GML.zip"
"地域資源","P19-12_08_GML.zip","P19/P19-12/P19-12_08_GML.zip"
"地域資源","P19-12_09_GML.zip","P19/P19-12/P19-12_09_GML.zip"
"地域資源","P19-12_10_GML.zip","P19/P19-12/P19-12_10_GML.zip"
"地域資源","P19-12_11_GML.zip","P19/P19-12/P19-12_11_GML.zip"
"地域資源","P19-12_12_GML.zip","P19/P19-12/P19-12_12_GML.zip"
"地域資源","P19-12_13_GML.zip","P19/P19-12/P19-12_13_GML.zip"
"地域資源","P19-12_14_GML.zip","P19/P19-12/P19-12_14_GML.zip"
"地域資源","P19-12_15_GML.zip","P19/P19-12/P19-12_15_GML.zip"
"地域資源","P19-12_16_GML.zip","P19/P19-12/P19-12_16_GML.zip"
"地域資源","P19-12_17_GML.zip","P19/P19-12/P19-12_17_GML.zip"
"地域資源","P19-12_18_GML.zip","P19/P19-12/P19-12_18_GML.zip"
"地域資源","P19-12_19_GML.zip","P19/P19-12/P19-12_19_GML.zip"
"地域資源","P19-12_20_GML.zip","P19/P19-12/P19-12_20_GML.zip"
"地域資源","P19-12_21_GML.zip","P19/P19-12/P19-12_21_GML.zip"
"地域資源","P19-12_22_GML.zip","P19/P19-12/P19-12_22_GML.zip"
"地域資源","P19-12_23_GML.zip","P19/P19-12/P19-12_23_GML.zip"
"地域資源","P19-12_24_GML.zip","P19/P19-12/P19-12_24_GML.zip"
"地域資源","P19-12_25_GML.zip","P19/P19-12/P19-12_25_GML.zip"
"地域資源","P19-12_26_GML.zip","P19/P19-12/P19-12_26_GML.zip"
"地域資源","P19-12_27_GML.zip","P19/P19-12/P19-12_27_GML.zip"
"地域資源","P19-12_28_GML.zip","P19/P19-12/P19-12_28_GML.zip"
"地域資源","P19-12_29_GML.zip","P19/P19-12/P19-12_29_GML.zip"
"地域資源","P19-12_30_GML.zip","P19/P19-12/P19-12_30_GML.zip"
"地域資源","P19-12_31_GML.zip","P19/P19-12/P19-12_31_GML.zip"
"地域資源","P19-12_32_GML.zip","P19/P19-12/P19-12_32_GML.zip"
"地域資源","P19-12_33_GML.zip","P19/P19-12/P19-12_33_GML.zip"
"地域資源","P19-12_34_GML.zip","P19/P19-12/P19-12_34_GML.zip"
"地域資源","P19-12_35_GML.zip","P19/P19-12/P19-12_35_GML.zip"
"地域資源","P19-12_36_GML.zip","P19/P19-12/P19-12_36_GML.zip"
"地域資源","P19-12_37_GML.zip","P19/P19-12/P19-12_37_GML.zip"
"地域資源","P19-12_38_GML.zip","P19/P19-12/P19-12_38_GML.zip"
"地域資源","P19-12_39_GML.zip","P19/P19-12/P19-12_39_GML.zip"
"地域資源","P19-12_40_GML.zip","P19/P19-12/P19-12_40_GML.zip"
"地域資源","P19-12_41_GML.zip","P19/P19-12/P19-12_41_GML.zip"
"地域資源","P19-12_42_GML.zip","P19/P19-12/P19-12_42_GML.zip"
"地域資源","P19-12_43_GML.zip","P19/P19-12/P19-12_43_GML.zip"
"地域資源","P19-12_44_GML.zip","P19/P19-12/P19-12_44_GML.zip"
"地域資源","P19-12_45_GML.zip","P19/P19-12/P19-12_45_GML.zip"
"地域資源","P19-12_46_GML.zip","P19/P19-12/P19-12_46_GML.zip"
"地域資源","P19-12_47_GML.zip","P19/P19-12/P19-12_47_GML.zip"
"自然公園地域","A10-10_GML.zip","A10/A10-10/A10-10_GML.zip"
"自然保全地域","A11-15_01_GML.zip","A11/A11-15/A11-15_01_GML.zip"
"自然保全地域","A11-15_02_GML.zip","A11/A11-15/A11-15_02_GML.zip"
"自然保全地域","A11-15_03_GML.zip","A11/A11-15/A11-15_03_GML.zip"
"自然保全地域","A11-15_04_GML.zip","A11/A11-15/A11-15_04_GML.zip"
"自然保全地域","A11-15_05_GML.zip","A11/A11-15/A11-15_05_GML.zip"
"自然保全地域","A11-15_06_GML.zip","A11/A11-15/A11-15_06_GML.zip"
"自然保全地域","A11-15_07_GML.zip","A11/A11-15/A11-15_07_GML.zip"
"自然保全地域","A11-15_08_GML.zip","A11/A11-15/A11-15_08_GML.zip"
"自然保全地域","A11-15_09_GML.zip","A11/A11-15/A11-15_09_GML.zip"
"自然保全地域","A11-15_10_GML.zip","A11/A11-15/A11-15_10_GML.zip"
"自然保全地域","A11-15_11_GML.zip","A11/A11-15/A11-15_11_GML.zip"
"自然保全地域","A11-15_12_GML.zip","A11/A11-15/A11-15_12_GML.zip"
"自然保全地域","A11-15_13_GML.zip","A11/A11-15/A11-15_13_GML.zip"
"自然保全地域","A11-15_14_GML.zip","A11/A11-15/A11-15_14_GML.zip"
"自然保全地域","A11-15_15_GML.zip","A11/A11-15/A11-15_15_GML.zip"
"自然保全地域","A11-15_16_GML.zip","A11/A11-15/A11-15_16_GML.zip"
"自然保全地域","A11-15_17_GML.zip","A11/A11-15/A11-15_17_GML.zip"
"自然保全地域","A11-15_18_GML.zip","A11/A11-15/A11-15_18_GML.zip"
"自然保全地域","A11-15_19_GML.zip","A11/A11-15/A11-15_19_GML.zip"
"自然保全地域","A11-15_20_GML.zip","A11/A11-15/A11-15_20_GML.zip"
"自然保全地域","A11-15_21_GML.zip","A11/A11-15/A11-15_21_GML.zip"
"自然保全地域","A11-15_22_GML.zip","A11/A11-15/A11-15_22_GML.zip"
"自然保全地域","A11-15_23_GML.zip","A11/A11-15/A11-15_23_GML.zip"
"自然保全地域","A11-15_24_GML.zip","A11/A11-15/A11-15_24_GML.zip"
"自然保全地域","A11-15_25_GML.zip","A11/A11-15/A11-15_25_GML.zip"
"自然保全地域","A11-15_26_GML.zip","A11/A11-15/A11-15_26_GML.zip"
"自然保全地域","A11-15_27_GML.zip","A11/A11-15/A11-15_27_GML.zip"
"自然保全地域","A11-15_28_GML.zip","A11/A11-15/A11-15_28_GML.zip"
"自然保全地域","A11-15_29_GML.zip","A11/A11-15/A11-15_29_GML.zip"
"自然保全地域","A11-15_30_GML.zip","A11/A11-15/A11-15_30_GML.zip"
"自然保全地域","A11-15_31_GML.zip","A11/A11-15/A11-15_31_GML.zip"
"自然保全地域","A11-15_32_GML.zip","A11/A11-15/A11-15_32_GML.zip"
"自然保全地域","A11-15_33_GML.zip","A11/A11-15/A11-15_33_GML.zip"
"自然保全地域","A11-15_34_GML.zip","A11/A11-15/A11-15_34_GML.zip"
"自然保全地域","A11-15_35_GML.zip","A11/A11-15/A11-15_35_GML.zip"
"自然保全地域","A11-15_36_GML.zip","A11/A11-15/A11-15_36_GML.zip"
"自然保全地域","A11-15_37_GML.zip","A11/A11-15/A11-15_37_GML.zip"
"自然保全地域","A11-15_38_GML.zip","A11/A11-15/A11-15_38_GML.zip"
"自然保全地域","A11-15_39_GML.zip","A11/A11-15/A11-15_39_GML.zip"
"自然保全地域","A11-15_40_GML.zip","A11/A11-15/A11-15_40_GML.zip"
"自然保全地域","A11-15_41_GML.zip","A11/A11-15/A11-15_41_GML.zip"
"自然保全地域","A11-15_42_GML.zip","A11/A11-15/A11-15_42_GML.zip"
"自然保全地域","A11-15_43_GML.zip","A11/A11-15/A11-15_43_GML.zip"
"自然保全地域","A11-15_44_GML.zip","A11/A11-15/A11-15_44_GML.zip"
"自然保全地域","A11-15_45_GML.zip","A11/A11-15/A11-15_45_GML.zip"
"自然保全地域","A11-15_46_GML.zip","A11/A11-15/A11-15_46_GML.zip"
"自然保全地域","A11-15_47_GML.zip","A11/A11-15/A11-15_47_GML.zip"
"鳥獣保護区","A15-15_01_GML.zip","A15/A15-15/A15-15_01_GML.zip"
"鳥獣保護区","A15-15_02_GML.zip","A15/A15-15/A15-15_02_GML.zip"
"鳥獣保護区","A15-15_03_GML.zip","A15/A15-15/A15-15_03_GML.zip"
"鳥獣保護区","A15-15_04_GML.zip","A15/A15-15/A15-15_04_GML.zip"
"鳥獣保護区","A15-15_05_GML.zip","A15/A15-15/A15-15_05_GML.zip"
"鳥獣保護区","A15-15_06_GML.zip","A15/A15-15/A15-15_06_GML.zip"
"鳥獣保護区","A15-15_07_GML.zip","A15/A15-15/A15-15_07_GML.zip"
"鳥獣保護区","A15-15_08_GML.zip","A15/A15-15/A15-15_08_GML.zip"
"鳥獣保護区","A15-15_09_GML.zip","A15/A15-15/A15-15_09_GML.zip"
"鳥獣保護区","A15-15_10_GML.zip","A15/A15-15/A15-15_10_GML.zip"
"鳥獣保護区","A15-15_11_GML.zip","A15/A15-15/A15-15_11_GML.zip"
"鳥獣保護区","A15-15_12_GML.zip","A15/A15-15/A15-15_12_GML.zip"
"鳥獣保護区","A15-15_13_GML.zip","A15/A15-15/A15-15_13_GML.zip"
"鳥獣保護区","A15-15_14_GML.zip","A15/A15-15/A15-15_14_GML.zip"
"鳥獣保護区","A15-15_15_GML.zip","A15/A15-15/A15-15_15_GML.zip"
"鳥獣保護区","A15-15_16_GML.zip","A15/A15-15/A15-15_16_GML.zip"
"鳥獣保護区","A15-15_17_GML.zip","A15/A15-15/A15-15_17_GML.zip"
"鳥獣保護区","A15-15_18_GML.zip","A15/A15-15/A15-15_18_GML.zip"
"鳥獣保護区","A15-15_19_GML.zip","A15/A15-15/A15-15_19_GML.zip"
"鳥獣保護区","A15-15_20_GML.zip","A15/A15-15/A15-15_20_GML.zip"
"鳥獣保護区","A15-15_21_GML.zip","A15/A15-15/A15-15_21_GML.zip"
"鳥獣保護区","A15-15_22_GML.zip","A15/A15-15/A15-15_22_GML.zip"
"鳥獣保護区","A15-15_23_GML.zip","A15/A15-15/A15-15_23_GML.zip"
"鳥獣保護区","A15-15_24_GML.zip","A15/A15-15/A15-15_24_GML.zip"
"鳥獣保護区","A15-15_25_GML.zip","A15/A15-15/A15-15_25_GML.zip"
"鳥獣保護区","A15-15_26_GML.zip","A15/A15-15/A15-15_26_GML.zip"
"鳥獣保護区","A15-15_27_GML.zip","A15/A15-15/A15-15_27_GML.zip"
"鳥獣保護区","A15-15_28_GML.zip","A15/A15-15/A15-15_28_GML.zip"
"鳥獣保護区","A15-15_29_GML.zip","A15/A15-15/A15-15_29_GML.zip"
"鳥獣保護区","A15-15_30_GML.zip","A15/A15-15/A15-15_30_GML.zip"
"鳥獣保護区","A15-09_31_GML.zip","A15/A15-09/A15-09_31_GML.zip"
"鳥獣保護区","A15-15_32_GML.zip","A15/A15-15/A15-15_32_GML.zip"
"鳥獣保護区","A15-15_33_GML.zip","A15/A15-15/A15-15_33_GML.zip"
"鳥獣保護区","A15-15_34_GML.zip","A15/A15-15/A15-15_34_GML.zip"
"鳥獣保護区","A15-15_35_GML.zip","A15/A15-15/A15-15_35_GML.zip"
"鳥獣保護区","A15-15_36_GML.zip","A15/A15-15/A15-15_36_GML.zip"
"鳥獣保護区","A15-15_37_GML.zip","A15/A15-15/A15-15_37_GML.zip"
"鳥獣保護区","A15-15_38_GML.zip","A15/A15-15/A15-15_38_GML.zip"
"鳥獣保護区","A15-15_39_GML.zip","A15/A15-15/A15-15_39_GML.zip"
"鳥獣保護区","A15-15_40_GML.zip","A15/A15-15/A15-15_40_GML.zip"
"鳥獣保護区","A15-15_41_GML.zip","A15/A15-15/A15-15_41_GML.zip"
"鳥獣保護区","A15-15_42_GML.zip","A15/A15-15/A15-15_42_GML.zip"
"鳥獣保護区","A15-15_43_GML.zip","A15/A15-15/A15-15_43_GML.zip"
"鳥獣保護区","A15-15_44_GML.zip","A15/A15-15/A15-15_44_GML.zip"
"鳥獣保護区","A15-09_45_GML.zip","A15/A15-09/A15-09_45_GML.zip"
"鳥獣保護区","A15-15_46_GML.zip","A15/A15-15/A15-15_46_GML.zip"
"鳥獣保護区","A15-15_47_GML.zip","A15/A15-15/A15-15_47_GML.zip"
"高速道路時系列","N06-25_GML.zip","N06/N06-25/N06-25_GML.zip"
"高速道路時系列","N06-13.zip","N06/N06-13/N06-13.zip"
"緊急輸送道路","N10-24_GML.zip","N10/N10-24/N10-24_GML.zip"
"重要物流道路","N12-21_52_GML.zip","N12/N12-21/N12-21_52_GML.zip"
"重要物流道路","N12-21_53_GML.zip","N12/N12-21/N12-21_53_GML.zip"
"重要物流道路","N12-21_54_GML.zip","N12/N12-21/N12-21_54_GML.zip"
"重要物流道路","N12-21_55_GML.zip","N12/N12-21/N12-21_55_GML.zip"
"重要物流道路","N12-21_56_GML.zip","N12/N12-21/N12-21_56_GML.zip"
"重要物流道路","N12-21_57_GML.zip","N12/N12-21/N12-21_57_GML.zip"
"重要物流道路","N12-21_58_GML.zip","N12/N12-21/N12-21_58_GML.zip"
"重要物流道路","N12-21_59_GML.zip","N12/N12-21/N12-21_59_GML.zip"
"高速バス停留所","P36-23_GML.zip","P36/P36-23//P36-23_GML.zip"
"高速バス停留所","P36-23_SHP.zip","P36/P36-23//P36-23_SHP.zip"
"バス停留所","P11-22_GML.zip","P11/P11-22/P11-22_GML.zip"
"バス停留所","P11-22_SHP.zip","P11/P11-22/P11-22_SHP.zip"
"バスルート","N07-22_GML.zip","N07/N07-22/N07-22_GML.zip"
"バスルート","N07-22_SHP.zip","N07/N07-22/N07-22_SHP.zip"
"鉄道","N02-25_GML.zip","N02/N02-25/N02-25_GML.zip"
"鉄道","N02-13.zip","N02/N02-13/N02-13.zip"
"鉄道時系列","N05-25_GML.zip","N05/N05-25/N05-25_GML.zip"
"鉄道時系列","N05-13.zip","N05/N05-13/N05-13.zip"
"駅別乗降客数","S12-25_GML.zip","S12/S12-25/S12-25_GML.zip"
"駅別乗降客数","S12-13.zip","S12/S12-13/S12-13.zip"
"交通流動量_駅別乗降数","S05-c-10_SYUTO_GML.zip","S05-c/S05-c-10/S05-c-10_SYUTO_GML.zip"
"交通流動量_駅別乗降数","S05-c-12_KINKI_GML.zip","S05-c/S05-c-12/S05-c-12_KINKI_GML.zip"
"空港","C28-21_GML.zip","C28/C28-21/C28-21_GML.zip"
"空港","C28-13.zip","C28/C28-13/C28-13.zip"
"空港時系列","N08-21_GML.zip","N08/N08-21/N08-21_GML.zip"
"空港時系列","N08-13.zip","N08/N08-13/N08-13.zip"
"空港間流通量","S10b-14_GML.zip","S10b/S10b-14/S10b-14_GML.zip"
"ヘリポート","N11-13_01.zip","N11/N11-13/N11-13_01.zip"
"ヘリポート","N11-13_02.zip","N11/N11-13/N11-13_02.zip"
"ヘリポート","N11-13_03.zip","N11/N11-13/N11-13_03.zip"
"ヘリポート","N11-13_04.zip","N11/N11-13/N11-13_04.zip"
"ヘリポート","N11-13_05.zip","N11/N11-13/N11-13_05.zip"
"ヘリポート","N11-13_06.zip","N11/N11-13/N11-13_06.zip"
"ヘリポート","N11-13_07.zip","N11/N11-13/N11-13_07.zip"
"ヘリポート","N11-13_08.zip","N11/N11-13/N11-13_08.zip"
"ヘリポート","N11-13_09.zip","N11/N11-13/N11-13_09.zip"
"ヘリポート","N11-13_10.zip","N11/N11-13/N11-13_10.zip"
"ヘリポート","N11-13_11.zip","N11/N11-13/N11-13_11.zip"
"ヘリポート","N11-13_12.zip","N11/N11-13/N11-13_12.zip"
"ヘリポート","N11-13_13.zip","N11/N11-13/N11-13_13.zip"
"ヘリポート","N11-13_14.zip","N11/N11-13/N11-13_14.zip"
"ヘリポート","N11-13_15.zip","N11/N11-13/N11-13_15.zip"
"ヘリポート","N11-13_16.zip","N11/N11-13/N11-13_16.zip"
"ヘリポート","N11-13_17.zip","N11/N11-13/N11-13_17.zip"
"ヘリポート","N11-13_18.zip","N11/N11-13/N11-13_18.zip"
"ヘリポート","N11-13_19.zip","N11/N11-13/N11-13_19.zip"
"ヘリポート","N11-13_20.zip","N11/N11-13/N11-13_20.zip"
"ヘリポート","N11-13_21.zip","N11/N11-13/N11-13_21.zip"
"ヘリポート","N11-13_22.zip","N11/N11-13/N11-13_22.zip"
"ヘリポート","N11-13_23.zip","N11/N11-13/N11-13_23.zip"
"ヘリポート","N11-13_24.zip","N11/N11-13/N11-13_24.zip"
"ヘリポート","N11-13_25.zip","N11/N11-13/N11-13_25.zip"
"ヘリポート","N11-13_26.zip","N11/N11-13/N11-13_26.zip"
"ヘリポート","N11-13_27.zip","N11/N11-13/N11-13_27.zip"
"ヘリポート","N11-13_28.zip","N11/N11-13/N11-13_28.zip"
"ヘリポート","N11-13_29.zip","N11/N11-13/N11-13_29.zip"
"ヘリポート","N11-13_30.zip","N11/N11-13/N11-13_30.zip"
"ヘリポート","N11-13_31.zip","N11/N11-13/N11-13_31.zip"
"ヘリポート","N11-13_32.zip","N11/N11-13/N11-13_32.zip"
"ヘリポート","N11-13_33.zip","N11/N11-13/N11-13_33.zip"
"ヘリポート","N11-13_34.zip","N11/N11-13/N11-13_34.zip"
"ヘリポート","N11-13_35.zip","N11/N11-13/N11-13_35.zip"
"ヘリポート","N11-13_36.zip","N11/N11-13/N11-13_36.zip"
"ヘリポート","N11-13_37.zip","N11/N11-13/N11-13_37.zip"
"ヘリポート","N11-13_38.zip","N11/N11-13/N11-13_38.zip"
"ヘリポート","N11-13_39.zip","N11/N11-13/N11-13_39.zip"
"ヘリポート","N11-13_40.zip","N11/N11-13/N11-13_40.zip"
"ヘリポート","N11-13_41.zip","N11/N11-13/N11-13_41.zip"
"ヘリポート","N11-13_42.zip","N11/N11-13/N11-13_42.zip"
"ヘリポート","N11-13_43.zip","N11/N11-13/N11-13_43.zip"
"ヘリポート","N11-13_44.zip","N11/N11-13/N11-13_44.zip"
"ヘリポート","N11-13_45.zip","N11/N11-13/N11-13_45.zip"
"ヘリポート","N11-13_46.zip","N11/N11-13/N11-13_46.zip"
"ヘリポート","N11-13_47.zip","N11/N11-13/N11-13_47.zip"
"港湾","C02-14_GML.zip","C02/C02-14/C02-14_GML.zip"
"漁港","C09-06_GML.zip","C09/C09-06/C09-06_GML.zip"
"港湾間流通量・海上経路","S10a-16_GML.zip","S10a/S10a-16/S10a-16_GML.zip"
"定期旅客航路","N09-12_GML.zip","N09/N09-12/N09-12_GML.zip"
"発生・集中量","S05-a-10_SYUTO_GML.zip","S05-a/S05-a-10/S05-a-10_SYUTO_GML.zip"
"発生・集中量","S05-a-10_CHUBU_GML.zip","S05-a/S05-a-10/S05-a-10_CHUBU_GML.zip"
"発生・集中量","S05-a-12_KINKI_GML.zip","S05-a/S05-a-12/S05-a-12_KINKI_GML.zip"
"発生・集中量","S05-a-13_CHUBU-g.zip","S05-a/S05-a-13/S05-a-13_CHUBU-g.zip"
"ＯＤ量","S05-b-10_SYUTO_GML.zip","S05-b/S05-b-10/S05-b-10_SYUTO_GML.zip"
"ＯＤ量","S05-b-10_CHUBU_GML.zip","S05-b/S05-b-10/S05-b-10_CHUBU_GML.zip"
"ＯＤ量","S05-b-12_KINKI_GML.zip","S05-b/S05-b-12/S05-b-12_KINKI_GML.zip"
"ＯＤ量","S05-b-13_CHUBU-g.zip","S05-b/S05-b-13/S05-b-13_CHUBU-g.zip"
"貨物旅客地域流動量","S05-d-18_GML.zip","S05-d/S05-d-18/S05-d-18_GML.zip"
"貨物旅客地域流動量","S05-d-11-g.zip","S05-d/S05-d-11/S05-d-11-g.zip"
"1kmメッシュ別将来推計人口（H29国政局推計）","m1000-17_GML.zip","m1000/m1000-17/m1000-17_GML.zip"
"500mメッシュ別将来推計人口（H29国政局推計）","m500-17_GML.zip","m500/m500-17/m500-17_GML.zip"