"title","filename","url"
"流域メッシュ","W07-09_3036-jgd_GML.zip","W07/W07-09/W07-09_3036-jgd_GML.zip"
"流域メッシュ","W07-09_3623-jgd_GML.zip","W07/W07-09/W07-09_3623-jgd_GML.zip"
"流域メッシュ","W07-09_3624-jgd_GML.zip","W07/W07-09/W07-09_3624-jgd_GML.zip"
"流域メッシュ","W07-09_3641-jgd_GML.zip","W07/W07-09/W07-09_3641-jgd_GML.zip"
"流域メッシュ","W07-09_3653-jgd_GML.zip","W07/W07-09/W07-09_3653-jgd_GML.zip"
"流域メッシュ","W07-09_3741-jgd_GML.zip","W07/W07-09/W07-09_3741-jgd_GML.zip"
"流域メッシュ","W07-09_3841-jgd_GML.zip","W07/W07-09/W07-09_3841-jgd_GML.zip"
"流域メッシュ","W07-09_3927-jgd_GML.zip","W07/W07-09/W07-09_3927-jgd_GML.zip"
"流域メッシュ","W07-09_3928-jgd_GML.zip","W07/W07-09/W07-09_3928-jgd_GML.zip"
"流域メッシュ","W07-09_3942-jgd_GML.zip","W07/W07-09/W07-09_3942-jgd_GML.zip"
"流域メッシュ","W07-09_4027-jgd_GML.zip","W07/W07-09/W07-09_4027-jgd_GML.zip"
"流域メッシュ","W07-09_4028-jgd_GML.zip","W07/W07-09/W07-09_4028-jgd_GML.zip"
"流域メッシュ","W07-09_4040-jgd_GML.zip","W07/W07-09/W07-09_4040-jgd_GML.zip"
"流域メッシュ","W07-09_4042-jgd_GML.zip","W07/W07-09/W07-09_4042-jgd_GML.zip"
"流域メッシュ","W07-09_4142-jgd_GML.zip","W07/W07-09/W07-09_4142-jgd_GML.zip"
"流域メッシュ","W07-09_4440-jgd_GML.zip","W07/W07-09/W07-09_4440-jgd_GML.zip"
"流域メッシュ","W07-09_4530-jgd_GML.zip","W07/W07-09/W07-09_4530-jgd_GML.zip"
"流域メッシュ","W07-09_4531-jgd_GML.zip","W07/W07-09/W07-09_4531-jgd_GML.zip"
"流域メッシュ","W07-09_4540-jgd_GML.zip","W07/W07-09/W07-09_4540-jgd_GML.zip"
"流域メッシュ","W07-09_4630-jgd_GML.zip","W07/W07-09/W07-09_4630-jgd_GML.zip"
"流域メッシュ","W07-09_4631-jgd_GML.zip","W07/W07-09/W07-09_4631-jgd_GML.zip"
"流域メッシュ","W07-09_4729-jgd_GML.zip","W07/W07-09/W07-09_4729-jgd_GML.zip"
"流域メッシュ","W07-09_4730-jgd_GML.zip","W07/W07-09/W07-09_4730-jgd_GML.zip"
"流域メッシュ","W07-09_4731-jgd_GML.zip","W07/W07-09/W07-09_4731-jgd_GML.zip"
"流域メッシュ","W07-09_4739-jgd_GML.zip","W07/W07-09/W07-09_4739-jgd_GML.zip"
"流域メッシュ","W07-09_4740-jgd_GML.zip","W07/W07-09/W07-09_4740-jgd_GML.zip"
"流域メッシュ","W07-09_4828-jgd_GML.zip","W07/W07-09/W07-09_4828-jgd_GML.zip"
"流域メッシュ","W07-09_4829-jgd_GML.zip","W07/W07-09/W07-09_4829-jgd_GML.zip"
"流域メッシュ","W07-09_4830-jgd_GML.zip","W07/W07-09/W07-09_4830-jgd_GML.zip"
"流域メッシュ","W07-09_4831-jgd_GML.zip","W07/W07-09/W07-09_4831-jgd_GML.zip"
"流域メッシュ","W07-09_4839-jgd_GML.zip","W07/W07-09/W07-09_4839-jgd_GML.zip"
"流域メッシュ","W07-09_4928-jgd_GML.zip","W07/W07-09/W07-09_4928-jgd_GML.zip"
"流域メッシュ","W07-09_4929-jgd_GML.zip","W07/W07-09/W07-09_4929-jgd_GML.zip"
"流域メッシュ","W07-09_4930-jgd_GML.zip","W07/W07-09/W07-09_4930-jgd_GML.zip"
"流域メッシュ","W07-09_4931-jgd_GML.zip","W07/W07-09/W07-09_4931-jgd_GML.zip"
"流域メッシュ","W07-09_4932-jgd_GML.zip","W07/W07-09/W07-09_4932-jgd_GML.zip"
"流域メッシュ","W07-09_4933-jgd_GML.zip","W07/W07-09/W07-09_4933-jgd_GML.zip"
"流域メッシュ","W07-09_4934-jgd_GML.zip","W07/W07-09/W07-09_4934-jgd_GML.zip"
"流域メッシュ","W07-09_4939-jgd_GML.zip","W07/W07-09/W07-09_4939-jgd_GML.zip"
"流域メッシュ","W07-09_5029-jgd_GML.zip","W07/W07-09/W07-09_5029-jgd_GML.zip"
"流域メッシュ","W07-09_5030-jgd_GML.zip","W07/W07-09/W07-09_5030-jgd_GML.zip"
"流域メッシュ","W07-09_5031-jgd_GML.zip","W07/W07-09/W07-09_5031-jgd_GML.zip"
"流域メッシュ","W07-09_5032-jgd_GML.zip","W07/W07-09/W07-09_5032-jgd_GML.zip"
"流域メッシュ","W07-09_5033-jgd_GML.zip","W07/W07-09/W07-09_5033-jgd_GML.zip"
"流域メッシュ","W07-09_5034-jgd_GML.zip","W07/W07-09/W07-09_5034-jgd_GML.zip"
"流域メッシュ","W07-09_5035-jgd_GML.zip","W07/W07-09/W07-09_5035-jgd_GML.zip"
"流域メッシュ","W07-09_5036-jgd_GML.zip","W07/W07-09/W07-09_5036-jgd_GML.zip"
"流域メッシュ","W07-09_5038-jgd_GML.zip","W07/W07-09/W07-09_5038-jgd_GML.zip"
"流域メッシュ","W07-09_5039-jgd_GML.zip","W07/W07-09/W07-09_5039-jgd_GML.zip"
"流域メッシュ","W07-09_5129-jgd_GML.zip","W07/W07-09/W07-09_5129-jgd_GML.zip"
"流域メッシュ","W07-09_5130-jgd_GML.zip","W07/W07-09/W07-09_5130-jgd_GML.zip"
"流域メッシュ","W07-09_5131-jgd_GML.zip","W07/W07-09/W07-09_5131-jgd_GML.zip"
"流域メッシュ","W07-09_5132-jgd_GML.zip","W07/W07-09/W07-09_5132-jgd_GML.zip"
"流域メッシュ","W07-09_5133-jgd_GML.zip","W07/W07-09/W07-09_5133-jgd_GML.zip"
"流域メッシュ","W07-09_5134-jgd_GML.zip","W07/W07-09/W07-09_5134-jgd_GML.zip"
"流域メッシュ","W07-09_5135-jgd_GML.zip","W07/W07-09/W07-09_5135-jgd_GML.zip"
"流域メッシュ","W07-09_5136-jgd_GML.zip","W07/W07-09/W07-09_5136-jgd_GML.zip"
"流域メッシュ","W07-09_5137-jgd_GML.zip","W07/W07-09/W07-09_5137-jgd_GML.zip"
"流域メッシュ","W07-09_5138-jgd_GML.zip","W07/W07-09/W07-09_5138-jgd_GML.zip"
"流域メッシュ","W07-09_5139-jgd_GML.zip","W07/W07-09/W07-09_5139-jgd_GML.zip"
"流域メッシュ","W07-09_5229-jgd_GML.zip","W07/W07-09/W07-09_5229-jgd_GML.zip"
"流域メッシュ","W07-09_5231-jgd_GML.zip","W07/W07-09/W07-09_5231-jgd_GML.zip"
"流域メッシュ","W07-09_5232-jgd_GML.zip","W07/W07-09/W07-09_5232-jgd_GML.zip"
"流域メッシュ","W07-09_5233-jgd_GML.zip","W07/W07-09/W07-09_5233-jgd_GML.zip"
"流域メッシュ","W07-09_5234-jgd_GML.zip","W07/W07-09/W07-09_5234-jgd_GML.zip"
"流域メッシュ","W07-09_5235-jgd_GML.zip","W07/W07-09/W07-09_5235-jgd_GML.zip"
"流域メッシュ","W07-09_5236-jgd_GML.zip","W07/W07-09/W07-09_5236-jgd_GML.zip"
"流域メッシュ","W07-09_5237-jgd_GML.zip","W07/W07-09/W07-09_5237-jgd_GML.zip"
"流域メッシュ","W07-09_5238-jgd_GML.zip","W07/W07-09/W07-09_5238-jgd_GML.zip"
"流域メッシュ","W07-09_5239-jgd_GML.zip","W07/W07-09/W07-09_5239-jgd_GML.zip"
"流域メッシュ","W07-09_5240-jgd_GML.zip","W07/W07-09/W07-09_5240-jgd_GML.zip"
"流域メッシュ","W07-09_5332-jgd_GML.zip","W07/W07-09/W07-09_5332-jgd_GML.zip"
"流域メッシュ","W07-09_5333-jgd_GML.zip","W07/W07-09/W07-09_5333-jgd_GML.zip"
"流域メッシュ","W07-09_5334-jgd_GML.zip","W07/W07-09/W07-09_5334-jgd_GML.zip"
"流域メッシュ","W07-09_5335-jgd_GML.zip","W07/W07-09/W07-09_5335-jgd_GML.zip"
"流域メッシュ","W07-09_5336-jgd_GML.zip","W07/W07-09/W07-09_5336-jgd_GML.zip"
"流域メッシュ","W07-09_5337-jgd_GML.zip","W07/W07-09/W07-09_5337-jgd_GML.zip"
"流域メッシュ","W07-09_5338-jgd_GML.zip","W07/W07-09/W07-09_5338-jgd_GML.zip"
"流域メッシュ","W07-09_5339-jgd_GML.zip","W07/W07-09/W07-09_5339-jgd_GML.zip"
"流域メッシュ","W07-09_5340-jgd_GML.zip","W07/W07-09/W07-09_5340-jgd_GML.zip"
"流域メッシュ","W07-09_5433-jgd_GML.zip","W07/W07-09/W07-09_5433-jgd_GML.zip"
"流域メッシュ","W07-09_5436-jgd_GML.zip","W07/W07-09/W07-09_5436-jgd_GML.zip"
"流域メッシュ","W07-09_5437-jgd_GML.zip","W07/W07-09/W07-09_5437-jgd_GML.zip"
"流域メッシュ","W07-09_5438-jgd_GML.zip","W07/W07-09/W07-09_5438-jgd_GML.zip"
"流域メッシュ","W07-09_5439-jgd_GML.zip","W07/W07-09/W07-09_5439-jgd_GML.zip"
"流域メッシュ","W07-09_5440-jgd_GML.zip","W07/W07-09/W07-09_5440-jgd_GML.zip"
"流域メッシュ","W07-09_5536-jgd_GML.zip","W07/W07-09/W07-09_5536-jgd_GML.zip"
"流域メッシュ","W07-09_5537-jgd_GML.zip","W07/W07-09/W07-09_5537-jgd_GML.zip"
"流域メッシュ","W07-09_5538-jgd_GML.zip","W07/W07-09/W07-09_5538-jgd_GML.zip"
"流域メッシュ","W07-09_5539-jgd_GML.zip","W07/W07-09/W07-09_5539-jgd_GML.zip"
"流域メッシュ","W07-09_5540-jgd_GML.zip","W07/W07-09/W07-09_5540-jgd_GML.zip"
"流域メッシュ","W07-09_5541-jgd_GML.zip","W07/W07-09/W07-09_5541-jgd_GML.zip"
"流域メッシュ","W07-09_5636-jgd_GML.zip","W07/W07-09/W07-09_5636-jgd_GML.zip"
"流域メッシュ","W07-09_5637-jgd_GML.zip","W07/W07-09/W07-09_5637-jgd_GML.zip"
"流域メッシュ","W07-09_5638-jgd_GML.zip","W07/W07-09/W07-09_5638-jgd_GML.zip"
"流域メッシュ","W07-09_5639-jgd_GML.zip","W07/W07-09/W07-09_5639-jgd_GML.zip"
"流域メッシュ","W07-09_5640-jgd_GML.zip","W07/W07-09/W07-09_5640-jgd_GML.zip"
"流域メッシュ","W07-09_5641-jgd_GML.zip","W07/W07-09/W07-09_5641-jgd_GML.zip"
"流域メッシュ","W07-09_5738-jgd_GML.zip","W07/W07-09/W07-09_5738-jgd_GML.zip"
"流域メッシュ","W07-09_5739-jgd_GML.zip","W07/W07-09/W07-09_5739-jgd_GML.zip"
"流域メッシュ","W07-09_5740-jgd_GML.zip","W07/W07-09/W07-09_5740-jgd_GML.zip"
"流域メッシュ","W07-09_5741-jgd_GML.zip","W07/W07-09/W07-09_5741-jgd_GML.zip"
"流域メッシュ","W07-09_5839-jgd_GML.zip","W07/W07-09/W07-09_5839-jgd_GML.zip"
"流域メッシュ","W07-09_5840-jgd_GML.zip","W07/W07-09/W07-09_5840-jgd_GML.zip"
"流域メッシュ","W07-09_5841-jgd_GML.zip","W07/W07-09/W07-09_5841-jgd_GML.zip"
"流域メッシュ","W07-09_5939-jgd_GML.zip","W07/W07-09/W07-09_5939-jgd_GML.zip"
"流域メッシュ","W07-09_5940-jgd_GML.zip","W07/W07-09/W07-09_5940-jgd_GML.zip"
"流域メッシュ","W07-09_5941-jgd_GML.zip","W07/W07-09/W07-09_5941-jgd_GML.zip"
"流域メッシュ","W07-09_5942-jgd_GML.zip","W07/W07-09/W07-09_5942-jgd_GML.zip"
"流域メッシュ","W07-09_6039-jgd_GML.zip","W07/W07-09/W07-09_6039-jgd_GML.zip"
"流域メッシュ","W07-09_6040-jgd_GML.zip","W07/W07-09/W07-09_6040-jgd_GML.zip"
"流域メッシュ","W07-09_6041-jgd_GML.zip","W07/W07-09/W07-09_6041-jgd_GML.zip"
"流域メッシュ","W07-09_6139-jgd_GML.zip","W07/W07-09/W07-09_6139-jgd_GML.zip"
"流域メッシュ","W07-09_6140-jgd_GML.zip","W07/W07-09/W07-09_6140-jgd_GML.zip"
"流域メッシュ","W07-09_6141-jgd_GML.zip","W07/W07-09/W07-09_6141-jgd_GML.zip"
"流域メッシュ","W07-09_6239-jgd_GML.zip","W07/W07-09/W07-09_6239-jgd_GML.zip"
"流域メッシュ","W07-09_6240-jgd_GML.zip","W07/W07-09/W07-09_6240-jgd_GML.zip"
"流域メッシュ","W07-09_6241-jgd_GML.zip","W07/W07-09/W07-09_6241-jgd_GML.zip"
"流域メッシュ","W07-09_6243-jgd_GML.zip","W07/W07-09/W07-09_6243-jgd_GML.zip"
"流域メッシュ","W07-09_6339-jgd_GML.zip","W07/W07-09/W07-09_6339-jgd_GML.zip"
"流域メッシュ","W07-09_6340-jgd_GML.zip","W07/W07-09/W07-09_6340-jgd_GML.zip"
"流域メッシュ","W07-09_6341-jgd_GML.zip","W07/W07-09/W07-09_6341-jgd_GML.zip"
"流域メッシュ","W07-09_6342-jgd_GML.zip","W07/W07-09/W07-09_6342-jgd_GML.zip"
"流域メッシュ","W07-09_6343-jgd_GML.zip","W07/W07-09/W07-09_6343-jgd_GML.zip"
"流域メッシュ","W07-09_6439-jgd_GML.zip","W07/W07-09/W07-09_6439-jgd_GML.zip"
"流域メッシュ","W07-09_6440-jgd_GML.zip","W07/W07-09/W07-09_6440-jgd_GML.zip"
"流域メッシュ","W07-09_6441-jgd_GML.zip","W07/W07-09/W07-09_6441-jgd_GML.zip"
"流域メッシュ","W07-09_6442-jgd_GML.zip","W07/W07-09/W07-09_6442-jgd_GML.zip"
"流域メッシュ","W07-09_6443-jgd_GML.zip","W07/W07-09/W07-09_6443-jgd_GML.zip"
"流域メッシュ","W07-09_6444-jgd_GML.zip","W07/W07-09/W07-09_6444-jgd_GML.zip"
"流域メッシュ","W07-09_6445-jgd_GML.zip","W07/W07-09/W07-09_6445-jgd_GML.zip"
"流域メッシュ","W07-09_6540-jgd_GML.zip","W07/W07-09/W07-09_6540-jgd_GML.zip"
"流域メッシュ","W07-09_6541-jgd_GML.zip","W07/W07-09/W07-09_6541-jgd_GML.zip"
"流域メッシュ","W07-09_6542-jgd_GML.zip","W07/W07-09/W07-09_6542-jgd_GML.zip"
"流域メッシュ","W07-09_6543-jgd_GML.zip","W07/W07-09/W07-09_6543-jgd_GML.zip"
"流域メッシュ","W07-09_6544-jgd_GML.zip","W07/W07-09/W07-09_6544-jgd_GML.zip"
"流域メッシュ","W07-09_6545-jgd_GML.zip","W07/W07-09/W07-09_6545-jgd_GML.zip"
"流域メッシュ","W07-09_6546-jgd_GML.zip","W07/W07-09/W07-09_6546-jgd_GML.zip"
"流域メッシュ","W07-09_6641-jgd_GML.zip","W07/W07-09/W07-09_6641-jgd_GML.zip"
"流域メッシュ","W07-09_6642-jgd_GML.zip","W07/W07-09/W07-09_6642-jgd_GML.zip"
"流域メッシュ","W07-09_6643-jgd_GML.zip","W07/W07-09/W07-09_6643-jgd_GML.zip"
"流域メッシュ","W07-09_6644-jgd_GML.zip","W07/W07-09/W07-09_6644-jgd_GML.zip"
"流域メッシュ","W07-09_6645-jgd_GML.zip","W07/W07-09/W07-09_6645-jgd_GML.zip"
"流域メッシュ","W07-09_6646-jgd_GML.zip","W07/W07-09/W07-09_6646-jgd_GML.zip"
"流域メッシュ","W07-09_6647-jgd_GML.zip","W07/W07-09/W07-09_6647-jgd_GML.zip"
"流域メッシュ","W07-09_6741-jgd_GML.zip","W07/W07-09/W07-09_6741-jgd_GML.zip"
"流域メッシュ","W07-09_6742-jgd_GML.zip","W07/W07-09/W07-09_6742-jgd_GML.zip"
"流域メッシュ","W07-09_6747-jgd_GML.zip","W07/W07-09/W07-09_6747-jgd_GML.zip"
"流域メッシュ","W07-09_6748-jgd_GML.zip","W07/W07-09/W07-09_6748-jgd_GML.zip"
"流域メッシュ","W07-09_6840-jgd_GML.zip","W07/W07-09/W07-09_6840-jgd_GML.zip"
"流域メッシュ","W07-09_6841-jgd_GML.zip","W07/W07-09/W07-09_6841-jgd_GML.zip"
"流域メッシュ","W07-09_6842-jgd_GML.zip","W07/W07-09/W07-09_6842-jgd_GML.zip"
"流域メッシュ","W07-09_6847-jgd_GML.zip","W07/W07-09/W07-09_6847-jgd_GML.zip"
"流域メッシュ","W07-09_6848-jgd_GML.zip","W07/W07-09/W07-09_6848-jgd_GML.zip"
"標高・傾斜度3次メッシュ","G04-a-11_3036-jgd_GML.zip","G04-a/G04-a-11/G04-a-11_3036-jgd_GML.zip"
"標高・傾斜度3次メッシュ","G04-a-11_3622-jgd_GML.zip","G04-a/G04-a-11/G04-a-11_3622-jgd_GML.zip"
"標高・傾斜度3次メッシュ","G04-a-11_3623-jgd_GML.zip","G04-a/G04-a-11/G04-a-11_3623-jgd_GML.zip"
"標高・傾斜度3次メッシュ","G04-a-11_3624-jgd_GML.zip","G04-a/G04-a-11/G04-a-11_3624-jgd_GML.zip"
"標高・傾斜度3次メッシュ","G04-a-11_3631-jgd_GML.zip","G04-a/G04-a-11/G04-a-11_3631-jgd_GML.zip"
"標高・傾斜度3次メッシュ","G04-a-11_3641-jgd_GML.zip","G04-a/G04-a-11/G04-a-11_3641-jgd_GML.zip"
"標高・傾斜度3次メッシュ","G04-a-11_3653-jgd_GML.zip","G04-a/G04-a-11/G04-a-11_3653-jgd_GML.zip"
"標高・傾斜度3次メッシュ","G04-a-11_3724-jgd_GML.zip","G04-a/G04-a-11/G04-a-11_3724-jgd_GML.zip"
"標高・傾斜度3次メッシュ","G04-a-11_3725-jgd_GML.zip","G04-a/G04-a-11/G04-a-11_3725-jgd_GML.zip"
"標高・傾斜度3次メッシュ","G04-a-11_3741-jgd_GML.zip","G04-a/G04-a-11/G04-a-11_3741-jgd_GML.zip"
"標高・傾斜度3次メッシュ","G04-a-11_3823-jgd_GML.zip","G04-a/G04-a-11/G04-a-11_3823-jgd_GML.zip"
"標高・傾斜度3次メッシュ","G04-a-11_3824-jgd_GML.zip","G04-a/G04-a-11/G04-a-11_3824-jgd_GML.zip"
"標高・傾斜度3次メッシュ","G04-a-11_3831-jgd_GML.zip","G04-a/G04-a-11/G04-a-11_3831-jgd_GML.zip"
"標高・傾斜度3次メッシュ","G04-a-11_3841-jgd_GML.zip","G04-a/G04-a-11/G04-a-11_3841-jgd_GML.zip"
"標高・傾斜度3次メッシュ","G04-a-11_3926-jgd_GML.zip","G04-a/G04-a-11/G04-a-11_3926-jgd_GML.zip"
"標高・傾斜度3次メッシュ","G04-a-11_3927-jgd_GML.zip","G04-a/G04-a-11/G04-a-11_3927-jgd_GML.zip"
"標高・傾斜度3次メッシュ","G04-a-11_3928-jgd_GML.zip","G04-a/G04-a-11/G04-a-11_3928-jgd_GML.zip"
"標高・傾斜度3次メッシュ","G04-a-11_3942-jgd_GML.zip","G04-a/G04-a-11/G04-a-11_3942-jgd_GML.zip"
"標高・傾斜度3次メッシュ","G04-a-11_4027-jgd_GML.zip","G04-a/G04-a-11/G04-a-11_4027-jgd_GML.zip"
"標高・傾斜度3次メッシュ","G04-a-11_4028-jgd_GML.zip","G04-a/G04-a-11/G04-a-11_4028-jgd_GML.zip"
"標高・傾斜度3次メッシュ","G04-a-11_4040-jgd_GML.zip","G04-a/G04-a-11/G04-a-11_4040-jgd_GML.zip"
"標高・傾斜度3次メッシュ","G04-a-11_4042-jgd_GML.zip","G04-a/G04-a-11/G04-a-11_4042-jgd_GML.zip"
"標高・傾斜度3次メッシュ","G04-a-11_4128-jgd_GML.zip","G04-a/G04-a-11/G04-a-11_4128-jgd_GML.zip"
"標高・傾斜度3次メッシュ","G04-a-11_4129-jgd_GML.zip","G04-a/G04-a-11/G04-a-11_4129-jgd_GML.zip"
"標高・傾斜度3次メッシュ","G04-a-11_4142-jgd_GML.zip","G04-a/G04-a-11/G04-a-11_4142-jgd_GML.zip"
"標高・傾斜度3次メッシュ","G04-a-11_4229-jgd_GML.zip","G04-a/G04-a-11/G04-a-11_4229-jgd_GML.zip"
"標高・傾斜度3次メッシュ","G04-a-11_4230-jgd_GML.zip","G04-a/G04-a-11/G04-a-11_4230-jgd_GML.zip"
"標高・傾斜度3次メッシュ","G04-a-11_4328-jgd_GML.zip","G04-a/G04-a-11/G04-a-11_4328-jgd_GML.zip"
"標高・傾斜度3次メッシュ","G04-a-11_4329-jgd_GML.zip","G04-a/G04-a-11/G04-a-11_4329-jgd_GML.zip"
"標高・傾斜度3次メッシュ","G04-a-11_4429-jgd_GML.zip","G04-a/G04-a-11/G04-a-11_4429-jgd_GML.zip"
"標高・傾斜度3次メッシュ","G04-a-11_4440-jgd_GML.zip","G04-a/G04-a-11/G04-a-11_4440-jgd_GML.zip"
"標高・傾斜度3次メッシュ","G04-a-11_4529-jgd_GML.zip","G04-a/G04-a-11/G04-a-11_4529-jgd_GML.zip"
"標高・傾斜度3次メッシュ","G04-a-11_4530-jgd_GML.zip","G04-a/G04-a-11/G04-a-11_4530-jgd_GML.zip"
"標高・傾斜度3次メッシュ","G04-a-11_4531-jgd_GML.zip","G04-a/G04-a-11/G04-a-11_4531-jgd_GML.zip"
"標高・傾斜度3次メッシュ","G04-a-11_4540-jgd_GML.zip","G04-a/G04-a-11/G04-a-11_4540-jgd_GML.zip"
"標高・傾斜度3次メッシュ","G04-a-11_4629-jgd_GML.zip","G04-a/G04-a-11/G04-a-11_4629-jgd_GML.zip"
"標高・傾斜度3次メッシュ","G04-a-11_4630-jgd_GML.zip","G04-a/G04-a-11/G04-a-11_4630-jgd_GML.zip"
"標高・傾斜度3次メッシュ","G04-a-11_4631-jgd_GML.zip","G04-a/G04-a-11/G04-a-11_4631-jgd_GML.zip"
"標高・傾斜度3次メッシュ","G04-a-11_4728-jgd_GML.zip","G04-a/G04-a-11/G04-a-11_4728-jgd_GML.zip"
"標高・傾斜度3次メッシュ","G04-a-11_4729-jgd_GML.zip","G04-a/G04-a-11/G04-a-11_4729-jgd_GML.zip"
"標高・傾斜度3次メッシュ","G04-a-11_4730-jgd_GML.zip","G04-a/G04-a-11/G04-a-11_4730-jgd_GML.zip"
"標高・傾斜度3次メッシュ","G04-a-11_4731-jgd_GML.zip","G04-a/G04-a-11/G04-a-11_4731-jgd_GML.zip"
"標高・傾斜度3次メッシュ","G04-a-11_4739-jgd_GML.zip","G04-a/G04-a-11/G04-a-11_4739-jgd_GML.zip"
"標高・傾斜度3次メッシュ","G04-a-11_4740-jgd_GML.zip","G04-a/G04-a-11/G04-a-11_4740-jgd_GML.zip"
"標高・傾斜度3次メッシュ","G04-a-11_4828-jgd_GML.zip","G04-a/G04-a-11/G04-a-11_4828-jgd_GML.zip"
"標高・傾斜度3次メッシュ","G04-a-11_4829-jgd_GML.zip","G04-a/G04-a-11/G04-a-11_4829-jgd_GML.zip"
"標高・傾斜度3次メッシュ","G04-a-11_4830-jgd_GML.zip","G04-a/G04-a-11/G04-a-11_4830-jgd_GML.zip"
"標高・傾斜度3次メッシュ","G04-a-11_4831-jgd_GML.zip","G04-a/G04-a-11/G04-a-11_4831-jgd_GML.zip"
"標高・傾斜度3次メッシュ","G04-a-11_4839-jgd_GML.zip","G04-a/G04-a-11/G04-a-11_4839-jgd_GML.zip"
"標高・傾斜度3次メッシュ","G04-a-11_4928-jgd_GML.zip","G04-a/G04-a-11/G04-a-11_4928-jgd_GML.zip"
"標高・傾斜度3次メッシュ","G04-a-11_4929-jgd_GML.zip","G04-a/G04-a-11/G04-a-11_4929-jgd_GML.zip"
"標高・傾斜度3次メッシュ","G04-a-11_4930-jgd_GML.zip","G04-a/G04-a-11/G04-a-11_4930-jgd_GML.zip"
"標高・傾斜度3次メッシュ","G04-a-11_4931-jgd_GML.zip","G04-a/G04-a-11/G04-a-11_4931-jgd_GML.zip"
"標高・傾斜度3次メッシュ","G04-a-11_4932-jgd_GML.zip","G04-a/G04-a-11/G04-a-11_4932-jgd_GML.zip"
"標高・傾斜度3次メッシュ","G04-a-11_4933-jgd_GML.zip","G04-a/G04-a-11/G04-a-11_4933-jgd_GML.zip"
"標高・傾斜度3次メッシュ","G04-a-11_4934-jgd_GML.zip","G04-a/G04-a-11/G04-a-11_4934-jgd_GML.zip"
"標高・傾斜度3次メッシュ","G04-a-11_4939-jgd_GML.zip","G04-a/G04-a-11/G04-a-11_4939-jgd_GML.zip"
"標高・傾斜度3次メッシュ","G04-a-11_5029-jgd_GML.zip","G04-a/G04-a-11/G04-a-11_5029-jgd_GML.zip"
"標高・傾斜度3次メッシュ","G04-a-11_5030-jgd_GML.zip","G04-a/G04-a-11/G04-a-11_5030-jgd_GML.zip"
"標高・傾斜度3次メッシュ","G04-a-11_5031-jgd_GML.zip","G04-a/G04-a-11/G04-a-11_5031-jgd_GML.zip"
"標高・傾斜度3次メッシュ","G04-a-11_5032-jgd_GML.zip","G04-a/G04-a-11/G04-a-11_5032-jgd_GML.zip"
"標高・傾斜度3次メッシュ","G04-a-11_5033-jgd_GML.zip","G04-a/G04-a-11/G04-a-11_5033-jgd_GML.zip"
"標高・傾斜度3次メッシュ","G04-a-11_5034-jgd_GML.zip","G04-a/G04-a-11/G04-a-11_5034-jgd_GML.zip"
"標高・傾斜度3次メッシュ","G04-a-11_5035-jgd_GML.zip","G04-a/G04-a-11/G04-a-11_5035-jgd_GML.zip"
"標高・傾斜度3次メッシュ","G04-a-11_5036-jgd_GML.zip","G04-a/G04-a-11/G04-a-11_5036-jgd_GML.zip"
"標高・傾斜度3次メッシュ","G04-a-11_5038-jgd_GML.zip","G04-a/G04-a-11/G04-a-11_5038-jgd_GML.zip"
"標高・傾斜度3次メッシュ","G04-a-11_5039-jgd_GML.zip","G04-a/G04-a-11/G04-a-11_5039-jgd_GML.zip"
"標高・傾斜度3次メッシュ","G04-a-11_5129-jgd_GML.zip","G04-a/G04-a-11/G04-a-11_5129-jgd_GML.zip"
"標高・傾斜度3次メッシュ","G04-a-11_5130-jgd_GML.zip","G04-a/G04-a-11/G04-a-11_5130-jgd_GML.zip"
"標高・傾斜度3次メッシュ","G04-a-11_5131-jgd_GML.zip","G04-a/G04-a-11/G04-a-11_5131-jgd_GML.zip"
"標高・傾斜度3次メッシュ","G04-a-11_5132-jgd_GML.zip","G04-a/G04-a-11/G04-a-11_5132-jgd_GML.zip"
"標高・傾斜度3次メッシュ","G04-a-11_5133-jgd_GML.zip","G04-a/G04-a-11/G04-a-11_5133-jgd_GML.zip"
"標高・傾斜度3次メッシュ","G04-a-11_5134-jgd_GML.zip","G04-a/G04-a-11/G04-a-11_5134-jgd_GML.zip"
"標高・傾斜度3次メッシュ","G04-a-11_5135-jgd_GML.zip","G04-a/G04-a-11/G04-a-11_5135-jgd_GML.zip"
"標高・傾斜度3次メッシュ","G04-a-11_5136-jgd_GML.zip","G04-a/G04-a-11/G04-a-11_5136-jgd_GML.zip"
"標高・傾斜度3次メッシュ","G04-a-11_5137-jgd_GML.zip","G04-a/G04-a-11/G04-a-11_5137-jgd_GML.zip"
"標高・傾斜度3次メッシュ","G04-a-11_5138-jgd_GML.zip","G04-a/G04-a-11/G04-a-11_5138-jgd_GML.zip"
"標高・傾斜度3次メッシュ","G04-a-11_5139-jgd_GML.zip","G04-a/G04-a-11/G04-a-11_5139-jgd_GML.zip"
"標高・傾斜度3次メッシュ","G04-a-11_5229-jgd_GML.zip","G04-a/G04-a-11/G04-a-11_5229-jgd_GML.zip"
"標高・傾斜度3次メッシュ","G04-a-11_5231-jgd_GML.zip","G04-a/G04-a-11/G04-a-11_5231-jgd_GML.zip"
"標高・傾斜度3次メッシュ","G04-a-11_5232-jgd_GML.zip","G04-a/G04-a-11/G04-a-11_5232-jgd_GML.zip"
"標高・傾斜度3次メッシュ","G04-a-11_5233-jgd_GML.zip","G04-a/G04-a-11/G04-a-11_5233-jgd_GML.zip"
"標高・傾斜度3次メッシュ","G04-a-11_5234-jgd_GML.zip","G04-a/G04-a-11/G04-a-11_5234-jgd_GML.zip"
"標高・傾斜度3次メッシュ","G04-a-11_5235-jgd_GML.zip","G04-a/G04-a-11/G04-a-11_5235-jgd_GML.zip"
"標高・傾斜度3次メッシュ","G04-a-11_5236-jgd_GML.zip","G04-a/G04-a-11/G04-a-11_5236-jgd_GML.zip"
"標高・傾斜度3次メッシュ","G04-a-11_5237-jgd_GML.zip","G04-a/G04-a-11/G04-a-11_5237-jgd_GML.zip"
"標高・傾斜度3次メッシュ","G04-a-11_5238-jgd_GML.zip","G04-a/G04-a-11/G04-a-11_5238-jgd_GML.zip"
"標高・傾斜度3次メッシュ","G04-a-11_5239-jgd_GML.zip","G04-a/G04-a-11/G04-a-11_5239-jgd_GML.zip"
"標高・傾斜度3次メッシュ","G04-a-11_5240-jgd_GML.zip","G04-a/G04-a-11/G04-a-11_5240-jgd_GML.zip"
"標高・傾斜度3次メッシュ","G04-a-11_5332-jgd_GML.zip","G04-a/G04-a-11/G04-a-11_5332-jgd_GML.zip"
"標高・傾斜度3次メッシュ","G04-a-11_5333-jgd_GML.zip","G04-a/G04-a-11/G04-a-11_5333-jgd_GML.zip"
"標高・傾斜度3次メッシュ","G04-a-11_5334-jgd_GML.zip","G04-a/G04-a-11/G04-a-11_5334-jgd_GML.zip"
"標高・傾斜度3次メッシュ","G04-a-11_5335-jgd_GML.zip","G04-a/G04-a-11/G04-a-11_5335-jgd_GML.zip"
"標高・傾斜度3次メッシュ","G04-a-11_5336-jgd_GML.zip","G04-a/G04-a-11/G04-a-11_5336-jgd_GML.zip"
"標高・傾斜度3次メッシュ","G04-a-11_5337-jgd_GML.zip","G04-a/G04-a-11/G04-a-11_5337-jgd_GML.zip"
"標高・傾斜度3次メッシュ","G04-a-11_5338-jgd_GML.zip","G04-a/G04-a-11/G04-a-11_5338-jgd_GML.zip"
"標高・傾斜度3次メッシュ","G04-a-11_5339-jgd_GML.zip","G04-a/G04-a-11/G04-a-11_5339-jgd_GML.zip"
"標高・傾斜度3次メッシュ","G04-a-11_5340-jgd_GML.zip","G04-a/G04-a-11/G04-a-11_5340-jgd_GML.zip"
"標高・傾斜度3次メッシュ","G04-a-11_5432-jgd_GML.zip","G04-a/G04-a-11/G04-a-11_5432-jgd_GML.zip"
"標高・傾斜度3次メッシュ","G04-a-11_5433-jgd_GML.zip","G04-a/G04-a-11/G04-a-11_5433-jgd_GML.zip"
"標高・傾斜度3次メッシュ","G04-a-11_5435-jgd_GML.zip","G04-a/G04-a-11/G04-a-11_5435-jgd_GML.zip"
"標高・傾斜度3次メッシュ","G04-a-11_5436-jgd_GML.zip","G04-a/G04-a-11/G04-a-11_5436-jgd_GML.zip"
"標高・傾斜度3次メッシュ","G04-a-11_5437-jgd_GML.zip","G04-a/G04-a-11/G04-a-11_5437-jgd_GML.zip"
"標高・傾斜度3次メッシュ","G04-a-11_5438-jgd_GML.zip","G04-a/G04-a-11/G04-a-11_5438-jgd_GML.zip"
"標高・傾斜度3次メッシュ","G04-a-11_5439-jgd_GML.zip","G04-a/G04-a-11/G04-a-11_5439-jgd_GML.zip"
"標高・傾斜度3次メッシュ","G04-a-11_5440-jgd_GML.zip","G04-a/G04-a-11/G04-a-11_5440-jgd_GML.zip"
"標高・傾斜度3次メッシュ","G04-a-11_5531-jgd_GML.zip","G04-a/G04-a-11/G04-a-11_5531-jgd_GML.zip"
"標高・傾斜度3次メッシュ","G04-a-11_5536-jgd_GML.zip","G04-a/G04-a-11/G04-a-11_5536-jgd_GML.zip"
"標高・傾斜度3次メッシュ","G04-a-11_5537-jgd_GML.zip","G04-a/G04-a-11/G04-a-11_5537-jgd_GML.zip"
"標高・傾斜度3次メッシュ","G04-a-11_5538-jgd_GML.zip","G04-a/G04-a-11/G04-a-11_5538-jgd_GML.zip"
"標高・傾斜度3次メッシュ","G04-a-11_5539-jgd_GML.zip","G04-a/G04-a-11/G04-a-11_5539-jgd_GML.zip"
"標高・傾斜度3次メッシュ","G04-a-11_5540-jgd_GML.zip","G04-a/G04-a-11/G04-a-11_5540-jgd_GML.zip"
"標高・傾斜度3次メッシュ","G04-a-11_5541-jgd_GML.zip","G04-a/G04-a-11/G04-a-11_5541-jgd_GML.zip"
"標高・傾斜度3次メッシュ","G04-a-11_5636-jgd_GML.zip","G04-a/G04-a-11/G04-a-11_5636-jgd_GML.zip"
"標高・傾斜度3次メッシュ","G04-a-11_5637-jgd_GML.zip","G04-a/G04-a-11/G04-a-11_5637-jgd_GML.zip"
"標高・傾斜度3次メッシュ","G04-a-11_5638-jgd_GML.zip","G04-a/G04-a-11/G04-a-11_5638-jgd_GML.zip"
"標高・傾斜度3次メッシュ","G04-a-11_5639-jgd_GML.zip","G04-a/G04-a-11/G04-a-11_5639-jgd_GML.zip"
"標高・傾斜度3次メッシュ","G04-a-11_5640-jgd_GML.zip","G04-a/G04-a-11/G04-a-11_5640-jgd_GML.zip"
"標高・傾斜度3次メッシュ","G04-a-11_5641-jgd_GML.zip","G04-a/G04-a-11/G04-a-11_5641-jgd_GML.zip"
"標高・傾斜度3次メッシュ","G04-a-11_5738-jgd_GML.zip","G04-a/G04-a-11/G04-a-11_5738-jgd_GML.zip"
"標高・傾斜度3次メッシュ","G04-a-11_5739-jgd_GML.zip","G04-a/G04-a-11/G04-a-11_5739-jgd_GML.zip"
"標高・傾斜度3次メッシュ","G04-a-11_5740-jgd_GML.zip","G04-a/G04-a-11/G04-a-11_5740-jgd_GML.zip"
"標高・傾斜度3次メッシュ","G04-a-11_5741-jgd_GML.zip","G04-a/G04-a-11/G04-a-11_5741-jgd_GML.zip"
"標高・傾斜度3次メッシュ","G04-a-11_5839-jgd_GML.zip","G04-a/G04-a-11/G04-a-11_5839-jgd_GML.zip"
"標高・傾斜度3次メッシュ","G04-a-11_5840-jgd_GML.zip","G04-a/G04-a-11/G04-a-11_5840-jgd_GML.zip"
"標高・傾斜度3次メッシュ","G04-a-11_5841-jgd_GML.zip","G04-a/G04-a-11/G04-a-11_5841-jgd_GML.zip"
"標高・傾斜度3次メッシュ","G04-a-11_5939-jgd_GML.zip","G04-a/G04-a-11/G04-a-11_5939-jgd_GML.zip"
"標高・傾斜度3次メッシュ","G04-a-11_5940-jgd_GML.zip","G04-a/G04-a-11/G04-a-11_5940-jgd_GML.zip"
"標高・傾斜度3次メッシュ","G04-a-11_5941-jgd_GML.zip","G04-a/G04-a-11/G04-a-11_5941-jgd_GML.zip"
"標高・傾斜度3次メッシュ","G04-a-11_5942-jgd_GML.zip","G04-a/G04-a-11/G04-a-11_5942-jgd_GML.zip"
"標高・傾斜度3次メッシュ","G04-a-11_6039-jgd_GML.zip","G04-a/G04-a-11/G04-a-11_6039-jgd_GML.zip"
"標高・傾斜度3次メッシュ","G04-a-11_6040-jgd_GML.zip","G04-a/G04-a-11/G04-a-11_6040-jgd_GML.zip"
"標高・傾斜度3次メッシュ","G04-a-11_6041-jgd_GML.zip","G04-a/G04-a-11/G04-a-11_6041-jgd_GML.zip"
"標高・傾斜度3次メッシュ","G04-a-11_6139-jgd_GML.zip","G04-a/G04-a-11/G04-a-11_6139-jgd_GML.zip"
"標高・傾斜度3次メッシュ","G04-a-11_6140-jgd_GML.zip","G04-a/G04-a-11/G04-a-11_6140-jgd_GML.zip"
"標高・傾斜度3次メッシュ","G04-a-11_6141-jgd_GML.zip","G04-a/G04-a-11/G04-a-11_6141-jgd_GML.zip"
"標高・傾斜度3次メッシュ","G04-a-11_6239-jgd_GML.zip","G04-a/G04-a-11/G04-a-11_6239-jgd_GML.zip"
"標高・傾斜度3次メッシュ","G04-a-11_6240-jgd_GML.zip","G04-a/G04-a-11/G04-a-11_6240-jgd_GML.zip"
"標高・傾斜度3次メッシュ","G04-a-11_6241-jgd_GML.zip","G04-a/G04-a-11/G04-a-11_6241-jgd_GML.zip"
"標高・傾斜度3次メッシュ","G04-a-11_6243-jgd_GML.zip","G04-a/G04-a-11/G04-a-11_6243-jgd_GML.zip"
"標高・傾斜度3次メッシュ","G04-a-11_6339-jgd_GML.zip","G04-a/G04-a-11/G04-a-11_6339-jgd_GML.zip"
"標高・傾斜度3次メッシュ","G04-a-11_6340-jgd_GML.zip","G04-a/G04-a-11/G04-a-11_6340-jgd_GML.zip"
"標高・傾斜度3次メッシュ","G04-a-11_6341-jgd_GML.zip","G04-a/G04-a-11/G04-a-11_6341-jgd_GML.zip"
"標高・傾斜度3次メッシュ","G04-a-11_6342-jgd_GML.zip","G04-a/G04-a-11/G04-a-11_6342-jgd_GML.zip"
"標高・傾斜度3次メッシュ","G04-a-11_6343-jgd_GML.zip","G04-a/G04-a-11/G04-a-11_6343-jgd_GML.zip"
"標高・傾斜度3次メッシュ","G04-a-11_6439-jgd_GML.zip","G04-a/G04-a-11/G04-a-11_6439-jgd_GML.zip"
"標高・傾斜度3次メッシュ","G04-a-11_6440-jgd_GML.zip","G04-a/G04-a-11/G04-a-11_6440-jgd_GML.zip"
"標高・傾斜度3次メッシュ","G04-a-11_6441-jgd_GML.zip","G04-a/G04-a-11/G04-a-11_6441-jgd_GML.zip"
"標高・傾斜度3次メッシュ","G04-a-11_6442-jgd_GML.zip","G04-a/G04-a-11/G04-a-11_6442-jgd_GML.zip"
"標高・傾斜度3次メッシュ","G04-a-11_6443-jgd_GML.zip","G04-a/G04-a-11/G04-a-11_6443-jgd_GML.zip"
"標高・傾斜度3次メッシュ","G04-a-11_6444-jgd_GML.zip","G04-a/G04-a-11/G04-a-11_6444-jgd_GML.zip"
"標高・傾斜度3次メッシュ","G04-a-11_6445-jgd_GML.zip","G04-a/G04-a-11/G04-a-11_6445-jgd_GML.zip"
"標高・傾斜度3次メッシュ","G04-a-11_6540-jgd_GML.zip","G04-a/G04-a-11/G04-a-11_6540-jgd_GML.zip"
"標高・傾斜度3次メッシュ","G04-a-11_6541-jgd_GML.zip","G04-a/G04-a-11/G04-a-11_6541-jgd_GML.zip"
"標高・傾斜度3次メッシュ","G04-a-11_6542-jgd_GML.zip","G04-a/G04-a-11/G04-a-11_6542-jgd_GML.zip"
"標高・傾斜度3次メッシュ","G04-a-11_6543-jgd_GML.zip","G04-a/G04-a-11/G04-a-11_6543-jgd_GML.zip"
"標高・傾斜度3次メッシュ","G04-a-11_6544-jgd_GML.zip","G04-a/G04-a-11/G04-a-11_6544-jgd_GML.zip"
"標高・傾斜度3次メッシュ","G04-a-11_6545-jgd_GML.zip","G04-a/G04-a-11/G04-a-11_6545-jgd_GML.zip"
"標高・傾斜度3次メッシュ","G04-a-11_6546-jgd_GML.zip","G04-a/G04-a-11/G04-a-11_6546-jgd_GML.zip"
"標高・傾斜度3次メッシュ","G04-a-11_6641-jgd_GML.zip","G04-a/G04-a-11/G04-a-11_6641-jgd_GML.zip"
"標高・傾斜度3次メッシュ","G04-a-11_6642-jgd_GML.zip","G04-a/G04-a-11/G04-a-11_6642-jgd_GML.zip"
"標高・傾斜度3次メッシュ","G04-a-11_6643-jgd_GML.zip","G04-a/G04-a-11/G04-a-11_6643-jgd_GML.zip"
"標高・傾斜度3次メッシュ","G04-a-11_6644-jgd_GML.zip","G04-a/G04-a-11/G04-a-11_6644-jgd_GML.zip"
"標高・傾斜度3次メッシュ","G04-a-11_6645-jgd_GML.zip","G04-a/G04-a-11/G04-a-11_6645-jgd_GML.zip"
"標高・傾斜度3次メッシュ","G04-a-11_6646-jgd_GML.zip","G04-a/G04-a-11/G04-a-11_6646-jgd_GML.zip"
"標高・傾斜度3次メッシュ","G04-a-11_6647-jgd_GML.zip","G04-a/G04-a-11/G04-a-11_6647-jgd_GML.zip"
"標高・傾斜度3次メッシュ","G04-a-11_6740-jgd_GML.zip","G04-a/G04-a-11/G04-a-11_6740-jgd_GML.zip"
"標高・傾斜度3次メッシュ","G04-a-11_6741-jgd_GML.zip","G04-a/G04-a-11/G04-a-11_6741-jgd_GML.zip"
"標高・傾斜度3次メッシュ","G04-a-11_6742-jgd_GML.zip","G04-a/G04-a-11/G04-a-11_6742-jgd_GML.zip"
"標高・傾斜度3次メッシュ","G04-a-11_6747-jgd_GML.zip","G04-a/G04-a-11/G04-a-11_6747-jgd_GML.zip"
"標高・傾斜度3次メッシュ","G04-a-11_6748-jgd_GML.zip","G04-a/G04-a-11/G04-a-11_6748-jgd_GML.zip"
"標高・傾斜度3次メッシュ","G04-a-11_6840-jgd_GML.zip","G04-a/G04-a-11/G04-a-11_6840-jgd_GML.zip"
"標高・傾斜度3次メッシュ","G04-a-11_6841-jgd_GML.zip","G04-a/G04-a-11/G04-a-11_6841-jgd_GML.zip"
"標高・傾斜度3次メッシュ","G04-a-11_6842-jgd_GML.zip","G04-a/G04-a-11/G04-a-11_6842-jgd_GML.zip"
"標高・傾斜度3次メッシュ","G04-a-11_6847-jgd_GML.zip","G04-a/G04-a-11/G04-a-11_6847-jgd_GML.zip"
"標高・傾斜度3次メッシュ","G04-a-11_6848-jgd_GML.zip","G04-a/G04-a-11/G04-a-11_6848-jgd_GML.zip"
"標高・傾斜度4次メッシュ","G04-c-11_3036-jgd_GML.zip","G04-c/G04-c-11/G04-c-11_3036-jgd_GML.zip"
"標高・傾斜度4次メッシュ","G04-c-11_3622-jgd_GML.zip","G04-c/G04-c-11/G04-c-11_3622-jgd_GML.zip"
"標高・傾斜度4次メッシュ","G04-c-11_3623-jgd_GML.zip","G04-c/G04-c-11/G04-c-11_3623-jgd_GML.zip"
"標高・傾斜度4次メッシュ","G04-c-11_3624-jgd_GML.zip","G04-c/G04-c-11/G04-c-11_3624-jgd_GML.zip"
"標高・傾斜度4次メッシュ","G04-c-11_3631-jgd_GML.zip","G04-c/G04-c-11/G04-c-11_3631-jgd_GML.zip"
"標高・傾斜度4次メッシュ","G04-c-11_3641-jgd_GML.zip","G04-c/G04-c-11/G04-c-11_3641-jgd_GML.zip"
"標高・傾斜度4次メッシュ","G04-c-11_3653-jgd_GML.zip","G04-c/G04-c-11/G04-c-11_3653-jgd_GML.zip"
"標高・傾斜度4次メッシュ","G04-c-11_3724-jgd_GML.zip","G04-c/G04-c-11/G04-c-11_3724-jgd_GML.zip"
"標高・傾斜度4次メッシュ","G04-c-11_3725-jgd_GML.zip","G04-c/G04-c-11/G04-c-11_3725-jgd_GML.zip"
"標高・傾斜度4次メッシュ","G04-c-11_3741-jgd_GML.zip","G04-c/G04-c-11/G04-c-11_3741-jgd_GML.zip"
"標高・傾斜度4次メッシュ","G04-c-11_3823-jgd_GML.zip","G04-c/G04-c-11/G04-c-11_3823-jgd_GML.zip"
"標高・傾斜度4次メッシュ","G04-c-11_3824-jgd_GML.zip","G04-c/G04-c-11/G04-c-11_3824-jgd_GML.zip"
"標高・傾斜度4次メッシュ","G04-c-11_3831-jgd_GML.zip","G04-c/G04-c-11/G04-c-11_3831-jgd_GML.zip"
"標高・傾斜度4次メッシュ","G04-c-11_3841-jgd_GML.zip","G04-c/G04-c-11/G04-c-11_3841-jgd_GML.zip"
"標高・傾斜度4次メッシュ","G04-c-11_3926-jgd_GML.zip","G04-c/G04-c-11/G04-c-11_3926-jgd_GML.zip"
"標高・傾斜度4次メッシュ","G04-c-11_3927-jgd_GML.zip","G04-c/G04-c-11/G04-c-11_3927-jgd_GML.zip"
"標高・傾斜度4次メッシュ","G04-c-11_3928-jgd_GML.zip","G04-c/G04-c-11/G04-c-11_3928-jgd_GML.zip"
"標高・傾斜度4次メッシュ","G04-c-11_3942-jgd_GML.zip","G04-c/G04-c-11/G04-c-11_3942-jgd_GML.zip"
"標高・傾斜度4次メッシュ","G04-c-11_4027-jgd_GML.zip","G04-c/G04-c-11/G04-c-11_4027-jgd_GML.zip"
"標高・傾斜度4次メッシュ","G04-c-11_4028-jgd_GML.zip","G04-c/G04-c-11/G04-c-11_4028-jgd_GML.zip"
"標高・傾斜度4次メッシュ","G04-c-11_4040-jgd_GML.zip","G04-c/G04-c-11/G04-c-11_4040-jgd_GML.zip"
"標高・傾斜度4次メッシュ","G04-c-11_4042-jgd_GML.zip","G04-c/G04-c-11/G04-c-11_4042-jgd_GML.zip"
"標高・傾斜度4次メッシュ","G04-c-11_4128-jgd_GML.zip","G04-c/G04-c-11/G04-c-11_4128-jgd_GML.zip"
"標高・傾斜度4次メッシュ","G04-c-11_4129-jgd_GML.zip","G04-c/G04-c-11/G04-c-11_4129-jgd_GML.zip"
"標高・傾斜度4次メッシュ","G04-c-11_4142-jgd_GML.zip","G04-c/G04-c-11/G04-c-11_4142-jgd_GML.zip"
"標高・傾斜度4次メッシュ","G04-c-11_4229-jgd_GML.zip","G04-c/G04-c-11/G04-c-11_4229-jgd_GML.zip"
"標高・傾斜度4次メッシュ","G04-c-11_4230-jgd_GML.zip","G04-c/G04-c-11/G04-c-11_4230-jgd_GML.zip"
"標高・傾斜度4次メッシュ","G04-c-11_4328-jgd_GML.zip","G04-c/G04-c-11/G04-c-11_4328-jgd_GML.zip"
"標高・傾斜度4次メッシュ","G04-c-11_4329-jgd_GML.zip","G04-c/G04-c-11/G04-c-11_4329-jgd_GML.zip"
"標高・傾斜度4次メッシュ","G04-c-11_4429-jgd_GML.zip","G04-c/G04-c-11/G04-c-11_4429-jgd_GML.zip"
"標高・傾斜度4次メッシュ","G04-c-11_4440-jgd_GML.zip","G04-c/G04-c-11/G04-c-11_4440-jgd_GML.zip"
"標高・傾斜度4次メッシュ","G04-c-11_4529-jgd_GML.zip","G04-c/G04-c-11/G04-c-11_4529-jgd_GML.zip"
"標高・傾斜度4次メッシュ","G04-c-11_4530-jgd_GML.zip","G04-c/G04-c-11/G04-c-11_4530-jgd_GML.zip"
"標高・傾斜度4次メッシュ","G04-c-11_4531-jgd_GML.zip","G04-c/G04-c-11/G04-c-11_4531-jgd_GML.zip"
"標高・傾斜度4次メッシュ","G04-c-11_4540-jgd_GML.zip","G04-c/G04-c-11/G04-c-11_4540-jgd_GML.zip"
"標高・傾斜度4次メッシュ","G04-c-11_4629-jgd_GML.zip","G04-c/G04-c-11/G04-c-11_4629-jgd_GML.zip"
"標高・傾斜度4次メッシュ","G04-c-11_4630-jgd_GML.zip","G04-c/G04-c-11/G04-c-11_4630-jgd_GML.zip"
"標高・傾斜度4次メッシュ","G04-c-11_4631-jgd_GML.zip","G04-c/G04-c-11/G04-c-11_4631-jgd_GML.zip"
"標高・傾斜度4次メッシュ","G04-c-11_4728-jgd_GML.zip","G04-c/G04-c-11/G04-c-11_4728-jgd_GML.zip"
"標高・傾斜度4次メッシュ","G04-c-11_4729-jgd_GML.zip","G04-c/G04-c-11/G04-c-11_4729-jgd_GML.zip"
"標高・傾斜度4次メッシュ","G04-c-11_4730-jgd_GML.zip","G04-c/G04-c-11/G04-c-11_4730-jgd_GML.zip"
"標高・傾斜度4次メッシュ","G04-c-11_4731-jgd_GML.zip","G04-c/G04-c-11/G04-c-11_4731-jgd_GML.zip"
"標高・傾斜度4次メッシュ","G04-c-11_4739-jgd_GML.zip","G04-c/G04-c-11/G04-c-11_4739-jgd_GML.zip"
"標高・傾斜度4次メッシュ","G04-c-11_4740-jgd_GML.zip","G04-c/G04-c-11/G04-c-11_4740-jgd_GML.zip"
"標高・傾斜度4次メッシュ","G04-c-11_4828-jgd_GML.zip","G04-c/G04-c-11/G04-c-11_4828-jgd_GML.zip"
"標高・傾斜度4次メッシュ","G04-c-11_4829-jgd_GML.zip","G04-c/G04-c-11/G04-c-11_4829-jgd_GML.zip"
"標高・傾斜度4次メッシュ","G04-c-11_4830-jgd_GML.zip","G04-c/G04-c-11/G04-c-11_4830-jgd_GML.zip"
"標高・傾斜度4次メッシュ","G04-c-11_4831-jgd_GML.zip","G04-c/G04-c-11/G04-c-11_4831-jgd_GML.zip"
"標高・傾斜度4次メッシュ","G04-c-11_4839-jgd_GML.zip","G04-c/G04-c-11/G04-c-11_4839-jgd_GML.zip"
"標高・傾斜度4次メッシュ","G04-c-11_4928-jgd_GML.zip","G04-c/G04-c-11/G04-c-11_4928-jgd_GML.zip"
"標高・傾斜度4次メッシュ","G04-c-11_4929-jgd_GML.zip","G04-c/G04-c-11/G04-c-11_4929-jgd_GML.zip"
"標高・傾斜度4次メッシュ","G04-c-11_4930-jgd_GML.zip","G04-c/G04-c-11/G04-c-11_4930-jgd_GML.zip"
"標高・傾斜度4次メッシュ","G04-c-11_4931-jgd_GML.zip","G04-c/G04-c-11/G04-c-11_4931-jgd_GML.zip"
"標高・傾斜度4次メッシュ","G04-c-11_4932-jgd_GML.zip","G04-c/G04-c-11/G04-c-11_4932-jgd_GML.zip"
"標高・傾斜度4次メッシュ","G04-c-11_4933-jgd_GML.zip","G04-c/G04-c-11/G04-c-11_4933-jgd_GML.zip"
"標高・傾斜度4次メッシュ","G04-c-11_4934-jgd_GML.zip","G04-c/G04-c-11/G04-c-11_4934-jgd_GML.zip"
"標高・傾斜度4次メッシュ","G04-c-11_4939-jgd_GML.zip","G04-c/G04-c-11/G04-c-11_4939-jgd_GML.zip"
"標高・傾斜度4次メッシュ","G04-c-11_5029-jgd_GML.zip","G04-c/G04-c-11/G04-c-11_5029-jgd_GML.zip"
"標高・傾斜度4次メッシュ","G04-c-11_5030-jgd_GML.zip","G04-c/G04-c-11/G04-c-11_5030-jgd_GML.zip"
"標高・傾斜度4次メッシュ","G04-c-11_5031-jgd_GML.zip","G04-c/G04-c-11/G04-c-11_5031-jgd_GML.zip"
"標高・傾斜度4次メッシュ","G04-c-11_5032-jgd_GML.zip","G04-c/G04-c-11/G04-c-11_5032-jgd_GML.zip"
"標高・傾斜度4次メッシュ","G04-c-11_5033-jgd_GML.zip","G04-c/G04-c-11/G04-c-11_5033-jgd_GML.zip"
"標高・傾斜度4次メッシュ","G04-c-11_5034-jgd_GML.zip","G04-c/G04-c-11/G04-c-11_5034-jgd_GML.zip"
"標高・傾斜度4次メッシュ","G04-c-11_5035-jgd_GML.zip","G04-c/G04-c-11/G04-c-11_5035-jgd_GML.zip"
"標高・傾斜度4次メッシュ","G04-c-11_5036-jgd_GML.zip","G04-c/G04-c-11/G04-c-11_5036-jgd_GML.zip"
"標高・傾斜度4次メッシュ","G04-c-11_5038-jgd_GML.zip","G04-c/G04-c-11/G04-c-11_5038-jgd_GML.zip"
"標高・傾斜度4次メッシュ","G04-c-11_5039-jgd_GML.zip","G04-c/G04-c-11/G04-c-11_5039-jgd_GML.zip"
"標高・傾斜度4次メッシュ","G04-c-11_5129-jgd_GML.zip","G04-c/G04-c-11/G04-c-11_5129-jgd_GML.zip"
"標高・傾斜度4次メッシュ","G04-c-11_5130-jgd_GML.zip","G04-c/G04-c-11/G04-c-11_5130-jgd_GML.zip"
"標高・傾斜度4次メッシュ","G04-c-11_5131-jgd_GML.zip","G04-c/G04-c-11/G04-c-11_5131-jgd_GML.zip"
"標高・傾斜度4次メッシュ","G04-c-11_5132-jgd_GML.zip","G04-c/G04-c-11/G04-c-11_5132-jgd_GML.zip"
"標高・傾斜度4次メッシュ","G04-c-11_5133-jgd_GML.zip","G04-c/G04-c-11/G04-c-11_5133-jgd_GML.zip"
"標高・傾斜度4次メッシュ","G04-c-11_5134-jgd_GML.zip","G04-c/G04-c-11/G04-c-11_5134-jgd_GML.zip"
"標高・傾斜度4次メッシュ","G04-c-11_5135-jgd_GML.zip","G04-c/G04-c-11/G04-c-11_5135-jgd_GML.zip"
"標高・傾斜度4次メッシュ","G04-c-11_5136-jgd_GML.zip","G04-c/G04-c-11/G04-c-11_5136-jgd_GML.zip"
"標高・傾斜度4次メッシュ","G04-c-11_5137-jgd_GML.zip","G04-c/G04-c-11/G04-c-11_5137-jgd_GML.zip"
"標高・傾斜度4次メッシュ","G04-c-11_5138-jgd_GML.zip","G04-c/G04-c-11/G04-c-11_5138-jgd_GML.zip"
"標高・傾斜度4次メッシュ","G04-c-11_5139-jgd_GML.zip","G04-c/G04-c-11/G04-c-11_5139-jgd_GML.zip"
"標高・傾斜度4次メッシュ","G04-c-11_5229-jgd_GML.zip","G04-c/G04-c-11/G04-c-11_5229-jgd_GML.zip"
"標高・傾斜度4次メッシュ","G04-c-11_5231-jgd_GML.zip","G04-c/G04-c-11/G04-c-11_5231-jgd_GML.zip"
"標高・傾斜度4次メッシュ","G04-c-11_5232-jgd_GML.zip","G04-c/G04-c-11/G04-c-11_5232-jgd_GML.zip"
"標高・傾斜度4次メッシュ","G04-c-11_5233-jgd_GML.zip","G04-c/G04-c-11/G04-c-11_5233-jgd_GML.zip"
"標高・傾斜度4次メッシュ","G04-c-11_5234-jgd_GML.zip","G04-c/G04-c-11/G04-c-11_5234-jgd_GML.zip"
"標高・傾斜度4次メッシュ","G04-c-11_5235-jgd_GML.zip","G04-c/G04-c-11/G04-c-11_5235-jgd_GML.zip"
"標高・傾斜度4次メッシュ","G04-c-11_5236-jgd_GML.zip","G04-c/G04-c-11/G04-c-11_5236-jgd_GML.zip"
"標高・傾斜度4次メッシュ","G04-c-11_5237-jgd_GML.zip","G04-c/G04-c-11/G04-c-11_5237-jgd_GML.zip"
"標高・傾斜度4次メッシュ","G04-c-11_5238-jgd_GML.zip","G04-c/G04-c-11/G04-c-11_5238-jgd_GML.zip"
"標高・傾斜度4次メッシュ","G04-c-11_5239-jgd_GML.zip","G04-c/G04-c-11/G04-c-11_5239-jgd_GML.zip"
"標高・傾斜度4次メッシュ","G04-c-11_5240-jgd_GML.zip","G04-c/G04-c-11/G04-c-11_5240-jgd_GML.zip"
"標高・傾斜度4次メッシュ","G04-c-11_5332-jgd_GML.zip","G04-c/G04-c-11/G04-c-11_5332-jgd_GML.zip"
"標高・傾斜度4次メッシュ","G04-c-11_5333-jgd_GML.zip","G04-c/G04-c-11/G04-c-11_5333-jgd_GML.zip"
"標高・傾斜度4次メッシュ","G04-c-11_5334-jgd_GML.zip","G04-c/G04-c-11/G04-c-11_5334-jgd_GML.zip"
"標高・傾斜度4次メッシュ","G04-c-11_5335-jgd_GML.zip","G04-c/G04-c-11/G04-c-11_5335-jgd_GML.zip"
"標高・傾斜度4次メッシュ","G04-c-11_5336-jgd_GML.zip","G04-c/G04-c-11/G04-c-11_5336-jgd_GML.zip"
"標高・傾斜度4次メッシュ","G04-c-11_5337-jgd_GML.zip","G04-c/G04-c-11/G04-c-11_5337-jgd_GML.zip"
"標高・傾斜度4次メッシュ","G04-c-11_5338-jgd_GML.zip","G04-c/G04-c-11/G04-c-11_5338-jgd_GML.zip"
"標高・傾斜度4次メッシュ","G04-c-11_5339-jgd_GML.zip","G04-c/G04-c-11/G04-c-11_5339-jgd_GML.zip"
"標高・傾斜度4次メッシュ","G04-c-11_5340-jgd_GML.zip","G04-c/G04-c-11/G04-c-11_5340-jgd_GML.zip"
"標高・傾斜度4次メッシュ","G04-c-11_5432-jgd_GML.zip","G04-c/G04-c-11/G04-c-11_5432-jgd_GML.zip"
"標高・傾斜度4次メッシュ","G04-c-11_5433-jgd_GML.zip","G04-c/G04-c-11/G04-c-11_5433-jgd_GML.zip"
"標高・傾斜度4次メッシュ","G04-c-11_5435-jgd_GML.zip","G04-c/G04-c-11/G04-c-11_5435-jgd_GML.zip"
"標高・傾斜度4次メッシュ","G04-c-11_5436-jgd_GML.zip","G04-c/G04-c-11/G04-c-11_5436-jgd_GML.zip"
"標高・傾斜度4次メッシュ","G04-c-11_5437-jgd_GML.zip","G04-c/G04-c-11/G04-c-11_5437-jgd_GML.zip"
"標高・傾斜度4次メッシュ","G04-c-11_5438-jgd_GML.zip","G04-c/G04-c-11/G04-c-11_5438-jgd_GML.zip"
"標高・傾斜度4次メッシュ","G04-c-11_5439-jgd_GML.zip","G04-c/G04-c-11/G04-c-11_5439-jgd_GML.zip"
"標高・傾斜度4次メッシュ","G04-c-11_5440-jgd_GML.zip","G04-c/G04-c-11/G04-c-11_5440-jgd_GML.zip"
"標高・傾斜度4次メッシュ","G04-c-11_5531-jgd_GML.zip","G04-c/G04-c-11/G04-c-11_5531-jgd_GML.zip"
"標高・傾斜度4次メッシュ","G04-c-11_5536-jgd_GML.zip","G04-c/G04-c-11/G04-c-11_5536-jgd_GML.zip"
"標高・傾斜度4次メッシュ","G04-c-11_5537-jgd_GML.zip","G04-c/G04-c-11/G04-c-11_5537-jgd_GML.zip"
"標高・傾斜度4次メッシュ","G04-c-11_5538-jgd_GML.zip","G04-c/G04-c-11/G04-c-11_5538-jgd_GML.zip"
"標高・傾斜度4次メッシュ","G04-c-11_5539-jgd_GML.zip","G04-c/G04-c-11/G04-c-11_5539-jgd_GML.zip"
"標高・傾斜度4次メッシュ","G04-c-11_5540-jgd_GML.zip","G04-c/G04-c-11/G04-c-11_5540-jgd_GML.zip"
"標高・傾斜度4次メッシュ","G04-c-11_5541-jgd_GML.zip","G04-c/G04-c-11/G04-c-11_5541-jgd_GML.zip"
"標高・傾斜度4次メッシュ","G04-c-11_5636-jgd_GML.zip","G04-c/G04-c-11/G04-c-11_5636-jgd_GML.zip"
"標高・傾斜度4次メッシュ","G04-c-11_5637-jgd_GML.zip","G04-c/G04-c-11/G04-c-11_5637-jgd_GML.zip"
"標高・傾斜度4次メッシュ","G04-c-11_5638-jgd_GML.zip","G04-c/G04-c-11/G04-c-11_5638-jgd_GML.zip"
"標高・傾斜度4次メッシュ","G04-c-11_5639-jgd_GML.zip","G04-c/G04-c-11/G04-c-11_5639-jgd_GML.zip"
"標高・傾斜度4次メッシュ","G04-c-11_5640-jgd_GML.zip","G04-c/G04-c-11/G04-c-11_5640-jgd_GML.zip"
"標高・傾斜度4次メッシュ","G04-c-11_5641-jgd_GML.zip","G04-c/G04-c-11/G04-c-11_5641-jgd_GML.zip"
"標高・傾斜度4次メッシュ","G04-c-11_5738-jgd_GML.zip","G04-c/G04-c-11/G04-c-11_5738-jgd_GML.zip"
"標高・傾斜度4次メッシュ","G04-c-11_5739-jgd_GML.zip","G04-c/G04-c-11/G04-c-11_5739-jgd_GML.zip"
"標高・傾斜度4次メッシュ","G04-c-11_5740-jgd_GML.zip","G04-c/G04-c-11/G04-c-11_5740-jgd_GML.zip"
"標高・傾斜度4次メッシュ","G04-c-11_5741-jgd_GML.zip","G04-c/G04-c-11/G04-c-11_5741-jgd_GML.zip"
"標高・傾斜度4次メッシュ","G04-c-11_5839-jgd_GML.zip","G04-c/G04-c-11/G04-c-11_5839-jgd_GML.zip"
"標高・傾斜度4次メッシュ","G04-c-11_5840-jgd_GML.zip","G04-c/G04-c-11/G04-c-11_5840-jgd_GML.zip"
"標高・傾斜度4次メッシュ","G04-c-11_5841-jgd_GML.zip","G04-c/G04-c-11/G04-c-11_5841-jgd_GML.zip"
"標高・傾斜度4次メッシュ","G04-c-11_5939-jgd_GML.zip","G04-c/G04-c-11/G04-c-11_5939-jgd_GML.zip"
"標高・傾斜度4次メッシュ","G04-c-11_5940-jgd_GML.zip","G04-c/G04-c-11/G04-c-11_5940-jgd_GML.zip"
"標高・傾斜度4次メッシュ","G04-c-11_5941-jgd_GML.zip","G04-c/G04-c-11/G04-c-11_5941-jgd_GML.zip"
"標高・傾斜度4次メッシュ","G04-c-11_5942-jgd_GML.zip","G04-c/G04-c-11/G04-c-11_5942-jgd_GML.zip"
"標高・傾斜度4次メッシュ","G04-c-11_6039-jgd_GML.zip","G04-c/G04-c-11/G04-c-11_6039-jgd_GML.zip"
"標高・傾斜度4次メッシュ","G04-c-11_6040-jgd_GML.zip","G04-c/G04-c-11/G04-c-11_6040-jgd_GML.zip"
"標高・傾斜度4次メッシュ","G04-c-11_6041-jgd_GML.zip","G04-c/G04-c-11/G04-c-11_6041-jgd_GML.zip"
"標高・傾斜度4次メッシュ","G04-c-11_6139-jgd_GML.zip","G04-c/G04-c-11/G04-c-11_6139-jgd_GML.zip"
"標高・傾斜度4次メッシュ","G04-c-11_6140-jgd_GML.zip","G04-c/G04-c-11/G04-c-11_6140-jgd_GML.zip"
"標高・傾斜度4次メッシュ","G04-c-11_6141-jgd_GML.zip","G04-c/G04-c-11/G04-c-11_6141-jgd_GML.zip"
"標高・傾斜度4次メッシュ","G04-c-11_6239-jgd_GML.zip","G04-c/G04-c-11/G04-c-11_6239-jgd_GML.zip"
"標高・傾斜度4次メッシュ","G04-c-11_6240-jgd_GML.zip","G04-c/G04-c-11/G04-c-11_6240-jgd_GML.zip"
"標高・傾斜度4次メッシュ","G04-c-11_6241-jgd_GML.zip","G04-c/G04-c-11/G04-c-11_6241-jgd_GML.zip"
"標高・傾斜度4次メッシュ","G04-c-11_6243-jgd_GML.zip","G04-c/G04-c-11/G04-c-11_6243-jgd_GML.zip"
"標高・傾斜度4次メッシュ","G04-c-11_6339-jgd_GML.zip","G04-c/G04-c-11/G04-c-11_6339-jgd_GML.zip"
"標高・傾斜度4次メッシュ","G04-c-11_6340-jgd_GML.zip","G04-c/G04-c-11/G04-c-11_6340-jgd_GML.zip"
"標高・傾斜度4次メッシュ","G04-c-11_6341-jgd_GML.zip","G04-c/G04-c-11/G04-c-11_6341-jgd_GML.zip"
"標高・傾斜度4次メッシュ","G04-c-11_6342-jgd_GML.zip","G04-c/G04-c-11/G04-c-11_6342-jgd_GML.zip"
"標高・傾斜度4次メッシュ","G04-c-11_6343-jgd_GML.zip","G04-c/G04-c-11/G04-c-11_6343-jgd_GML.zip"
"標高・傾斜度4次メッシュ","G04-c-11_6439-jgd_GML.zip","G04-c/G04-c-11/G04-c-11_6439-jgd_GML.zip"
"標高・傾斜度4次メッシュ","G04-c-11_6440-jgd_GML.zip","G04-c/G04-c-11/G04-c-11_6440-jgd_GML.zip"
"標高・傾斜度4次メッシュ","G04-c-11_6441-jgd_GML.zip","G04-c/G04-c-11/G04-c-11_6441-jgd_GML.zip"
"標高・傾斜度4次メッシュ","G04-c-11_6442-jgd_GML.zip","G04-c/G04-c-11/G04-c-11_6442-jgd_GML.zip"
"標高・傾斜度4次メッシュ","G04-c-11_6443-jgd_GML.zip","G04-c/G04-c-11/G04-c-11_6443-jgd_GML.zip"
"標高・傾斜度4次メッシュ","G04-c-11_6444-jgd_GML.zip","G04-c/G04-c-11/G04-c-11_6444-jgd_GML.zip"
"標高・傾斜度4次メッシュ","G04-c-11_6445-jgd_GML.zip","G04-c/G04-c-11/G04-c-11_6445-jgd_GML.zip"
"標高・傾斜度4次メッシュ","G04-c-11_6540-jgd_GML.zip","G04-c/G04-c-11/G04-c-11_6540-jgd_GML.zip"
"標高・傾斜度4次メッシュ","G04-c-11_6541-jgd_GML.zip","G04-c/G04-c-11/G04-c-11_6541-jgd_GML.zip"
"標高・傾斜度4次メッシュ","G04-c-11_6542-jgd_GML.zip","G04-c/G04-c-11/G04-c-11_6542-jgd_GML.zip"
"標高・傾斜度4次メッシュ","G04-c-11_6543-jgd_GML.zip","G04-c/G04-c-11/G04-c-11_6543-jgd_GML.zip"
"標高・傾斜度4次メッシュ","G04-c-11_6544-jgd_GML.zip","G04-c/G04-c-11/G04-c-11_6544-jgd_GML.zip"
"標高・傾斜度4次メッシュ","G04-c-11_6545-jgd_GML.zip","G04-c/G04-c-11/G04-c-11_6545-jgd_GML.zip"
"標高・傾斜度4次メッシュ","G04-c-11_6546-jgd_GML.zip","G04-c/G04-c-11/G04-c-11_6546-jgd_GML.zip"
"標高・傾斜度4次メッシュ","G04-c-11_6641-jgd_GML.zip","G04-c/G04-c-11/G04-c-11_6641-jgd_GML.zip"
"標高・傾斜度4次メッシュ","G04-c-11_6642-jgd_GML.zip","G04-c/G04-c-11/G04-c-11_6642-jgd_GML.zip"
"標高・傾斜度4次メッシュ","G04-c-11_6643-jgd_GML.zip","G04-c/G04-c-11/G04-c-11_6643-jgd_GML.zip"
"標高・傾斜度4次メッシュ","G04-c-11_6644-jgd_GML.zip","G04-c/G04-c-11/G04-c-11_6644-jgd_GML.zip"
"標高・傾斜度4次メッシュ","G04-c-11_6645-jgd_GML.zip","G04-c/G04-c-11/G04-c-11_6645-jgd_GML.zip"
"標高・傾斜度4次メッシュ","G04-c-11_6646-jgd_GML.zip","G04-c/G04-c-11/G04-c-11_6646-jgd_GML.zip"
"標高・傾斜度4次メッシュ","G04-c-11_6647-jgd_GML.zip","G04-c/G04-c-11/G04-c-11_6647-jgd_GML.zip"
"標高・傾斜度4次メッシュ","G04-c-11_6740-jgd_GML.zip","G04-c/G04-c-11/G04-c-11_6740-jgd_GML.zip"
"標高・傾斜度4次メッシュ","G04-c-11_6741-jgd_GML.zip","G04-c/G04-c-11/G04-c-11_6741-jgd_GML.zip"
"標高・傾斜度4次メッシュ","G04-c-11_6742-jgd_GML.zip","G04-c/G04-c-11/G04-c-11_6742-jgd_GML.zip"
"標高・傾斜度4次メッシュ","G04-c-11_6747-jgd_GML.zip","G04-c/G04-c-11/G04-c-11_6747-jgd_GML.zip"
"標高・傾斜度4次メッシュ","G04-c-11_6748-jgd_GML.zip","G04-c/G04-c-11/G04-c-11_6748-jgd_GML.zip"
"標高・傾斜度4次メッシュ","G04-c-11_6840-jgd_GML.zip","G04-c/G04-c-11/G04-c-11_6840-jgd_GML.zip"
"標高・傾斜度4次メッシュ","G04-c-11_6841-jgd_GML.zip","G04-c/G04-c-11/G04-c-11_6841-jgd_GML.zip"
"標高・傾斜度4次メッシュ","G04-c-11_6842-jgd_GML.zip","G04-c/G04-c-11/G04-c-11_6842-jgd_GML.zip"
"標高・傾斜度4次メッシュ","G04-c-11_6847-jgd_GML.zip","G04-c/G04-c-11/G04-c-11_6847-jgd_GML.zip"
"標高・傾斜度4次メッシュ","G04-c-11_6848-jgd_GML.zip","G04-c/G04-c-11/G04-c-11_6848-jgd_GML.zip"
"標高・傾斜度5次メッシュ","G04-d-11_3036-jgd_GML.zip","G04-d/G04-d-11/G04-d-11_3036-jgd_GML.zip"
"標高・傾斜度5次メッシュ","G04-d-11_3622-jgd_GML.zip","G04-d/G04-d-11/G04-d-11_3622-jgd_GML.zip"
"標高・傾斜度5次メッシュ","G04-d-11_3623-jgd_GML.zip","G04-d/G04-d-11/G04-d-11_3623-jgd_GML.zip"
"標高・傾斜度5次メッシュ","G04-d-11_3624-jgd_GML.zip","G04-d/G04-d-11/G04-d-11_3624-jgd_GML.zip"
"標高・傾斜度5次メッシュ","G04-d-11_3631-jgd_GML.zip","G04-d/G04-d-11/G04-d-11_3631-jgd_GML.zip"
"標高・傾斜度5次メッシュ","G04-d-11_3641-jgd_GML.zip","G04-d/G04-d-11/G04-d-11_3641-jgd_GML.zip"
"標高・傾斜度5次メッシュ","G04-d-11_3653-jgd_GML.zip","G04-d/G04-d-11/G04-d-11_3653-jgd_GML.zip"
"標高・傾斜度5次メッシュ","G04-d-11_3724-jgd_GML.zip","G04-d/G04-d-11/G04-d-11_3724-jgd_GML.zip"
"標高・傾斜度5次メッシュ","G04-d-11_3725-jgd_GML.zip","G04-d/G04-d-11/G04-d-11_3725-jgd_GML.zip"
"標高・傾斜度5次メッシュ","G04-d-11_3741-jgd_GML.zip","G04-d/G04-d-11/G04-d-11_3741-jgd_GML.zip"
"標高・傾斜度5次メッシュ","G04-d-11_3823-jgd_GML.zip","G04-d/G04-d-11/G04-d-11_3823-jgd_GML.zip"
"標高・傾斜度5次メッシュ","G04-d-11_3824-jgd_GML.zip","G04-d/G04-d-11/G04-d-11_3824-jgd_GML.zip"
"標高・傾斜度5次メッシュ","G04-d-11_3831-jgd_GML.zip","G04-d/G04-d-11/G04-d-11_3831-jgd_GML.zip"
"標高・傾斜度5次メッシュ","G04-d-11_3841-jgd_GML.zip","G04-d/G04-d-11/G04-d-11_3841-jgd_GML.zip"
"標高・傾斜度5次メッシュ","G04-d-11_3926-jgd_GML.zip","G04-d/G04-d-11/G04-d-11_3926-jgd_GML.zip"
"標高・傾斜度5次メッシュ","G04-d-11_3927-jgd_GML.zip","G04-d/G04-d-11/G04-d-11_3927-jgd_GML.zip"
"標高・傾斜度5次メッシュ","G04-d-11_3928-jgd_GML.zip","G04-d/G04-d-11/G04-d-11_3928-jgd_GML.zip"
"標高・傾斜度5次メッシュ","G04-d-11_3942-jgd_GML.zip","G04-d/G04-d-11/G04-d-11_3942-jgd_GML.zip"
"標高・傾斜度5次メッシュ","G04-d-11_4027-jgd_GML.zip","G04-d/G04-d-11/G04-d-11_4027-jgd_GML.zip"
"標高・傾斜度5次メッシュ","G04-d-11_4028-jgd_GML.zip","G04-d/G04-d-11/G04-d-11_4028-jgd_GML.zip"
"標高・傾斜度5次メッシュ","G04-d-11_4040-jgd_GML.zip","G04-d/G04-d-11/G04-d-11_4040-jgd_GML.zip"
"標高・傾斜度5次メッシュ","G04-d-11_4042-jgd_GML.zip","G04-d/G04-d-11/G04-d-11_4042-jgd_GML.zip"
"標高・傾斜度5次メッシュ","G04-d-11_4128-jgd_GML.zip","G04-d/G04-d-11/G04-d-11_4128-jgd_GML.zip"
"標高・傾斜度5次メッシュ","G04-d-11_4129-jgd_GML.zip","G04-d/G04-d-11/G04-d-11_4129-jgd_GML.zip"
"標高・傾斜度5次メッシュ","G04-d-11_4142-jgd_GML.zip","G04-d/G04-d-11/G04-d-11_4142-jgd_GML.zip"
"標高・傾斜度5次メッシュ","G04-d-11_4229-jgd_GML.zip","G04-d/G04-d-11/G04-d-11_4229-jgd_GML.zip"
"標高・傾斜度5次メッシュ","G04-d-11_4230-jgd_GML.zip","G04-d/G04-d-11/G04-d-11_4230-jgd_GML.zip"
"標高・傾斜度5次メッシュ","G04-d-11_4328-jgd_GML.zip","G04-d/G04-d-11/G04-d-11_4328-jgd_GML.zip"
"標高・傾斜度5次メッシュ","G04-d-11_4329-jgd_GML.zip","G04-d/G04-d-11/G04-d-11_4329-jgd_GML.zip"
"標高・傾斜度5次メッシュ","G04-d-11_4429-jgd_GML.zip","G04-d/G04-d-11/G04-d-11_4429-jgd_GML.zip"
"標高・傾斜度5次メッシュ","G04-d-11_4440-jgd_GML.zip","G04-d/G04-d-11/G04-d-11_4440-jgd_GML.zip"
"標高・傾斜度5次メッシュ","G04-d-11_4529-jgd_GML.zip","G04-d/G04-d-11/G04-d-11_4529-jgd_GML.zip"
"標高・傾斜度5次メッシュ","G04-d-11_4530-jgd_GML.zip","G04-d/G04-d-11/G04-d-11_4530-jgd_GML.zip"
"標高・傾斜度5次メッシュ","G04-d-11_4531-jgd_GML.zip","G04-d/G04-d-11/G04-d-11_4531-jgd_GML.zip"
"標高・傾斜度5次メッシュ","G04-d-11_4540-jgd_GML.zip","G04-d/G04-d-11/G04-d-11_4540-jgd_GML.zip"
"標高・傾斜度5次メッシュ","G04-d-11_4629-jgd_GML.zip","G04-d/G04-d-11/G04-d-11_4629-jgd_GML.zip"
"標高・傾斜度5次メッシュ","G04-d-11_4630-jgd_GML.zip","G04-d/G04-d-11/G04-d-11_4630-jgd_GML.zip"
"標高・傾斜度5次メッシュ","G04-d-11_4631-jgd_GML.zip","G04-d/G04-d-11/G04-d-11_4631-jgd_GML.zip"
"標高・傾斜度5次メッシュ","G04-d-11_4728-jgd_GML.zip","G04-d/G04-d-11/G04-d-11_4728-jgd_GML.zip"
"標高・傾斜度5次メッシュ","G04-d-11_4729-jgd_GML.zip","G04-d/G04-d-11/G04-d-11_4729-jgd_GML.zip"
"標高・傾斜度5次メッシュ","G04-d-11_4730-jgd_GML.zip","G04-d/G04-d-11/G04-d-11_4730-jgd_GML.zip"
"標高・傾斜度5次メッシュ","G04-d-11_4731-jgd_GML.zip","G04-d/G04-d-11/G04-d-11_4731-jgd_GML.zip"
"標高・傾斜度5次メッシュ","G04-d-11_4739-jgd_GML.zip","G04-d/G04-d-11/G04-d-11_4739-jgd_GML.zip"
"標高・傾斜度5次メッシュ","G04-d-11_4740-jgd_GML.zip","G04-d/G04-d-11/G04-d-11_4740-jgd_GML.zip"
"標高・傾斜度5次メッシュ","G04-d-11_4828-jgd_GML.zip","G04-d/G04-d-11/G04-d-11_4828-jgd_GML.zip"
"標高・傾斜度5次メッシュ","G04-d-11_4829-jgd_GML.zip","G04-d/G04-d-11/G04-d-11_4829-jgd_GML.zip"
"標高・傾斜度5次メッシュ","G04-d-11_4830-jgd_GML.zip","G04-d/G04-d-11/G04-d-11_4830-jgd_GML.zip"
"標高・傾斜度5次メッシュ","G04-d-11_4831-jgd_GML.zip","G04-d/G04-d-11/G04-d-11_4831-jgd_GML.zip"
"標高・傾斜度5次メッシュ","G04-d-11_4839-jgd_GML.zip","G04-d/G04-d-11/G04-d-11_4839-jgd_GML.zip"
"標高・傾斜度5次メッシュ","G04-d-11_4928-jgd_GML.zip","G04-d/G04-d-11/G04-d-11_4928-jgd_GML.zip"
"標高・傾斜度5次メッシュ","G04-d-11_4929-jgd_GML.zip","G04-d/G04-d-11/G04-d-11_4929-jgd_GML.zip"
"標高・傾斜度5次メッシュ","G04-d-11_4930-jgd_GML.zip","G04-d/G04-d-11/G04-d-11_4930-jgd_GML.zip"
"標高・傾斜度5次メッシュ","G04-d-11_4931-jgd_GML.zip","G04-d/G04-d-11/G04-d-11_4931-jgd_GML.zip"
"標高・傾斜度5次メッシュ","G04-d-11_4932-jgd_GML.zip","G04-d/G04-d-11/G04-d-11_4932-jgd_GML.zip"
"標高・傾斜度5次メッシュ","G04-d-11_4933-jgd_GML.zip","G04-d/G04-d-11/G04-d-11_4933-jgd_GML.zip"
"標高・傾斜度5次メッシュ","G04-d-11_4934-jgd_GML.zip","G04-d/G04-d-11/G04-d-11_4934-jgd_GML.zip"
"標高・傾斜度5次メッシュ","G04-d-11_4939-jgd_GML.zip","G04-d/G04-d-11/G04-d-11_4939-jgd_GML.zip"
"標高・傾斜度5次メッシュ","G04-d-11_5029-jgd_GML.zip","G04-d/G04-d-11/G04-d-11_5029-jgd_GML.zip"
"標高・傾斜度5次メッシュ","G04-d-11_5030-jgd_GML.zip","G04-d/G04-d-11/G04-d-11_5030-jgd_GML.zip"
"標高・傾斜度5次メッシュ","G04-d-11_5031-jgd_GML.zip","G04-d/G04-d-11/G04-d-11_5031-jgd_GML.zip"
"標高・傾斜度5次メッシュ","G04-d-11_5032-jgd_GML.zip","G04-d/G04-d-11/G04-d-11_5032-jgd_GML.zip"
"標高・傾斜度5次メッシュ","G04-d-11_5033-jgd_GML.zip","G04-d/G04-d-11/G04-d-11_5033-jgd_GML.zip"
"標高・傾斜度5次メッシュ","G04-d-11_5034-jgd_GML.zip","G04-d/G04-d-11/G04-d-11_5034-jgd_GML.zip"
"標高・傾斜度5次メッシュ","G04-d-11_5035-jgd_GML.zip","G04-d/G04-d-11/G04-d-11_5035-jgd_GML.zip"
"標高・傾斜度5次メッシュ","G04-d-11_5036-jgd_GML.zip","G04-d/G04-d-11/G04-d-11_5036-jgd_GML.zip"
"標高・傾斜度5次メッシュ","G04-d-11_5038-jgd_GML.zip","G04-d/G04-d-11/G04-d-11_5038-jgd_GML.zip"
"標高・傾斜度5次メッシュ","G04-d-11_5039-jgd_GML.zip","G04-d/G04-d-11/G04-d-11_5039-jgd_GML.zip"
"標高・傾斜度5次メッシュ","G04-d-11_5129-jgd_GML.zip","G04-d/G04-d-11/G04-d-11_5129-jgd_GML.zip"
"標高・傾斜度5次メッシュ","G04-d-11_5130-jgd_GML.zip","G04-d/G04-d-11/G04-d-11_5130-jgd_GML.zip"
"標高・傾斜度5次メッシュ","G04-d-11_5131-jgd_GML.zip","G04-d/G04-d-11/G04-d-11_5131-jgd_GML.zip"
"標高・傾斜度5次メッシュ","G04-d-11_5132-jgd_GML.zip","G04-d/G04-d-11/G04-d-11_5132-jgd_GML.zip"
"標高・傾斜度5次メッシュ","G04-d-11_5133-jgd_GML.zip","G04-d/G04-d-11/G04-d-11_5133-jgd_GML.zip"
"標高・傾斜度5次メッシュ","G04-d-11_5134-jgd_GML.zip","G04-d/G04-d-11/G04-d-11_5134-jgd_GML.zip"
"標高・傾斜度5次メッシュ","G04-d-11_5135-jgd_GML.zip","G04-d/G04-d-11/G04-d-11_5135-jgd_GML.zip"
"標高・傾斜度5次メッシュ","G04-d-11_5136-jgd_GML.zip","G04-d/G04-d-11/G04-d-11_5136-jgd_GML.zip"
"標高・傾斜度5次メッシュ","G04-d-11_5137-jgd_GML.zip","G04-d/G04-d-11/G04-d-11_5137-jgd_GML.zip"
"標高・傾斜度5次メッシュ","G04-d-11_5138-jgd_GML.zip","G04-d/G04-d-11/G04-d-11_5138-jgd_GML.zip"
"標高・傾斜度5次メッシュ","G04-d-11_5139-jgd_GML.zip","G04-d/G04-d-11/G04-d-11_5139-jgd_GML.zip"
"標高・傾斜度5次メッシュ","G04-d-11_5229-jgd_GML.zip","G04-d/G04-d-11/G04-d-11_5229-jgd_GML.zip"
"標高・傾斜度5次メッシュ","G04-d-11_5231-jgd_GML.zip","G04-d/G04-d-11/G04-d-11_5231-jgd_GML.zip"
"標高・傾斜度5次メッシュ","G04-d-11_5232-jgd_GML.zip","G04-d/G04-d-11/G04-d-11_5232-jgd_GML.zip"
"標高・傾斜度5次メッシュ","G04-d-11_5233-jgd_GML.zip","G04-d/G04-d-11/G04-d-11_5233-jgd_GML.zip"
"標高・傾斜度5次メッシュ","G04-d-11_5234-jgd_GML.zip","G04-d/G04-d-11/G04-d-11_5234-jgd_GML.zip"
"標高・傾斜度5次メッシュ","G04-d-11_5235-jgd_GML.zip","G04-d/G04-d-11/G04-d-11_5235-jgd_GML.zip"
"標高・傾斜度5次メッシュ","G04-d-11_5236-jgd_GML.zip","G04-d/G04-d-11/G04-d-11_5236-jgd_GML.zip"
"標高・傾斜度5次メッシュ","G04-d-11_5237-jgd_GML.zip","G04-d/G04-d-11/G04-d-11_5237-jgd_GML.zip"
"標高・傾斜度5次メッシュ","G04-d-11_5238-jgd_GML.zip","G04-d/G04-d-11/G04-d-11_5238-jgd_GML.zip"
"標高・傾斜度5次メッシュ","G04-d-11_5239-jgd_GML.zip","G04-d/G04-d-11/G04-d-11_5239-jgd_GML.zip"
"標高・傾斜度5次メッシュ","G04-d-11_5240-jgd_GML.zip","G04-d/G04-d-11/G04-d-11_5240-jgd_GML.zip"
"標高・傾斜度5次メッシュ","G04-d-11_5332-jgd_GML.zip","G04-d/G04-d-11/G04-d-11_5332-jgd_GML.zip"
"標高・傾斜度5次メッシュ","G04-d-11_5333-jgd_GML.zip","G04-d/G04-d-11/G04-d-11_5333-jgd_GML.zip"
"標高・傾斜度5次メッシュ","G04-d-11_5334-jgd_GML.zip","G04-d/G04-d-11/G04-d-11_5334-jgd_GML.zip"
"標高・傾斜度5次メッシュ","G04-d-11_5335-jgd_GML.zip","G04-d/G04-d-11/G04-d-11_5335-jgd_GML.zip"
"標高・傾斜度5次メッシュ","G04-d-11_5336-jgd_GML.zip","G04-d/G04-d-11/G04-d-11_5336-jgd_GML.zip"
"標高・傾斜度5次メッシュ","G04-d-11_5337-jgd_GML.zip","G04-d/G04-d-11/G04-d-11_5337-jgd_GML.zip"
"標高・傾斜度5次メッシュ","G04-d-11_5338-jgd_GML.zip","G04-d/G04-d-11/G04-d-11_5338-jgd_GML.zip"
"標高・傾斜度5次メッシュ","G04-d-11_5339-jgd_GML.zip","G04-d/G04-d-11/G04-d-11_5339-jgd_GML.zip"
"標高・傾斜度5次メッシュ","G04-d-11_5340-jgd_GML.zip","G04-d/G04-d-11/G04-d-11_5340-jgd_GML.zip"
"標高・傾斜度5次メッシュ","G04-d-11_5432-jgd_GML.zip","G04-d/G04-d-11/G04-d-11_5432-jgd_GML.zip"
"標高・傾斜度5次メッシュ","G04-d-11_5433-jgd_GML.zip","G04-d/G04-d-11/G04-d-11_5433-jgd_GML.zip"
"標高・傾斜度5次メッシュ","G04-d-11_5435-jgd_GML.zip","G04-d/G04-d-11/G04-d-11_5435-jgd_GML.zip"
"標高・傾斜度5次メッシュ","G04-d-11_5436-jgd_GML.zip","G04-d/G04-d-11/G04-d-11_5436-jgd_GML.zip"
"標高・傾斜度5次メッシュ","G04-d-11_5437-jgd_GML.zip","G04-d/G04-d-11/G04-d-11_5437-jgd_GML.zip"
"標高・傾斜度5次メッシュ","G04-d-11_5438-jgd_GML.zip","G04-d/G04-d-11/G04-d-11_5438-jgd_GML.zip"
"標高・傾斜度5次メッシュ","G04-d-11_5439-jgd_GML.zip","G04-d/G04-d-11/G04-d-11_5439-jgd_GML.zip"
"標高・傾斜度5次メッシュ","G04-d-11_5440-jgd_GML.zip","G04-d/G04-d-11/G04-d-11_5440-jgd_GML.zip"
"標高・傾斜度5次メッシュ","G04-d-11_5531-jgd_GML.zip","G04-d/G04-d-11/G04-d-11_5531-jgd_GML.zip"
"標高・傾斜度5次メッシュ","G04-d-11_5536-jgd_GML.zip","G04-d/G04-d-11/G04-d-11_5536-jgd_GML.zip"
"標高・傾斜度5次メッシュ","G04-d-11_5537-jgd_GML.zip","G04-d/G04-d-11/G04-d-11_5537-jgd_GML.zip"
"標高・傾斜度5次メッシュ","G04-d-11_5538-jgd_GML.zip","G04-d/G04-d-11/G04-d-11_5538-jgd_GML.zip"
"標高・傾斜度5次メッシュ","G04-d-11_5539-jgd_GML.zip","G04-d/G04-d-11/G04-d-11_5539-jgd_GML.zip"
"標高・傾斜度5次メッシュ","G04-d-11_5540-jgd_GML.zip","G04-d/G04-d-11/G04-d-11_5540-jgd_GML.zip"
"標高・傾斜度5次メッシュ","G04-d-11_5541-jgd_GML.zip","G04-d/G04-d-11/G04-d-11_5541-jgd_GML.zip"
"標高・傾斜度5次メッシュ","G04-d-11_5636-jgd_GML.zip","G04-d/G04-d-11/G04-d-11_5636-jgd_GML.zip"
"標高・傾斜度5次メッシュ","G04-d-11_5637-jgd_GML.zip","G04-d/G04-d-11/G04-d-11_5637-jgd_GML.zip"
"標高・傾斜度5次メッシュ","G04-d-11_5638-jgd_GML.zip","G04-d/G04-d-11/G04-d-11_5638-jgd_GML.zip"
"標高・傾斜度5次メッシュ","G04-d-11_5639-jgd_GML.zip","G04-d/G04-d-11/G04-d-11_5639-jgd_GML.zip"
"標高・傾斜度5次メッシュ","G04-d-11_5640-jgd_GML.zip","G04-d/G04-d-11/G04-d-11_5640-jgd_GML.zip"
"標高・傾斜度5次メッシュ","G04-d-11_5641-jgd_GML.zip","G04-d/G04-d-11/G04-d-11_5641-jgd_GML.zip"
"標高・傾斜度5次メッシュ","G04-d-11_5738-jgd_GML.zip","G04-d/G04-d-11/G04-d-11_5738-jgd_GML.zip"
"標高・傾斜度5次メッシュ","G04-d-11_5739-jgd_GML.zip","G04-d/G04-d-11/G04-d-11_5739-jgd_GML.zip"
"標高・傾斜度5次メッシュ","G04-d-11_5740-jgd_GML.zip","G04-d/G04-d-11/G04-d-11_5740-jgd_GML.zip"
"標高・傾斜度5次メッシュ","G04-d-11_5741-jgd_GML.zip","G04-d/G04-d-11/G04-d-11_5741-jgd_GML.zip"
"標高・傾斜度5次メッシュ","G04-d-11_5839-jgd_GML.zip","G04-d/G04-d-11/G04-d-11_5839-jgd_GML.zip"
"標高・傾斜度5次メッシュ","G04-d-11_5840-jgd_GML.zip","G04-d/G04-d-11/G04-d-11_5840-jgd_GML.zip"
"標高・傾斜度5次メッシュ","G04-d-11_5841-jgd_GML.zip","G04-d/G04-d-11/G04-d-11_5841-jgd_GML.zip"
"標高・傾斜度5次メッシュ","G04-d-11_5939-jgd_GML.zip","G04-d/G04-d-11/G04-d-11_5939-jgd_GML.zip"
"標高・傾斜度5次メッシュ","G04-d-11_5940-jgd_GML.zip","G04-d/G04-d-11/G04-d-11_5940-jgd_GML.zip"
"標高・傾斜度5次メッシュ","G04-d-11_5941-jgd_GML.zip","G04-d/G04-d-11/G04-d-11_5941-jgd_GML.zip"
"標高・傾斜度5次メッシュ","G04-d-11_5942-jgd_GML.zip","G04-d/G04-d-11/G04-d-11_5942-jgd_GML.zip"
"標高・傾斜度5次メッシュ","G04-d-11_6039-jgd_GML.zip","G04-d/G04-d-11/G04-d-11_6039-jgd_GML.zip"
"標高・傾斜度5次メッシュ","G04-d-11_6040-jgd_GML.zip","G04-d/G04-d-11/G04-d-11_6040-jgd_GML.zip"
"標高・傾斜度5次メッシュ","G04-d-11_6041-jgd_GML.zip","G04-d/G04-d-11/G04-d-11_6041-jgd_GML.zip"
"標高・傾斜度5次メッシュ","G04-d-11_6139-jgd_GML.zip","G04-d/G04-d-11/G04-d-11_6139-jgd_GML.zip"
"標高・傾斜度5次メッシュ","G04-d-11_6140-jgd_GML.zip","G04-d/G04-d-11/G04-d-11_6140-jgd_GML.zip"
"標高・傾斜度5次メッシュ","G04-d-11_6141-jgd_GML.zip","G04-d/G04-d-11/G04-d-11_6141-jgd_GML.zip"
"標高・傾斜度5次メッシュ","G04-d-11_6239-jgd_GML.zip","G04-d/G04-d-11/G04-d-11_6239-jgd_GML.zip"
"標高・傾斜度5次メッシュ","G04-d-11_6240-jgd_GML.zip","G04-d/G04-d-11/G04-d-11_6240-jgd_GML.zip"
"標高・傾斜度5次メッシュ","G04-d-11_6241-jgd_GML.zip","G04-d/G04-d-11/G04-d-11_6241-jgd_GML.zip"
"標高・傾斜度5次メッシュ","G04-d-11_6243-jgd_GML.zip","G04-d/G04-d-11/G04-d-11_6243-jgd_GML.zip"
"標高・傾斜度5次メッシュ","G04-d-11_6339-jgd_GML.zip","G04-d/G04-d-11/G04-d-11_6339-jgd_GML.zip"
"標高・傾斜度5次メッシュ","G04-d-11_6340-jgd_GML.zip","G04-d/G04-d-11/G04-d-11_6340-jgd_GML.zip"
"標高・傾斜度5次メッシュ","G04-d-11_6341-jgd_GML.zip","G04-d/G04-d-11/G04-d-11_6341-jgd_GML.zip"
"標高・傾斜度5次メッシュ","G04-d-11_6342-jgd_GML.zip","G04-d/G04-d-11/G04-d-11_6342-jgd_GML.zip"
"標高・傾斜度5次メッシュ","G04-d-11_6343-jgd_GML.zip","G04-d/G04-d-11/G04-d-11_6343-jgd_GML.zip"
"標高・傾斜度5次メッシュ","G04-d-11_6439-jgd_GML.zip","G04-d/G04-d-11/G04-d-11_6439-jgd_GML.zip"
"標高・傾斜度5次メッシュ","G04-d-11_6440-jgd_GML.zip","G04-d/G04-d-11/G04-d-11_6440-jgd_GML.zip"
"標高・傾斜度5次メッシュ","G04-d-11_6441-jgd_GML.zip","G04-d/G04-d-11/G04-d-11_6441-jgd_GML.zip"
"標高・傾斜度5次メッシュ","G04-d-11_6442-jgd_GML.zip","G04-d/G04-d-11/G04-d-11_6442-jgd_GML.zip"
"標高・傾斜度5次メッシュ","G04-d-11_6443-jgd_GML.zip","G04-d/G04-d-11/G04-d-11_6443-jgd_GML.zip"
"標高・傾斜度5次メッシュ","G04-d-11_6444-jgd_GML.zip","G04-d/G04-d-11/G04-d-11_6444-jgd_GML.zip"
"標高・傾斜度5次メッシュ","G04-d-11_6445-jgd_GML.zip","G04-d/G04-d-11/G04-d-11_6445-jgd_GML.zip"
"標高・傾斜度5次メッシュ","G04-d-11_6540-jgd_GML.zip","G04-d/G04-d-11/G04-d-11_6540-jgd_GML.zip"
"標高・傾斜度5次メッシュ","G04-d-11_6541-jgd_GML.zip","G04-d/G04-d-11/G04-d-11_6541-jgd_GML.zip"
"標高・傾斜度5次メッシュ","G04-d-11_6542-jgd_GML.zip","G04-d/G04-d-11/G04-d-11_6542-jgd_GML.zip"
"標高・傾斜度5次メッシュ","G04-d-11_6543-jgd_GML.zip","G04-d/G04-d-11/G04-d-11_6543-jgd_GML.zip"
"標高・傾斜度5次メッシュ","G04-d-11_6544-jgd_GML.zip","G04-d/G04-d-11/G04-d-11_6544-jgd_GML.zip"
"標高・傾斜度5次メッシュ","G04-d-11_6545-jgd_GML.zip","G04-d/G04-d-11/G04-d-11_6545-jgd_GML.zip"
"標高・傾斜度5次メッシュ","G04-d-11_6641-jgd_GML.zip","G04-d/G04-d-11/G04-d-11_6641-jgd_GML.zip"
"標高・傾斜度5次メッシュ","G04-d-11_6642-jgd_GML.zip","G04-d/G04-d-11/G04-d-11_6642-jgd_GML.zip"
"標高・傾斜度5次メッシュ","G04-d-11_6643-jgd_GML.zip","G04-d/G04-d-11/G04-d-11_6643-jgd_GML.zip"
"標高・傾斜度5次メッシュ","G04-d-11_6644-jgd_GML.zip","G04-d/G04-d-11/G04-d-11_6644-jgd_GML.zip"
"標高・傾斜度5次メッシュ","G04-d-11_6645-jgd_GML.zip","G04-d/G04-d-11/G04-d-11_6645-jgd_GML.zip"
"標高・傾斜度5次メッシュ","G04-d-11_6740-jgd_GML.zip","G04-d/G04-d-11/G04-d-11_6740-jgd_GML.zip"
"標高・傾斜度5次メッシュ","G04-d-11_6741-jgd_GML.zip","G04-d/G04-d-11/G04-d-11_6741-jgd_GML.zip"
"標高・傾斜度5次メッシュ","G04-d-11_6742-jgd_GML.zip","G04-d/G04-d-11/G04-d-11_6742-jgd_GML.zip"
"標高・傾斜度5次メッシュ","G04-d-11_6840-jgd_GML.zip","G04-d/G04-d-11/G04-d-11_6840-jgd_GML.zip"
"標高・傾斜度5次メッシュ","G04-d-11_6841-jgd_GML.zip","G04-d/G04-d-11/G04-d-11_6841-jgd_GML.zip"
"標高・傾斜度5次メッシュ","G04-d-11_6842-jgd_GML.zip","G04-d/G04-d-11/G04-d-11_6842-jgd_GML.zip"
"土地利用3次メッシュ","L03-a-06_3035-jgd_GML.zip","L03-a/L03-a-06/L03-a-06_3035-jgd_GML.zip"
"土地利用3次メッシュ","L03-a-21_3036-jgd2011_GML.zip","L03-a/L03-a-21/L03-a-21_3036-jgd2011_GML.zip"
"土地利用3次メッシュ","L03-a-21_3622-jgd2011_GML.zip","L03-a/L03-a-21/L03-a-21_3622-jgd2011_GML.zip"
"土地利用3次メッシュ","L03-a-21_3623-jgd2011_GML.zip","L03-a/L03-a-21/L03-a-21_3623-jgd2011_GML.zip"
"土地利用3次メッシュ","L03-a-21_3624-jgd2011_GML.zip","L03-a/L03-a-21/L03-a-21_3624-jgd2011_GML.zip"
"土地利用3次メッシュ","L03-a-21_3631-jgd2011_GML.zip","L03-a/L03-a-21/L03-a-21_3631-jgd2011_GML.zip"
"土地利用3次メッシュ","L03-a-21_3641-jgd2011_GML.zip","L03-a/L03-a-21/L03-a-21_3641-jgd2011_GML.zip"
"土地利用3次メッシュ","L03-a-21_3653-jgd2011_GML.zip","L03-a/L03-a-21/L03-a-21_3653-jgd2011_GML.zip"
"土地利用3次メッシュ","L03-a-21_3724-jgd2011_GML.zip","L03-a/L03-a-21/L03-a-21_3724-jgd2011_GML.zip"
"土地利用3次メッシュ","L03-a-21_3725-jgd2011_GML.zip","L03-a/L03-a-21/L03-a-21_3725-jgd2011_GML.zip"
"土地利用3次メッシュ","L03-a-21_3741-jgd2011_GML.zip","L03-a/L03-a-21/L03-a-21_3741-jgd2011_GML.zip"
"土地利用3次メッシュ","L03-a-21_3823-jgd2011_GML.zip","L03-a/L03-a-21/L03-a-21_3823-jgd2011_GML.zip"
"土地利用3次メッシュ","L03-a-21_3824-jgd2011_GML.zip","L03-a/L03-a-21/L03-a-21_3824-jgd2011_GML.zip"
"土地利用3次メッシュ","L03-a-21_3831-jgd2011_GML.zip","L03-a/L03-a-21/L03-a-21_3831-jgd2011_GML.zip"
"土地利用3次メッシュ","L03-a-21_3841-jgd2011_GML.zip","L03-a/L03-a-21/L03-a-21_3841-jgd2011_GML.zip"
"土地利用3次メッシュ","L03-a-06_3923-jgd_GML.zip","L03-a/L03-a-06/L03-a-06_3923-jgd_GML.zip"
"土地利用3次メッシュ","L03-a-06_3924-jgd_GML.zip","L03-a/L03-a-06/L03-a-06_3924-jgd_GML.zip"
"土地利用3次メッシュ","L03-a-21_3926-jgd2011_GML.zip","L03-a/L03-a-21/L03-a-21_3926-jgd2011_GML.zip"
"土地利用3次メッシュ","L03-a-21_3927-jgd2011_GML.zip","L03-a/L03-a-21/L03-a-21_3927-jgd2011_GML.zip"
"土地利用3次メッシュ","L03-a-21_3928-jgd2011_GML.zip","L03-a/L03-a-21/L03-a-21_3928-jgd2011_GML.zip"
"土地利用3次メッシュ","L03-a-06_3931-jgd_GML.zip","L03-a/L03-a-06/L03-a-06_3931-jgd_GML.zip"
"土地利用3次メッシュ","L03-a-06_3941-jgd_GML.zip","L03-a/L03-a-06/L03-a-06_3941-jgd_GML.zip"
"土地利用3次メッシュ","L03-a-21_3942-jgd2011_GML.zip","L03-a/L03-a-21/L03-a-21_3942-jgd2011_GML.zip"
"土地利用3次メッシュ","L03-a-06_4026-jgd_GML.zip","L03-a/L03-a-06/L03-a-06_4026-jgd_GML.zip"
"土地利用3次メッシュ","L03-a-21_4027-jgd2011_GML.zip","L03-a/L03-a-21/L03-a-21_4027-jgd2011_GML.zip"
"土地利用3次メッシュ","L03-a-21_4028-jgd2011_GML.zip","L03-a/L03-a-21/L03-a-21_4028-jgd2011_GML.zip"
"土地利用3次メッシュ","L03-a-21_4040-jgd2011_GML.zip","L03-a/L03-a-21/L03-a-21_4040-jgd2011_GML.zip"
"土地利用3次メッシュ","L03-a-06_4041-jgd_GML.zip","L03-a/L03-a-06/L03-a-06_4041-jgd_GML.zip"
"土地利用3次メッシュ","L03-a-21_4042-jgd2011_GML.zip","L03-a/L03-a-21/L03-a-21_4042-jgd2011_GML.zip"
"土地利用3次メッシュ","L03-a-21_4128-jgd2011_GML.zip","L03-a/L03-a-21/L03-a-21_4128-jgd2011_GML.zip"
"土地利用3次メッシュ","L03-a-21_4129-jgd2011_GML.zip","L03-a/L03-a-21/L03-a-21_4129-jgd2011_GML.zip"
"土地利用3次メッシュ","L03-a-06_4140-jgd_GML.zip","L03-a/L03-a-06/L03-a-06_4140-jgd_GML.zip"
"土地利用3次メッシュ","L03-a-06_4141-jgd_GML.zip","L03-a/L03-a-06/L03-a-06_4141-jgd_GML.zip"
"土地利用3次メッシュ","L03-a-21_4142-jgd2011_GML.zip","L03-a/L03-a-21/L03-a-21_4142-jgd2011_GML.zip"
"土地利用3次メッシュ","L03-a-06_4228-jgd_GML.zip","L03-a/L03-a-06/L03-a-06_4228-jgd_GML.zip"
"土地利用3次メッシュ","L03-a-21_4229-jgd2011_GML.zip","L03-a/L03-a-21/L03-a-21_4229-jgd2011_GML.zip"
"土地利用3次メッシュ","L03-a-21_4230-jgd2011_GML.zip","L03-a/L03-a-21/L03-a-21_4230-jgd2011_GML.zip"
"土地利用3次メッシュ","L03-a-21_4328-jgd2011_GML.zip","L03-a/L03-a-21/L03-a-21_4328-jgd2011_GML.zip"
"土地利用3次メッシュ","L03-a-21_4329-jgd2011_GML.zip","L03-a/L03-a-21/L03-a-21_4329-jgd2011_GML.zip"
"土地利用3次メッシュ","L03-a-21_4429-jgd2011_GML.zip","L03-a/L03-a-21/L03-a-21_4429-jgd2011_GML.zip"
"土地利用3次メッシュ","L03-a-21_4440-jgd2011_GML.zip","L03-a/L03-a-21/L03-a-21_4440-jgd2011_GML.zip"
"土地利用3次メッシュ","L03-a-21_4529-jgd2011_GML.zip","L03-a/L03-a-21/L03-a-21_4529-jgd2011_GML.zip"
"土地利用3次メッシュ","L03-a-21_4530-jgd2011_GML.zip","L03-a/L03-a-21/L03-a-21_4530-jgd2011_GML.zip"
"土地利用3次メッシュ","L03-a-21_4531-jgd2011_GML.zip","L03-a/L03-a-21/L03-a-21_4531-jgd2011_GML.zip"
"土地利用3次メッシュ","L03-a-21_4540-jgd2011_GML.zip","L03-a/L03-a-21/L03-a-21_4540-jgd2011_GML.zip"
"土地利用3次メッシュ","L03-a-21_4629-jgd2011_GML.zip","L03-a/L03-a-21/L03-a-21_4629-jgd2011_GML.zip"
"土地利用3次メッシュ","L03-a-21_4630-jgd2011_GML.zip","L03-a/L03-a-21/L03-a-21_4630-jgd2011_GML.zip"
"土地利用3次メッシュ","L03-a-21_4631-jgd2011_GML.zip","L03-a/L03-a-21/L03-a-21_4631-jgd2011_GML.zip"
"土地利用3次メッシュ","L03-a-21_4728-jgd2011_GML.zip","L03-a/L03-a-21/L03-a-21_4728-jgd2011_GML.zip"
"土地利用3次メッシュ","L03-a-21_4729-jgd2011_GML.zip","L03-a/L03-a-21/L03-a-21_4729-jgd2011_GML.zip"
"土地利用3次メッシュ","L03-a-21_4730-jgd2011_GML.zip","L03-a/L03-a-21/L03-a-21_4730-jgd2011_GML.zip"
"土地利用3次メッシュ","L03-a-21_4731-jgd2011_GML.zip","L03-a/L03-a-21/L03-a-21_4731-jgd2011_GML.zip"
"土地利用3次メッシュ","L03-a-21_4739-jgd2011_GML.zip","L03-a/L03-a-21/L03-a-21_4739-jgd2011_GML.zip"
"土地利用3次メッシュ","L03-a-21_4740-jgd2011_GML.zip","L03-a/L03-a-21/L03-a-21_4740-jgd2011_GML.zip"
"土地利用3次メッシュ","L03-a-06_4827-jgd_GML.zip","L03-a/L03-a-06/L03-a-06_4827-jgd_GML.zip"
"土地利用3次メッシュ","L03-a-21_4828-jgd2011_GML.zip","L03-a/L03-a-21/L03-a-21_4828-jgd2011_GML.zip"
"土地利用3次メッシュ","L03-a-21_4829-jgd2011_GML.zip","L03-a/L03-a-21/L03-a-21_4829-jgd2011_GML.zip"
"土地利用3次メッシュ","L03-a-21_4830-jgd2011_GML.zip","L03-a/L03-a-21/L03-a-21_4830-jgd2011_GML.zip"
"土地利用3次メッシュ","L03-a-21_4831-jgd2011_GML.zip","L03-a/L03-a-21/L03-a-21_4831-jgd2011_GML.zip"
"土地利用3次メッシュ","L03-a-21_4839-jgd2011_GML.zip","L03-a/L03-a-21/L03-a-21_4839-jgd2011_GML.zip"
"土地利用3次メッシュ","L03-a-21_4928-jgd2011_GML.zip","L03-a/L03-a-21/L03-a-21_4928-jgd2011_GML.zip"
"土地利用3次メッシュ","L03-a-21_4929-jgd2011_GML.zip","L03-a/L03-a-21/L03-a-21_4929-jgd2011_GML.zip"
"土地利用3次メッシュ","L03-a-21_4930-jgd2011_GML.zip","L03-a/L03-a-21/L03-a-21_4930-jgd2011_GML.zip"
"土地利用3次メッシュ","L03-a-21_4931-jgd2011_GML.zip","L03-a/L03-a-21/L03-a-21_4931-jgd2011_GML.zip"
"土地利用3次メッシュ","L03-a-21_4932-jgd2011_GML.zip","L03-a/L03-a-21/L03-a-21_4932-jgd2011_GML.zip"
"土地利用3次メッシュ","L03-a-21_4933-jgd2011_GML.zip","L03-a/L03-a-21/L03-a-21_4933-jgd2011_GML.zip"
"土地利用3次メッシュ","L03-a-21_4934-jgd2011_GML.zip","L03-a/L03-a-21/L03-a-21_4934-jgd2011_GML.zip"
"土地利用3次メッシュ","L03-a-21_4939-jgd2011_GML.zip","L03-a/L03-a-21/L03-a-21_4939-jgd2011_GML.zip"
"土地利用3次メッシュ","L03-a-21_5029-jgd2011_GML.zip","L03-a/L03-a-21/L03-a-21_5029-jgd2011_GML.zip"
"土地利用3次メッシュ","L03-a-21_5030-jgd2011_GML.zip","L03-a/L03-a-21/L03-a-21_5030-jgd2011_GML.zip"
"土地利用3次メッシュ","L03-a-21_5031-jgd2011_GML.zip","L03-a/L03-a-21/L03-a-21_5031-jgd2011_GML.zip"
"土地利用3次メッシュ","L03-a-21_5032-jgd2011_GML.zip","L03-a/L03-a-21/L03-a-21_5032-jgd2011_GML.zip"
"土地利用3次メッシュ","L03-a-21_5033-jgd2011_GML.zip","L03-a/L03-a-21/L03-a-21_5033-jgd2011_GML.zip"
"土地利用3次メッシュ","L03-a-21_5034-jgd2011_GML.zip","L03-a/L03-a-21/L03-a-21_5034-jgd2011_GML.zip"
"土地利用3次メッシュ","L03-a-21_5035-jgd2011_GML.zip","L03-a/L03-a-21/L03-a-21_5035-jgd2011_GML.zip"
"土地利用3次メッシュ","L03-a-21_5036-jgd2011_GML.zip","L03-a/L03-a-21/L03-a-21_5036-jgd2011_GML.zip"
"土地利用3次メッシュ","L03-a-21_5038-jgd2011_GML.zip","L03-a/L03-a-21/L03-a-21_5038-jgd2011_GML.zip"
"土地利用3次メッシュ","L03-a-21_5039-jgd2011_GML.zip","L03-a/L03-a-21/L03-a-21_5039-jgd2011_GML.zip"
"土地利用3次メッシュ","L03-a-21_5129-jgd2011_GML.zip","L03-a/L03-a-21/L03-a-21_5129-jgd2011_GML.zip"
"土地利用3次メッシュ","L03-a-21_5130-jgd2011_GML.zip","L03-a/L03-a-21/L03-a-21_5130-jgd2011_GML.zip"
"土地利用3次メッシュ","L03-a-21_5131-jgd2011_GML.zip","L03-a/L03-a-21/L03-a-21_5131-jgd2011_GML.zip"
"土地利用3次メッシュ","L03-a-21_5132-jgd2011_GML.zip","L03-a/L03-a-21/L03-a-21_5132-jgd2011_GML.zip"
"土地利用3次メッシュ","L03-a-21_5133-jgd2011_GML.zip","L03-a/L03-a-21/L03-a-21_5133-jgd2011_GML.zip"
"土地利用3次メッシュ","L03-a-21_5134-jgd2011_GML.zip","L03-a/L03-a-21/L03-a-21_5134-jgd2011_GML.zip"
"土地利用3次メッシュ","L03-a-21_5135-jgd2011_GML.zip","L03-a/L03-a-21/L03-a-21_5135-jgd2011_GML.zip"
"土地利用3次メッシュ","L03-a-21_5136-jgd2011_GML.zip","L03-a/L03-a-21/L03-a-21_5136-jgd2011_GML.zip"
"土地利用3次メッシュ","L03-a-21_5137-jgd2011_GML.zip","L03-a/L03-a-21/L03-a-21_5137-jgd2011_GML.zip"
"土地利用3次メッシュ","L03-a-21_5138-jgd2011_GML.zip","L03-a/L03-a-21/L03-a-21_5138-jgd2011_GML.zip"
"土地利用3次メッシュ","L03-a-21_5139-jgd2011_GML.zip","L03-a/L03-a-21/L03-a-21_5139-jgd2011_GML.zip"
"土地利用3次メッシュ","L03-a-21_5229-jgd2011_GML.zip","L03-a/L03-a-21/L03-a-21_5229-jgd2011_GML.zip"
"土地利用3次メッシュ","L03-a-21_5231-jgd2011_GML.zip","L03-a/L03-a-21/L03-a-21_5231-jgd2011_GML.zip"
"土地利用3次メッシュ","L03-a-21_5232-jgd2011_GML.zip","L03-a/L03-a-21/L03-a-21_5232-jgd2011_GML.zip"
"土地利用3次メッシュ","L03-a-21_5233-jgd2011_GML.zip","L03-a/L03-a-21/L03-a-21_5233-jgd2011_GML.zip"
"土地利用3次メッシュ","L03-a-21_5234-jgd2011_GML.zip","L03-a/L03-a-21/L03-a-21_5234-jgd2011_GML.zip"
"土地利用3次メッシュ","L03-a-21_5235-jgd2011_GML.zip","L03-a/L03-a-21/L03-a-21_5235-jgd2011_GML.zip"
"土地利用3次メッシュ","L03-a-21_5236-jgd2011_GML.zip","L03-a/L03-a-21/L03-a-21_5236-jgd2011_GML.zip"
"土地利用3次メッシュ","L03-a-21_5237-jgd2011_GML.zip","L03-a/L03-a-21/L03-a-21_5237-jgd2011_GML.zip"
"土地利用3次メッシュ","L03-a-21_5238-jgd2011_GML.zip","L03-a/L03-a-21/L03-a-21_5238-jgd2011_GML.zip"
"土地利用3次メッシュ","L03-a-21_5239-jgd2011_GML.zip","L03-a/L03-a-21/L03-a-21_5239-jgd2011_GML.zip"
"土地利用3次メッシュ","L03-a-21_5240-jgd2011_GML.zip","L03-a/L03-a-21/L03-a-21_5240-jgd2011_GML.zip"
"土地利用3次メッシュ","L03-a-21_5332-jgd2011_GML.zip","L03-a/L03-a-21/L03-a-21_5332-jgd2011_GML.zip"
"土地利用3次メッシュ","L03-a-21_5333-jgd2011_GML.zip","L03-a/L03-a-21/L03-a-21_5333-jgd2011_GML.zip"
"土地利用3次メッシュ","L03-a-21_5334-jgd2011_GML.zip","L03-a/L03-a-21/L03-a-21_5334-jgd2011_GML.zip"
"土地利用3次メッシュ","L03-a-21_5335-jgd2011_GML.zip","L03-a/L03-a-21/L03-a-21_5335-jgd2011_GML.zip"
"土地利用3次メッシュ","L03-a-21_5336-jgd2011_GML.zip","L03-a/L03-a-21/L03-a-21_5336-jgd2011_GML.zip"
"土地利用3次メッシュ","L03-a-21_5337-jgd2011_GML.zip","L03-a/L03-a-21/L03-a-21_5337-jgd2011_GML.zip"
"土地利用3次メッシュ","L03-a-21_5338-jgd2011_GML.zip","L03-a/L03-a-21/L03-a-21_5338-jgd2011_GML.zip"
"土地利用3次メッシュ","L03-a-21_5339-jgd2011_GML.zip","L03-a/L03-a-21/L03-a-21_5339-jgd2011_GML.zip"
"土地利用3次メッシュ","L03-a-21_5340-jgd2011_GML.zip","L03-a/L03-a-21/L03-a-21_5340-jgd2011_GML.zip"
"土地利用3次メッシュ","L03-a-21_5432-jgd2011_GML.zip","L03-a/L03-a-21/L03-a-21_5432-jgd2011_GML.zip"
"土地利用3次メッシュ","L03-a-21_5433-jgd2011_GML.zip","L03-a/L03-a-21/L03-a-21_5433-jgd2011_GML.zip"
"土地利用3次メッシュ","L03-a-21_5435-jgd2011_GML.zip","L03-a/L03-a-21/L03-a-21_5435-jgd2011_GML.zip"
"土地利用3次メッシュ","L03-a-21_5436-jgd2011_GML.zip","L03-a/L03-a-21/L03-a-21_5436-jgd2011_GML.zip"
"土地利用3次メッシュ","L03-a-21_5437-jgd2011_GML.zip","L03-a/L03-a-21/L03-a-21_5437-jgd2011_GML.zip"
"土地利用3次メッシュ","L03-a-21_5438-jgd2011_GML.zip","L03-a/L03-a-21/L03-a-21_5438-jgd2011_GML.zip"
"土地利用3次メッシュ","L03-a-21_5439-jgd2011_GML.zip","L03-a/L03-a-21/L03-a-21_5439-jgd2011_GML.zip"
"土地利用3次メッシュ","L03-a-21_5440-jgd2011_GML.zip","L03-a/L03-a-21/L03-a-21_5440-jgd2011_GML.zip"
"土地利用3次メッシュ","L03-a-21_5531-jgd2011_GML.zip","L03-a/L03-a-21/L03-a-21_5531-jgd2011_GML.zip"
"土地利用3次メッシュ","L03-a-21_5536-jgd2011_GML.zip","L03-a/L03-a-21/L03-a-21_5536-jgd2011_GML.zip"
"土地利用3次メッシュ","L03-a-21_5537-jgd2011_GML.zip","L03-a/L03-a-21/L03-a-21_5537-jgd2011_GML.zip"
"土地利用3次メッシュ","L03-a-21_5538-jgd2011_GML.zip","L03-a/L03-a-21/L03-a-21_5538-jgd2011_GML.zip"
"土地利用3次メッシュ","L03-a-21_5539-jgd2011_GML.zip","L03-a/L03-a-21/L03-a-21_5539-jgd2011_GML.zip"
"土地利用3次メッシュ","L03-a-21_5540-jgd2011_GML.zip","L03-a/L03-a-21/L03-a-21_5540-jgd2011_GML.zip"
"土地利用3次メッシュ","L03-a-21_5541-jgd2011_GML.zip","L03-a/L03-a-21/L03-a-21_5541-jgd2011_GML.zip"
"土地利用3次メッシュ","L03-a-21_5636-jgd2011_GML.zip","L03-a/L03-a-21/L03-a-21_5636-jgd2011_GML.zip"
"土地利用3次メッシュ","L03-a-21_5637-jgd2011_GML.zip","L03-a/L03-a-21/L03-a-21_5637-jgd2011_GML.zip"
"土地利用3次メッシュ","L03-a-21_5638-jgd2011_GML.zip","L03-a/L03-a-21/L03-a-21_5638-jgd2011_GML.zip"
"土地利用3次メッシュ","L03-a-21_5639-jgd2011_GML.zip","L03-a/L03-a-21/L03-a-21_5639-jgd2011_GML.zip"
"土地利用3次メッシュ","L03-a-21_5640-jgd2011_GML.zip","L03-a/L03-a-21/L03-a-21_5640-jgd2011_GML.zip"
"土地利用3次メッシュ","L03-a-21_5641-jgd2011_GML.zip","L03-a/L03-a-21/L03-a-21_5641-jgd2011_GML.zip"
"土地利用3次メッシュ","L03-a-21_5738-jgd2011_GML.zip","L03-a/L03-a-21/L03-a-21_5738-jgd2011_GML.zip"
"土地利用3次メッシュ","L03-a-21_5739-jgd2011_GML.zip","L03-a/L03-a-21/L03-a-21_5739-jgd2011_GML.zip"
"土地利用3次メッシュ","L03-a-21_5740-jgd2011_GML.zip","L03-a/L03-a-21/L03-a-21_5740-jgd2011_GML.zip"
"土地利用3次メッシュ","L03-a-21_5741-jgd2011_GML.zip","L03-a/L03-a-21/L03-a-21_5741-jgd2011_GML.zip"
"土地利用3次メッシュ","L03-a-21_5839-jgd2011_GML.zip","L03-a/L03-a-21/L03-a-21_5839-jgd2011_GML.zip"
"土地利用3次メッシュ","L03-a-21_5840-jgd2011_GML.zip","L03-a/L03-a-21/L03-a-21_5840-jgd2011_GML.zip"
"土地利用3次メッシュ","L03-a-21_5841-jgd2011_GML.zip","L03-a/L03-a-21/L03-a-21_5841-jgd2011_GML.zip"
"土地利用3次メッシュ","L03-a-21_5939-jgd2011_GML.zip","L03-a/L03-a-21/L03-a-21_5939-jgd2011_GML.zip"
"土地利用3次メッシュ","L03-a-21_5940-jgd2011_GML.zip","L03-a/L03-a-21/L03-a-21_5940-jgd2011_GML.zip"
"土地利用3次メッシュ","L03-a-21_5941-jgd2011_GML.zip","L03-a/L03-a-21/L03-a-21_5941-jgd2011_GML.zip"
"土地利用3次メッシュ","L03-a-21_5942-jgd2011_GML.zip","L03-a/L03-a-21/L03-a-21_5942-jgd2011_GML.zip"
"土地利用3次メッシュ","L03-a-21_6039-jgd2011_GML.zip","L03-a/L03-a-21/L03-a-21_6039-jgd2011_GML.zip"
"土地利用3次メッシュ","L03-a-21_6040-jgd2011_GML.zip","L03-a/L03-a-21/L03-a-21_6040-jgd2011_GML.zip"
"土地利用3次メッシュ","L03-a-21_6041-jgd2011_GML.zip","L03-a/L03-a-21/L03-a-21_6041-jgd2011_GML.zip"
"土地利用3次メッシュ","L03-a-21_6139-jgd2011_GML.zip","L03-a/L03-a-21/L03-a-21_6139-jgd2011_GML.zip"
"土地利用3次メッシュ","L03-a-21_6140-jgd2011_GML.zip","L03-a/L03-a-21/L03-a-21_6140-jgd2011_GML.zip"
"土地利用3次メッシュ","L03-a-21_6141-jgd2011_GML.zip","L03-a/L03-a-21/L03-a-21_6141-jgd2011_GML.zip"
"土地利用3次メッシュ","L03-a-21_6239-jgd2011_GML.zip","L03-a/L03-a-21/L03-a-21_6239-jgd2011_GML.zip"
"土地利用3次メッシュ","L03-a-21_6240-jgd2011_GML.zip","L03-a/L03-a-21/L03-a-21_6240-jgd2011_GML.zip"
"土地利用3次メッシュ","L03-a-21_6241-jgd2011_GML.zip","L03-a/L03-a-21/L03-a-21_6241-jgd2011_GML.zip"
"土地利用3次メッシュ","L03-a-21_6243-jgd2011_GML.zip","L03-a/L03-a-21/L03-a-21_6243-jgd2011_GML.zip"
"土地利用3次メッシュ","L03-a-21_6339-jgd2011_GML.zip","L03-a/L03-a-21/L03-a-21_6339-jgd2011_GML.zip"
"土地利用3次メッシュ","L03-a-21_6340-jgd2011_GML.zip","L03-a/L03-a-21/L03-a-21_6340-jgd2011_GML.zip"
"土地利用3次メッシュ","L03-a-21_6341-jgd2011_GML.zip","L03-a/L03-a-21/L03-a-21_6341-jgd2011_GML.zip"
"土地利用3次メッシュ","L03-a-21_6342-jgd2011_GML.zip","L03-a/L03-a-21/L03-a-21_6342-jgd2011_GML.zip"
"土地利用3次メッシュ","L03-a-21_6343-jgd2011_GML.zip","L03-a/L03-a-21/L03-a-21_6343-jgd2011_GML.zip"
"土地利用3次メッシュ","L03-a-21_6439-jgd2011_GML.zip","L03-a/L03-a-21/L03-a-21_6439-jgd2011_GML.zip"
"土地利用3次メッシュ","L03-a-21_6440-jgd2011_GML.zip","L03-a/L03-a-21/L03-a-21_6440-jgd2011_GML.zip"
"土地利用3次メッシュ","L03-a-21_6441-jgd2011_GML.zip","L03-a/L03-a-21/L03-a-21_6441-jgd2011_GML.zip"
"土地利用3次メッシュ","L03-a-21_6442-jgd2011_GML.zip","L03-a/L03-a-21/L03-a-21_6442-jgd2011_GML.zip"
"土地利用3次メッシュ","L03-a-21_6443-jgd2011_GML.zip","L03-a/L03-a-21/L03-a-21_6443-jgd2011_GML.zip"
"土地利用3次メッシュ","L03-a-21_6444-jgd2011_GML.zip","L03-a/L03-a-21/L03-a-21_6444-jgd2011_GML.zip"
"土地利用3次メッシュ","L03-a-21_6445-jgd2011_GML.zip","L03-a/L03-a-21/L03-a-21_6445-jgd2011_GML.zip"
"土地利用3次メッシュ","L03-a-21_6540-jgd2011_GML.zip","L03-a/L03-a-21/L03-a-21_6540-jgd2011_GML.zip"
"土地利用3次メッシュ","L03-a-21_6541-jgd2011_GML.zip","L03-a/L03-a-21/L03-a-21_6541-jgd2011_GML.zip"
"土地利用3次メッシュ","L03-a-21_6542-jgd2011_GML.zip","L03-a/L03-a-21/L03-a-21_6542-jgd2011_GML.zip"
"土地利用3次メッシュ","L03-a-21_6543-jgd2011_GML.zip","L03-a/L03-a-21/L03-a-21_6543-jgd2011_GML.zip"
"土地利用3次メッシュ","L03-a-21_6544-jgd2011_GML.zip","L03-a/L03-a-21/L03-a-21_6544-jgd2011_GML.zip"
"土地利用3次メッシュ","L03-a-21_6545-jgd2011_GML.zip","L03-a/L03-a-21/L03-a-21_6545-jgd2011_GML.zip"
"土地利用3次メッシュ","L03-a-21_6546-jgd2011_GML.zip","L03-a/L03-a-21/L03-a-21_6546-jgd2011_GML.zip"
"土地利用3次メッシュ","L03-a-21_6641-jgd2011_GML.zip","L03-a/L03-a-21/L03-a-21_6641-jgd2011_GML.zip"
"土地利用3次メッシュ","L03-a-21_6642-jgd2011_GML.zip","L03-a/L03-a-21/L03-a-21_6642-jgd2011_GML.zip"
"土地利用3次メッシュ","L03-a-21_6643-jgd2011_GML.zip","L03-a/L03-a-21/L03-a-21_6643-jgd2011_GML.zip"
"土地利用3次メッシュ","L03-a-21_6644-jgd2011_GML.zip","L03-a/L03-a-21/L03-a-21_6644-jgd2011_GML.zip"
"土地利用3次メッシュ","L03-a-21_6645-jgd2011_GML.zip","L03-a/L03-a-21/L03-a-21_6645-jgd2011_GML.zip"
"土地利用3次メッシュ","L03-a-21_6646-jgd2011_GML.zip","L03-a/L03-a-21/L03-a-21_6646-jgd2011_GML.zip"
"土地利用3次メッシュ","L03-a-21_6647-jgd2011_GML.zip","L03-a/L03-a-21/L03-a-21_6647-jgd2011_GML.zip"
"土地利用3次メッシュ","L03-a-21_6740-jgd2011_GML.zip","L03-a/L03-a-21/L03-a-21_6740-jgd2011_GML.zip"
"土地利用3次メッシュ","L03-a-21_6741-jgd2011_GML.zip","L03-a/L03-a-21/L03-a-21_6741-jgd2011_GML.zip"
"土地利用3次メッシュ","L03-a-21_6742-jgd2011_GML.zip","L03-a/L03-a-21/L03-a-21_6742-jgd2011_GML.zip"
"土地利用3次メッシュ","L03-a-21_6747-jgd2011_GML.zip","L03-a/L03-a-21/L03-a-21_6747-jgd2011_GML.zip"
"土地利用3次メッシュ","L03-a-21_6748-jgd2011_GML.zip","L03-a/L03-a-21/L03-a-21_6748-jgd2011_GML.zip"
"土地利用3次メッシュ","L03-a-21_6840-jgd2011_GML.zip","L03-a/L03-a-21/L03-a-21_6840-jgd2011_GML.zip"
"土地利用3次メッシュ","L03-a-21_6841-jgd2011_GML.zip","L03-a/L03-a-21/L03-a-21_6841-jgd2011_GML.zip"
"土地利用3次メッシュ","L03-a-21_6842-jgd2011_GML.zip","L03-a/L03-a-21/L03-a-21_6842-jgd2011_GML.zip"
"土地利用3次メッシュ","L03-a-21_6847-jgd2011_GML.zip","L03-a/L03-a-21/L03-a-21_6847-jgd2011_GML.zip"
"土地利用3次メッシュ","L03-a-21_6848-jgd2011_GML.zip","L03-a/L03-a-21/L03-a-21_6848-jgd2011_GML.zip"
"土地利用細分メッシュ","L03-b-06_3035-jgd_GML.zip","L03-b/L03-b-06/L03-b-06_3035-jgd_GML.zip"
"土地利用細分メッシュ","L03-b-21_3036-jgd2011_GML.zip","L03-b/L03-b-21/L03-b-21_3036-jgd2011_GML.zip"
"土地利用細分メッシュ","L03-b-21_3622-jgd2011_GML.zip","L03-b/L03-b-21/L03-b-21_3622-jgd2011_GML.zip"
"土地利用細分メッシュ","L03-b-21_3623-jgd2011_GML.zip","L03-b/L03-b-21/L03-b-21_3623-jgd2011_GML.zip"
"土地利用細分メッシュ","L03-b-21_3624-jgd2011_GML.zip","L03-b/L03-b-21/L03-b-21_3624-jgd2011_GML.zip"
"土地利用細分メッシュ","L03-b-21_3631-jgd2011_GML.zip","L03-b/L03-b-21/L03-b-21_3631-jgd2011_GML.zip"
"土地利用細分メッシュ","L03-b-21_3641-jgd2011_GML.zip","L03-b/L03-b-21/L03-b-21_3641-jgd2011_GML.zip"
"土地利用細分メッシュ","L03-b-21_3653-jgd2011_GML.zip","L03-b/L03-b-21/L03-b-21_3653-jgd2011_GML.zip"
"土地利用細分メッシュ","L03-b-21_3724-jgd2011_GML.zip","L03-b/L03-b-21/L03-b-21_3724-jgd2011_GML.zip"
"土地利用細分メッシュ","L03-b-21_3725-jgd2011_GML.zip","L03-b/L03-b-21/L03-b-21_3725-jgd2011_GML.zip"
"土地利用細分メッシュ","L03-b-21_3741-jgd2011_GML.zip","L03-b/L03-b-21/L03-b-21_3741-jgd2011_GML.zip"
"土地利用細分メッシュ","L03-b-21_3823-jgd2011_GML.zip","L03-b/L03-b-21/L03-b-21_3823-jgd2011_GML.zip"
"土地利用細分メッシュ","L03-b-21_3824-jgd2011_GML.zip","L03-b/L03-b-21/L03-b-21_3824-jgd2011_GML.zip"
"土地利用細分メッシュ","L03-b-21_3831-jgd2011_GML.zip","L03-b/L03-b-21/L03-b-21_3831-jgd2011_GML.zip"
"土地利用細分メッシュ","L03-b-21_3841-jgd2011_GML.zip","L03-b/L03-b-21/L03-b-21_3841-jgd2011_GML.zip"
"土地利用細分メッシュ","L03-b-06_3923-jgd_GML.zip","L03-b/L03-b-06/L03-b-06_3923-jgd_GML.zip"
"土地利用細分メッシュ","L03-b-06_3924-jgd_GML.zip","L03-b/L03-b-06/L03-b-06_3924-jgd_GML.zip"
"土地利用細分メッシュ","L03-b-21_3926-jgd2011_GML.zip","L03-b/L03-b-21/L03-b-21_3926-jgd2011_GML.zip"
"土地利用細分メッシュ","L03-b-21_3927-jgd2011_GML.zip","L03-b/L03-b-21/L03-b-21_3927-jgd2011_GML.zip"
"土地利用細分メッシュ","L03-b-21_3928-jgd2011_GML.zip","L03-b/L03-b-21/L03-b-21_3928-jgd2011_GML.zip"
"土地利用細分メッシュ","L03-b-06_3931-jgd_GML.zip","L03-b/L03-b-06/L03-b-06_3931-jgd_GML.zip"
"土地利用細分メッシュ","L03-b-06_3941-jgd_GML.zip","L03-b/L03-b-06/L03-b-06_3941-jgd_GML.zip"
"土地利用細分メッシュ","L03-b-21_3942-jgd2011_GML.zip","L03-b/L03-b-21/L03-b-21_3942-jgd2011_GML.zip"
"土地利用細分メッシュ","L03-b-06_4026-jgd_GML.zip","L03-b/L03-b-06/L03-b-06_4026-jgd_GML.zip"
"土地利用細分メッシュ","L03-b-21_4027-jgd2011_GML.zip","L03-b/L03-b-21/L03-b-21_4027-jgd2011_GML.zip"
"土地利用細分メッシュ","L03-b-21_4028-jgd2011_GML.zip","L03-b/L03-b-21/L03-b-21_4028-jgd2011_GML.zip"
"土地利用細分メッシュ","L03-b-21_4040-jgd2011_GML.zip","L03-b/L03-b-21/L03-b-21_4040-jgd2011_GML.zip"
"土地利用細分メッシュ","L03-b-06_4041-jgd_GML.zip","L03-b/L03-b-06/L03-b-06_4041-jgd_GML.zip"
"土地利用細分メッシュ","L03-b-21_4042-jgd2011_GML.zip","L03-b/L03-b-21/L03-b-21_4042-jgd2011_GML.zip"
"土地利用細分メッシュ","L03-b-21_4128-jgd2011_GML.zip","L03-b/L03-b-21/L03-b-21_4128-jgd2011_GML.zip"
"土地利用細分メッシュ","L03-b-21_4129-jgd2011_GML.zip","L03-b/L03-b-21/L03-b-21_4129-jgd2011_GML.zip"
"土地利用細分メッシュ","L03-b-06_4140-jgd_GML.zip","L03-b/L03-b-06/L03-b-06_4140-jgd_GML.zip"
"土地利用細分メッシュ","L03-b-06_4141-jgd_GML.zip","L03-b/L03-b-06/L03-b-06_4141-jgd_GML.zip"
"土地利用細分メッシュ","L03-b-21_4142-jgd2011_GML.zip","L03-b/L03-b-21/L03-b-21_4142-jgd2011_GML.zip"
"土地利用細分メッシュ","L03-b-06_4228-jgd_GML.zip","L03-b/L03-b-06/L03-b-06_4228-jgd_GML.zip"
"土地利用細分メッシュ","L03-b-21_4229-jgd2011_GML.zip","L03-b/L03-b-21/L03-b-21_4229-jgd2011_GML.zip"
"土地利用細分メッシュ","L03-b-21_4230-jgd2011_GML.zip","L03-b/L03-b-21/L03-b-21_4230-jgd2011_GML.zip"
"土地利用細分メッシュ","L03-b-21_4328-jgd2011_GML.zip","L03-b/L03-b-21/L03-b-21_4328-jgd2011_GML.zip"
"土地利用細分メッシュ","L03-b-21_4329-jgd2011_GML.zip","L03-b/L03-b-21/L03-b-21_4329-jgd2011_GML.zip"
"土地利用細分メッシュ","L03-b-21_4429-jgd2011_GML.zip","L03-b/L03-b-21/L03-b-21_4429-jgd2011_GML.zip"
"土地利用細分メッシュ","L03-b-21_4440-jgd2011_GML.zip","L03-b/L03-b-21/L03-b-21_4440-jgd2011_GML.zip"
"土地利用細分メッシュ","L03-b-21_4529-jgd2011_GML.zip","L03-b/L03-b-21/L03-b-21_4529-jgd2011_GML.zip"
"土地利用細分メッシュ","L03-b-21_4530-jgd2011_GML.zip","L03-b/L03-b-21/L03-b-21_4530-jgd2011_GML.zip"
"土地利用細分メッシュ","L03-b-21_4531-jgd2011_GML.zip","L03-b/L03-b-21/L03-b-21_4531-jgd2011_GML.zip"
"土地利用細分メッシュ","L03-b-21_4540-jgd2011_GML.zip","L03-b/L03-b-21/L03-b-21_4540-jgd2011_GML.zip"
"土地利用細分メッシュ","L03-b-21_4629-jgd2011_GML.zip","L03-b/L03-b-21/L03-b-21_4629-jgd2011_GML.zip"
"土地利用細分メッシュ","L03-b-21_4630-jgd2011_GML.zip","L03-b/L03-b-21/L03-b-21_4630-jgd2011_GML.zip"
"土地利用細分メッシュ","L03-b-21_4631-jgd2011_GML.zip","L03-b/L03-b-21/L03-b-21_4631-jgd2011_GML.zip"
"土地利用細分メッシュ","L03-b-21_4728-jgd2011_GML.zip","L03-b/L03-b-21/L03-b-21_4728-jgd2011_GML.zip"
"土地利用細分メッシュ","L03-b-21_4729-jgd2011_GML.zip","L03-b/L03-b-21/L03-b-21_4729-jgd2011_GML.zip"
"土地利用細分メッシュ","L03-b-21_4730-jgd2011_GML.zip","L03-b/L03-b-21/L03-b-21_4730-jgd2011_GML.zip"
"土地利用細分メッシュ","L03-b-21_4731-jgd2011_GML.zip","L03-b/L03-b-21/L03-b-21_4731-jgd2011_GML.zip"
"土地利用細分メッシュ","L03-b-21_4739-jgd2011_GML.zip","L03-b/L03-b-21/L03-b-21_4739-jgd2011_GML.zip"
"土地利用細分メッシュ","L03-b-21_4740-jgd2011_GML.zip","L03-b/L03-b-21/L03-b-21_4740-jgd2011_GML.zip"
"土地利用細分メッシュ","L03-b-06_4827-jgd_GML.zip","L03-b/L03-b-06/L03-b-06_4827-jgd_GML.zip"
"土地利用細分メッシュ","L03-b-21_4828-jgd2011_GML.zip","L03-b/L03-b-21/L03-b-21_4828-jgd2011_GML.zip"
"土地利用細分メッシュ","L03-b-21_4829-jgd2011_GML.zip","L03-b/L03-b-21/L03-b-21_4829-jgd2011_GML.zip"
"土地利用細分メッシュ","L03-b-21_4830-jgd2011_GML.zip","L03-b/L03-b-21/L03-b-21_4830-jgd2011_GML.zip"
"土地利用細分メッシュ","L03-b-21_4831-jgd2011_GML.zip","L03-b/L03-b-21/L03-b-21_4831-jgd2011_GML.zip"
"土地利用細分メッシュ","L03-b-21_4839-jgd2011_GML.zip","L03-b/L03-b-21/L03-b-21_4839-jgd2011_GML.zip"
"土地利用細分メッシュ","L03-b-21_4928-jgd2011_GML.zip","L03-b/L03-b-21/L03-b-21_4928-jgd2011_GML.zip"
"土地利用細分メッシュ","L03-b-21_4929-jgd2011_GML.zip","L03-b/L03-b-21/L03-b-21_4929-jgd2011_GML.zip"
"土地利用細分メッシュ","L03-b-21_4930-jgd2011_GML.zip","L03-b/L03-b-21/L03-b-21_4930-jgd2011_GML.zip"
"土地利用細分メッシュ","L03-b-21_4931-jgd2011_GML.zip","L03-b/L03-b-21/L03-b-21_4931-jgd2011_GML.zip"
"土地利用細分メッシュ","L03-b-21_4932-jgd2011_GML.zip","L03-b/L03-b-21/L03-b-21_4932-jgd2011_GML.zip"
"土地利用細分メッシュ","L03-b-21_4933-jgd2011_GML.zip","L03-b/L03-b-21/L03-b-21_4933-jgd2011_GML.zip"
"土地利用細分メッシュ","L03-b-21_4934-jgd2011_GML.zip","L03-b/L03-b-21/L03-b-21_4934-jgd2011_GML.zip"
"土地利用細分メッシュ","L03-b-21_4939-jgd2011_GML.zip","L03-b/L03-b-21/L03-b-21_4939-jgd2011_GML.zip"
"土地利用細分メッシュ","L03-b-21_5029-jgd2011_GML.zip","L03-b/L03-b-21/L03-b-21_5029-jgd2011_GML.zip"
"土地利用細分メッシュ","L03-b-21_5030-jgd2011_GML.zip","L03-b/L03-b-21/L03-b-21_5030-jgd2011_GML.zip"
"土地利用細分メッシュ","L03-b-21_5031-jgd2011_GML.zip","L03-b/L03-b-21/L03-b-21_5031-jgd2011_GML.zip"
"土地利用細分メッシュ","L03-b-21_5032-jgd2011_GML.zip","L03-b/L03-b-21/L03-b-21_5032-jgd2011_GML.zip"
"土地利用細分メッシュ","L03-b-21_5033-jgd2011_GML.zip","L03-b/L03-b-21/L03-b-21_5033-jgd2011_GML.zip"
"土地利用細分メッシュ","L03-b-21_5034-jgd2011_GML.zip","L03-b/L03-b-21/L03-b-21_5034-jgd2011_GML.zip"
"土地利用細分メッシュ","L03-b-21_5035-jgd2011_GML.zip","L03-b/L03-b-21/L03-b-21_5035-jgd2011_GML.zip"
"土地利用細分メッシュ","L03-b-21_5036-jgd2011_GML.zip","L03-b/L03-b-21/L03-b-21_5036-jgd2011_GML.zip"
"土地利用細分メッシュ","L03-b-21_5038-jgd2011_GML.zip","L03-b/L03-b-21/L03-b-21_5038-jgd2011_GML.zip"
"土地利用細分メッシュ","L03-b-21_5039-jgd2011_GML.zip","L03-b/L03-b-21/L03-b-21_5039-jgd2011_GML.zip"
"土地利用細分メッシュ","L03-b-21_5129-jgd2011_GML.zip","L03-b/L03-b-21/L03-b-21_5129-jgd2011_GML.zip"
"土地利用細分メッシュ","L03-b-21_5130-jgd2011_GML.zip","L03-b/L03-b-21/L03-b-21_5130-jgd2011_GML.zip"
"土地利用細分メッシュ","L03-b-21_5131-jgd2011_GML.zip","L03-b/L03-b-21/L03-b-21_5131-jgd2011_GML.zip"
"土地利用細分メッシュ","L03-b-21_5132-jgd2011_GML.zip","L03-b/L03-b-21/L03-b-21_5132-jgd2011_GML.zip"
"土地利用細分メッシュ","L03-b-21_5133-jgd2011_GML.zip","L03-b/L03-b-21/L03-b-21_5133-jgd2011_GML.zip"
"土地利用細分メッシュ","L03-b-21_5134-jgd2011_GML.zip","L03-b/L03-b-21/L03-b-21_5134-jgd2011_GML.zip"
"土地利用細分メッシュ","L03-b-21_5135-jgd2011_GML.zip","L03-b/L03-b-21/L03-b-21_5135-jgd2011_GML.zip"
"土地利用細分メッシュ","L03-b-21_5136-jgd2011_GML.zip","L03-b/L03-b-21/L03-b-21_5136-jgd2011_GML.zip"
"土地利用細分メッシュ","L03-b-21_5137-jgd2011_GML.zip","L03-b/L03-b-21/L03-b-21_5137-jgd2011_GML.zip"
"土地利用細分メッシュ","L03-b-21_5138-jgd2011_GML.zip","L03-b/L03-b-21/L03-b-21_5138-jgd2011_GML.zip"
"土地利用細分メッシュ","L03-b-21_5139-jgd2011_GML.zip","L03-b/L03-b-21/L03-b-21_5139-jgd2011_GML.zip"
"土地利用細分メッシュ","L03-b-21_5229-jgd2011_GML.zip","L03-b/L03-b-21/L03-b-21_5229-jgd2011_GML.zip"
"土地利用細分メッシュ","L03-b-21_5231-jgd2011_GML.zip","L03-b/L03-b-21/L03-b-21_5231-jgd2011_GML.zip"
"土地利用細分メッシュ","L03-b-21_5232-jgd2011_GML.zip","L03-b/L03-b-21/L03-b-21_5232-jgd2011_GML.zip"
"土地利用細分メッシュ","L03-b-21_5233-jgd2011_GML.zip","L03-b/L03-b-21/L03-b-21_5233-jgd2011_GML.zip"
"土地利用細分メッシュ","L03-b-21_5234-jgd2011_GML.zip","L03-b/L03-b-21/L03-b-21_5234-jgd2011_GML.zip"
"土地利用細分メッシュ","L03-b-21_5235-jgd2011_GML.zip","L03-b/L03-b-21/L03-b-21_5235-jgd2011_GML.zip"
"土地利用細分メッシュ","L03-b-21_5236-jgd2011_GML.zip","L03-b/L03-b-21/L03-b-21_5236-jgd2011_GML.zip"
"土地利用細分メッシュ","L03-b-21_5237-jgd2011_GML.zip","L03-b/L03-b-21/L03-b-21_5237-jgd2011_GML.zip"
"土地利用細分メッシュ","L03-b-21_5238-jgd2011_GML.zip","L03-b/L03-b-21/L03-b-21_5238-jgd2011_GML.zip"
"土地利用細分メッシュ","L03-b-21_5239-jgd2011_GML.zip","L03-b/L03-b-21/L03-b-21_5239-jgd2011_GML.zip"
"土地利用細分メッシュ","L03-b-21_5240-jgd2011_GML.zip","L03-b/L03-b-21/L03-b-21_5240-jgd2011_GML.zip"
"土地利用細分メッシュ","L03-b-21_5332-jgd2011_GML.zip","L03-b/L03-b-21/L03-b-21_5332-jgd2011_GML.zip"
"土地利用細分メッシュ","L03-b-21_5333-jgd2011_GML.zip","L03-b/L03-b-21/L03-b-21_5333-jgd2011_GML.zip"
"土地利用細分メッシュ","L03-b-21_5334-jgd2011_GML.zip","L03-b/L03-b-21/L03-b-21_5334-jgd2011_GML.zip"
"土地利用細分メッシュ","L03-b-21_5335-jgd2011_GML.zip","L03-b/L03-b-21/L03-b-21_5335-jgd2011_GML.zip"
"土地利用細分メッシュ","L03-b-21_5336-jgd2011_GML.zip","L03-b/L03-b-21/L03-b-21_5336-jgd2011_GML.zip"
"土地利用細分メッシュ","L03-b-21_5337-jgd2011_GML.zip","L03-b/L03-b-21/L03-b-21_5337-jgd2011_GML.zip"
"土地利用細分メッシュ","L03-b-21_5338-jgd2011_GML.zip","L03-b/L03-b-21/L03-b-21_5338-jgd2011_GML.zip"
"土地利用細分メッシュ","L03-b-21_5339-jgd2011_GML.zip","L03-b/L03-b-21/L03-b-21_5339-jgd2011_GML.zip"
"土地利用細分メッシュ","L03-b-21_5340-jgd2011_GML.zip","L03-b/L03-b-21/L03-b-21_5340-jgd2011_GML.zip"
"土地利用細分メッシュ","L03-b-21_5432-jgd2011_GML.zip","L03-b/L03-b-21/L03-b-21_5432-jgd2011_GML.zip"
"土地利用細分メッシュ","L03-b-21_5433-jgd2011_GML.zip","L03-b/L03-b-21/L03-b-21_5433-jgd2011_GML.zip"
"土地利用細分メッシュ","L03-b-21_5435-jgd2011_GML.zip","L03-b/L03-b-21/L03-b-21_5435-jgd2011_GML.zip"
"土地利用細分メッシュ","L03-b-21_5436-jgd2011_GML.zip","L03-b/L03-b-21/L03-b-21_5436-jgd2011_GML.zip"
"土地利用細分メッシュ","L03-b-21_5437-jgd2011_GML.zip","L03-b/L03-b-21/L03-b-21_5437-jgd2011_GML.zip"
"土地利用細分メッシュ","L03-b-21_5438-jgd2011_GML.zip","L03-b/L03-b-21/L03-b-21_5438-jgd2011_GML.zip"
"土地利用細分メッシュ","L03-b-21_5439-jgd2011_GML.zip","L03-b/L03-b-21/L03-b-21_5439-jgd2011_GML.zip"
"土地利用細分メッシュ","L03-b-21_5440-jgd2011_GML.zip","L03-b/L03-b-21/L03-b-21_5440-jgd2011_GML.zip"
"土地利用細分メッシュ","L03-b-21_5531-jgd2011_GML.zip","L03-b/L03-b-21/L03-b-21_5531-jgd2011_GML.zip"
"土地利用細分メッシュ","L03-b-21_5536-jgd2011_GML.zip","L03-b/L03-b-21/L03-b-21_5536-jgd2011_GML.zip"
"土地利用細分メッシュ","L03-b-21_5537-jgd2011_GML.zip","L03-b/L03-b-21/L03-b-21_5537-jgd2011_GML.zip"
"土地利用細分メッシュ","L03-b-21_5538-jgd2011_GML.zip","L03-b/L03-b-21/L03-b-21_5538-jgd2011_GML.zip"
"土地利用細分メッシュ","L03-b-21_5539-jgd2011_GML.zip","L03-b/L03-b-21/L03-b-21_5539-jgd2011_GML.zip"
"土地利用細分メッシュ","L03-b-21_5540-jgd2011_GML.zip","L03-b/L03-b-21/L03-b-21_5540-jgd2011_GML.zip"
"土地利用細分メッシュ","L03-b-21_5541-jgd2011_GML.zip","L03-b/L03-b-21/L03-b-21_5541-jgd2011_GML.zip"
"土地利用細分メッシュ","L03-b-21_5636-jgd2011_GML.zip","L03-b/L03-b-21/L03-b-21_5636-jgd2011_GML.zip"
"土地利用細分メッシュ","L03-b-21_5637-jgd2011_GML.zip","L03-b/L03-b-21/L03-b-21_5637-jgd2011_GML.zip"
"土地利用細分メッシュ","L03-b-21_5638-jgd2011_GML.zip","L03-b/L03-b-21/L03-b-21_5638-jgd2011_GML.zip"
"土地利用細分メッシュ","L03-b-21_5639-jgd2011_GML.zip","L03-b/L03-b-21/L03-b-21_5639-jgd2011_GML.zip"
"土地利用細分メッシュ","L03-b-21_5640-jgd2011_GML.zip","L03-b/L03-b-21/L03-b-21_5640-jgd2011_GML.zip"
"土地利用細分メッシュ","L03-b-21_5641-jgd2011_GML.zip","L03-b/L03-b-21/L03-b-21_5641-jgd2011_GML.zip"
"土地利用細分メッシュ","L03-b-21_5738-jgd2011_GML.zip","L03-b/L03-b-21/L03-b-21_5738-jgd2011_GML.zip"
"土地利用細分メッシュ","L03-b-21_5739-jgd2011_GML.zip","L03-b/L03-b-21/L03-b-21_5739-jgd2011_GML.zip"
"土地利用細分メッシュ","L03-b-21_5740-jgd2011_GML.zip","L03-b/L03-b-21/L03-b-21_5740-jgd2011_GML.zip"
"土地利用細分メッシュ","L03-b-21_5741-jgd2011_GML.zip","L03-b/L03-b-21/L03-b-21_5741-jgd2011_GML.zip"
"土地利用細分メッシュ","L03-b-21_5839-jgd2011_GML.zip","L03-b/L03-b-21/L03-b-21_5839-jgd2011_GML.zip"
"土地利用細分メッシュ","L03-b-21_5840-jgd2011_GML.zip","L03-b/L03-b-21/L03-b-21_5840-jgd2011_GML.zip"
"土地利用細分メッシュ","L03-b-21_5841-jgd2011_GML.zip","L03-b/L03-b-21/L03-b-21_5841-jgd2011_GML.zip"
"土地利用細分メッシュ","L03-b-21_5939-jgd2011_GML.zip","L03-b/L03-b-21/L03-b-21_5939-jgd2011_GML.zip"
"土地利用細分メッシュ","L03-b-21_5940-jgd2011_GML.zip","L03-b/L03-b-21/L03-b-21_5940-jgd2011_GML.zip"
"土地利用細分メッシュ","L03-b-21_5941-jgd2011_GML.zip","L03-b/L03-b-21/L03-b-21_5941-jgd2011_GML.zip"
"土地利用細分メッシュ","L03-b-21_5942-jgd2011_GML.zip","L03-b/L03-b-21/L03-b-21_5942-jgd2011_GML.zip"
"土地利用細分メッシュ","L03-b-21_6039-jgd2011_GML.zip","L03-b/L03-b-21/L03-b-21_6039-jgd2011_GML.zip"
"土地利用細分メッシュ","L03-b-21_6040-jgd2011_GML.zip","L03-b/L03-b-21/L03-b-21_6040-jgd2011_GML.zip"
"土地利用細分メッシュ","L03-b-21_6041-jgd2011_GML.zip","L03-b/L03-b-21/L03-b-21_6041-jgd2011_GML.zip"
"土地利用細分メッシュ","L03-b-21_6139-jgd2011_GML.zip","L03-b/L03-b-21/L03-b-21_6139-jgd2011_GML.zip"
"土地利用細分メッシュ","L03-b-21_6140-jgd2011_GML.zip","L03-b/L03-b-21/L03-b-21_6140-jgd2011_GML.zip"
"土地利用細分メッシュ","L03-b-21_6141-jgd2011_GML.zip","L03-b/L03-b-21/L03-b-21_6141-jgd2011_GML.zip"
"土地利用細分メッシュ","L03-b-21_6239-jgd2011_GML.zip","L03-b/L03-b-21/L03-b-21_6239-jgd2011_GML.zip"
"土地利用細分メッシュ","L03-b-21_6240-jgd2011_GML.zip","L03-b/L03-b-21/L03-b-21_6240-jgd2011_GML.zip"
"土地利用細分メッシュ","L03-b-21_6241-jgd2011_GML.zip","L03-b/L03-b-21/L03-b-21_6241-jgd2011_GML.zip"
"土地利用細分メッシュ","L03-b-21_6243-jgd2011_GML.zip","L03-b/L03-b-21/L03-b-21_6243-jgd2011_GML.zip"
"土地利用細分メッシュ","L03-b-21_6339-jgd2011_GML.zip","L03-b/L03-b-21/L03-b-21_6339-jgd2011_GML.zip"
"土地利用細分メッシュ","L03-b-21_6340-jgd2011_GML.zip","L03-b/L03-b-21/L03-b-21_6340-jgd2011_GML.zip"
"土地利用細分メッシュ","L03-b-21_6341-jgd2011_GML.zip","L03-b/L03-b-21/L03-b-21_6341-jgd2011_GML.zip"
"土地利用細分メッシュ","L03-b-21_6342-jgd2011_GML.zip","L03-b/L03-b-21/L03-b-21_6342-jgd2011_GML.zip"
"土地利用細分メッシュ","L03-b-21_6343-jgd2011_GML.zip","L03-b/L03-b-21/L03-b-21_6343-jgd2011_GML.zip"
"土地利用細分メッシュ","L03-b-21_6439-jgd2011_GML.zip","L03-b/L03-b-21/L03-b-21_6439-jgd2011_GML.zip"
"土地利用細分メッシュ","L03-b-21_6440-jgd2011_GML.zip","L03-b/L03-b-21/L03-b-21_6440-jgd2011_GML.zip"
"土地利用細分メッシュ","L03-b-21_6441-jgd2011_GML.zip","L03-b/L03-b-21/L03-b-21_6441-jgd2011_GML.zip"
"土地利用細分メッシュ","L03-b-21_6442-jgd2011_GML.zip","L03-b/L03-b-21/L03-b-21_6442-jgd2011_GML.zip"
"土地利用細分メッシュ","L03-b-21_6443-jgd2011_GML.zip","L03-b/L03-b-21/L03-b-21_6443-jgd2011_GML.zip"
"土地利用細分メッシュ","L03-b-21_6444-jgd2011_GML.zip","L03-b/L03-b-21/L03-b-21_6444-jgd2011_GML.zip"
"土地利用細分メッシュ","L03-b-21_6445-jgd2011_GML.zip","L03-b/L03-b-21/L03-b-21_6445-jgd2011_GML.zip"
"土地利用細分メッシュ","L03-b-21_6540-jgd2011_GML.zip","L03-b/L03-b-21/L03-b-21_6540-jgd2011_GML.zip"
"土地利用細分メッシュ","L03-b-21_6541-jgd2011_GML.zip","L03-b/L03-b-21/L03-b-21_6541-jgd2011_GML.zip"
"土地利用細分メッシュ","L03-b-21_6542-jgd2011_GML.zip","L03-b/L03-b-21/L03-b-21_6542-jgd2011_GML.zip"
"土地利用細分メッシュ","L03-b-21_6543-jgd2011_GML.zip","L03-b/L03-b-21/L03-b-21_6543-jgd2011_GML.zip"
"土地利用細分メッシュ","L03-b-21_6544-jgd2011_GML.zip","L03-b/L03-b-21/L03-b-21_6544-jgd2011_GML.zip"
"土地利用細分メッシュ","L03-b-21_6545-jgd2011_GML.zip","L03-b/L03-b-21/L03-b-21_6545-jgd2011_GML.zip"
"土地利用細分メッシュ","L03-b-21_6546-jgd2011_GML.zip","L03-b/L03-b-21/L03-b-21_6546-jgd2011_GML.zip"
"土地利用細分メッシュ","L03-b-21_6641-jgd2011_GML.zip","L03-b/L03-b-21/L03-b-21_6641-jgd2011_GML.zip"
"土地利用細分メッシュ","L03-b-21_6642-jgd2011_GML.zip","L03-b/L03-b-21/L03-b-21_6642-jgd2011_GML.zip"
"土地利用細分メッシュ","L03-b-21_6643-jgd2011_GML.zip","L03-b/L03-b-21/L03-b-21_6643-jgd2011_GML.zip"
"土地利用細分メッシュ","L03-b-21_6644-jgd2011_GML.zip","L03-b/L03-b-21/L03-b-21_6644-jgd2011_GML.zip"
"土地利用細分メッシュ","L03-b-21_6645-jgd2011_GML.zip","L03-b/L03-b-21/L03-b-21_6645-jgd2011_GML.zip"
"土地利用細分メッシュ","L03-b-21_6646-jgd2011_GML.zip","L03-b/L03-b-21/L03-b-21_6646-jgd2011_GML.zip"
"土地利用細分メッシュ","L03-b-21_6647-jgd2011_GML.zip","L03-b/L03-b-21/L03-b-21_6647-jgd2011_GML.zip"
"土地利用細分メッシュ","L03-b-21_6740-jgd2011_GML.zip","L03-b/L03-b-21/L03-b-21_6740-jgd2011_GML.zip"
"土地利用細分メッシュ","L03-b-21_6741-jgd2011_GML.zip","L03-b/L03-b-21/L03-b-21_6741-jgd2011_GML.zip"
"土地利用細分メッシュ","L03-b-21_6742-jgd2011_GML.zip","L03-b/L03-b-21/L03-b-21_6742-jgd2011_GML.zip"
"土地利用細分メッシュ","L03-b-21_6747-jgd2011_GML.zip","L03-b/L03-b-21/L03-b-21_6747-jgd2011_GML.zip"
"土地利用細分メッシュ","L03-b-21_6748-jgd2011_GML.zip","L03-b/L03-b-21/L03-b-21_6748-jgd2011_GML.zip"
"土地利用細分メッシュ","L03-b-21_6840-jgd2011_GML.zip","L03-b/L03-b-21/L03-b-21_6840-jgd2011_GML.zip"
"土地利用細分メッシュ","L03-b-21_6841-jgd2011_GML.zip","L03-b/L03-b-21/L03-b-21_6841-jgd2011_GML.zip"
"土地利用細分メッシュ","L03-b-21_6842-jgd2011_GML.zip","L03-b/L03-b-21/L03-b-21_6842-jgd2011_GML.zip"
"土地利用細分メッシュ","L03-b-21_6847-jgd2011_GML.zip","L03-b/L03-b-21/L03-b-21_6847-jgd2011_GML.zip"
"土地利用細分メッシュ","L03-b-21_6848-jgd2011_GML.zip","L03-b/L03-b-21/L03-b-21_6848-jgd2011_GML.zip"
"土地利用細分メッシュ（ラスタ版）","L03-b-14_3036.zip","L03-b_r/L03-b_r-14/L03-b-14_3036.zip"
"土地利用細分メッシュ（ラスタ版）","L03-b-14_3622.zip","L03-b_r/L03-b_r-14/L03-b-14_3622.zip"
"土地利用細分メッシュ（ラスタ版）","L03-b-14_3623.zip","L03-b_r/L03-b_r-14/L03-b-14_3623.zip"
"土地利用細分メッシュ（ラスタ版）","L03-b-14_3624.zip","L03-b_r/L03-b_r-14/L03-b-14_3624.zip"
"土地利用細分メッシュ（ラスタ版）","L03-b-14_3631.zip","L03-b_r/L03-b_r-14/L03-b-14_3631.zip"
"土地利用細分メッシュ（ラスタ版）","L03-b-14_3641.zip","L03-b_r/L03-b_r-14/L03-b-14_3641.zip"
"土地利用細分メッシュ（ラスタ版）","L03-b-14_3653.zip","L03-b_r/L03-b_r-14/L03-b-14_3653.zip"
"土地利用細分メッシュ（ラスタ版）","L03-b-14_3724.zip","L03-b_r/L03-b_r-14/L03-b-14_3724.zip"
"土地利用細分メッシュ（ラスタ版）","L03-b-14_3725.zip","L03-b_r/L03-b_r-14/L03-b-14_3725.zip"
"土地利用細分メッシュ（ラスタ版）","L03-b-14_3741.zip","L03-b_r/L03-b_r-14/L03-b-14_3741.zip"
"土地利用細分メッシュ（ラスタ版）","L03-b-14_3823.zip","L03-b_r/L03-b_r-14/L03-b-14_3823.zip"
"土地利用細分メッシュ（ラスタ版）","L03-b-14_3824.zip","L03-b_r/L03-b_r-14/L03-b-14_3824.zip"
"土地利用細分メッシュ（ラスタ版）","L03-b-14_3831.zip","L03-b_r/L03-b_r-14/L03-b-14_3831.zip"
"土地利用細分メッシュ（ラスタ版）","L03-b-14_3841.zip","L03-b_r/L03-b_r-14/L03-b-14_3841.zip"
"土地利用細分メッシュ（ラスタ版）","L03-b-14_3926.zip","L03-b_r/L03-b_r-14/L03-b-14_3926.zip"
"土地利用細分メッシュ（ラスタ版）","L03-b-14_3927.zip","L03-b_r/L03-b_r-14/L03-b-14_3927.zip"
"土地利用細分メッシュ（ラスタ版）","L03-b-14_3928.zip","L03-b_r/L03-b_r-14/L03-b-14_3928.zip"
"土地利用細分メッシュ（ラスタ版）","L03-b-14_3942.zip","L03-b_r/L03-b_r-14/L03-b-14_3942.zip"
"土地利用細分メッシュ（ラスタ版）","L03-b-14_4027.zip","L03-b_r/L03-b_r-14/L03-b-14_4027.zip"
"土地利用細分メッシュ（ラスタ版）","L03-b-14_4028.zip","L03-b_r/L03-b_r-14/L03-b-14_4028.zip"
"土地利用細分メッシュ（ラスタ版）","L03-b-14_4040.zip","L03-b_r/L03-b_r-14/L03-b-14_4040.zip"
"土地利用細分メッシュ（ラスタ版）","L03-b-14_4042.zip","L03-b_r/L03-b_r-14/L03-b-14_4042.zip"
"土地利用細分メッシュ（ラスタ版）","L03-b-14_4128.zip","L03-b_r/L03-b_r-14/L03-b-14_4128.zip"
"土地利用細分メッシュ（ラスタ版）","L03-b-14_4129.zip","L03-b_r/L03-b_r-14/L03-b-14_4129.zip"
"土地利用細分メッシュ（ラスタ版）","L03-b-14_4142.zip","L03-b_r/L03-b_r-14/L03-b-14_4142.zip"
"土地利用細分メッシュ（ラスタ版）","L03-b-14_4229.zip","L03-b_r/L03-b_r-14/L03-b-14_4229.zip"
"土地利用細分メッシュ（ラスタ版）","L03-b-14_4230.zip","L03-b_r/L03-b_r-14/L03-b-14_4230.zip"
"土地利用細分メッシュ（ラスタ版）","L03-b-14_4328.zip","L03-b_r/L03-b_r-14/L03-b-14_4328.zip"
"土地利用細分メッシュ（ラスタ版）","L03-b-14_4329.zip","L03-b_r/L03-b_r-14/L03-b-14_4329.zip"
"土地利用細分メッシュ（ラスタ版）","L03-b-14_4429.zip","L03-b_r/L03-b_r-14/L03-b-14_4429.zip"
"土地利用細分メッシュ（ラスタ版）","L03-b-14_4440.zip","L03-b_r/L03-b_r-14/L03-b-14_4440.zip"
"土地利用細分メッシュ（ラスタ版）","L03-b-14_4529.zip","L03-b_r/L03-b_r-14/L03-b-14_4529.zip"
"土地利用細分メッシュ（ラスタ版）","L03-b-14_4530.zip","L03-b_r/L03-b_r-14/L03-b-14_4530.zip"
"土地利用細分メッシュ（ラスタ版）","L03-b-14_4531.zip","L03-b_r/L03-b_r-14/L03-b-14_4531.zip"
"土地利用細分メッシュ（ラスタ版）","L03-b-14_4540.zip","L03-b_r/L03-b_r-14/L03-b-14_4540.zip"
"土地利用細分メッシュ（ラスタ版）","L03-b-14_4629.zip","L03-b_r/L03-b_r-14/L03-b-14_4629.zip"
"土地利用細分メッシュ（ラスタ版）","L03-b-14_4630.zip","L03-b_r/L03-b_r-14/L03-b-14_4630.zip"
"土地利用細分メッシュ（ラスタ版）","L03-b-14_4631.zip","L03-b_r/L03-b_r-14/L03-b-14_4631.zip"
"土地利用細分メッシュ（ラスタ版）","L03-b-14_4728.zip","L03-b_r/L03-b_r-14/L03-b-14_4728.zip"
"土地利用細分メッシュ（ラスタ版）","L03-b-14_4729.zip","L03-b_r/L03-b_r-14/L03-b-14_4729.zip"
"土地利用細分メッシュ（ラスタ版）","L03-b-14_4730.zip","L03-b_r/L03-b_r-14/L03-b-14_4730.zip"
"土地利用細分メッシュ（ラスタ版）","L03-b-14_4731.zip","L03-b_r/L03-b_r-14/L03-b-14_4731.zip"
"土地利用細分メッシュ（ラスタ版）","L03-b-14_4739.zip","L03-b_r/L03-b_r-14/L03-b-14_4739.zip"
"土地利用細分メッシュ（ラスタ版）","L03-b-14_4740.zip","L03-b_r/L03-b_r-14/L03-b-14_4740.zip"
"土地利用細分メッシュ（ラスタ版）","L03-b-14_4828.zip","L03-b_r/L03-b_r-14/L03-b-14_4828.zip"
"土地利用細分メッシュ（ラスタ版）","L03-b-14_4829.zip","L03-b_r/L03-b_r-14/L03-b-14_4829.zip"
"土地利用細分メッシュ（ラスタ版）","L03-b-14_4830.zip","L03-b_r/L03-b_r-14/L03-b-14_4830.zip"
"土地利用細分メッシュ（ラスタ版）","L03-b-14_4831.zip","L03-b_r/L03-b_r-14/L03-b-14_4831.zip"
"土地利用細分メッシュ（ラスタ版）","L03-b-14_4839.zip","L03-b_r/L03-b_r-14/L03-b-14_4839.zip"
"土地利用細分メッシュ（ラスタ版）","L03-b-14_4928.zip","L03-b_r/L03-b_r-14/L03-b-14_4928.zip"
"土地利用細分メッシュ（ラスタ版）","L03-b-14_4929.zip","L03-b_r/L03-b_r-14/L03-b-14_4929.zip"
"土地利用細分メッシュ（ラスタ版）","L03-b-14_4930.zip","L03-b_r/L03-b_r-14/L03-b-14_4930.zip"
"土地利用細分メッシュ（ラスタ版）","L03-b-14_4931.zip","L03-b_r/L03-b_r-14/L03-b-14_4931.zip"
"土地利用細分メッシュ（ラスタ版）","L03-b-14_4932.zip","L03-b_r/L03-b_r-14/L03-b-14_4932.zip"
"土地利用細分メッシュ（ラスタ版）","L03-b-14_4933.zip","L03-b_r/L03-b_r-14/L03-b-14_4933.zip"
"土地利用細分メッシュ（ラスタ版）","L03-b-14_4934.zip","L03-b_r/L03-b_r-14/L03-b-14_4934.zip"
"土地利用細分メッシュ（ラスタ版）","L03-b-14_4939.zip","L03-b_r/L03-b_r-14/L03-b-14_4939.zip"
"土地利用細分メッシュ（ラスタ版）","L03-b-14_5029.zip","L03-b_r/L03-b_r-14/L03-b-14_5029.zip"
"土地利用細分メッシュ（ラスタ版）","L03-b-14_5030.zip","L03-b_r/L03-b_r-14/L03-b-14_5030.zip"
"土地利用細分メッシュ（ラスタ版）","L03-b-14_5031.zip","L03-b_r/L03-b_r-14/L03-b-14_5031.zip"
"土地利用細分メッシュ（ラスタ版）","L03-b-14_5032.zip","L03-b_r/L03-b_r-14/L03-b-14_5032.zip"
"土地利用細分メッシュ（ラスタ版）","L03-b-14_5033.zip","L03-b_r/L03-b_r-14/L03-b-14_5033.zip"
"土地利用細分メッシュ（ラスタ版）","L03-b-14_5034.zip","L03-b_r/L03-b_r-14/L03-b-14_5034.zip"
"土地利用細分メッシュ（ラスタ版）","L03-b-14_5035.zip","L03-b_r/L03-b_r-14/L03-b-14_5035.zip"
"土地利用細分メッシュ（ラスタ版）","L03-b-14_5036.zip","L03-b_r/L03-b_r-14/L03-b-14_5036.zip"
"土地利用細分メッシュ（ラスタ版）","L03-b-14_5038.zip","L03-b_r/L03-b_r-14/L03-b-14_5038.zip"
"土地利用細分メッシュ（ラスタ版）","L03-b-14_5039.zip","L03-b_r/L03-b_r-14/L03-b-14_5039.zip"
"土地利用細分メッシュ（ラスタ版）","L03-b-14_5129.zip","L03-b_r/L03-b_r-14/L03-b-14_5129.zip"
"土地利用細分メッシュ（ラスタ版）","L03-b-14_5130.zip","L03-b_r/L03-b_r-14/L03-b-14_5130.zip"
"土地利用細分メッシュ（ラスタ版）","L03-b-14_5131.zip","L03-b_r/L03-b_r-14/L03-b-14_5131.zip"
"土地利用細分メッシュ（ラスタ版）","L03-b-14_5132.zip","L03-b_r/L03-b_r-14/L03-b-14_5132.zip"
"土地利用細分メッシュ（ラスタ版）","L03-b-14_5133.zip","L03-b_r/L03-b_r-14/L03-b-14_5133.zip"
"土地利用細分メッシュ（ラスタ版）","L03-b-14_5134.zip","L03-b_r/L03-b_r-14/L03-b-14_5134.zip"
"土地利用細分メッシュ（ラスタ版）","L03-b-14_5135.zip","L03-b_r/L03-b_r-14/L03-b-14_5135.zip"
"土地利用細分メッシュ（ラスタ版）","L03-b-14_5136.zip","L03-b_r/L03-b_r-14/L03-b-14_5136.zip"
"土地利用細分メッシュ（ラスタ版）","L03-b-14_5137.zip","L03-b_r/L03-b_r-14/L03-b-14_5137.zip"
"土地利用細分メッシュ（ラスタ版）","L03-b-14_5138.zip","L03-b_r/L03-b_r-14/L03-b-14_5138.zip"
"土地利用細分メッシュ（ラスタ版）","L03-b-14_5139.zip","L03-b_r/L03-b_r-14/L03-b-14_5139.zip"
"土地利用細分メッシュ（ラスタ版）","L03-b-14_5229.zip","L03-b_r/L03-b_r-14/L03-b-14_5229.zip"
"土地利用細分メッシュ（ラスタ版）","L03-b-14_5231.zip","L03-b_r/L03-b_r-14/L03-b-14_5231.zip"
"土地利用細分メッシュ（ラスタ版）","L03-b-14_5232.zip","L03-b_r/L03-b_r-14/L03-b-14_5232.zip"
"土地利用細分メッシュ（ラスタ版）","L03-b-14_5233.zip","L03-b_r/L03-b_r-14/L03-b-14_5233.zip"
"土地利用細分メッシュ（ラスタ版）","L03-b-14_5234.zip","L03-b_r/L03-b_r-14/L03-b-14_5234.zip"
"土地利用細分メッシュ（ラスタ版）","L03-b-14_5235.zip","L03-b_r/L03-b_r-14/L03-b-14_5235.zip"
"土地利用細分メッシュ（ラスタ版）","L03-b-14_5236.zip","L03-b_r/L03-b_r-14/L03-b-14_5236.zip"
"土地利用細分メッシュ（ラスタ版）","L03-b-14_5237.zip","L03-b_r/L03-b_r-14/L03-b-14_5237.zip"
"土地利用細分メッシュ（ラスタ版）","L03-b-14_5238.zip","L03-b_r/L03-b_r-14/L03-b-14_5238.zip"
"土地利用細分メッシュ（ラスタ版）","L03-b-14_5239.zip","L03-b_r/L03-b_r-14/L03-b-14_5239.zip"
"土地利用細分メッシュ（ラスタ版）","L03-b-14_5240.zip","L03-b_r/L03-b_r-14/L03-b-14_5240.zip"
"土地利用細分メッシュ（ラスタ版）","L03-b-14_5332.zip","L03-b_r/L03-b_r-14/L03-b-14_5332.zip"
"土地利用細分メッシュ（ラスタ版）","L03-b-14_5333.zip","L03-b_r/L03-b_r-14/L03-b-14_5333.zip"
"土地利用細分メッシュ（ラスタ版）","L03-b-14_5334.zip","L03-b_r/L03-b_r-14/L03-b-14_5334.zip"
"土地利用細分メッシュ（ラスタ版）","L03-b-14_5335.zip","L03-b_r/L03-b_r-14/L03-b-14_5335.zip"
"土地利用細分メッシュ（ラスタ版）","L03-b-14_5336.zip","L03-b_r/L03-b_r-14/L03-b-14_5336.zip"
"土地利用細分メッシュ（ラスタ版）","L03-b-14_5337.zip","L03-b_r/L03-b_r-14/L03-b-14_5337.zip"
"土地利用細分メッシュ（ラスタ版）","L03-b-14_5338.zip","L03-b_r/L03-b_r-14/L03-b-14_5338.zip"
"土地利用細分メッシュ（ラスタ版）","L03-b-14_5339.zip","L03-b_r/L03-b_r-14/L03-b-14_5339.zip"
"土地利用細分メッシュ（ラスタ版）","L03-b-14_5340.zip","L03-b_r/L03-b_r-14/L03-b-14_5340.zip"
"土地利用細分メッシュ（ラスタ版）","L03-b-14_5432.zip","L03-b_r/L03-b_r-14/L03-b-14_5432.zip"
"土地利用細分メッシュ（ラスタ版）","L03-b-14_5433.zip","L03-b_r/L03-b_r-14/L03-b-14_5433.zip"
"土地利用細分メッシュ（ラスタ版）","L03-b-14_5435.zip","L03-b_r/L03-b_r-14/L03-b-14_5435.zip"
"土地利用細分メッシュ（ラスタ版）","L03-b-14_5436.zip","L03-b_r/L03-b_r-14/L03-b-14_5436.zip"
"土地利用細分メッシュ（ラスタ版）","L03-b-14_5437.zip","L03-b_r/L03-b_r-14/L03-b-14_5437.zip"
"土地利用細分メッシュ（ラスタ版）","L03-b-14_5438.zip","L03-b_r/L03-b_r-14/L03-b-14_5438.zip"
"土地利用細分メッシュ（ラスタ版）","L03-b-14_5439.zip","L03-b_r/L03-b_r-14/L03-b-14_5439.zip"
"土地利用細分メッシュ（ラスタ版）","L03-b-14_5440.zip","L03-b_r/L03-b_r-14/L03-b-14_5440.zip"
"土地利用細分メッシュ（ラスタ版）","L03-b-14_5531.zip","L03-b_r/L03-b_r-14/L03-b-14_5531.zip"
"土地利用細分メッシュ（ラスタ版）","L03-b-14_5536.zip","L03-b_r/L03-b_r-14/L03-b-14_5536.zip"
"土地利用細分メッシュ（ラスタ版）","L03-b-14_5537.zip","L03-b_r/L03-b_r-14/L03-b-14_5537.zip"
"土地利用細分メッシュ（ラスタ版）","L03-b-14_5538.zip","L03-b_r/L03-b_r-14/L03-b-14_5538.zip"
"土地利用細分メッシュ（ラスタ版）","L03-b-14_5539.zip","L03-b_r/L03-b_r-14/L03-b-14_5539.zip"
"土地利用細分メッシュ（ラスタ版）","L03-b-14_5540.zip","L03-b_r/L03-b_r-14/L03-b-14_5540.zip"
"土地利用細分メッシュ（ラスタ版）","L03-b-14_5541.zip","L03-b_r/L03-b_r-14/L03-b-14_5541.zip"
"土地利用細分メッシュ（ラスタ版）","L03-b-14_5636.zip","L03-b_r/L03-b_r-14/L03-b-14_5636.zip"
"土地利用細分メッシュ（ラスタ版）","L03-b-14_5637.zip","L03-b_r/L03-b_r-14/L03-b-14_5637.zip"
"土地利用細分メッシュ（ラスタ版）","L03-b-14_5638.zip","L03-b_r/L03-b_r-14/L03-b-14_5638.zip"
"土地利用細分メッシュ（ラスタ版）","L03-b-14_5639.zip","L03-b_r/L03-b_r-14/L03-b-14_5639.zip"
"土地利用細分メッシュ（ラスタ版）","L03-b-14_5640.zip","L03-b_r/L03-b_r-14/L03-b-14_5640.zip"
"土地利用細分メッシュ（ラスタ版）","L03-b-14_5641.zip","L03-b_r/L03-b_r-14/L03-b-14_5641.zip"
"土地利用細分メッシュ（ラスタ版）","L03-b-14_5738.zip","L03-b_r/L03-b_r-14/L03-b-14_5738.zip"
"土地利用細分メッシュ（ラスタ版）","L03-b-14_5739.zip","L03-b_r/L03-b_r-14/L03-b-14_5739.zip"
"土地利用細分メッシュ（ラスタ版）","L03-b-14_5740.zip","L03-b_r/L03-b_r-14/L03-b-14_5740.zip"
"土地利用細分メッシュ（ラスタ版）","L03-b-14_5741.zip","L03-b_r/L03-b_r-14/L03-b-14_5741.zip"
"土地利用細分メッシュ（ラスタ版）","L03-b-14_5839.zip","L03-b_r/L03-b_r-14/L03-b-14_5839.zip"
"土地利用細分メッシュ（ラスタ版）","L03-b-14_5840.zip","L03-b_r/L03-b_r-14/L03-b-14_5840.zip"
"土地利用細分メッシュ（ラスタ版）","L03-b-14_5841.zip","L03-b_r/L03-b_r-14/L03-b-14_5841.zip"
"土地利用細分メッシュ（ラスタ版）","L03-b-14_5939.zip","L03-b_r/L03-b_r-14/L03-b-14_5939.zip"
"土地利用細分メッシュ（ラスタ版）","L03-b-14_5940.zip","L03-b_r/L03-b_r-14/L03-b-14_5940.zip"
"土地利用細分メッシュ（ラスタ版）","L03-b-14_5941.zip","L03-b_r/L03-b_r-14/L03-b-14_5941.zip"
"土地利用細分メッシュ（ラスタ版）","L03-b-14_5942.zip","L03-b_r/L03-b_r-14/L03-b-14_5942.zip"
"土地利用細分メッシュ（ラスタ版）","L03-b-14_6039.zip","L03-b_r/L03-b_r-14/L03-b-14_6039.zip"
"土地利用細分メッシュ（ラスタ版）","L03-b-14_6040.zip","L03-b_r/L03-b_r-14/L03-b-14_6040.zip"
"土地利用細分メッシュ（ラスタ版）","L03-b-14_6041.zip","L03-b_r/L03-b_r-14/L03-b-14_6041.zip"
"土地利用細分メッシュ（ラスタ版）","L03-b-14_6139.zip","L03-b_r/L03-b_r-14/L03-b-14_6139.zip"
"土地利用細分メッシュ（ラスタ版）","L03-b-14_6140.zip","L03-b_r/L03-b_r-14/L03-b-14_6140.zip"
"土地利用細分メッシュ（ラスタ版）","L03-b-14_6141.zip","L03-b_r/L03-b_r-14/L03-b-14_6141.zip"
"土地利用細分メッシュ（ラスタ版）","L03-b-14_6239.zip","L03-b_r/L03-b_r-14/L03-b-14_6239.zip"
"土地利用細分メッシュ（ラスタ版）","L03-b-14_6240.zip","L03-b_r/L03-b_r-14/L03-b-14_6240.zip"
"土地利用細分メッシュ（ラスタ版）","L03-b-14_6241.zip","L03-b_r/L03-b_r-14/L03-b-14_6241.zip"
"土地利用細分メッシュ（ラスタ版）","L03-b-14_6243.zip","L03-b_r/L03-b_r-14/L03-b-14_6243.zip"
"土地利用細分メッシュ（ラスタ版）","L03-b-14_6339.zip","L03-b_r/L03-b_r-14/L03-b-14_6339.zip"
"土地利用細分メッシュ（ラスタ版）","L03-b-14_6340.zip","L03-b_r/L03-b_r-14/L03-b-14_6340.zip"
"土地利用細分メッシュ（ラスタ版）","L03-b-14_6341.zip","L03-b_r/L03-b_r-14/L03-b-14_6341.zip"
"土地利用細分メッシュ（ラスタ版）","L03-b-14_6342.zip","L03-b_r/L03-b_r-14/L03-b-14_6342.zip"
"土地利用細分メッシュ（ラスタ版）","L03-b-14_6343.zip","L03-b_r/L03-b_r-14/L03-b-14_6343.zip"
"土地利用細分メッシュ（ラスタ版）","L03-b-14_6439.zip","L03-b_r/L03-b_r-14/L03-b-14_6439.zip"
"土地利用細分メッシュ（ラスタ版）","L03-b-14_6440.zip","L03-b_r/L03-b_r-14/L03-b-14_6440.zip"
"土地利用細分メッシュ（ラスタ版）","L03-b-14_6441.zip","L03-b_r/L03-b_r-14/L03-b-14_6441.zip"
"土地利用細分メッシュ（ラスタ版）","L03-b-14_6442.zip","L03-b_r/L03-b_r-14/L03-b-14_6442.zip"
"土地利用細分メッシュ（ラスタ版）","L03-b-14_6443.zip","L03-b_r/L03-b_r-14/L03-b-14_6443.zip"
"土地利用細分メッシュ（ラスタ版）","L03-b-14_6444.zip","L03-b_r/L03-b_r-14/L03-b-14_6444.zip"
"土地利用細分メッシュ（ラスタ版）","L03-b-14_6445.zip","L03-b_r/L03-b_r-14/L03-b-14_6445.zip"
"土地利用細分メッシュ（ラスタ版）","L03-b-14_6540.zip","L03-b_r/L03-b_r-14/L03-b-14_6540.zip"
"土地利用細分メッシュ（ラスタ版）","L03-b-14_6541.zip","L03-b_r/L03-b_r-14/L03-b-14_6541.zip"
"土地利用細分メッシュ（ラスタ版）","L03-b-14_6542.zip","L03-b_r/L03-b_r-14/L03-b-14_6542.zip"
"土地利用細分メッシュ（ラスタ版）","L03-b-14_6543.zip","L03-b_r/L03-b_r-14/L03-b-14_6543.zip"
"土地利用細分メッシュ（ラスタ版）","L03-b-14_6544.zip","L03-b_r/L03-b_r-14/L03-b-14_6544.zip"
"土地利用細分メッシュ（ラスタ版）","L03-b-14_6545.zip","L03-b_r/L03-b_r-14/L03-b-14_6545.zip"
"土地利用細分メッシュ（ラスタ版）","L03-b-14_6546.zip","L03-b_r/L03-b_r-14/L03-b-14_6546.zip"
"土地利用細分メッシュ（ラスタ版）","L03-b-14_6641.zip","L03-b_r/L03-b_r-14/L03-b-14_6641.zip"
"土地利用細分メッシュ（ラスタ版）","L03-b-14_6642.zip","L03-b_r/L03-b_r-14/L03-b-14_6642.zip"
"土地利用細分メッシュ（ラスタ版）","L03-b-14_6643.zip","L03-b_r/L03-b_r-14/L03-b-14_6643.zip"
"土地利用細分メッシュ（ラスタ版）","L03-b-14_6644.zip","L03-b_r/L03-b_r-14/L03-b-14_6644.zip"
"土地利用細分メッシュ（ラスタ版）","L03-b-14_6645.zip","L03-b_r/L03-b_r-14/L03-b-14_6645.zip"
"土地利用細分メッシュ（ラスタ版）","L03-b-14_6646.zip","L03-b_r/L03-b_r-14/L03-b-14_6646.zip"
"土地利用細分メッシュ（ラスタ版）","L03-b-14_6647.zip","L03-b_r/L03-b_r-14/L03-b-14_6647.zip"
"土地利用細分メッシュ（ラスタ版）","L03-b-14_6741.zip","L03-b_r/L03-b_r-14/L03-b-14_6741.zip"
"土地利用細分メッシュ（ラスタ版）","L03-b-14_6742.zip","L03-b_r/L03-b_r-14/L03-b-14_6742.zip"
"土地利用細分メッシュ（ラスタ版）","L03-b-14_6747.zip","L03-b_r/L03-b_r-14/L03-b-14_6747.zip"
"土地利用細分メッシュ（ラスタ版）","L03-b-14_6748.zip","L03-b_r/L03-b_r-14/L03-b-14_6748.zip"
"土地利用細分メッシュ（ラスタ版）","L03-b-14_6840.zip","L03-b_r/L03-b_r-14/L03-b-14_6840.zip"
"土地利用細分メッシュ（ラスタ版）","L03-b-14_6841.zip","L03-b_r/L03-b_r-14/L03-b-14_6841.zip"
"土地利用細分メッシュ（ラスタ版）","L03-b-14_6842.zip","L03-b_r/L03-b_r-14/L03-b-14_6842.zip"
"土地利用細分メッシュ（ラスタ版）","L03-b-14_6847.zip","L03-b_r/L03-b_r-14/L03-b-14_6847.zip"
"土地利用細分メッシュ（ラスタ版）","L03-b-14_6848.zip","L03-b_r/L03-b_r-14/L03-b-14_6848.zip"
"都市地域土地利用細分メッシュ","L03-b-u-21_3624-jgd2011_GML.zip","L03-b-u/L03-b-u-21/L03-b-u-21_3624-jgd2011_GML.zip"
"都市地域土地利用細分メッシュ","L03-b-u-21_3725-jgd2011_GML.zip","L03-b-u/L03-b-u-21/L03-b-u-21_3725-jgd2011_GML.zip"
"都市地域土地利用細分メッシュ","L03-b-u-21_3927-jgd2011_GML.zip","L03-b-u/L03-b-u-21/L03-b-u-21_3927-jgd2011_GML.zip"
"都市地域土地利用細分メッシュ","L03-b-u-21_3928-jgd2011_GML.zip","L03-b-u/L03-b-u-21/L03-b-u-21_3928-jgd2011_GML.zip"
"都市地域土地利用細分メッシュ","L03-b-u-21_3942-jgd2011_GML.zip","L03-b-u/L03-b-u-21/L03-b-u-21_3942-jgd2011_GML.zip"
"都市地域土地利用細分メッシュ","L03-b-u-21_4027-jgd2011_GML.zip","L03-b-u/L03-b-u-21/L03-b-u-21_4027-jgd2011_GML.zip"
"都市地域土地利用細分メッシュ","L03-b-u-21_4028-jgd2011_GML.zip","L03-b-u/L03-b-u-21/L03-b-u-21_4028-jgd2011_GML.zip"
"都市地域土地利用細分メッシュ","L03-b-u-21_4042-jgd2011_GML.zip","L03-b-u/L03-b-u-21/L03-b-u-21_4042-jgd2011_GML.zip"
"都市地域土地利用細分メッシュ","L03-b-u-21_4128-jgd2011_GML.zip","L03-b-u/L03-b-u-21/L03-b-u-21_4128-jgd2011_GML.zip"
"都市地域土地利用細分メッシュ","L03-b-u-21_4129-jgd2011_GML.zip","L03-b-u/L03-b-u-21/L03-b-u-21_4129-jgd2011_GML.zip"
"都市地域土地利用細分メッシュ","L03-b-u-21_4229-jgd2011_GML.zip","L03-b-u/L03-b-u-21/L03-b-u-21_4229-jgd2011_GML.zip"
"都市地域土地利用細分メッシュ","L03-b-u-21_4530-jgd2011_GML.zip","L03-b-u/L03-b-u-21/L03-b-u-21_4530-jgd2011_GML.zip"
"都市地域土地利用細分メッシュ","L03-b-u-21_4630-jgd2011_GML.zip","L03-b-u/L03-b-u-21/L03-b-u-21_4630-jgd2011_GML.zip"
"都市地域土地利用細分メッシュ","L03-b-u-21_4631-jgd2011_GML.zip","L03-b-u/L03-b-u-21/L03-b-u-21_4631-jgd2011_GML.zip"
"都市地域土地利用細分メッシュ","L03-b-u-21_4730-jgd2011_GML.zip","L03-b-u/L03-b-u-21/L03-b-u-21_4730-jgd2011_GML.zip"
"都市地域土地利用細分メッシュ","L03-b-u-21_4731-jgd2011_GML.zip","L03-b-u/L03-b-u-21/L03-b-u-21_4731-jgd2011_GML.zip"
"都市地域土地利用細分メッシュ","L03-b-u-21_4828-jgd2011_GML.zip","L03-b-u/L03-b-u-21/L03-b-u-21_4828-jgd2011_GML.zip"
"都市地域土地利用細分メッシュ","L03-b-u-21_4829-jgd2011_GML.zip","L03-b-u/L03-b-u-21/L03-b-u-21_4829-jgd2011_GML.zip"
"都市地域土地利用細分メッシュ","L03-b-u-21_4830-jgd2011_GML.zip","L03-b-u/L03-b-u-21/L03-b-u-21_4830-jgd2011_GML.zip"
"都市地域土地利用細分メッシュ","L03-b-u-21_4831-jgd2011_GML.zip","L03-b-u/L03-b-u-21/L03-b-u-21_4831-jgd2011_GML.zip"
"都市地域土地利用細分メッシュ","L03-b-u-21_4928-jgd2011_GML.zip","L03-b-u/L03-b-u-21/L03-b-u-21_4928-jgd2011_GML.zip"
"都市地域土地利用細分メッシュ","L03-b-u-21_4929-jgd2011_GML.zip","L03-b-u/L03-b-u-21/L03-b-u-21_4929-jgd2011_GML.zip"
"都市地域土地利用細分メッシュ","L03-b-u-21_4930-jgd2011_GML.zip","L03-b-u/L03-b-u-21/L03-b-u-21_4930-jgd2011_GML.zip"
"都市地域土地利用細分メッシュ","L03-b-u-21_4931-jgd2011_GML.zip","L03-b-u/L03-b-u-21/L03-b-u-21_4931-jgd2011_GML.zip"
"都市地域土地利用細分メッシュ","L03-b-u-21_4932-jgd2011_GML.zip","L03-b-u/L03-b-u-21/L03-b-u-21_4932-jgd2011_GML.zip"
"都市地域土地利用細分メッシュ","L03-b-u-21_4933-jgd2011_GML.zip","L03-b-u/L03-b-u-21/L03-b-u-21_4933-jgd2011_GML.zip"
"都市地域土地利用細分メッシュ","L03-b-u-21_4934-jgd2011_GML.zip","L03-b-u/L03-b-u-21/L03-b-u-21_4934-jgd2011_GML.zip"
"都市地域土地利用細分メッシュ","L03-b-u-21_4939-jgd2011_GML.zip","L03-b-u/L03-b-u-21/L03-b-u-21_4939-jgd2011_GML.zip"
"都市地域土地利用細分メッシュ","L03-b-u-21_5029-jgd2011_GML.zip","L03-b-u/L03-b-u-21/L03-b-u-21_5029-jgd2011_GML.zip"
"都市地域土地利用細分メッシュ","L03-b-u-21_5030-jgd2011_GML.zip","L03-b-u/L03-b-u-21/L03-b-u-21_5030-jgd2011_GML.zip"
"都市地域土地利用細分メッシュ","L03-b-u-21_5031-jgd2011_GML.zip","L03-b-u/L03-b-u-21/L03-b-u-21_5031-jgd2011_GML.zip"
"都市地域土地利用細分メッシュ","L03-b-u-21_5032-jgd2011_GML.zip","L03-b-u/L03-b-u-21/L03-b-u-21_5032-jgd2011_GML.zip"
"都市地域土地利用細分メッシュ","L03-b-u-21_5033-jgd2011_GML.zip","L03-b-u/L03-b-u-21/L03-b-u-21_5033-jgd2011_GML.zip"
"都市地域土地利用細分メッシュ","L03-b-u-21_5034-jgd2011_GML.zip","L03-b-u/L03-b-u-21/L03-b-u-21_5034-jgd2011_GML.zip"
"都市地域土地利用細分メッシュ","L03-b-u-21_5035-jgd2011_GML.zip","L03-b-u/L03-b-u-21/L03-b-u-21_5035-jgd2011_GML.zip"
"都市地域土地利用細分メッシュ","L03-b-u-21_5036-jgd2011_GML.zip","L03-b-u/L03-b-u-21/L03-b-u-21_5036-jgd2011_GML.zip"
"都市地域土地利用細分メッシュ","L03-b-u-21_5129-jgd2011_GML.zip","L03-b-u/L03-b-u-21/L03-b-u-21_5129-jgd2011_GML.zip"
"都市地域土地利用細分メッシュ","L03-b-u-21_5130-jgd2011_GML.zip","L03-b-u/L03-b-u-21/L03-b-u-21_5130-jgd2011_GML.zip"
"都市地域土地利用細分メッシュ","L03-b-u-21_5131-jgd2011_GML.zip","L03-b-u/L03-b-u-21/L03-b-u-21_5131-jgd2011_GML.zip"
"都市地域土地利用細分メッシュ","L03-b-u-21_5132-jgd2011_GML.zip","L03-b-u/L03-b-u-21/L03-b-u-21_5132-jgd2011_GML.zip"
"都市地域土地利用細分メッシュ","L03-b-u-21_5133-jgd2011_GML.zip","L03-b-u/L03-b-u-21/L03-b-u-21_5133-jgd2011_GML.zip"
"都市地域土地利用細分メッシュ","L03-b-u-21_5134-jgd2011_GML.zip","L03-b-u/L03-b-u-21/L03-b-u-21_5134-jgd2011_GML.zip"
"都市地域土地利用細分メッシュ","L03-b-u-21_5135-jgd2011_GML.zip","L03-b-u/L03-b-u-21/L03-b-u-21_5135-jgd2011_GML.zip"
"都市地域土地利用細分メッシュ","L03-b-u-21_5136-jgd2011_GML.zip","L03-b-u/L03-b-u-21/L03-b-u-21_5136-jgd2011_GML.zip"
"都市地域土地利用細分メッシュ","L03-b-u-21_5137-jgd2011_GML.zip","L03-b-u/L03-b-u-21/L03-b-u-21_5137-jgd2011_GML.zip"
"都市地域土地利用細分メッシュ","L03-b-u-21_5138-jgd2011_GML.zip","L03-b-u/L03-b-u-21/L03-b-u-21_5138-jgd2011_GML.zip"
"都市地域土地利用細分メッシュ","L03-b-u-21_5139-jgd2011_GML.zip","L03-b-u/L03-b-u-21/L03-b-u-21_5139-jgd2011_GML.zip"
"都市地域土地利用細分メッシュ","L03-b-u-21_5231-jgd2011_GML.zip","L03-b-u/L03-b-u-21/L03-b-u-21_5231-jgd2011_GML.zip"
"都市地域土地利用細分メッシュ","L03-b-u-21_5232-jgd2011_GML.zip","L03-b-u/L03-b-u-21/L03-b-u-21_5232-jgd2011_GML.zip"
"都市地域土地利用細分メッシュ","L03-b-u-21_5233-jgd2011_GML.zip","L03-b-u/L03-b-u-21/L03-b-u-21_5233-jgd2011_GML.zip"
"都市地域土地利用細分メッシュ","L03-b-u-21_5234-jgd2011_GML.zip","L03-b-u/L03-b-u-21/L03-b-u-21_5234-jgd2011_GML.zip"
"都市地域土地利用細分メッシュ","L03-b-u-21_5235-jgd2011_GML.zip","L03-b-u/L03-b-u-21/L03-b-u-21_5235-jgd2011_GML.zip"
"都市地域土地利用細分メッシュ","L03-b-u-21_5236-jgd2011_GML.zip","L03-b-u/L03-b-u-21/L03-b-u-21_5236-jgd2011_GML.zip"
"都市地域土地利用細分メッシュ","L03-b-u-21_5237-jgd2011_GML.zip","L03-b-u/L03-b-u-21/L03-b-u-21_5237-jgd2011_GML.zip"
"都市地域土地利用細分メッシュ","L03-b-u-21_5238-jgd2011_GML.zip","L03-b-u/L03-b-u-21/L03-b-u-21_5238-jgd2011_GML.zip"
"都市地域土地利用細分メッシュ","L03-b-u-21_5239-jgd2011_GML.zip","L03-b-u/L03-b-u-21/L03-b-u-21_5239-jgd2011_GML.zip"
"都市地域土地利用細分メッシュ","L03-b-u-21_5240-jgd2011_GML.zip","L03-b-u/L03-b-u-21/L03-b-u-21_5240-jgd2011_GML.zip"
"都市地域土地利用細分メッシュ","L03-b-u-21_5332-jgd2011_GML.zip","L03-b-u/L03-b-u-21/L03-b-u-21_5332-jgd2011_GML.zip"
"都市地域土地利用細分メッシュ","L03-b-u-21_5333-jgd2011_GML.zip","L03-b-u/L03-b-u-21/L03-b-u-21_5333-jgd2011_GML.zip"
"都市地域土地利用細分メッシュ","L03-b-u-21_5334-jgd2011_GML.zip","L03-b-u/L03-b-u-21/L03-b-u-21_5334-jgd2011_GML.zip"
"都市地域土地利用細分メッシュ","L03-b-u-21_5335-jgd2011_GML.zip","L03-b-u/L03-b-u-21/L03-b-u-21_5335-jgd2011_GML.zip"
"都市地域土地利用細分メッシュ","L03-b-u-21_5336-jgd2011_GML.zip","L03-b-u/L03-b-u-21/L03-b-u-21_5336-jgd2011_GML.zip"
"都市地域土地利用細分メッシュ","L03-b-u-21_5337-jgd2011_GML.zip","L03-b-u/L03-b-u-21/L03-b-u-21_5337-jgd2011_GML.zip"
"都市地域土地利用細分メッシュ","L03-b-u-21_5338-jgd2011_GML.zip","L03-b-u/L03-b-u-21/L03-b-u-21_5338-jgd2011_GML.zip"
"都市地域土地利用細分メッシュ","L03-b-u-21_5339-jgd2011_GML.zip","L03-b-u/L03-b-u-21/L03-b-u-21_5339-jgd2011_GML.zip"
"都市地域土地利用細分メッシュ","L03-b-u-21_5340-jgd2011_GML.zip","L03-b-u/L03-b-u-21/L03-b-u-21_5340-jgd2011_GML.zip"
"都市地域土地利用細分メッシュ","L03-b-u-21_5433-jgd2011_GML.zip","L03-b-u/L03-b-u-21/L03-b-u-21_5433-jgd2011_GML.zip"
"都市地域土地利用細分メッシュ","L03-b-u-21_5436-jgd2011_GML.zip","L03-b-u/L03-b-u-21/L03-b-u-21_5436-jgd2011_GML.zip"
"都市地域土地利用細分メッシュ","L03-b-u-21_5437-jgd2011_GML.zip","L03-b-u/L03-b-u-21/L03-b-u-21_5437-jgd2011_GML.zip"
"都市地域土地利用細分メッシュ","L03-b-u-21_5438-jgd2011_GML.zip","L03-b-u/L03-b-u-21/L03-b-u-21_5438-jgd2011_GML.zip"
"都市地域土地利用細分メッシュ","L03-b-u-21_5439-jgd2011_GML.zip","L03-b-u/L03-b-u-21/L03-b-u-21_5439-jgd2011_GML.zip"
"都市地域土地利用細分メッシュ","L03-b-u-21_5440-jgd2011_GML.zip","L03-b-u/L03-b-u-21/L03-b-u-21_5440-jgd2011_GML.zip"
"都市地域土地利用細分メッシュ","L03-b-u-21_5536-jgd2011_GML.zip","L03-b-u/L03-b-u-21/L03-b-u-21_5536-jgd2011_GML.zip"
"都市地域土地利用細分メッシュ","L03-b-u-21_5537-jgd2011_GML.zip","L03-b-u/L03-b-u-21/L03-b-u-21_5537-jgd2011_GML.zip"
"都市地域土地利用細分メッシュ","L03-b-u-21_5538-jgd2011_GML.zip","L03-b-u/L03-b-u-21/L03-b-u-21_5538-jgd2011_GML.zip"
"都市地域土地利用細分メッシュ","L03-b-u-21_5539-jgd2011_GML.zip","L03-b-u/L03-b-u-21/L03-b-u-21_5539-jgd2011_GML.zip"
"都市地域土地利用細分メッシュ","L03-b-u-21_5540-jgd2011_GML.zip","L03-b-u/L03-b-u-21/L03-b-u-21_5540-jgd2011_GML.zip"
"都市地域土地利用細分メッシュ","L03-b-u-21_5541-jgd2011_GML.zip","L03-b-u/L03-b-u-21/L03-b-u-21_5541-jgd2011_GML.zip"
"都市地域土地利用細分メッシュ","L03-b-u-21_5636-jgd2011_GML.zip","L03-b-u/L03-b-u-21/L03-b-u-21_5636-jgd2011_GML.zip"
"都市地域土地利用細分メッシュ","L03-b-u-21_5637-jgd2011_GML.zip","L03-b-u/L03-b-u-21/L03-b-u-21_5637-jgd2011_GML.zip"
"都市地域土地利用細分メッシュ","L03-b-u-21_5638-jgd2011_GML.zip","L03-b-u/L03-b-u-21/L03-b-u-21_5638-jgd2011_GML.zip"
"都市地域土地利用細分メッシュ","L03-b-u-21_5639-jgd2011_GML.zip","L03-b-u/L03-b-u-21/L03-b-u-21_5639-jgd2011_GML.zip"
"都市地域土地利用細分メッシュ","L03-b-u-21_5640-jgd2011_GML.zip","L03-b-u/L03-b-u-21/L03-b-u-21_5640-jgd2011_GML.zip"
"都市地域土地利用細分メッシュ","L03-b-u-21_5641-jgd2011_GML.zip","L03-b-u/L03-b-u-21/L03-b-u-21_5641-jgd2011_GML.zip"
"都市地域土地利用細分メッシュ","L03-b-u-21_5738-jgd2011_GML.zip","L03-b-u/L03-b-u-21/L03-b-u-21_5738-jgd2011_GML.zip"
"都市地域土地利用細分メッシュ","L03-b-u-21_5739-jgd2011_GML.zip","L03-b-u/L03-b-u-21/L03-b-u-21_5739-jgd2011_GML.zip"
"都市地域土地利用細分メッシュ","L03-b-u-21_5740-jgd2011_GML.zip","L03-b-u/L03-b-u-21/L03-b-u-21_5740-jgd2011_GML.zip"
"都市地域土地利用細分メッシュ","L03-b-u-21_5741-jgd2011_GML.zip","L03-b-u/L03-b-u-21/L03-b-u-21_5741-jgd2011_GML.zip"
"都市地域土地利用細分メッシュ","L03-b-u-21_5839-jgd2011_GML.zip","L03-b-u/L03-b-u-21/L03-b-u-21_5839-jgd2011_GML.zip"
"都市地域土地利用細分メッシュ","L03-b-u-21_5840-jgd2011_GML.zip","L03-b-u/L03-b-u-21/L03-b-u-21_5840-jgd2011_GML.zip"
"都市地域土地利用細分メッシュ","L03-b-u-21_5841-jgd2011_GML.zip","L03-b-u/L03-b-u-21/L03-b-u-21_5841-jgd2011_GML.zip"
"都市地域土地利用細分メッシュ","L03-b-u-21_5939-jgd2011_GML.zip","L03-b-u/L03-b-u-21/L03-b-u-21_5939-jgd2011_GML.zip"
"都市地域土地利用細分メッシュ","L03-b-u-21_5940-jgd2011_GML.zip","L03-b-u/L03-b-u-21/L03-b-u-21_5940-jgd2011_GML.zip"
"都市地域土地利用細分メッシュ","L03-b-u-21_5941-jgd2011_GML.zip","L03-b-u/L03-b-u-21/L03-b-u-21_5941-jgd2011_GML.zip"
"都市地域土地利用細分メッシュ","L03-b-u-21_5942-tky_GML.zip","L03-b-u/L03-b-u-21/L03-b-u-21_5942-tky_GML.zip"
"都市地域土地利用細分メッシュ","L03-b-u-21_6039-jgd2011_GML.zip","L03-b-u/L03-b-u-21/L03-b-u-21_6039-jgd2011_GML.zip"
"都市地域土地利用細分メッシュ","L03-b-u-21_6040-jgd2011_GML.zip","L03-b-u/L03-b-u-21/L03-b-u-21_6040-jgd2011_GML.zip"
"都市地域土地利用細分メッシュ","L03-b-u-21_6041-jgd2011_GML.zip","L03-b-u/L03-b-u-21/L03-b-u-21_6041-jgd2011_GML.zip"
"都市地域土地利用細分メッシュ","L03-b-u-21_6140-jgd2011_GML.zip","L03-b-u/L03-b-u-21/L03-b-u-21_6140-jgd2011_GML.zip"
"都市地域土地利用細分メッシュ","L03-b-u-21_6141-jgd2011_GML.zip","L03-b-u/L03-b-u-21/L03-b-u-21_6141-jgd2011_GML.zip"
"都市地域土地利用細分メッシュ","L03-b-u-21_6240-jgd2011_GML.zip","L03-b-u/L03-b-u-21/L03-b-u-21_6240-jgd2011_GML.zip"
"都市地域土地利用細分メッシュ","L03-b-u-21_6241-jgd2011_GML.zip","L03-b-u/L03-b-u-21/L03-b-u-21_6241-jgd2011_GML.zip"
"都市地域土地利用細分メッシュ","L03-b-u-21_6339-jgd2011_GML.zip","L03-b-u/L03-b-u-21/L03-b-u-21_6339-jgd2011_GML.zip"
"都市地域土地利用細分メッシュ","L03-b-u-21_6340-jgd2011_GML.zip","L03-b-u/L03-b-u-21/L03-b-u-21_6340-jgd2011_GML.zip"
"都市地域土地利用細分メッシュ","L03-b-u-21_6341-jgd2011_GML.zip","L03-b-u/L03-b-u-21/L03-b-u-21_6341-jgd2011_GML.zip"
"都市地域土地利用細分メッシュ","L03-b-u-21_6342-jgd2011_GML.zip","L03-b-u/L03-b-u-21/L03-b-u-21_6342-jgd2011_GML.zip"
"都市地域土地利用細分メッシュ","L03-b-u-21_6343-jgd2011_GML.zip","L03-b-u/L03-b-u-21/L03-b-u-21_6343-jgd2011_GML.zip"
"都市地域土地利用細分メッシュ","L03-b-u-21_6440-jgd2011_GML.zip","L03-b-u/L03-b-u-21/L03-b-u-21_6440-jgd2011_GML.zip"
"都市地域土地利用細分メッシュ","L03-b-u-21_6441-jgd2011_GML.zip","L03-b-u/L03-b-u-21/L03-b-u-21_6441-jgd2011_GML.zip"
"都市地域土地利用細分メッシュ","L03-b-u-21_6442-jgd2011_GML.zip","L03-b-u/L03-b-u-21/L03-b-u-21_6442-jgd2011_GML.zip"
"都市地域土地利用細分メッシュ","L03-b-u-21_6443-jgd2011_GML.zip","L03-b-u/L03-b-u-21/L03-b-u-21_6443-jgd2011_GML.zip"
"都市地域土地利用細分メッシュ","L03-b-u-21_6444-jgd2011_GML.zip","L03-b-u/L03-b-u-21/L03-b-u-21_6444-jgd2011_GML.zip"
"都市地域土地利用細分メッシュ","L03-b-u-21_6445-jgd2011_GML.zip","L03-b-u/L03-b-u-21/L03-b-u-21_6445-jgd2011_GML.zip"
"都市地域土地利用細分メッシュ","L03-b-u-21_6541-jgd2011_GML.zip","L03-b-u/L03-b-u-21/L03-b-u-21_6541-jgd2011_GML.zip"
"都市地域土地利用細分メッシュ","L03-b-u-21_6542-jgd2011_GML.zip","L03-b-u/L03-b-u-21/L03-b-u-21_6542-jgd2011_GML.zip"
"都市地域土地利用細分メッシュ","L03-b-u-21_6543-jgd2011_GML.zip","L03-b-u/L03-b-u-21/L03-b-u-21_6543-jgd2011_GML.zip"
"都市地域土地利用細分メッシュ","L03-b-u-21_6544-jgd2011_GML.zip","L03-b-u/L03-b-u-21/L03-b-u-21_6544-jgd2011_GML.zip"
"都市地域土地利用細分メッシュ","L03-b-u-21_6545-jgd2011_GML.zip","L03-b-u/L03-b-u-21/L03-b-u-21_6545-jgd2011_GML.zip"
"都市地域土地利用細分メッシュ","L03-b-u-21_6641-jgd2011_GML.zip","L03-b-u/L03-b-u-21/L03-b-u-21_6641-jgd2011_GML.zip"
"都市地域土地利用細分メッシュ","L03-b-u-21_6642-jgd2011_GML.zip","L03-b-u/L03-b-u-21/L03-b-u-21_6642-jgd2011_GML.zip"
"都市地域土地利用細分メッシュ","L03-b-u-21_6643-jgd2011_GML.zip","L03-b-u/L03-b-u-21/L03-b-u-21_6643-jgd2011_GML.zip"
"都市地域土地利用細分メッシュ","L03-b-u-21_6644-jgd2011_GML.zip","L03-b-u/L03-b-u-21/L03-b-u-21_6644-jgd2011_GML.zip"
"都市地域土地利用細分メッシュ","L03-b-u-21_6742-jgd2011_GML.zip","L03-b-u/L03-b-u-21/L03-b-u-21_6742-jgd2011_GML.zip"
"都市地域土地利用細分メッシュ","L03-b-u-21_6841-jgd2011_GML.zip","L03-b-u/L03-b-u-21/L03-b-u-21_6841-jgd2011_GML.zip"
"土地利用詳細メッシュ","L03-b-c-21_5134-jgd2011_GML.zip","L03-b-c/L03-b-c-21/L03-b-c-21_5134-jgd2011_GML.zip"
"土地利用詳細メッシュ","L03-b-c-21_5135-jgd2011_GML.zip","L03-b-c/L03-b-c-21/L03-b-c-21_5135-jgd2011_GML.zip"
"土地利用詳細メッシュ","L03-b-c-21_5136-jgd2011_GML.zip","L03-b-c/L03-b-c-21/L03-b-c-21_5136-jgd2011_GML.zip"
"土地利用詳細メッシュ","L03-b-c-21_5234-jgd2011_GML.zip","L03-b-c/L03-b-c-21/L03-b-c-21_5234-jgd2011_GML.zip"
"土地利用詳細メッシュ","L03-b-c-21_5235-jgd2011_GML.zip","L03-b-c/L03-b-c-21/L03-b-c-21_5235-jgd2011_GML.zip"
"土地利用詳細メッシュ","L03-b-c-21_5236-jgd2011_GML.zip","L03-b-c/L03-b-c-21/L03-b-c-21_5236-jgd2011_GML.zip"
"土地利用詳細メッシュ","L03-b-c-21_5237-jgd2011_GML.zip","L03-b-c/L03-b-c-21/L03-b-c-21_5237-jgd2011_GML.zip"
"土地利用詳細メッシュ","L03-b-c-21_5239-jgd2011_GML.zip","L03-b-c/L03-b-c-21/L03-b-c-21_5239-jgd2011_GML.zip"
"土地利用詳細メッシュ","L03-b-c-21_5336-jgd2011_GML.zip","L03-b-c/L03-b-c-21/L03-b-c-21_5336-jgd2011_GML.zip"
"土地利用詳細メッシュ","L03-b-c-21_5337-jgd2011_GML.zip","L03-b-c/L03-b-c-21/L03-b-c-21_5337-jgd2011_GML.zip"
"土地利用詳細メッシュ","L03-b-c-21_5339-jgd2011_GML.zip","L03-b-c/L03-b-c-21/L03-b-c-21_5339-jgd2011_GML.zip"
"土地利用詳細メッシュ","L03-b-c-21_5340-jgd2011_GML.zip","L03-b-c/L03-b-c-21/L03-b-c-21_5340-jgd2011_GML.zip"
"土地利用詳細メッシュ","L03-b-c-21_5439-jgd2011_GML.zip","L03-b-c/L03-b-c-21/L03-b-c-21_5439-jgd2011_GML.zip"
"土地利用詳細メッシュ","L03-b-c-21_5440-jgd2011_GML.zip","L03-b-c/L03-b-c-21/L03-b-c-21_5440-jgd2011_GML.zip"
"洪水浸水想定区域（1次メッシュ単位）","A31b-25_10_3927_GEOJSON.zip","A31b/A31b-25/A31b-25_10_3927_GEOJSON.zip"
"洪水浸水想定区域（1次メッシュ単位）","A31-22_10_3927_GEOJSON.zip","A31/A31-22/A31-22_10_3927_GEOJSON.zip"
"洪水浸水想定区域（1次メッシュ単位）","A31b-25_20_3927_GEOJSON.zip","A31b/A31b-25/A31b-25_20_3927_GEOJSON.zip"
"洪水浸水想定区域（1次メッシュ単位）","A31-22_20_3927_GEOJSON.zip","A31/A31-22/A31-22_20_3927_GEOJSON.zip"
"洪水浸水想定区域（1次メッシュ単位）","A31b-25_20_3928_GEOJSON.zip","A31b/A31b-25/A31b-25_20_3928_GEOJSON.zip"
"洪水浸水想定区域（1次メッシュ単位）","A31b-25_20_4028_GEOJSON.zip","A31b/A31b-25/A31b-25_20_4028_GEOJSON.zip"
"洪水浸水想定区域（1次メッシュ単位）","A31b-25_10_4630_GEOJSON.zip","A31b/A31b-25/A31b-25_10_4630_GEOJSON.zip"
"洪水浸水想定区域（1次メッシュ単位）","A31-22_10_4630_GEOJSON.zip","A31/A31-22/A31-22_10_4630_GEOJSON.zip"
"洪水浸水想定区域（1次メッシュ単位）","A31b-25_10_4730_GEOJSON.zip","A31b/A31b-25/A31b-25_10_4730_GEOJSON.zip"
"洪水浸水想定区域（1次メッシュ単位）","A31-22_10_4730_GEOJSON.zip","A31/A31-22/A31-22_10_4730_GEOJSON.zip"
"洪水浸水想定区域（1次メッシュ単位）","A31b-25_20_4730_GEOJSON.zip","A31b/A31b-25/A31b-25_20_4730_GEOJSON.zip"
"洪水浸水想定区域（1次メッシュ単位）","A31b-25_10_4731_GEOJSON.zip","A31b/A31b-25/A31b-25_10_4731_GEOJSON.zip"
"洪水浸水想定区域（1次メッシュ単位）","A31-22_10_4731_GEOJSON.zip","A31/A31-22/A31-22_10_4731_GEOJSON.zip"
"洪水浸水想定区域（1次メッシュ単位）","A31b-25_10_4828_GEOJSON.zip","A31b/A31b-25/A31b-25_10_4828_GEOJSON.zip"
"洪水浸水想定区域（1次メッシュ単位）","A31-22_10_4828_GEOJSON.zip","A31/A31-22/A31-22_10_4828_GEOJSON.zip"
"洪水浸水想定区域（1次メッシュ単位）","A31b-25_10_4829_GEOJSON.zip","A31b/A31b-25/A31b-25_10_4829_GEOJSON.zip"
"洪水浸水想定区域（1次メッシュ単位）","A31b-25_20_4829_GEOJSON.zip","A31b/A31b-25/A31b-25_20_4829_GEOJSON.zip"
"洪水浸水想定区域（1次メッシュ単位）","A31b-25_10_4830_GEOJSON.zip","A31b/A31b-25/A31b-25_10_4830_GEOJSON.zip"
"洪水浸水想定区域（1次メッシュ単位）","A31-22_10_4830_GEOJSON.zip","A31/A31-22/A31-22_10_4830_GEOJSON.zip"
"洪水浸水想定区域（1次メッシュ単位）","A31b-25_20_4830_GEOJSON.zip","A31b/A31b-25/A31b-25_20_4830_GEOJSON.zip"
"洪水浸水想定区域（1次メッシュ単位）","A31b-25_10_4831_GEOJSON.zip","A31b/A31b-25/A31b-25_10_4831_GEOJSON.zip"
"洪水浸水想定区域（1次メッシュ単位）","A31-22_10_4831_GEOJSON.zip","A31/A31-22/A31-22_10_4831_GEOJSON.zip"
"洪水浸水想定区域（1次メッシュ単位）","A31b-25_20_4831_GEOJSON.zip","A31b/A31b-25/A31b-25_20_4831_GEOJSON.zip"
"洪水浸水想定区域（1次メッシュ単位）","A31b-25_10_4928_GEOJSON.zip","A31b/A31b-25/A31b-25_10_4928_GEOJSON.zip"
"洪水浸水想定区域（1次メッシュ単位）","A31-22_10_4928_GEOJSON.zip","A31/A31-22/A31-22_10_4928_GEOJSON.zip"
"洪水浸水想定区域（1次メッシュ単位）","A31b-25_10_4929_GEOJSON.zip","A31b/A31b-25/A31b-25_10_4929_GEOJSON.zip"
"洪水浸水想定区域（1次メッシュ単位）","A31-22_10_4929_GEOJSON.zip","A31/A31-22/A31-22_10_4929_GEOJSON.zip"
"洪水浸水想定区域（1次メッシュ単位）","A31b-25_10_4930_GEOJSON.zip","A31b/A31b-25/A31b-25_10_4930_GEOJSON.zip"
"洪水浸水想定区域（1次メッシュ単位）","A31-22_10_4930_GEOJSON.zip","A31/A31-22/A31-22_10_4930_GEOJSON.zip"
"洪水浸水想定区域（1次メッシュ単位）","A31b-25_20_4930_GEOJSON.zip","A31b/A31b-25/A31b-25_20_4930_GEOJSON.zip"
"洪水浸水想定区域（1次メッシュ単位）","A31-22_20_4930_GEOJSON.zip","A31/A31-22/A31-22_20_4930_GEOJSON.zip"
"洪水浸水想定区域（1次メッシュ単位）","A31b-25_10_4931_GEOJSON.zip","A31b/A31b-25/A31b-25_10_4931_GEOJSON.zip"
"洪水浸水想定区域（1次メッシュ単位）","A31-22_10_4931_GEOJSON.zip","A31/A31-22/A31-22_10_4931_GEOJSON.zip"
"洪水浸水想定区域（1次メッシュ単位）","A31b-25_20_4931_GEOJSON.zip","A31b/A31b-25/A31b-25_20_4931_GEOJSON.zip"
"洪水浸水想定区域（1次メッシュ単位）","A31-22_20_4931_GEOJSON.zip","A31/A31-22/A31-22_20_4931_GEOJSON.zip"
"洪水浸水想定区域（1次メッシュ単位）","A31b-25_10_4932_GEOJSON.zip","A31b/A31b-25/A31b-25_10_4932_GEOJSON.zip"
"洪水浸水想定区域（1次メッシュ単位）","A31-22_10_4932_GEOJSON.zip","A31/A31-22/A31-22_10_4932_GEOJSON.zip"
"洪水浸水想定区域（1次メッシュ単位）","A31b-25_20_4932_GEOJSON.zip","A31b/A31b-25/A31b-25_20_4932_GEOJSON.zip"
"洪水浸水想定区域（1次メッシュ単位）","A31-22_20_4932_GEOJSON.zip","A31/A31-22/A31-22_20_4932_GEOJSON.zip"
"洪水浸水想定区域（1次メッシュ単位）","A31b-25_10_5029_GEOJSON.zip","A31b/A31b-25/A31b-25_10_5029_GEOJSON.zip"
"洪水浸水想定区域（1次メッシュ単位）","A31-22_10_5029_GEOJSON.zip","A31/A31-22/A31-22_10_5029_GEOJSON.zip"
"洪水浸水想定区域（1次メッシュ単位）","A31b-25_10_5030_GEOJSON.zip","A31b/A31b-25/A31b-25_10_5030_GEOJSON.zip"
"洪水浸水想定区域（1次メッシュ単位）","A31-22_10_5030_GEOJSON.zip","A31/A31-22/A31-22_10_5030_GEOJSON.zip"
"洪水浸水想定区域（1次メッシュ単位）","A31b-25_20_5030_GEOJSON.zip","A31b/A31b-25/A31b-25_20_5030_GEOJSON.zip"
"洪水浸水想定区域（1次メッシュ単位）","A31-22_20_5030_GEOJSON.zip","A31/A31-22/A31-22_20_5030_GEOJSON.zip"
"洪水浸水想定区域（1次メッシュ単位）","A31b-25_10_5031_GEOJSON.zip","A31b/A31b-25/A31b-25_10_5031_GEOJSON.zip"
"洪水浸水想定区域（1次メッシュ単位）","A31-22_10_5031_GEOJSON.zip","A31/A31-22/A31-22_10_5031_GEOJSON.zip"
"洪水浸水想定区域（1次メッシュ単位）","A31b-25_20_5031_GEOJSON.zip","A31b/A31b-25/A31b-25_20_5031_GEOJSON.zip"
"洪水浸水想定区域（1次メッシュ単位）","A31-22_20_5031_GEOJSON.zip","A31/A31-22/A31-22_20_5031_GEOJSON.zip"
"洪水浸水想定区域（1次メッシュ単位）","A31b-25_10_5032_GEOJSON.zip","A31b/A31b-25/A31b-25_10_5032_GEOJSON.zip"
"洪水浸水想定区域（1次メッシュ単位）","A31-22_10_5032_GEOJSON.zip","A31/A31-22/A31-22_10_5032_GEOJSON.zip"
"洪水浸水想定区域（1次メッシュ単位）","A31b-25_20_5032_GEOJSON.zip","A31b/A31b-25/A31b-25_20_5032_GEOJSON.zip"
"洪水浸水想定区域（1次メッシュ単位）","A31-22_20_5032_GEOJSON.zip","A31/A31-22/A31-22_20_5032_GEOJSON.zip"
"洪水浸水想定区域（1次メッシュ単位）","A31b-25_10_5033_GEOJSON.zip","A31b/A31b-25/A31b-25_10_5033_GEOJSON.zip"
"洪水浸水想定区域（1次メッシュ単位）","A31-22_10_5033_GEOJSON.zip","A31/A31-22/A31-22_10_5033_GEOJSON.zip"
"洪水浸水想定区域（1次メッシュ単位）","A31b-25_20_5033_GEOJSON.zip","A31b/A31b-25/A31b-25_20_5033_GEOJSON.zip"
"洪水浸水想定区域（1次メッシュ単位）","A31-22_20_5033_GEOJSON.zip","A31/A31-22/A31-22_20_5033_GEOJSON.zip"
"洪水浸水想定区域（1次メッシュ単位）","A31b-25_10_5034_GEOJSON.zip","A31b/A31b-25/A31b-25_10_5034_GEOJSON.zip"
"洪水浸水想定区域（1次メッシュ単位）","A31-22_10_5034_GEOJSON.zip","A31/A31-22/A31-22_10_5034_GEOJSON.zip"
"洪水浸水想定区域（1次メッシュ単位）","A31b-25_20_5034_GEOJSON.zip","A31b/A31b-25/A31b-25_20_5034_GEOJSON.zip"
"洪水浸水想定区域（1次メッシュ単位）","A31-22_20_5034_GEOJSON.zip","A31/A31-22/A31-22_20_5034_GEOJSON.zip"
"洪水浸水想定区域（1次メッシュ単位）","A31b-25_10_5035_GEOJSON.zip","A31b/A31b-25/A31b-25_10_5035_GEOJSON.zip"
"洪水浸水想定区域（1次メッシュ単位）","A31-22_10_5035_GEOJSON.zip","A31/A31-22/A31-22_10_5035_GEOJSON.zip"
"洪水浸水想定区域（1次メッシュ単位）","A31b-25_20_5035_GEOJSON.zip","A31b/A31b-25/A31b-25_20_5035_GEOJSON.zip"
"洪水浸水想定区域（1次メッシュ単位）","A31-22_20_5035_GEOJSON.zip","A31/A31-22/A31-22_20_5035_GEOJSON.zip"
"洪水浸水想定区域（1次メッシュ単位）","A31b-25_10_5036_GEOJSON.zip","A31b/A31b-25/A31b-25_10_5036_GEOJSON.zip"
"洪水浸水想定区域（1次メッシュ単位）","A31-22_10_5036_GEOJSON.zip","A31/A31-22/A31-22_10_5036_GEOJSON.zip"
"洪水浸水想定区域（1次メッシュ単位）","A31b-25_20_5036_GEOJSON.zip","A31b/A31b-25/A31b-25_20_5036_GEOJSON.zip"
"洪水浸水想定区域（1次メッシュ単位）","A31-22_20_5036_GEOJSON.zip","A31/A31-22/A31-22_20_5036_GEOJSON.zip"
"洪水浸水想定区域（1次メッシュ単位）","A31b-25_10_5129_GEOJSON.zip","A31b/A31b-25/A31b-25_10_5129_GEOJSON.zip"
"洪水浸水想定区域（1次メッシュ単位）","A31-22_10_5129_GEOJSON.zip","A31/A31-22/A31-22_10_5129_GEOJSON.zip"
"洪水浸水想定区域（1次メッシュ単位）","A31b-25_10_5130_GEOJSON.zip","A31b/A31b-25/A31b-25_10_5130_GEOJSON.zip"
"洪水浸水想定区域（1次メッシュ単位）","A31-22_10_5130_GEOJSON.zip","A31/A31-22/A31-22_10_5130_GEOJSON.zip"
"洪水浸水想定区域（1次メッシュ単位）","A31b-25_10_5131_GEOJSON.zip","A31b/A31b-25/A31b-25_10_5131_GEOJSON.zip"
"洪水浸水想定区域（1次メッシュ単位）","A31-22_10_5131_GEOJSON.zip","A31/A31-22/A31-22_10_5131_GEOJSON.zip"
"洪水浸水想定区域（1次メッシュ単位）","A31b-25_10_5132_GEOJSON.zip","A31b/A31b-25/A31b-25_10_5132_GEOJSON.zip"
"洪水浸水想定区域（1次メッシュ単位）","A31-22_10_5132_GEOJSON.zip","A31/A31-22/A31-22_10_5132_GEOJSON.zip"
"洪水浸水想定区域（1次メッシュ単位）","A31b-25_10_5133_GEOJSON.zip","A31b/A31b-25/A31b-25_10_5133_GEOJSON.zip"
"洪水浸水想定区域（1次メッシュ単位）","A31-22_10_5133_GEOJSON.zip","A31/A31-22/A31-22_10_5133_GEOJSON.zip"
"洪水浸水想定区域（1次メッシュ単位）","A31b-25_20_5133_GEOJSON.zip","A31b/A31b-25/A31b-25_20_5133_GEOJSON.zip"
"洪水浸水想定区域（1次メッシュ単位）","A31b-25_10_5134_GEOJSON.zip","A31b/A31b-25/A31b-25_10_5134_GEOJSON.zip"
"洪水浸水想定区域（1次メッシュ単位）","A31-22_10_5134_GEOJSON.zip","A31/A31-22/A31-22_10_5134_GEOJSON.zip"
"洪水浸水想定区域（1次メッシュ単位）","A31b-25_20_5134_GEOJSON.zip","A31b/A31b-25/A31b-25_20_5134_GEOJSON.zip"
"洪水浸水想定区域（1次メッシュ単位）","A31-22_20_5134_GEOJSON.zip","A31/A31-22/A31-22_20_5134_GEOJSON.zip"
"洪水浸水想定区域（1次メッシュ単位）","A31b-25_10_5135_GEOJSON.zip","A31b/A31b-25/A31b-25_10_5135_GEOJSON.zip"
"洪水浸水想定区域（1次メッシュ単位）","A31-22_10_5135_GEOJSON.zip","A31/A31-22/A31-22_10_5135_GEOJSON.zip"
"洪水浸水想定区域（1次メッシュ単位）","A31b-25_20_5135_GEOJSON.zip","A31b/A31b-25/A31b-25_20_5135_GEOJSON.zip"
"洪水浸水想定区域（1次メッシュ単位）","A31-22_20_5135_GEOJSON.zip","A31/A31-22/A31-22_20_5135_GEOJSON.zip"
"洪水浸水想定区域（1次メッシュ単位）","A31b-25_10_5136_GEOJSON.zip","A31b/A31b-25/A31b-25_10_5136_GEOJSON.zip"
"洪水浸水想定区域（1次メッシュ単位）","A31-22_10_5136_GEOJSON.zip","A31/A31-22/A31-22_10_5136_GEOJSON.zip"
"洪水浸水想定区域（1次メッシュ単位）","A31b-25_20_5136_GEOJSON.zip","A31b/A31b-25/A31b-25_20_5136_GEOJSON.zip"
"洪水浸水想定区域（1次メッシュ単位）","A31-22_20_5136_GEOJSON.zip","A31/A31-22/A31-22_20_5136_GEOJSON.zip"
"洪水浸水想定区域（1次メッシュ単位）","A31b-25_10_5137_GEOJSON.zip","A31b/A31b-25/A31b-25_10_5137_GEOJSON.zip"
"洪水浸水想定区域（1次メッシュ単位）","A31-22_10_5137_GEOJSON.zip","A31/A31-22/A31-22_10_5137_GEOJSON.zip"
"洪水浸水想定区域（1次メッシュ単位）","A31b-25_10_5138_GEOJSON.zip","A31b/A31b-25/A31b-25_10_5138_GEOJSON.zip"
"洪水浸水想定区域（1次メッシュ単位）","A31-22_10_5138_GEOJSON.zip","A31/A31-22/A31-22_10_5138_GEOJSON.zip"
"洪水浸水想定区域（1次メッシュ単位）","A31b-25_20_5138_GEOJSON.zip","A31b/A31b-25/A31b-25_20_5138_GEOJSON.zip"
"洪水浸水想定区域（1次メッシュ単位）","A31b-25_10_5229_GEOJSON.zip","A31b/A31b-25/A31b-25_10_5229_GEOJSON.zip"
"洪水浸水想定区域（1次メッシュ単位）","A31b-25_10_5231_GEOJSON.zip","A31b/A31b-25/A31b-25_10_5231_GEOJSON.zip"
"洪水浸水想定区域（1次メッシュ単位）","A31-22_10_5231_GEOJSON.zip","A31/A31-22/A31-22_10_5231_GEOJSON.zip"
"洪水浸水想定区域（1次メッシュ単位）","A31b-25_10_5232_GEOJSON.zip","A31b/A31b-25/A31b-25_10_5232_GEOJSON.zip"
"洪水浸水想定区域（1次メッシュ単位）","A31-22_10_5232_GEOJSON.zip","A31/A31-22/A31-22_10_5232_GEOJSON.zip"
"洪水浸水想定区域（1次メッシュ単位）","A31b-25_10_5233_GEOJSON.zip","A31b/A31b-25/A31b-25_10_5233_GEOJSON.zip"
"洪水浸水想定区域（1次メッシュ単位）","A31-22_10_5233_GEOJSON.zip","A31/A31-22/A31-22_10_5233_GEOJSON.zip"
"洪水浸水想定区域（1次メッシュ単位）","A31-22_20_5233_GEOJSON.zip","A31/A31-22/A31-22_20_5233_GEOJSON.zip"
"洪水浸水想定区域（1次メッシュ単位）","A31b-25_10_5234_GEOJSON.zip","A31b/A31b-25/A31b-25_10_5234_GEOJSON.zip"
"洪水浸水想定区域（1次メッシュ単位）","A31-22_10_5234_GEOJSON.zip","A31/A31-22/A31-22_10_5234_GEOJSON.zip"
"洪水浸水想定区域（1次メッシュ単位）","A31b-25_20_5234_GEOJSON.zip","A31b/A31b-25/A31b-25_20_5234_GEOJSON.zip"
"洪水浸水想定区域（1次メッシュ単位）","A31-22_20_5234_GEOJSON.zip","A31/A31-22/A31-22_20_5234_GEOJSON.zip"
"洪水浸水想定区域（1次メッシュ単位）","A31b-25_10_5235_GEOJSON.zip","A31b/A31b-25/A31b-25_10_5235_GEOJSON.zip"
"洪水浸水想定区域（1次メッシュ単位）","A31-22_10_5235_GEOJSON.zip","A31/A31-22/A31-22_10_5235_GEOJSON.zip"
"洪水浸水想定区域（1次メッシュ単位）","A31b-25_20_5235_GEOJSON.zip","A31b/A31b-25/A31b-25_20_5235_GEOJSON.zip"
"洪水浸水想定区域（1次メッシュ単位）","A31-22_20_5235_GEOJSON.zip","A31/A31-22/A31-22_20_5235_GEOJSON.zip"
"洪水浸水想定区域（1次メッシュ単位）","A31b-25_10_5236_GEOJSON.zip","A31b/A31b-25/A31b-25_10_5236_GEOJSON.zip"
"洪水浸水想定区域（1次メッシュ単位）","A31-22_10_5236_GEOJSON.zip","A31/A31-22/A31-22_10_5236_GEOJSON.zip"
"洪水浸水想定区域（1次メッシュ単位）","A31b-25_20_5236_GEOJSON.zip","A31b/A31b-25/A31b-25_20_5236_GEOJSON.zip"
"洪水浸水想定区域（1次メッシュ単位）","A31-22_20_5236_GEOJSON.zip","A31/A31-22/A31-22_20_5236_GEOJSON.zip"
"洪水浸水想定区域（1次メッシュ単位）","A31b-25_10_5237_GEOJSON.zip","A31b/A31b-25/A31b-25_10_5237_GEOJSON.zip"
"洪水浸水想定区域（1次メッシュ単位）","A31-22_10_5237_GEOJSON.zip","A31/A31-22/A31-22_10_5237_GEOJSON.zip"
"洪水浸水想定区域（1次メッシュ単位）","A31b-25_20_5237_GEOJSON.zip","A31b/A31b-25/A31b-25_20_5237_GEOJSON.zip"
"洪水浸水想定区域（1次メッシュ単位）","A31-22_20_5237_GEOJSON.zip","A31/A31-22/A31-22_20_5237_GEOJSON.zip"
"洪水浸水想定区域（1次メッシュ単位）","A31b-25_10_5238_GEOJSON.zip","A31b/A31b-25/A31b-25_10_5238_GEOJSON.zip"
"洪水浸水想定区域（1次メッシュ単位）","A31-22_10_5238_GEOJSON.zip","A31/A31-22/A31-22_10_5238_GEOJSON.zip"
"洪水浸水想定区域（1次メッシュ単位）","A31b-25_20_5238_GEOJSON.zip","A31b/A31b-25/A31b-25_20_5238_GEOJSON.zip"
"洪水浸水想定区域（1次メッシュ単位）","A31b-25_10_5239_GEOJSON.zip","A31b/A31b-25/A31b-25_10_5239_GEOJSON.zip"
"洪水浸水想定区域（1次メッシュ単位）","A31-22_10_5239_GEOJSON.zip","A31/A31-22/A31-22_10_5239_GEOJSON.zip"
"洪水浸水想定区域（1次メッシュ単位）","A31b-25_20_5239_GEOJSON.zip","A31b/A31b-25/A31b-25_20_5239_GEOJSON.zip"
"洪水浸水想定区域（1次メッシュ単位）","A31-22_20_5239_GEOJSON.zip","A31/A31-22/A31-22_20_5239_GEOJSON.zip"
"洪水浸水想定区域（1次メッシュ単位）","A31b-25_10_5240_GEOJSON.zip","A31b/A31b-25/A31b-25_10_5240_GEOJSON.zip"
"洪水浸水想定区域（1次メッシュ単位）","A31-22_10_5240_GEOJSON.zip","A31/A31-22/A31-22_10_5240_GEOJSON.zip"
"洪水浸水想定区域（1次メッシュ単位）","A31b-25_20_5240_GEOJSON.zip","A31b/A31b-25/A31b-25_20_5240_GEOJSON.zip"
"洪水浸水想定区域（1次メッシュ単位）","A31-22_20_5240_GEOJSON.zip","A31/A31-22/A31-22_20_5240_GEOJSON.zip"
"洪水浸水想定区域（1次メッシュ単位）","A31b-25_10_5332_GEOJSON.zip","A31b/A31b-25/A31b-25_10_5332_GEOJSON.zip"
"洪水浸水想定区域（1次メッシュ単位）","A31-22_10_5332_GEOJSON.zip","A31/A31-22/A31-22_10_5332_GEOJSON.zip"
"洪水浸水想定区域（1次メッシュ単位）","A31b-25_10_5333_GEOJSON.zip","A31b/A31b-25/A31b-25_10_5333_GEOJSON.zip"
"洪水浸水想定区域（1次メッシュ単位）","A31-22_10_5333_GEOJSON.zip","A31/A31-22/A31-22_10_5333_GEOJSON.zip"
"洪水浸水想定区域（1次メッシュ単位）","A31b-25_10_5334_GEOJSON.zip","A31b/A31b-25/A31b-25_10_5334_GEOJSON.zip"
"洪水浸水想定区域（1次メッシュ単位）","A31-22_10_5334_GEOJSON.zip","A31/A31-22/A31-22_10_5334_GEOJSON.zip"
"洪水浸水想定区域（1次メッシュ単位）","A31b-25_20_5334_GEOJSON.zip","A31b/A31b-25/A31b-25_20_5334_GEOJSON.zip"
"洪水浸水想定区域（1次メッシュ単位）","A31b-25_10_5335_GEOJSON.zip","A31b/A31b-25/A31b-25_10_5335_GEOJSON.zip"
"洪水浸水想定区域（1次メッシュ単位）","A31-22_10_5335_GEOJSON.zip","A31/A31-22/A31-22_10_5335_GEOJSON.zip"
"洪水浸水想定区域（1次メッシュ単位）","A31b-25_20_5335_GEOJSON.zip","A31b/A31b-25/A31b-25_20_5335_GEOJSON.zip"
"洪水浸水想定区域（1次メッシュ単位）","A31b-25_10_5336_GEOJSON.zip","A31b/A31b-25/A31b-25_10_5336_GEOJSON.zip"
"洪水浸水想定区域（1次メッシュ単位）","A31-22_10_5336_GEOJSON.zip","A31/A31-22/A31-22_10_5336_GEOJSON.zip"
"洪水浸水想定区域（1次メッシュ単位）","A31b-25_20_5336_GEOJSON.zip","A31b/A31b-25/A31b-25_20_5336_GEOJSON.zip"
"洪水浸水想定区域（1次メッシュ単位）","A31-22_20_5336_GEOJSON.zip","A31/A31-22/A31-22_20_5336_GEOJSON.zip"
"洪水浸水想定区域（1次メッシュ単位）","A31b-25_10_5337_GEOJSON.zip","A31b/A31b-25/A31b-25_10_5337_GEOJSON.zip"
"洪水浸水想定区域（1次メッシュ単位）","A31-22_10_5337_GEOJSON.zip","A31/A31-22/A31-22_10_5337_GEOJSON.zip"
"洪水浸水想定区域（1次メッシュ単位）","A31b-25_20_5337_GEOJSON.zip","A31b/A31b-25/A31b-25_20_5337_GEOJSON.zip"
"洪水浸水想定区域（1次メッシュ単位）","A31-22_20_5337_GEOJSON.zip","A31/A31-22/A31-22_20_5337_GEOJSON.zip"
"洪水浸水想定区域（1次メッシュ単位）","A31b-25_10_5338_GEOJSON.zip","A31b/A31b-25/A31b-25_10_5338_GEOJSON.zip"
"洪水浸水想定区域（1次メッシュ単位）","A31-22_10_5338_GEOJSON.zip","A31/A31-22/A31-22_10_5338_GEOJSON.zip"
"洪水浸水想定区域（1次メッシュ単位）","A31b-25_20_5338_GEOJSON.zip","A31b/A31b-25/A31b-25_20_5338_GEOJSON.zip"
"洪水浸水想定区域（1次メッシュ単位）","A31-22_20_5338_GEOJSON.zip","A31/A31-22/A31-22_20_5338_GEOJSON.zip"
"洪水浸水想定区域（1次メッシュ単位）","A31b-25_10_5339_GEOJSON.zip","A31b/A31b-25/A31b-25_10_5339_GEOJSON.zip"
"洪水浸水想定区域（1次メッシュ単位）","A31-22_10_5339_GEOJSON.zip","A31/A31-22/A31-22_10_5339_GEOJSON.zip"
"洪水浸水想定区域（1次メッシュ単位）","A31b-25_20_5339_GEOJSON.zip","A31b/A31b-25/A31b-25_20_5339_GEOJSON.zip"
"洪水浸水想定区域（1次メッシュ単位）","A31-22_20_5339_GEOJSON.zip","A31/A31-22/A31-22_20_5339_GEOJSON.zip"
"洪水浸水想定区域（1次メッシュ単位）","A31b-25_10_5340_GEOJSON.zip","A31b/A31b-25/A31b-25_10_5340_GEOJSON.zip"
"洪水浸水想定区域（1次メッシュ単位）","A31-22_10_5340_GEOJSON.zip","A31/A31-22/A31-22_10_5340_GEOJSON.zip"
"洪水浸水想定区域（1次メッシュ単位）","A31b-25_20_5340_GEOJSON.zip","A31b/A31b-25/A31b-25_20_5340_GEOJSON.zip"
"洪水浸水想定区域（1次メッシュ単位）","A31-22_20_5340_GEOJSON.zip","A31/A31-22/A31-22_20_5340_GEOJSON.zip"
"洪水浸水想定区域（1次メッシュ単位）","A31b-25_10_5433_GEOJSON.zip","A31b/A31b-25/A31b-25_10_5433_GEOJSON.zip"
"洪水浸水想定区域（1次メッシュ単位）","A31-22_10_5433_GEOJSON.zip","A31/A31-22/A31-22_10_5433_GEOJSON.zip"
"洪水浸水想定区域（1次メッシュ単位）","A31b-25_10_5436_GEOJSON.zip","A31b/A31b-25/A31b-25_10_5436_GEOJSON.zip"
"洪水浸水想定区域（1次メッシュ単位）","A31-22_10_5436_GEOJSON.zip","A31/A31-22/A31-22_10_5436_GEOJSON.zip"
"洪水浸水想定区域（1次メッシュ単位）","A31b-25_20_5436_GEOJSON.zip","A31b/A31b-25/A31b-25_20_5436_GEOJSON.zip"
"洪水浸水想定区域（1次メッシュ単位）","A31-22_20_5436_GEOJSON.zip","A31/A31-22/A31-22_20_5436_GEOJSON.zip"
"洪水浸水想定区域（1次メッシュ単位）","A31b-25_10_5437_GEOJSON.zip","A31b/A31b-25/A31b-25_10_5437_GEOJSON.zip"
"洪水浸水想定区域（1次メッシュ単位）","A31-22_10_5437_GEOJSON.zip","A31/A31-22/A31-22_10_5437_GEOJSON.zip"
"洪水浸水想定区域（1次メッシュ単位）","A31b-25_20_5437_GEOJSON.zip","A31b/A31b-25/A31b-25_20_5437_GEOJSON.zip"
"洪水浸水想定区域（1次メッシュ単位）","A31-22_20_5437_GEOJSON.zip","A31/A31-22/A31-22_20_5437_GEOJSON.zip"
"洪水浸水想定区域（1次メッシュ単位）","A31b-25_10_5438_GEOJSON.zip","A31b/A31b-25/A31b-25_10_5438_GEOJSON.zip"
"洪水浸水想定区域（1次メッシュ単位）","A31-22_10_5438_GEOJSON.zip","A31/A31-22/A31-22_10_5438_GEOJSON.zip"
"洪水浸水想定区域（1次メッシュ単位）","A31b-25_20_5438_GEOJSON.zip","A31b/A31b-25/A31b-25_20_5438_GEOJSON.zip"
"洪水浸水想定区域（1次メッシュ単位）","A31-22_20_5438_GEOJSON.zip","A31/A31-22/A31-22_20_5438_GEOJSON.zip"
"洪水浸水想定区域（1次メッシュ単位）","A31b-25_10_5439_GEOJSON.zip","A31b/A31b-25/A31b-25_10_5439_GEOJSON.zip"
"洪水浸水想定区域（1次メッシュ単位）","A31-22_10_5439_GEOJSON.zip","A31/A31-22/A31-22_10_5439_GEOJSON.zip"
"洪水浸水想定区域（1次メッシュ単位）","A31b-25_20_5439_GEOJSON.zip","A31b/A31b-25/A31b-25_20_5439_GEOJSON.zip"
"洪水浸水想定区域（1次メッシュ単位）","A31-22_20_5439_GEOJSON.zip","A31/A31-22/A31-22_20_5439_GEOJSON.zip"
"洪水浸水想定区域（1次メッシュ単位）","A31b-25_10_5440_GEOJSON.zip","A31b/A31b-25/A31b-25_10_5440_GEOJSON.zip"
"洪水浸水想定区域（1次メッシュ単位）","A31-22_10_5440_GEOJSON.zip","A31/A31-22/A31-22_10_5440_GEOJSON.zip"
"洪水浸水想定区域（1次メッシュ単位）","A31b-25_20_5440_GEOJSON.zip","A31b/A31b-25/A31b-25_20_5440_GEOJSON.zip"
"洪水浸水想定区域（1次メッシュ単位）","A31-22_20_5440_GEOJSON.zip","A31/A31-22/A31-22_20_5440_GEOJSON.zip"
"洪水浸水想定区域（1次メッシュ単位）","A31b-25_10_5536_GEOJSON.zip","A31b/A31b-25/A31b-25_10_5536_GEOJSON.zip"
"洪水浸水想定区域（1次メッシュ単位）","A31-22_10_5536_GEOJSON.zip","A31/A31-22/A31-22_10_5536_GEOJSON.zip"
"洪水浸水想定区域（1次メッシュ単位）","A31b-25_20_5536_GEOJSON.zip","A31b/A31b-25/A31b-25_20_5536_GEOJSON.zip"
"洪水浸水想定区域（1次メッシュ単位）","A31-22_20_5536_GEOJSON.zip","A31/A31-22/A31-22_20_5536_GEOJSON.zip"
"洪水浸水想定区域（1次メッシュ単位）","A31b-25_10_5537_GEOJSON.zip","A31b/A31b-25/A31b-25_10_5537_GEOJSON.zip"
"洪水浸水想定区域（1次メッシュ単位）","A31-22_10_5537_GEOJSON.zip","A31/A31-22/A31-22_10_5537_GEOJSON.zip"
"洪水浸水想定区域（1次メッシュ単位）","A31b-25_20_5537_GEOJSON.zip","A31b/A31b-25/A31b-25_20_5537_GEOJSON.zip"
"洪水浸水想定区域（1次メッシュ単位）","A31-22_20_5537_GEOJSON.zip","A31/A31-22/A31-22_20_5537_GEOJSON.zip"
"洪水浸水想定区域（1次メッシュ単位）","A31b-25_10_5538_GEOJSON.zip","A31b/A31b-25/A31b-25_10_5538_GEOJSON.zip"
"洪水浸水想定区域（1次メッシュ単位）","A31-22_10_5538_GEOJSON.zip","A31/A31-22/A31-22_10_5538_GEOJSON.zip"
"洪水浸水想定区域（1次メッシュ単位）","A31b-25_20_5538_GEOJSON.zip","A31b/A31b-25/A31b-25_20_5538_GEOJSON.zip"
"洪水浸水想定区域（1次メッシュ単位）","A31-22_20_5538_GEOJSON.zip","A31/A31-22/A31-22_20_5538_GEOJSON.zip"
"洪水浸水想定区域（1次メッシュ単位）","A31b-25_10_5539_GEOJSON.zip","A31b/A31b-25/A31b-25_10_5539_GEOJSON.zip"
"洪水浸水想定区域（1次メッシュ単位）","A31-22_10_5539_GEOJSON.zip","A31/A31-22/A31-22_10_5539_GEOJSON.zip"
"洪水浸水想定区域（1次メッシュ単位）","A31b-25_20_5539_GEOJSON.zip","A31b/A31b-25/A31b-25_20_5539_GEOJSON.zip"
"洪水浸水想定区域（1次メッシュ単位）","A31-22_20_5539_GEOJSON.zip","A31/A31-22/A31-22_20_5539_GEOJSON.zip"
"洪水浸水想定区域（1次メッシュ単位）","A31b-25_10_5540_GEOJSON.zip","A31b/A31b-25/A31b-25_10_5540_GEOJSON.zip"
"洪水浸水想定区域（1次メッシュ単位）","A31-22_10_5540_GEOJSON.zip","A31/A31-22/A31-22_10_5540_GEOJSON.zip"
"洪水浸水想定区域（1次メッシュ単位）","A31b-25_20_5540_GEOJSON.zip","A31b/A31b-25/A31b-25_20_5540_GEOJSON.zip"
"洪水浸水想定区域（1次メッシュ単位）","A31-22_20_5540_GEOJSON.zip","A31/A31-22/A31-22_20_5540_GEOJSON.zip"
"洪水浸水想定区域（1次メッシュ単位）","A31b-25_10_5541_GEOJSON.zip","A31b/A31b-25/A31b-25_10_5541_GEOJSON.zip"
"洪水浸水想定区域（1次メッシュ単位）","A31-22_10_5541_GEOJSON.zip","A31/A31-22/A31-22_10_5541_GEOJSON.zip"
"洪水浸水想定区域（1次メッシュ単位）","A31b-25_20_5541_GEOJSON.zip","A31b/A31b-25/A31b-25_20_5541_GEOJSON.zip"
"洪水浸水想定区域（1次メッシュ単位）","A31b-25_10_5636_GEOJSON.zip","A31b/A31b-25/A31b-25_10_5636_GEOJSON.zip"
"洪水浸水想定区域（1次メッシュ単位）","A31-22_10_5636_GEOJSON.zip","A31/A31-22/A31-22_10_5636_GEOJSON.zip"
"洪水浸水想定区域（1次メッシュ単位）","A31b-25_20_5636_GEOJSON.zip","A31b/A31b-25/A31b-25_20_5636_GEOJSON.zip"
"洪水浸水想定区域（1次メッシュ単位）","A31b-25_10_5637_GEOJSON.zip","A31b/A31b-25/A31b-25_10_5637_GEOJSON.zip"
"洪水浸水想定区域（1次メッシュ単位）","A31-22_10_5637_GEOJSON.zip","A31/A31-22/A31-22_10_5637_GEOJSON.zip"
"洪水浸水想定区域（1次メッシュ単位）","A31b-25_20_5637_GEOJSON.zip","A31b/A31b-25/A31b-25_20_5637_GEOJSON.zip"
"洪水浸水想定区域（1次メッシュ単位）","A31b-25_10_5638_GEOJSON.zip","A31b/A31b-25/A31b-25_10_5638_GEOJSON.zip"
"洪水浸水想定区域（1次メッシュ単位）","A31-22_10_5638_GEOJSON.zip","A31/A31-22/A31-22_10_5638_GEOJSON.zip"
"洪水浸水想定区域（1次メッシュ単位）","A31b-25_20_5638_GEOJSON.zip","A31b/A31b-25/A31b-25_20_5638_GEOJSON.zip"
"洪水浸水想定区域（1次メッシュ単位）","A31-22_20_5638_GEOJSON.zip","A31/A31-22/A31-22_20_5638_GEOJSON.zip"
"洪水浸水想定区域（1次メッシュ単位）","A31b-25_10_5639_GEOJSON.zip","A31b/A31b-25/A31b-25_10_5639_GEOJSON.zip"
"洪水浸水想定区域（1次メッシュ単位）","A31-22_10_5639_GEOJSON.zip","A31/A31-22/A31-22_10_5639_GEOJSON.zip"
"洪水浸水想定区域（1次メッシュ単位）","A31b-25_20_5639_GEOJSON.zip","A31b/A31b-25/A31b-25_20_5639_GEOJSON.zip"
"洪水浸水想定区域（1次メッシュ単位）","A31-22_20_5639_GEOJSON.zip","A31/A31-22/A31-22_20_5639_GEOJSON.zip"
"洪水浸水想定区域（1次メッシュ単位）","A31b-25_10_5640_GEOJSON.zip","A31b/A31b-25/A31b-25_10_5640_GEOJSON.zip"
"洪水浸水想定区域（1次メッシュ単位）","A31-22_10_5640_GEOJSON.zip","A31/A31-22/A31-22_10_5640_GEOJSON.zip"
"洪水浸水想定区域（1次メッシュ単位）","A31b-25_20_5640_GEOJSON.zip","A31b/A31b-25/A31b-25_20_5640_GEOJSON.zip"
"洪水浸水想定区域（1次メッシュ単位）","A31-22_20_5640_GEOJSON.zip","A31/A31-22/A31-22_20_5640_GEOJSON.zip"
"洪水浸水想定区域（1次メッシュ単位）","A31b-25_10_5641_GEOJSON.zip","A31b/A31b-25/A31b-25_10_5641_GEOJSON.zip"
"洪水浸水想定区域（1次メッシュ単位）","A31-22_10_5641_GEOJSON.zip","A31/A31-22/A31-22_10_5641_GEOJSON.zip"
"洪水浸水想定区域（1次メッシュ単位）","A31b-25_10_5738_GEOJSON.zip","A31b/A31b-25/A31b-25_10_5738_GEOJSON.zip"
"洪水浸水想定区域（1次メッシュ単位）","A31-22_10_5738_GEOJSON.zip","A31/A31-22/A31-22_10_5738_GEOJSON.zip"
"洪水浸水想定区域（1次メッシュ単位）","A31b-25_20_5738_GEOJSON.zip","A31b/A31b-25/A31b-25_20_5738_GEOJSON.zip"
"洪水浸水想定区域（1次メッシュ単位）","A31-22_20_5738_GEOJSON.zip","A31/A31-22/A31-22_20_5738_GEOJSON.zip"
"洪水浸水想定区域（1次メッシュ単位）","A31b-25_10_5739_GEOJSON.zip","A31b/A31b-25/A31b-25_10_5739_GEOJSON.zip"
"洪水浸水想定区域（1次メッシュ単位）","A31-22_10_5739_GEOJSON.zip","A31/A31-22/A31-22_10_5739_GEOJSON.zip"
"洪水浸水想定区域（1次メッシュ単位）","A31b-25_20_5739_GEOJSON.zip","A31b/A31b-25/A31b-25_20_5739_GEOJSON.zip"
"洪水浸水想定区域（1次メッシュ単位）","A31-22_20_5739_GEOJSON.zip","A31/A31-22/A31-22_20_5739_GEOJSON.zip"
"洪水浸水想定区域（1次メッシュ単位）","A31b-25_10_5740_GEOJSON.zip","A31b/A31b-25/A31b-25_10_5740_GEOJSON.zip"
"洪水浸水想定区域（1次メッシュ単位）","A31-22_10_5740_GEOJSON.zip","A31/A31-22/A31-22_10_5740_GEOJSON.zip"
"洪水浸水想定区域（1次メッシュ単位）","A31b-25_20_5740_GEOJSON.zip","A31b/A31b-25/A31b-25_20_5740_GEOJSON.zip"
"洪水浸水想定区域（1次メッシュ単位）","A31-22_20_5740_GEOJSON.zip","A31/A31-22/A31-22_20_5740_GEOJSON.zip"
"洪水浸水想定区域（1次メッシュ単位）","A31b-25_10_5741_GEOJSON.zip","A31b/A31b-25/A31b-25_10_5741_GEOJSON.zip"
"洪水浸水想定区域（1次メッシュ単位）","A31-22_10_5741_GEOJSON.zip","A31/A31-22/A31-22_10_5741_GEOJSON.zip"
"洪水浸水想定区域（1次メッシュ単位）","A31b-25_20_5741_GEOJSON.zip","A31b/A31b-25/A31b-25_20_5741_GEOJSON.zip"
"洪水浸水想定区域（1次メッシュ単位）","A31-22_20_5741_GEOJSON.zip","A31/A31-22/A31-22_20_5741_GEOJSON.zip"
"洪水浸水想定区域（1次メッシュ単位）","A31b-25_10_5839_GEOJSON.zip","A31b/A31b-25/A31b-25_10_5839_GEOJSON.zip"
"洪水浸水想定区域（1次メッシュ単位）","A31-22_10_5839_GEOJSON.zip","A31/A31-22/A31-22_10_5839_GEOJSON.zip"
"洪水浸水想定区域（1次メッシュ単位）","A31b-25_10_5840_GEOJSON.zip","A31b/A31b-25/A31b-25_10_5840_GEOJSON.zip"
"洪水浸水想定区域（1次メッシュ単位）","A31-22_10_5840_GEOJSON.zip","A31/A31-22/A31-22_10_5840_GEOJSON.zip"
"洪水浸水想定区域（1次メッシュ単位）","A31b-25_20_5840_GEOJSON.zip","A31b/A31b-25/A31b-25_20_5840_GEOJSON.zip"
"洪水浸水想定区域（1次メッシュ単位）","A31-22_20_5840_GEOJSON.zip","A31/A31-22/A31-22_20_5840_GEOJSON.zip"
"洪水浸水想定区域（1次メッシュ単位）","A31b-25_10_5841_GEOJSON.zip","A31b/A31b-25/A31b-25_10_5841_GEOJSON.zip"
"洪水浸水想定区域（1次メッシュ単位）","A31-22_10_5841_GEOJSON.zip","A31/A31-22/A31-22_10_5841_GEOJSON.zip"
"洪水浸水想定区域（1次メッシュ単位）","A31b-25_20_5841_GEOJSON.zip","A31b/A31b-25/A31b-25_20_5841_GEOJSON.zip"
"洪水浸水想定区域（1次メッシュ単位）","A31-22_20_5841_GEOJSON.zip","A31/A31-22/A31-22_20_5841_GEOJSON.zip"
"洪水浸水想定区域（1次メッシュ単位）","A31b-25_10_5940_GEOJSON.zip","A31b/A31b-25/A31b-25_10_5940_GEOJSON.zip"
"洪水浸水想定区域（1次メッシュ単位）","A31-22_10_5940_GEOJSON.zip","A31/A31-22/A31-22_10_5940_GEOJSON.zip"
"洪水浸水想定区域（1次メッシュ単位）","A31b-25_20_5940_GEOJSON.zip","A31b/A31b-25/A31b-25_20_5940_GEOJSON.zip"
"洪水浸水想定区域（1次メッシュ単位）","A31b-25_10_5941_GEOJSON.zip","A31b/A31b-25/A31b-25_10_5941_GEOJSON.zip"
"洪水浸水想定区域（1次メッシュ単位）","A31-22_10_5941_GEOJSON.zip","A31/A31-22/A31-22_10_5941_GEOJSON.zip"
"洪水浸水想定区域（1次メッシュ単位）","A31b-25_20_5941_GEOJSON.zip","A31b/A31b-25/A31b-25_20_5941_GEOJSON.zip"
"洪水浸水想定区域（1次メッシュ単位）","A31-22_20_5941_GEOJSON.zip","A31/A31-22/A31-22_20_5941_GEOJSON.zip"
"洪水浸水想定区域（1次メッシュ単位）","A31b-25_10_6040_GEOJSON.zip","A31b/A31b-25/A31b-25_10_6040_GEOJSON.zip"
"洪水浸水想定区域（1次メッシュ単位）","A31-22_10_6040_GEOJSON.zip","A31/A31-22/A31-22_10_6040_GEOJSON.zip"
"洪水浸水想定区域（1次メッシュ単位）","A31b-25_20_6040_GEOJSON.zip","A31b/A31b-25/A31b-25_20_6040_GEOJSON.zip"
"洪水浸水想定区域（1次メッシュ単位）","A31b-25_10_6041_GEOJSON.zip","A31b/A31b-25/A31b-25_10_6041_GEOJSON.zip"
"洪水浸水想定区域（1次メッシュ単位）","A31-22_10_6041_GEOJSON.zip","A31/A31-22/A31-22_10_6041_GEOJSON.zip"
"洪水浸水想定区域（1次メッシュ単位）","A31b-25_20_6041_GEOJSON.zip","A31b/A31b-25/A31b-25_20_6041_GEOJSON.zip"
"洪水浸水想定区域（1次メッシュ単位）","A31-22_20_6041_GEOJSON.zip","A31/A31-22/A31-22_20_6041_GEOJSON.zip"
"洪水浸水想定区域（1次メッシュ単位）","A31b-25_10_6140_GEOJSON.zip","A31b/A31b-25/A31b-25_10_6140_GEOJSON.zip"
"洪水浸水想定区域（1次メッシュ単位）","A31-22_10_6140_GEOJSON.zip","A31/A31-22/A31-22_10_6140_GEOJSON.zip"
"洪水浸水想定区域（1次メッシュ単位）","A31b-25_20_6140_GEOJSON.zip","A31b/A31b-25/A31b-25_20_6140_GEOJSON.zip"
"洪水浸水想定区域（1次メッシュ単位）","A31b-25_10_6141_GEOJSON.zip","A31b/A31b-25/A31b-25_10_6141_GEOJSON.zip"
"洪水浸水想定区域（1次メッシュ単位）","A31-22_10_6141_GEOJSON.zip","A31/A31-22/A31-22_10_6141_GEOJSON.zip"
"洪水浸水想定区域（1次メッシュ単位）","A31b-25_20_6141_GEOJSON.zip","A31b/A31b-25/A31b-25_20_6141_GEOJSON.zip"
"洪水浸水想定区域（1次メッシュ単位）","A31b-25_20_6239_GEOJSON.zip","A31b/A31b-25/A31b-25_20_6239_GEOJSON.zip"
"洪水浸水想定区域（1次メッシュ単位）","A31b-25_10_6240_GEOJSON.zip","A31b/A31b-25/A31b-25_10_6240_GEOJSON.zip"
"洪水浸水想定区域（1次メッシュ単位）","A31-22_10_6240_GEOJSON.zip","A31/A31-22/A31-22_10_6240_GEOJSON.zip"
"洪水浸水想定区域（1次メッシュ単位）","A31b-25_20_6240_GEOJSON.zip","A31b/A31b-25/A31b-25_20_6240_GEOJSON.zip"
"洪水浸水想定区域（1次メッシュ単位）","A31b-25_10_6241_GEOJSON.zip","A31b/A31b-25/A31b-25_10_6241_GEOJSON.zip"
"洪水浸水想定区域（1次メッシュ単位）","A31-22_10_6241_GEOJSON.zip","A31/A31-22/A31-22_10_6241_GEOJSON.zip"
"洪水浸水想定区域（1次メッシュ単位）","A31b-25_20_6243_GEOJSON.zip","A31b/A31b-25/A31b-25_20_6243_GEOJSON.zip"
"洪水浸水想定区域（1次メッシュ単位）","A31b-25_10_6339_GEOJSON.zip","A31b/A31b-25/A31b-25_10_6339_GEOJSON.zip"
"洪水浸水想定区域（1次メッシュ単位）","A31-22_10_6339_GEOJSON.zip","A31/A31-22/A31-22_10_6339_GEOJSON.zip"
"洪水浸水想定区域（1次メッシュ単位）","A31b-25_20_6339_GEOJSON.zip","A31b/A31b-25/A31b-25_20_6339_GEOJSON.zip"
"洪水浸水想定区域（1次メッシュ単位）","A31b-25_10_6340_GEOJSON.zip","A31b/A31b-25/A31b-25_10_6340_GEOJSON.zip"
"洪水浸水想定区域（1次メッシュ単位）","A31-22_10_6340_GEOJSON.zip","A31/A31-22/A31-22_10_6340_GEOJSON.zip"
"洪水浸水想定区域（1次メッシュ単位）","A31b-25_20_6340_GEOJSON.zip","A31b/A31b-25/A31b-25_20_6340_GEOJSON.zip"
"洪水浸水想定区域（1次メッシュ単位）","A31b-25_10_6341_GEOJSON.zip","A31b/A31b-25/A31b-25_10_6341_GEOJSON.zip"
"洪水浸水想定区域（1次メッシュ単位）","A31-22_10_6341_GEOJSON.zip","A31/A31-22/A31-22_10_6341_GEOJSON.zip"
"洪水浸水想定区域（1次メッシュ単位）","A31b-25_20_6341_GEOJSON.zip","A31b/A31b-25/A31b-25_20_6341_GEOJSON.zip"
"洪水浸水想定区域（1次メッシュ単位）","A31b-25_10_6342_GEOJSON.zip","A31b/A31b-25/A31b-25_10_6342_GEOJSON.zip"
"洪水浸水想定区域（1次メッシュ単位）","A31-22_10_6342_GEOJSON.zip","A31/A31-22/A31-22_10_6342_GEOJSON.zip"
"洪水浸水想定区域（1次メッシュ単位）","A31b-25_20_6342_GEOJSON.zip","A31b/A31b-25/A31b-25_20_6342_GEOJSON.zip"
"洪水浸水想定区域（1次メッシュ単位）","A31b-25_10_6343_GEOJSON.zip","A31b/A31b-25/A31b-25_10_6343_GEOJSON.zip"
"洪水浸水想定区域（1次メッシュ単位）","A31-22_10_6343_GEOJSON.zip","A31/A31-22/A31-22_10_6343_GEOJSON.zip"
"洪水浸水想定区域（1次メッシュ単位）","A31b-25_20_6343_GEOJSON.zip","A31b/A31b-25/A31b-25_20_6343_GEOJSON.zip"
"洪水浸水想定区域（1次メッシュ単位）","A31b-25_20_6439_GEOJSON.zip","A31b/A31b-25/A31b-25_20_6439_GEOJSON.zip"
"洪水浸水想定区域（1次メッシュ単位）","A31b-25_10_6440_GEOJSON.zip","A31b/A31b-25/A31b-25_10_6440_GEOJSON.zip"
"洪水浸水想定区域（1次メッシュ単位）","A31-22_10_6440_GEOJSON.zip","A31/A31-22/A31-22_10_6440_GEOJSON.zip"
"洪水浸水想定区域（1次メッシュ単位）","A31b-25_20_6440_GEOJSON.zip","A31b/A31b-25/A31b-25_20_6440_GEOJSON.zip"
"洪水浸水想定区域（1次メッシュ単位）","A31b-25_10_6441_GEOJSON.zip","A31b/A31b-25/A31b-25_10_6441_GEOJSON.zip"
"洪水浸水想定区域（1次メッシュ単位）","A31-22_10_6441_GEOJSON.zip","A31/A31-22/A31-22_10_6441_GEOJSON.zip"
"洪水浸水想定区域（1次メッシュ単位）","A31b-25_20_6441_GEOJSON.zip","A31b/A31b-25/A31b-25_20_6441_GEOJSON.zip"
"洪水浸水想定区域（1次メッシュ単位）","A31b-25_10_6442_GEOJSON.zip","A31b/A31b-25/A31b-25_10_6442_GEOJSON.zip"
"洪水浸水想定区域（1次メッシュ単位）","A31-22_10_6442_GEOJSON.zip","A31/A31-22/A31-22_10_6442_GEOJSON.zip"
"洪水浸水想定区域（1次メッシュ単位）","A31b-25_20_6442_GEOJSON.zip","A31b/A31b-25/A31b-25_20_6442_GEOJSON.zip"
"洪水浸水想定区域（1次メッシュ単位）","A31b-25_10_6443_GEOJSON.zip","A31b/A31b-25/A31b-25_10_6443_GEOJSON.zip"
"洪水浸水想定区域（1次メッシュ単位）","A31-22_10_6443_GEOJSON.zip","A31/A31-22/A31-22_10_6443_GEOJSON.zip"
"洪水浸水想定区域（1次メッシュ単位）","A31b-25_20_6443_GEOJSON.zip","A31b/A31b-25/A31b-25_20_6443_GEOJSON.zip"
"洪水浸水想定区域（1次メッシュ単位）","A31b-25_10_6444_GEOJSON.zip","A31b/A31b-25/A31b-25_10_6444_GEOJSON.zip"
"洪水浸水想定区域（1次メッシュ単位）","A31-22_10_6444_GEOJSON.zip","A31/A31-22/A31-22_10_6444_GEOJSON.zip"
"洪水浸水想定区域（1次メッシュ単位）","A31b-25_20_6444_GEOJSON.zip","A31b/A31b-25/A31b-25_20_6444_GEOJSON.zip"
"洪水浸水想定区域（1次メッシュ単位）","A31b-25_20_6445_GEOJSON.zip","A31b/A31b-25/A31b-25_20_6445_GEOJSON.zip"
"洪水浸水想定区域（1次メッシュ単位）","A31b-25_20_6540_GEOJSON.zip","A31b/A31b-25/A31b-25_20_6540_GEOJSON.zip"
"洪水浸水想定区域（1次メッシュ単位）","A31b-25_10_6541_GEOJSON.zip","A31b/A31b-25/A31b-25_10_6541_GEOJSON.zip"
"洪水浸水想定区域（1次メッシュ単位）","A31-22_10_6541_GEOJSON.zip","A31/A31-22/A31-22_10_6541_GEOJSON.zip"
"洪水浸水想定区域（1次メッシュ単位）","A31b-25_20_6541_GEOJSON.zip","A31b/A31b-25/A31b-25_20_6541_GEOJSON.zip"
"洪水浸水想定区域（1次メッシュ単位）","A31b-25_10_6542_GEOJSON.zip","A31b/A31b-25/A31b-25_10_6542_GEOJSON.zip"
"洪水浸水想定区域（1次メッシュ単位）","A31-22_10_6542_GEOJSON.zip","A31/A31-22/A31-22_10_6542_GEOJSON.zip"
"洪水浸水想定区域（1次メッシュ単位）","A31b-25_20_6542_GEOJSON.zip","A31b/A31b-25/A31b-25_20_6542_GEOJSON.zip"
"洪水浸水想定区域（1次メッシュ単位）","A31b-25_10_6543_GEOJSON.zip","A31b/A31b-25/A31b-25_10_6543_GEOJSON.zip"
"洪水浸水想定区域（1次メッシュ単位）","A31-22_10_6543_GEOJSON.zip","A31/A31-22/A31-22_10_6543_GEOJSON.zip"
"洪水浸水想定区域（1次メッシュ単位）","A31b-25_20_6543_GEOJSON.zip","A31b/A31b-25/A31b-25_20_6543_GEOJSON.zip"
"洪水浸水想定区域（1次メッシュ単位）","A31b-25_10_6544_GEOJSON.zip","A31b/A31b-25/A31b-25_10_6544_GEOJSON.zip"
"洪水浸水想定区域（1次メッシュ単位）","A31-22_10_6544_GEOJSON.zip","A31/A31-22/A31-22_10_6544_GEOJSON.zip"
"洪水浸水想定区域（1次メッシュ単位）","A31b-25_20_6544_GEOJSON.zip","A31b/A31b-25/A31b-25_20_6544_GEOJSON.zip"
"洪水浸水想定区域（1次メッシュ単位）","A31b-25_10_6545_GEOJSON.zip","A31b/A31b-25/A31b-25_10_6545_GEOJSON.zip"
"洪水浸水想定区域（1次メッシュ単位）","A31-22_10_6545_GEOJSON.zip","A31/A31-22/A31-22_10_6545_GEOJSON.zip"
"洪水浸水想定区域（1次メッシュ単位）","A31b-25_20_6545_GEOJSON.zip","A31b/A31b-25/A31b-25_20_6545_GEOJSON.zip"
"洪水浸水想定区域（1次メッシュ単位）","A31b-25_10_6641_GEOJSON.zip","A31b/A31b-25/A31b-25_10_6641_GEOJSON.zip"
"洪水浸水想定区域（1次メッシュ単位）","A31-22_10_6641_GEOJSON.zip","A31/A31-22/A31-22_10_6641_GEOJSON.zip"
"洪水浸水想定区域（1次メッシュ単位）","A31b-25_20_6641_GEOJSON.zip","A31b/A31b-25/A31b-25_20_6641_GEOJSON.zip"
"洪水浸水想定区域（1次メッシュ単位）","A31b-25_10_6642_GEOJSON.zip","A31b/A31b-25/A31b-25_10_6642_GEOJSON.zip"
"洪水浸水想定区域（1次メッシュ単位）","A31-22_10_6642_GEOJSON.zip","A31/A31-22/A31-22_10_6642_GEOJSON.zip"
"洪水浸水想定区域（1次メッシュ単位）","A31b-25_20_6642_GEOJSON.zip","A31b/A31b-25/A31b-25_20_6642_GEOJSON.zip"
"洪水浸水想定区域（1次メッシュ単位）","A31b-25_10_6643_GEOJSON.zip","A31b/A31b-25/A31b-25_10_6643_GEOJSON.zip"
"洪水浸水想定区域（1次メッシュ単位）","A31-22_10_6643_GEOJSON.zip","A31/A31-22/A31-22_10_6643_GEOJSON.zip"
"洪水浸水想定区域（1次メッシュ単位）","A31b-25_20_6643_GEOJSON.zip","A31b/A31b-25/A31b-25_20_6643_GEOJSON.zip"
"洪水浸水想定区域（1次メッシュ単位）","A31b-25_10_6644_GEOJSON.zip","A31b/A31b-25/A31b-25_10_6644_GEOJSON.zip"
"洪水浸水想定区域（1次メッシュ単位）","A31-22_10_6644_GEOJSON.zip","A31/A31-22/A31-22_10_6644_GEOJSON.zip"
"洪水浸水想定区域（1次メッシュ単位）","A31b-25_20_6644_GEOJSON.zip","A31b/A31b-25/A31b-25_20_6644_GEOJSON.zip"
"洪水浸水想定区域（1次メッシュ単位）","A31b-25_10_6645_GEOJSON.zip","A31b/A31b-25/A31b-25_10_6645_GEOJSON.zip"
"洪水浸水想定区域（1次メッシュ単位）","A31b-25_20_6645_GEOJSON.zip","A31b/A31b-25/A31b-25_20_6645_GEOJSON.zip"
"洪水浸水想定区域（1次メッシュ単位）","A31b-25_10_6741_GEOJSON.zip","A31b/A31b-25/A31b-25_10_6741_GEOJSON.zip"
"洪水浸水想定区域（1次メッシュ単位）","A31-22_10_6741_GEOJSON.zip","A31/A31-22/A31-22_10_6741_GEOJSON.zip"
"洪水浸水想定区域（1次メッシュ単位）","A31b-25_20_6741_GEOJSON.zip","A31b/A31b-25/A31b-25_20_6741_GEOJSON.zip"
"洪水浸水想定区域（1次メッシュ単位）","A31b-25_10_6742_GEOJSON.zip","A31b/A31b-25/A31b-25_10_6742_GEOJSON.zip"
"洪水浸水想定区域（1次メッシュ単位）","A31-22_10_6742_GEOJSON.zip","A31/A31-22/A31-22_10_6742_GEOJSON.zip"
"洪水浸水想定区域（1次メッシュ単位）","A31b-25_20_6742_GEOJSON.zip","A31b/A31b-25/A31b-25_20_6742_GEOJSON.zip"
"洪水浸水想定区域（1次メッシュ単位）","A31b-25_10_6841_GEOJSON.zip","A31b/A31b-25/A31b-25_10_6841_GEOJSON.zip"
"洪水浸水想定区域（1次メッシュ単位）","A31-22_10_6841_GEOJSON.zip","A31/A31-22/A31-22_10_6841_GEOJSON.zip"
"洪水浸水想定区域（1次メッシュ単位）","A31b-25_20_6841_GEOJSON.zip","A31b/A31b-25/A31b-25_20_6841_GEOJSON.zip"
"洪水浸水想定区域（1次メッシュ単位）","A31b-25_20_6842_GEOJSON.zip","A31b/A31b-25/A31b-25_20_6842_GEOJSON.zip"
"平年値（気候）メッシュ","G02-22_3622-jgd_GML.zip","G02/G02-22/G02-22_3622-jgd_GML.zip"
"平年値（気候）メッシュ","G02-22_3623-jgd_GML.zip","G02/G02-22/G02-22_3623-jgd_GML.zip"
"平年値（気候）メッシュ","G02-22_3624-jgd_GML.zip","G02/G02-22/G02-22_3624-jgd_GML.zip"
"平年値（気候）メッシュ","G02-22_3631-jgd_GML.zip","G02/G02-22/G02-22_3631-jgd_GML.zip"
"平年値（気候）メッシュ","G02-22_3641-jgd_GML.zip","G02/G02-22/G02-22_3641-jgd_GML.zip"
"平年値（気候）メッシュ","G02-22_3653-jgd_GML.zip","G02/G02-22/G02-22_3653-jgd_GML.zip"
"平年値（気候）メッシュ","G02-22_3724-jgd_GML.zip","G02/G02-22/G02-22_3724-jgd_GML.zip"
"平年値（気候）メッシュ","G02-22_3725-jgd_GML.zip","G02/G02-22/G02-22_3725-jgd_GML.zip"
"平年値（気候）メッシュ","G02-22_3741-jgd_GML.zip","G02/G02-22/G02-22_3741-jgd_GML.zip"
"平年値（気候）メッシュ","G02-22_3823-jgd_GML.zip","G02/G02-22/G02-22_3823-jgd_GML.zip"
"平年値（気候）メッシュ","G02-22_3824-jgd_GML.zip","G02/G02-22/G02-22_3824-jgd_GML.zip"
"平年値（気候）メッシュ","G02-22_3831-jgd_GML.zip","G02/G02-22/G02-22_3831-jgd_GML.zip"
"平年値（気候）メッシュ","G02-22_3841-jgd_GML.zip","G02/G02-22/G02-22_3841-jgd_GML.zip"
"平年値（気候）メッシュ","G02-22_3926-jgd_GML.zip","G02/G02-22/G02-22_3926-jgd_GML.zip"
"平年値（気候）メッシュ","G02-22_3927-jgd_GML.zip","G02/G02-22/G02-22_3927-jgd_GML.zip"
"平年値（気候）メッシュ","G02-22_3928-jgd_GML.zip","G02/G02-22/G02-22_3928-jgd_GML.zip"
"平年値（気候）メッシュ","G02-22_3942-jgd_GML.zip","G02/G02-22/G02-22_3942-jgd_GML.zip"
"平年値（気候）メッシュ","G02-22_4027-jgd_GML.zip","G02/G02-22/G02-22_4027-jgd_GML.zip"
"平年値（気候）メッシュ","G02-22_4028-jgd_GML.zip","G02/G02-22/G02-22_4028-jgd_GML.zip"
"平年値（気候）メッシュ","G02-22_4040-jgd_GML.zip","G02/G02-22/G02-22_4040-jgd_GML.zip"
"平年値（気候）メッシュ","G02-22_4042-jgd_GML.zip","G02/G02-22/G02-22_4042-jgd_GML.zip"
"平年値（気候）メッシュ","G02-22_4128-jgd_GML.zip","G02/G02-22/G02-22_4128-jgd_GML.zip"
"平年値（気候）メッシュ","G02-22_4129-jgd_GML.zip","G02/G02-22/G02-22_4129-jgd_GML.zip"
"平年値（気候）メッシュ","G02-22_4142-jgd_GML.zip","G02/G02-22/G02-22_4142-jgd_GML.zip"
"平年値（気候）メッシュ","G02-22_4229-jgd_GML.zip","G02/G02-22/G02-22_4229-jgd_GML.zip"
"平年値（気候）メッシュ","G02-22_4230-jgd_GML.zip","G02/G02-22/G02-22_4230-jgd_GML.zip"
"平年値（気候）メッシュ","G02-22_4328-jgd_GML.zip","G02/G02-22/G02-22_4328-jgd_GML.zip"
"平年値（気候）メッシュ","G02-22_4329-jgd_GML.zip","G02/G02-22/G02-22_4329-jgd_GML.zip"
"平年値（気候）メッシュ","G02-22_4429-jgd_GML.zip","G02/G02-22/G02-22_4429-jgd_GML.zip"
"平年値（気候）メッシュ","G02-22_4529-jgd_GML.zip","G02/G02-22/G02-22_4529-jgd_GML.zip"
"平年値（気候）メッシュ","G02-22_4530-jgd_GML.zip","G02/G02-22/G02-22_4530-jgd_GML.zip"
"平年値（気候）メッシュ","G02-22_4531-jgd_GML.zip","G02/G02-22/G02-22_4531-jgd_GML.zip"
"平年値（気候）メッシュ","G02-22_4540-jgd_GML.zip","G02/G02-22/G02-22_4540-jgd_GML.zip"
"平年値（気候）メッシュ","G02-22_4629-jgd_GML.zip","G02/G02-22/G02-22_4629-jgd_GML.zip"
"平年値（気候）メッシュ","G02-22_4630-jgd_GML.zip","G02/G02-22/G02-22_4630-jgd_GML.zip"
"平年値（気候）メッシュ","G02-22_4631-jgd_GML.zip","G02/G02-22/G02-22_4631-jgd_GML.zip"
"平年値（気候）メッシュ","G02-22_4728-jgd_GML.zip","G02/G02-22/G02-22_4728-jgd_GML.zip"
"平年値（気候）メッシュ","G02-22_4729-jgd_GML.zip","G02/G02-22/G02-22_4729-jgd_GML.zip"
"平年値（気候）メッシュ","G02-22_4730-jgd_GML.zip","G02/G02-22/G02-22_4730-jgd_GML.zip"
"平年値（気候）メッシュ","G02-22_4731-jgd_GML.zip","G02/G02-22/G02-22_4731-jgd_GML.zip"
"平年値（気候）メッシュ","G02-22_4740-jgd_GML.zip","G02/G02-22/G02-22_4740-jgd_GML.zip"
"平年値（気候）メッシュ","G02-22_4828-jgd_GML.zip","G02/G02-22/G02-22_4828-jgd_GML.zip"
"平年値（気候）メッシュ","G02-22_4829-jgd_GML.zip","G02/G02-22/G02-22_4829-jgd_GML.zip"
"平年値（気候）メッシュ","G02-22_4830-jgd_GML.zip","G02/G02-22/G02-22_4830-jgd_GML.zip"
"平年値（気候）メッシュ","G02-22_4831-jgd_GML.zip","G02/G02-22/G02-22_4831-jgd_GML.zip"
"平年値（気候）メッシュ","G02-22_4839-jgd_GML.zip","G02/G02-22/G02-22_4839-jgd_GML.zip"
"平年値（気候）メッシュ","G02-22_4928-jgd_GML.zip","G02/G02-22/G02-22_4928-jgd_GML.zip"
"平年値（気候）メッシュ","G02-22_4929-jgd_GML.zip","G02/G02-22/G02-22_4929-jgd_GML.zip"
"平年値（気候）メッシュ","G02-22_4930-jgd_GML.zip","G02/G02-22/G02-22_4930-jgd_GML.zip"
"平年値（気候）メッシュ","G02-22_4931-jgd_GML.zip","G02/G02-22/G02-22_4931-jgd_GML.zip"
"平年値（気候）メッシュ","G02-22_4932-jgd_GML.zip","G02/G02-22/G02-22_4932-jgd_GML.zip"
"平年値（気候）メッシュ","G02-22_4933-jgd_GML.zip","G02/G02-22/G02-22_4933-jgd_GML.zip"
"平年値（気候）メッシュ","G02-22_4934-jgd_GML.zip","G02/G02-22/G02-22_4934-jgd_GML.zip"
"平年値（気候）メッシュ","G02-22_4939-jgd_GML.zip","G02/G02-22/G02-22_4939-jgd_GML.zip"
"平年値（気候）メッシュ","G02-22_5029-jgd_GML.zip","G02/G02-22/G02-22_5029-jgd_GML.zip"
"平年値（気候）メッシュ","G02-22_5030-jgd_GML.zip","G02/G02-22/G02-22_5030-jgd_GML.zip"
"平年値（気候）メッシュ","G02-22_5031-jgd_GML.zip","G02/G02-22/G02-22_5031-jgd_GML.zip"
"平年値（気候）メッシュ","G02-22_5032-jgd_GML.zip","G02/G02-22/G02-22_5032-jgd_GML.zip"
"平年値（気候）メッシュ","G02-22_5033-jgd_GML.zip","G02/G02-22/G02-22_5033-jgd_GML.zip"
"平年値（気候）メッシュ","G02-22_5034-jgd_GML.zip","G02/G02-22/G02-22_5034-jgd_GML.zip"
"平年値（気候）メッシュ","G02-22_5035-jgd_GML.zip","G02/G02-22/G02-22_5035-jgd_GML.zip"
"平年値（気候）メッシュ","G02-22_5036-jgd_GML.zip","G02/G02-22/G02-22_5036-jgd_GML.zip"
"平年値（気候）メッシュ","G02-22_5039-jgd_GML.zip","G02/G02-22/G02-22_5039-jgd_GML.zip"
"平年値（気候）メッシュ","G02-22_5129-jgd_GML.zip","G02/G02-22/G02-22_5129-jgd_GML.zip"
"平年値（気候）メッシュ","G02-22_5130-jgd_GML.zip","G02/G02-22/G02-22_5130-jgd_GML.zip"
"平年値（気候）メッシュ","G02-22_5131-jgd_GML.zip","G02/G02-22/G02-22_5131-jgd_GML.zip"
"平年値（気候）メッシュ","G02-22_5132-jgd_GML.zip","G02/G02-22/G02-22_5132-jgd_GML.zip"
"平年値（気候）メッシュ","G02-22_5133-jgd_GML.zip","G02/G02-22/G02-22_5133-jgd_GML.zip"
"平年値（気候）メッシュ","G02-22_5134-jgd_GML.zip","G02/G02-22/G02-22_5134-jgd_GML.zip"
"平年値（気候）メッシュ","G02-22_5135-jgd_GML.zip","G02/G02-22/G02-22_5135-jgd_GML.zip"
"平年値（気候）メッシュ","G02-22_5136-jgd_GML.zip","G02/G02-22/G02-22_5136-jgd_GML.zip"
"平年値（気候）メッシュ","G02-22_5137-jgd_GML.zip","G02/G02-22/G02-22_5137-jgd_GML.zip"
"平年値（気候）メッシュ","G02-22_5138-jgd_GML.zip","G02/G02-22/G02-22_5138-jgd_GML.zip"
"平年値（気候）メッシュ","G02-22_5139-jgd_GML.zip","G02/G02-22/G02-22_5139-jgd_GML.zip"
"平年値（気候）メッシュ","G02-22_5229-jgd_GML.zip","G02/G02-22/G02-22_5229-jgd_GML.zip"
"平年値（気候）メッシュ","G02-22_5231-jgd_GML.zip","G02/G02-22/G02-22_5231-jgd_GML.zip"
"平年値（気候）メッシュ","G02-22_5232-jgd_GML.zip","G02/G02-22/G02-22_5232-jgd_GML.zip"
"平年値（気候）メッシュ","G02-22_5233-jgd_GML.zip","G02/G02-22/G02-22_5233-jgd_GML.zip"
"平年値（気候）メッシュ","G02-22_5234-jgd_GML.zip","G02/G02-22/G02-22_5234-jgd_GML.zip"
"平年値（気候）メッシュ","G02-22_5235-jgd_GML.zip","G02/G02-22/G02-22_5235-jgd_GML.zip"
"平年値（気候）メッシュ","G02-22_5236-jgd_GML.zip","G02/G02-22/G02-22_5236-jgd_GML.zip"
"平年値（気候）メッシュ","G02-22_5237-jgd_GML.zip","G02/G02-22/G02-22_5237-jgd_GML.zip"
"平年値（気候）メッシュ","G02-22_5238-jgd_GML.zip","G02/G02-22/G02-22_5238-jgd_GML.zip"
"平年値（気候）メッシュ","G02-22_5239-jgd_GML.zip","G02/G02-22/G02-22_5239-jgd_GML.zip"
"平年値（気候）メッシュ","G02-22_5240-jgd_GML.zip","G02/G02-22/G02-22_5240-jgd_GML.zip"
"平年値（気候）メッシュ","G02-22_5332-jgd_GML.zip","G02/G02-22/G02-22_5332-jgd_GML.zip"
"平年値（気候）メッシュ","G02-22_5333-jgd_GML.zip","G02/G02-22/G02-22_5333-jgd_GML.zip"
"平年値（気候）メッシュ","G02-22_5334-jgd_GML.zip","G02/G02-22/G02-22_5334-jgd_GML.zip"
"平年値（気候）メッシュ","G02-22_5335-jgd_GML.zip","G02/G02-22/G02-22_5335-jgd_GML.zip"
"平年値（気候）メッシュ","G02-22_5336-jgd_GML.zip","G02/G02-22/G02-22_5336-jgd_GML.zip"
"平年値（気候）メッシュ","G02-22_5337-jgd_GML.zip","G02/G02-22/G02-22_5337-jgd_GML.zip"
"平年値（気候）メッシュ","G02-22_5338-jgd_GML.zip","G02/G02-22/G02-22_5338-jgd_GML.zip"
"平年値（気候）メッシュ","G02-22_5339-jgd_GML.zip","G02/G02-22/G02-22_5339-jgd_GML.zip"
"平年値（気候）メッシュ","G02-22_5340-jgd_GML.zip","G02/G02-22/G02-22_5340-jgd_GML.zip"
"平年値（気候）メッシュ","G02-22_5432-jgd_GML.zip","G02/G02-22/G02-22_5432-jgd_GML.zip"
"平年値（気候）メッシュ","G02-22_5433-jgd_GML.zip","G02/G02-22/G02-22_5433-jgd_GML.zip"
"平年値（気候）メッシュ","G02-22_5435-jgd_GML.zip","G02/G02-22/G02-22_5435-jgd_GML.zip"
"平年値（気候）メッシュ","G02-22_5436-jgd_GML.zip","G02/G02-22/G02-22_5436-jgd_GML.zip"
"平年値（気候）メッシュ","G02-22_5437-jgd_GML.zip","G02/G02-22/G02-22_5437-jgd_GML.zip"
"平年値（気候）メッシュ","G02-22_5438-jgd_GML.zip","G02/G02-22/G02-22_5438-jgd_GML.zip"
"平年値（気候）メッシュ","G02-22_5439-jgd_GML.zip","G02/G02-22/G02-22_5439-jgd_GML.zip"
"平年値（気候）メッシュ","G02-22_5440-jgd_GML.zip","G02/G02-22/G02-22_5440-jgd_GML.zip"
"平年値（気候）メッシュ","G02-22_5531-jgd_GML.zip","G02/G02-22/G02-22_5531-jgd_GML.zip"
"平年値（気候）メッシュ","G02-22_5536-jgd_GML.zip","G02/G02-22/G02-22_5536-jgd_GML.zip"
"平年値（気候）メッシュ","G02-22_5537-jgd_GML.zip","G02/G02-22/G02-22_5537-jgd_GML.zip"
"平年値（気候）メッシュ","G02-22_5538-jgd_GML.zip","G02/G02-22/G02-22_5538-jgd_GML.zip"
"平年値（気候）メッシュ","G02-22_5539-jgd_GML.zip","G02/G02-22/G02-22_5539-jgd_GML.zip"
"平年値（気候）メッシュ","G02-22_5540-jgd_GML.zip","G02/G02-22/G02-22_5540-jgd_GML.zip"
"平年値（気候）メッシュ","G02-22_5541-jgd_GML.zip","G02/G02-22/G02-22_5541-jgd_GML.zip"
"平年値（気候）メッシュ","G02-22_5636-jgd_GML.zip","G02/G02-22/G02-22_5636-jgd_GML.zip"
"平年値（気候）メッシュ","G02-22_5637-jgd_GML.zip","G02/G02-22/G02-22_5637-jgd_GML.zip"
"平年値（気候）メッシュ","G02-22_5638-jgd_GML.zip","G02/G02-22/G02-22_5638-jgd_GML.zip"
"平年値（気候）メッシュ","G02-22_5639-jgd_GML.zip","G02/G02-22/G02-22_5639-jgd_GML.zip"
"平年値（気候）メッシュ","G02-22_5640-jgd_GML.zip","G02/G02-22/G02-22_5640-jgd_GML.zip"
"平年値（気候）メッシュ","G02-22_5641-jgd_GML.zip","G02/G02-22/G02-22_5641-jgd_GML.zip"
"平年値（気候）メッシュ","G02-22_5738-jgd_GML.zip","G02/G02-22/G02-22_5738-jgd_GML.zip"
"平年値（気候）メッシュ","G02-22_5739-jgd_GML.zip","G02/G02-22/G02-22_5739-jgd_GML.zip"
"平年値（気候）メッシュ","G02-22_5740-jgd_GML.zip","G02/G02-22/G02-22_5740-jgd_GML.zip"
"平年値（気候）メッシュ","G02-22_5741-jgd_GML.zip","G02/G02-22/G02-22_5741-jgd_GML.zip"
"平年値（気候）メッシュ","G02-22_5839-jgd_GML.zip","G02/G02-22/G02-22_5839-jgd_GML.zip"
"平年値（気候）メッシュ","G02-22_5840-jgd_GML.zip","G02/G02-22/G02-22_5840-jgd_GML.zip"
"平年値（気候）メッシュ","G02-22_5841-jgd_GML.zip","G02/G02-22/G02-22_5841-jgd_GML.zip"
"平年値（気候）メッシュ","G02-22_5939-jgd_GML.zip","G02/G02-22/G02-22_5939-jgd_GML.zip"
"平年値（気候）メッシュ","G02-22_5940-jgd_GML.zip","G02/G02-22/G02-22_5940-jgd_GML.zip"
"平年値（気候）メッシュ","G02-22_5941-jgd_GML.zip","G02/G02-22/G02-22_5941-jgd_GML.zip"
"平年値（気候）メッシュ","G02-22_5942-jgd_GML.zip","G02/G02-22/G02-22_5942-jgd_GML.zip"
"平年値（気候）メッシュ","G02-22_6039-jgd_GML.zip","G02/G02-22/G02-22_6039-jgd_GML.zip"
"平年値（気候）メッシュ","G02-22_6040-jgd_GML.zip","G02/G02-22/G02-22_6040-jgd_GML.zip"
"平年値（気候）メッシュ","G02-22_6041-jgd_GML.zip","G02/G02-22/G02-22_6041-jgd_GML.zip"
"平年値（気候）メッシュ","G02-22_6139-jgd_GML.zip","G02/G02-22/G02-22_6139-jgd_GML.zip"
"平年値（気候）メッシュ","G02-22_6140-jgd_GML.zip","G02/G02-22/G02-22_6140-jgd_GML.zip"
"平年値（気候）メッシュ","G02-22_6141-jgd_GML.zip","G02/G02-22/G02-22_6141-jgd_GML.zip"
"平年値（気候）メッシュ","G02-22_6239-jgd_GML.zip","G02/G02-22/G02-22_6239-jgd_GML.zip"
"平年値（気候）メッシュ","G02-22_6240-jgd_GML.zip","G02/G02-22/G02-22_6240-jgd_GML.zip"
"平年値（気候）メッシュ","G02-22_6241-jgd_GML.zip","G02/G02-22/G02-22_6241-jgd_GML.zip"
"平年値（気候）メッシュ","G02-22_6243-jgd_GML.zip","G02/G02-22/G02-22_6243-jgd_GML.zip"
"平年値（気候）メッシュ","G02-22_6339-jgd_GML.zip","G02/G02-22/G02-22_6339-jgd_GML.zip"
"平年値（気候）メッシュ","G02-22_6340-jgd_GML.zip","G02/G02-22/G02-22_6340-jgd_GML.zip"
"平年値（気候）メッシュ","G02-22_6341-jgd_GML.zip","G02/G02-22/G02-22_6341-jgd_GML.zip"
"平年値（気候）メッシュ","G02-22_6342-jgd_GML.zip","G02/G02-22/G02-22_6342-jgd_GML.zip"
"平年値（気候）メッシュ","G02-22_6343-jgd_GML.zip","G02/G02-22/G02-22_6343-jgd_GML.zip"
"平年値（気候）メッシュ","G02-22_6439-jgd_GML.zip","G02/G02-22/G02-22_6439-jgd_GML.zip"
"平年値（気候）メッシュ","G02-22_6440-jgd_GML.zip","G02/G02-22/G02-22_6440-jgd_GML.zip"
"平年値（気候）メッシュ","G02-22_6441-jgd_GML.zip","G02/G02-22/G02-22_6441-jgd_GML.zip"
"平年値（気候）メッシュ","G02-22_6442-jgd_GML.zip","G02/G02-22/G02-22_6442-jgd_GML.zip"
"平年値（気候）メッシュ","G02-22_6443-jgd_GML.zip","G02/G02-22/G02-22_6443-jgd_GML.zip"
"平年値（気候）メッシュ","G02-22_6444-jgd_GML.zip","G02/G02-22/G02-22_6444-jgd_GML.zip"
"平年値（気候）メッシュ","G02-22_6445-jgd_GML.zip","G02/G02-22/G02-22_6445-jgd_GML.zip"
"平年値（気候）メッシュ","G02-22_6540-jgd_GML.zip","G02/G02-22/G02-22_6540-jgd_GML.zip"
"平年値（気候）メッシュ","G02-22_6541-jgd_GML.zip","G02/G02-22/G02-22_6541-jgd_GML.zip"
"平年値（気候）メッシュ","G02-22_6542-jgd_GML.zip","G02/G02-22/G02-22_6542-jgd_GML.zip"
"平年値（気候）メッシュ","G02-22_6543-jgd_GML.zip","G02/G02-22/G02-22_6543-jgd_GML.zip"
"平年値（気候）メッシュ","G02-22_6544-jgd_GML.zip","G02/G02-22/G02-22_6544-jgd_GML.zip"
"平年値（気候）メッシュ","G02-22_6545-jgd_GML.zip","G02/G02-22/G02-22_6545-jgd_GML.zip"
"平年値（気候）メッシュ","G02-22_6546-jgd_GML.zip","G02/G02-22/G02-22_6546-jgd_GML.zip"
"平年値（気候）メッシュ","G02-22_6641-jgd_GML.zip","G02/G02-22/G02-22_6641-jgd_GML.zip"
"平年値（気候）メッシュ","G02-22_6642-jgd_GML.zip","G02/G02-22/G02-22_6642-jgd_GML.zip"
"平年値（気候）メッシュ","G02-22_6643-jgd_GML.zip","G02/G02-22/G02-22_6643-jgd_GML.zip"
"平年値（気候）メッシュ","G02-22_6644-jgd_GML.zip","G02/G02-22/G02-22_6644-jgd_GML.zip"
"平年値（気候）メッシュ","G02-22_6645-jgd_GML.zip","G02/G02-22/G02-22_6645-jgd_GML.zip"
"平年値（気候）メッシュ","G02-22_6646-jgd_GML.zip","G02/G02-22/G02-22_6646-jgd_GML.zip"
"平年値（気候）メッシュ","G02-22_6647-jgd_GML.zip","G02/G02-22/G02-22_6647-jgd_GML.zip"
"平年値（気候）メッシュ","G02-22_6741-jgd_GML.zip","G02/G02-22/G02-22_6741-jgd_GML.zip"
"平年値（気候）メッシュ","G02-22_6742-jgd_GML.zip","G02/G02-22/G02-22_6742-jgd_GML.zip"
"平年値（気候）メッシュ","G02-22_6747-jgd_GML.zip","G02/G02-22/G02-22_6747-jgd_GML.zip"
"平年値（気候）メッシュ","G02-22_6748-jgd_GML.zip","G02/G02-22/G02-22_6748-jgd_GML.zip"
"平年値（気候）メッシュ","G02-22_6840-jgd_GML.zip","G02/G02-22/G02-22_6840-jgd_GML.zip"
"平年値（気候）メッシュ","G02-22_6841-jgd_GML.zip","G02/G02-22/G02-22_6841-jgd_GML.zip"
"平年値（気候）メッシュ","G02-22_6842-jgd_GML.zip","G02/G02-22/G02-22_6842-jgd_GML.zip"
"平年値（気候）メッシュ","G02-22_6847-jgd_GML.zip","G02/G02-22/G02-22_6847-jgd_GML.zip"
"平年値（気候）メッシュ","G02-22_6848-jgd_GML.zip","G02/G02-22/G02-22_6848-jgd_GML.zip"
"土砂災害・雪崩メッシュ","A30a5-11_3927-jgd_GML.zip","A30a5/A30a5-11/A30a5-11_3927-jgd_GML.zip"
"土砂災害・雪崩メッシュ","A30a5-11_3928-jgd_GML.zip","A30a5/A30a5-11/A30a5-11_3928-jgd_GML.zip"
"土砂災害・雪崩メッシュ","A30a5-11_4128-jgd_GML.zip","A30a5/A30a5-11/A30a5-11_4128-jgd_GML.zip"
"土砂災害・雪崩メッシュ","A30a5-11_4229-jgd_GML.zip","A30a5/A30a5-11/A30a5-11_4229-jgd_GML.zip"
"土砂災害・雪崩メッシュ","A30a5-11_4429-jgd_GML.zip","A30a5/A30a5-11/A30a5-11_4429-jgd_GML.zip"
"土砂災害・雪崩メッシュ","A30a5-11_4530-jgd_GML.zip","A30a5/A30a5-11/A30a5-11_4530-jgd_GML.zip"
"土砂災害・雪崩メッシュ","A30a5-11_4531-jgd_GML.zip","A30a5/A30a5-11/A30a5-11_4531-jgd_GML.zip"
"土砂災害・雪崩メッシュ","A30a5-11_4630-jgd_GML.zip","A30a5/A30a5-11/A30a5-11_4630-jgd_GML.zip"
"土砂災害・雪崩メッシュ","A30a5-11_4631-jgd_GML.zip","A30a5/A30a5-11/A30a5-11_4631-jgd_GML.zip"
"土砂災害・雪崩メッシュ","A30a5-11_4729-jgd_GML.zip","A30a5/A30a5-11/A30a5-11_4729-jgd_GML.zip"
"土砂災害・雪崩メッシュ","A30a5-11_4730-jgd_GML.zip","A30a5/A30a5-11/A30a5-11_4730-jgd_GML.zip"
"土砂災害・雪崩メッシュ","A30a5-11_4731-jgd_GML.zip","A30a5/A30a5-11/A30a5-11_4731-jgd_GML.zip"
"土砂災害・雪崩メッシュ","A30a5-11_4829-jgd_GML.zip","A30a5/A30a5-11/A30a5-11_4829-jgd_GML.zip"
"土砂災害・雪崩メッシュ","A30a5-11_4830-jgd_GML.zip","A30a5/A30a5-11/A30a5-11_4830-jgd_GML.zip"
"土砂災害・雪崩メッシュ","A30a5-11_4831-jgd_GML.zip","A30a5/A30a5-11/A30a5-11_4831-jgd_GML.zip"
"土砂災害・雪崩メッシュ","A30a5-11_4928-jgd_GML.zip","A30a5/A30a5-11/A30a5-11_4928-jgd_GML.zip"
"土砂災害・雪崩メッシュ","A30a5-11_4929-jgd_GML.zip","A30a5/A30a5-11/A30a5-11_4929-jgd_GML.zip"
"土砂災害・雪崩メッシュ","A30a5-11_4930-jgd_GML.zip","A30a5/A30a5-11/A30a5-11_4930-jgd_GML.zip"
"土砂災害・雪崩メッシュ","A30a5-11_4931-jgd_GML.zip","A30a5/A30a5-11/A30a5-11_4931-jgd_GML.zip"
"土砂災害・雪崩メッシュ","A30a5-11_4932-jgd_GML.zip","A30a5/A30a5-11/A30a5-11_4932-jgd_GML.zip"
"土砂災害・雪崩メッシュ","A30a5-11_4933-jgd_GML.zip","A30a5/A30a5-11/A30a5-11_4933-jgd_GML.zip"
"土砂災害・雪崩メッシュ","A30a5-11_4934-jgd_GML.zip","A30a5/A30a5-11/A30a5-11_4934-jgd_GML.zip"
"土砂災害・雪崩メッシュ","A30a5-11_4939-jgd_GML.zip","A30a5/A30a5-11/A30a5-11_4939-jgd_GML.zip"
"土砂災害・雪崩メッシュ","A30a5-11_5029-jgd_GML.zip","A30a5/A30a5-11/A30a5-11_5029-jgd_GML.zip"
"土砂災害・雪崩メッシュ","A30a5-11_5030-jgd_GML.zip","A30a5/A30a5-11/A30a5-11_5030-jgd_GML.zip"
"土砂災害・雪崩メッシュ","A30a5-11_5031-jgd_GML.zip","A30a5/A30a5-11/A30a5-11_5031-jgd_GML.zip"
"土砂災害・雪崩メッシュ","A30a5-11_5032-jgd_GML.zip","A30a5/A30a5-11/A30a5-11_5032-jgd_GML.zip"
"土砂災害・雪崩メッシュ","A30a5-11_5033-jgd_GML.zip","A30a5/A30a5-11/A30a5-11_5033-jgd_GML.zip"
"土砂災害・雪崩メッシュ","A30a5-11_5034-jgd_GML.zip","A30a5/A30a5-11/A30a5-11_5034-jgd_GML.zip"
"土砂災害・雪崩メッシュ","A30a5-11_5035-jgd_GML.zip","A30a5/A30a5-11/A30a5-11_5035-jgd_GML.zip"
"土砂災害・雪崩メッシュ","A30a5-11_5036-jgd_GML.zip","A30a5/A30a5-11/A30a5-11_5036-jgd_GML.zip"
"土砂災害・雪崩メッシュ","A30a5-11_5129-jgd_GML.zip","A30a5/A30a5-11/A30a5-11_5129-jgd_GML.zip"
"土砂災害・雪崩メッシュ","A30a5-11_5130-jgd_GML.zip","A30a5/A30a5-11/A30a5-11_5130-jgd_GML.zip"
"土砂災害・雪崩メッシュ","A30a5-11_5131-jgd_GML.zip","A30a5/A30a5-11/A30a5-11_5131-jgd_GML.zip"
"土砂災害・雪崩メッシュ","A30a5-11_5132-jgd_GML.zip","A30a5/A30a5-11/A30a5-11_5132-jgd_GML.zip"
"土砂災害・雪崩メッシュ","A30a5-11_5133-jgd_GML.zip","A30a5/A30a5-11/A30a5-11_5133-jgd_GML.zip"
"土砂災害・雪崩メッシュ","A30a5-11_5134-jgd_GML.zip","A30a5/A30a5-11/A30a5-11_5134-jgd_GML.zip"
"土砂災害・雪崩メッシュ","A30a5-11_5135-jgd_GML.zip","A30a5/A30a5-11/A30a5-11_5135-jgd_GML.zip"
"土砂災害・雪崩メッシュ","A30a5-11_5136-jgd_GML.zip","A30a5/A30a5-11/A30a5-11_5136-jgd_GML.zip"
"土砂災害・雪崩メッシュ","A30a5-11_5138-jgd_GML.zip","A30a5/A30a5-11/A30a5-11_5138-jgd_GML.zip"
"土砂災害・雪崩メッシュ","A30a5-11_5139-jgd_GML.zip","A30a5/A30a5-11/A30a5-11_5139-jgd_GML.zip"
"土砂災害・雪崩メッシュ","A30a5-11_5231-jgd_GML.zip","A30a5/A30a5-11/A30a5-11_5231-jgd_GML.zip"
"土砂災害・雪崩メッシュ","A30a5-11_5232-jgd_GML.zip","A30a5/A30a5-11/A30a5-11_5232-jgd_GML.zip"
"土砂災害・雪崩メッシュ","A30a5-11_5233-jgd_GML.zip","A30a5/A30a5-11/A30a5-11_5233-jgd_GML.zip"
"土砂災害・雪崩メッシュ","A30a5-11_5234-jgd_GML.zip","A30a5/A30a5-11/A30a5-11_5234-jgd_GML.zip"
"土砂災害・雪崩メッシュ","A30a5-11_5235-jgd_GML.zip","A30a5/A30a5-11/A30a5-11_5235-jgd_GML.zip"
"土砂災害・雪崩メッシュ","A30a5-11_5236-jgd_GML.zip","A30a5/A30a5-11/A30a5-11_5236-jgd_GML.zip"
"土砂災害・雪崩メッシュ","A30a5-11_5237-jgd_GML.zip","A30a5/A30a5-11/A30a5-11_5237-jgd_GML.zip"
"土砂災害・雪崩メッシュ","A30a5-11_5238-jgd_GML.zip","A30a5/A30a5-11/A30a5-11_5238-jgd_GML.zip"
"土砂災害・雪崩メッシュ","A30a5-11_5239-jgd_GML.zip","A30a5/A30a5-11/A30a5-11_5239-jgd_GML.zip"
"土砂災害・雪崩メッシュ","A30a5-11_5240-jgd_GML.zip","A30a5/A30a5-11/A30a5-11_5240-jgd_GML.zip"
"土砂災害・雪崩メッシュ","A30a5-11_5332-jgd_GML.zip","A30a5/A30a5-11/A30a5-11_5332-jgd_GML.zip"
"土砂災害・雪崩メッシュ","A30a5-11_5333-jgd_GML.zip","A30a5/A30a5-11/A30a5-11_5333-jgd_GML.zip"
"土砂災害・雪崩メッシュ","A30a5-11_5334-jgd_GML.zip","A30a5/A30a5-11/A30a5-11_5334-jgd_GML.zip"
"土砂災害・雪崩メッシュ","A30a5-11_5335-jgd_GML.zip","A30a5/A30a5-11/A30a5-11_5335-jgd_GML.zip"
"土砂災害・雪崩メッシュ","A30a5-11_5336-jgd_GML.zip","A30a5/A30a5-11/A30a5-11_5336-jgd_GML.zip"
"土砂災害・雪崩メッシュ","A30a5-11_5337-jgd_GML.zip","A30a5/A30a5-11/A30a5-11_5337-jgd_GML.zip"
"土砂災害・雪崩メッシュ","A30a5-11_5338-jgd_GML.zip","A30a5/A30a5-11/A30a5-11_5338-jgd_GML.zip"
"土砂災害・雪崩メッシュ","A30a5-11_5339-jgd_GML.zip","A30a5/A30a5-11/A30a5-11_5339-jgd_GML.zip"
"土砂災害・雪崩メッシュ","A30a5-11_5340-jgd_GML.zip","A30a5/A30a5-11/A30a5-11_5340-jgd_GML.zip"
"土砂災害・雪崩メッシュ","A30a5-11_5432-jgd_GML.zip","A30a5/A30a5-11/A30a5-11_5432-jgd_GML.zip"
"土砂災害・雪崩メッシュ","A30a5-11_5433-jgd_GML.zip","A30a5/A30a5-11/A30a5-11_5433-jgd_GML.zip"
"土砂災害・雪崩メッシュ","A30a5-11_5436-jgd_GML.zip","A30a5/A30a5-11/A30a5-11_5436-jgd_GML.zip"
"土砂災害・雪崩メッシュ","A30a5-11_5437-jgd_GML.zip","A30a5/A30a5-11/A30a5-11_5437-jgd_GML.zip"
"土砂災害・雪崩メッシュ","A30a5-11_5438-jgd_GML.zip","A30a5/A30a5-11/A30a5-11_5438-jgd_GML.zip"
"土砂災害・雪崩メッシュ","A30a5-11_5439-jgd_GML.zip","A30a5/A30a5-11/A30a5-11_5439-jgd_GML.zip"
"土砂災害・雪崩メッシュ","A30a5-11_5440-jgd_GML.zip","A30a5/A30a5-11/A30a5-11_5440-jgd_GML.zip"
"土砂災害・雪崩メッシュ","A30a5-11_5536-jgd_GML.zip","A30a5/A30a5-11/A30a5-11_5536-jgd_GML.zip"
"土砂災害・雪崩メッシュ","A30a5-11_5537-jgd_GML.zip","A30a5/A30a5-11/A30a5-11_5537-jgd_GML.zip"
"土砂災害・雪崩メッシュ","A30a5-11_5538-jgd_GML.zip","A30a5/A30a5-11/A30a5-11_5538-jgd_GML.zip"
"土砂災害・雪崩メッシュ","A30a5-11_5539-jgd_GML.zip","A30a5/A30a5-11/A30a5-11_5539-jgd_GML.zip"
"土砂災害・雪崩メッシュ","A30a5-11_5540-jgd_GML.zip","A30a5/A30a5-11/A30a5-11_5540-jgd_GML.zip"
"土砂災害・雪崩メッシュ","A30a5-11_5636-jgd_GML.zip","A30a5/A30a5-11/A30a5-11_5636-jgd_GML.zip"
"土砂災害・雪崩メッシュ","A30a5-11_5637-jgd_GML.zip","A30a5/A30a5-11/A30a5-11_5637-jgd_GML.zip"
"土砂災害・雪崩メッシュ","A30a5-11_5638-jgd_GML.zip","A30a5/A30a5-11/A30a5-11_5638-jgd_GML.zip"
"土砂災害・雪崩メッシュ","A30a5-11_5639-jgd_GML.zip","A30a5/A30a5-11/A30a5-11_5639-jgd_GML.zip"
"土砂災害・雪崩メッシュ","A30a5-11_5640-jgd_GML.zip","A30a5/A30a5-11/A30a5-11_5640-jgd_GML.zip"
"土砂災害・雪崩メッシュ","A30a5-11_5641-jgd_GML.zip","A30a5/A30a5-11/A30a5-11_5641-jgd_GML.zip"
"土砂災害・雪崩メッシュ","A30a5-11_5738-jgd_GML.zip","A30a5/A30a5-11/A30a5-11_5738-jgd_GML.zip"
"土砂災害・雪崩メッシュ","A30a5-11_5739-jgd_GML.zip","A30a5/A30a5-11/A30a5-11_5739-jgd_GML.zip"
"土砂災害・雪崩メッシュ","A30a5-11_5740-jgd_GML.zip","A30a5/A30a5-11/A30a5-11_5740-jgd_GML.zip"
"土砂災害・雪崩メッシュ","A30a5-11_5741-jgd_GML.zip","A30a5/A30a5-11/A30a5-11_5741-jgd_GML.zip"
"土砂災害・雪崩メッシュ","A30a5-11_5839-jgd_GML.zip","A30a5/A30a5-11/A30a5-11_5839-jgd_GML.zip"
"土砂災害・雪崩メッシュ","A30a5-11_5840-jgd_GML.zip","A30a5/A30a5-11/A30a5-11_5840-jgd_GML.zip"
"土砂災害・雪崩メッシュ","A30a5-11_5841-jgd_GML.zip","A30a5/A30a5-11/A30a5-11_5841-jgd_GML.zip"
"土砂災害・雪崩メッシュ","A30a5-11_5940-jgd_GML.zip","A30a5/A30a5-11/A30a5-11_5940-jgd_GML.zip"
"土砂災害・雪崩メッシュ","A30a5-11_5941-jgd_GML.zip","A30a5/A30a5-11/A30a5-11_5941-jgd_GML.zip"
"土砂災害・雪崩メッシュ","A30a5-11_6040-jgd_GML.zip","A30a5/A30a5-11/A30a5-11_6040-jgd_GML.zip"
"土砂災害・雪崩メッシュ","A30a5-11_6041-jgd_GML.zip","A30a5/A30a5-11/A30a5-11_6041-jgd_GML.zip"
"土砂災害・雪崩メッシュ","A30a5-11_6140-jgd_GML.zip","A30a5/A30a5-11/A30a5-11_6140-jgd_GML.zip"
"土砂災害・雪崩メッシュ","A30a5-11_6141-jgd_GML.zip","A30a5/A30a5-11/A30a5-11_6141-jgd_GML.zip"
"土砂災害・雪崩メッシュ","A30a5-11_6240-jgd_GML.zip","A30a5/A30a5-11/A30a5-11_6240-jgd_GML.zip"
"土砂災害・雪崩メッシュ","A30a5-11_6241-jgd_GML.zip","A30a5/A30a5-11/A30a5-11_6241-jgd_GML.zip"
"土砂災害・雪崩メッシュ","A30a5-11_6340-jgd_GML.zip","A30a5/A30a5-11/A30a5-11_6340-jgd_GML.zip"
"土砂災害・雪崩メッシュ","A30a5-11_6341-jgd_GML.zip","A30a5/A30a5-11/A30a5-11_6341-jgd_GML.zip"
"土砂災害・雪崩メッシュ","A30a5-11_6342-jgd_GML.zip","A30a5/A30a5-11/A30a5-11_6342-jgd_GML.zip"
"土砂災害・雪崩メッシュ","A30a5-11_6440-jgd_GML.zip","A30a5/A30a5-11/A30a5-11_6440-jgd_GML.zip"
"土砂災害・雪崩メッシュ","A30a5-11_6441-jgd_GML.zip","A30a5/A30a5-11/A30a5-11_6441-jgd_GML.zip"
"土砂災害・雪崩メッシュ","A30a5-11_6443-jgd_GML.zip","A30a5/A30a5-11/A30a5-11_6443-jgd_GML.zip"
"土砂災害・雪崩メッシュ","A30a5-11_6444-jgd_GML.zip","A30a5/A30a5-11/A30a5-11_6444-jgd_GML.zip"
"土砂災害・雪崩メッシュ","A30a5-11_6542-jgd_GML.zip","A30a5/A30a5-11/A30a5-11_6542-jgd_GML.zip"
"土砂災害・雪崩メッシュ","A30a5-11_6543-jgd_GML.zip","A30a5/A30a5-11/A30a5-11_6543-jgd_GML.zip"
"土砂災害・雪崩メッシュ","A30a5-11_6643-jgd_GML.zip","A30a5/A30a5-11/A30a5-11_6643-jgd_GML.zip"
"土砂災害・雪崩メッシュ","A30a5-11_6645-jgd_GML.zip","A30a5/A30a5-11/A30a5-11_6645-jgd_GML.zip"
"土砂災害・雪崩メッシュ","A30a5-11_6741-jgd_GML.zip","A30a5/A30a5-11/A30a5-11_6741-jgd_GML.zip"
"土砂災害・雪崩メッシュ","A30a5-11_6841-jgd_GML.zip","A30a5/A30a5-11/A30a5-11_6841-jgd_GML.zip"
"宿泊容量メッシュ","P09-10_3623-jgd_GML.zip","P09/P09-10/P09-10_3623-jgd_GML.zip"
"宿泊容量メッシュ","P09-10_3624-jgd_GML.zip","P09/P09-10/P09-10_3624-jgd_GML.zip"
"宿泊容量メッシュ","P09-10_3725-jgd_GML.zip","P09/P09-10/P09-10_3725-jgd_GML.zip"
"宿泊容量メッシュ","P09-10_3831-jgd_GML.zip","P09/P09-10/P09-10_3831-jgd_GML.zip"
"宿泊容量メッシュ","P09-10_3926-jgd_GML.zip","P09/P09-10/P09-10_3926-jgd_GML.zip"
"宿泊容量メッシュ","P09-10_3927-jgd_GML.zip","P09/P09-10/P09-10_3927-jgd_GML.zip"
"宿泊容量メッシュ","P09-10_3928-jgd_GML.zip","P09/P09-10/P09-10_3928-jgd_GML.zip"
"宿泊容量メッシュ","P09-10_3942-jgd_GML.zip","P09/P09-10/P09-10_3942-jgd_GML.zip"
"宿泊容量メッシュ","P09-10_4027-jgd_GML.zip","P09/P09-10/P09-10_4027-jgd_GML.zip"
"宿泊容量メッシュ","P09-10_4028-jgd_GML.zip","P09/P09-10/P09-10_4028-jgd_GML.zip"
"宿泊容量メッシュ","P09-10_4042-jgd_GML.zip","P09/P09-10/P09-10_4042-jgd_GML.zip"
"宿泊容量メッシュ","P09-10_4128-jgd_GML.zip","P09/P09-10/P09-10_4128-jgd_GML.zip"
"宿泊容量メッシュ","P09-10_4129-jgd_GML.zip","P09/P09-10/P09-10_4129-jgd_GML.zip"
"宿泊容量メッシュ","P09-10_4229-jgd_GML.zip","P09/P09-10/P09-10_4229-jgd_GML.zip"
"宿泊容量メッシュ","P09-10_4429-jgd_GML.zip","P09/P09-10/P09-10_4429-jgd_GML.zip"
"宿泊容量メッシュ","P09-10_4530-jgd_GML.zip","P09/P09-10/P09-10_4530-jgd_GML.zip"
"宿泊容量メッシュ","P09-10_4630-jgd_GML.zip","P09/P09-10/P09-10_4630-jgd_GML.zip"
"宿泊容量メッシュ","P09-10_4631-jgd_GML.zip","P09/P09-10/P09-10_4631-jgd_GML.zip"
"宿泊容量メッシュ","P09-10_4729-jgd_GML.zip","P09/P09-10/P09-10_4729-jgd_GML.zip"
"宿泊容量メッシュ","P09-10_4730-jgd_GML.zip","P09/P09-10/P09-10_4730-jgd_GML.zip"
"宿泊容量メッシュ","P09-10_4731-jgd_GML.zip","P09/P09-10/P09-10_4731-jgd_GML.zip"
"宿泊容量メッシュ","P09-10_4828-jgd_GML.zip","P09/P09-10/P09-10_4828-jgd_GML.zip"
"宿泊容量メッシュ","P09-10_4829-jgd_GML.zip","P09/P09-10/P09-10_4829-jgd_GML.zip"
"宿泊容量メッシュ","P09-10_4830-jgd_GML.zip","P09/P09-10/P09-10_4830-jgd_GML.zip"
"宿泊容量メッシュ","P09-10_4831-jgd_GML.zip","P09/P09-10/P09-10_4831-jgd_GML.zip"
"宿泊容量メッシュ","P09-10_4928-jgd_GML.zip","P09/P09-10/P09-10_4928-jgd_GML.zip"
"宿泊容量メッシュ","P09-10_4929-jgd_GML.zip","P09/P09-10/P09-10_4929-jgd_GML.zip"
"宿泊容量メッシュ","P09-10_4930-jgd_GML.zip","P09/P09-10/P09-10_4930-jgd_GML.zip"
"宿泊容量メッシュ","P09-10_4931-jgd_GML.zip","P09/P09-10/P09-10_4931-jgd_GML.zip"
"宿泊容量メッシュ","P09-10_4932-jgd_GML.zip","P09/P09-10/P09-10_4932-jgd_GML.zip"
"宿泊容量メッシュ","P09-10_4933-jgd_GML.zip","P09/P09-10/P09-10_4933-jgd_GML.zip"
"宿泊容量メッシュ","P09-10_4934-jgd_GML.zip","P09/P09-10/P09-10_4934-jgd_GML.zip"
"宿泊容量メッシュ","P09-10_4939-jgd_GML.zip","P09/P09-10/P09-10_4939-jgd_GML.zip"
"宿泊容量メッシュ","P09-10_5029-jgd_GML.zip","P09/P09-10/P09-10_5029-jgd_GML.zip"
"宿泊容量メッシュ","P09-10_5030-jgd_GML.zip","P09/P09-10/P09-10_5030-jgd_GML.zip"
"宿泊容量メッシュ","P09-10_5031-jgd_GML.zip","P09/P09-10/P09-10_5031-jgd_GML.zip"
"宿泊容量メッシュ","P09-10_5032-jgd_GML.zip","P09/P09-10/P09-10_5032-jgd_GML.zip"
"宿泊容量メッシュ","P09-10_5033-jgd_GML.zip","P09/P09-10/P09-10_5033-jgd_GML.zip"
"宿泊容量メッシュ","P09-10_5034-jgd_GML.zip","P09/P09-10/P09-10_5034-jgd_GML.zip"
"宿泊容量メッシュ","P09-10_5035-jgd_GML.zip","P09/P09-10/P09-10_5035-jgd_GML.zip"
"宿泊容量メッシュ","P09-10_5036-jgd_GML.zip","P09/P09-10/P09-10_5036-jgd_GML.zip"
"宿泊容量メッシュ","P09-10_5129-jgd_GML.zip","P09/P09-10/P09-10_5129-jgd_GML.zip"
"宿泊容量メッシュ","P09-10_5130-jgd_GML.zip","P09/P09-10/P09-10_5130-jgd_GML.zip"
"宿泊容量メッシュ","P09-10_5131-jgd_GML.zip","P09/P09-10/P09-10_5131-jgd_GML.zip"
"宿泊容量メッシュ","P09-10_5132-jgd_GML.zip","P09/P09-10/P09-10_5132-jgd_GML.zip"
"宿泊容量メッシュ","P09-10_5133-jgd_GML.zip","P09/P09-10/P09-10_5133-jgd_GML.zip"
"宿泊容量メッシュ","P09-10_5134-jgd_GML.zip","P09/P09-10/P09-10_5134-jgd_GML.zip"
"宿泊容量メッシュ","P09-10_5135-jgd_GML.zip","P09/P09-10/P09-10_5135-jgd_GML.zip"
"宿泊容量メッシュ","P09-10_5136-jgd_GML.zip","P09/P09-10/P09-10_5136-jgd_GML.zip"
"宿泊容量メッシュ","P09-10_5137-jgd_GML.zip","P09/P09-10/P09-10_5137-jgd_GML.zip"
"宿泊容量メッシュ","P09-10_5138-jgd_GML.zip","P09/P09-10/P09-10_5138-jgd_GML.zip"
"宿泊容量メッシュ","P09-10_5139-jgd_GML.zip","P09/P09-10/P09-10_5139-jgd_GML.zip"
"宿泊容量メッシュ","P09-10_5231-jgd_GML.zip","P09/P09-10/P09-10_5231-jgd_GML.zip"
"宿泊容量メッシュ","P09-10_5232-jgd_GML.zip","P09/P09-10/P09-10_5232-jgd_GML.zip"
"宿泊容量メッシュ","P09-10_5233-jgd_GML.zip","P09/P09-10/P09-10_5233-jgd_GML.zip"
"宿泊容量メッシュ","P09-10_5234-jgd_GML.zip","P09/P09-10/P09-10_5234-jgd_GML.zip"
"宿泊容量メッシュ","P09-10_5235-jgd_GML.zip","P09/P09-10/P09-10_5235-jgd_GML.zip"
"宿泊容量メッシュ","P09-10_5236-jgd_GML.zip","P09/P09-10/P09-10_5236-jgd_GML.zip"
"宿泊容量メッシュ","P09-10_5237-jgd_GML.zip","P09/P09-10/P09-10_5237-jgd_GML.zip"
"宿泊容量メッシュ","P09-10_5238-jgd_GML.zip","P09/P09-10/P09-10_5238-jgd_GML.zip"
"宿泊容量メッシュ","P09-10_5239-jgd_GML.zip","P09/P09-10/P09-10_5239-jgd_GML.zip"
"宿泊容量メッシュ","P09-10_5240-jgd_GML.zip","P09/P09-10/P09-10_5240-jgd_GML.zip"
"宿泊容量メッシュ","P09-10_5332-jgd_GML.zip","P09/P09-10/P09-10_5332-jgd_GML.zip"
"宿泊容量メッシュ","P09-10_5333-jgd_GML.zip","P09/P09-10/P09-10_5333-jgd_GML.zip"
"宿泊容量メッシュ","P09-10_5334-jgd_GML.zip","P09/P09-10/P09-10_5334-jgd_GML.zip"
"宿泊容量メッシュ","P09-10_5335-jgd_GML.zip","P09/P09-10/P09-10_5335-jgd_GML.zip"
"宿泊容量メッシュ","P09-10_5336-jgd_GML.zip","P09/P09-10/P09-10_5336-jgd_GML.zip"
"宿泊容量メッシュ","P09-10_5337-jgd_GML.zip","P09/P09-10/P09-10_5337-jgd_GML.zip"
"宿泊容量メッシュ","P09-10_5338-jgd_GML.zip","P09/P09-10/P09-10_5338-jgd_GML.zip"
"宿泊容量メッシュ","P09-10_5339-jgd_GML.zip","P09/P09-10/P09-10_5339-jgd_GML.zip"
"宿泊容量メッシュ","P09-10_5340-jgd_GML.zip","P09/P09-10/P09-10_5340-jgd_GML.zip"
"宿泊容量メッシュ","P09-10_5432-jgd_GML.zip","P09/P09-10/P09-10_5432-jgd_GML.zip"
"宿泊容量メッシュ","P09-10_5433-jgd_GML.zip","P09/P09-10/P09-10_5433-jgd_GML.zip"
"宿泊容量メッシュ","P09-10_5435-jgd_GML.zip","P09/P09-10/P09-10_5435-jgd_GML.zip"
"宿泊容量メッシュ","P09-10_5436-jgd_GML.zip","P09/P09-10/P09-10_5436-jgd_GML.zip"
"宿泊容量メッシュ","P09-10_5437-jgd_GML.zip","P09/P09-10/P09-10_5437-jgd_GML.zip"
"宿泊容量メッシュ","P09-10_5438-jgd_GML.zip","P09/P09-10/P09-10_5438-jgd_GML.zip"
"宿泊容量メッシュ","P09-10_5439-jgd_GML.zip","P09/P09-10/P09-10_5439-jgd_GML.zip"
"宿泊容量メッシュ","P09-10_5440-jgd_GML.zip","P09/P09-10/P09-10_5440-jgd_GML.zip"
"宿泊容量メッシュ","P09-10_5536-jgd_GML.zip","P09/P09-10/P09-10_5536-jgd_GML.zip"
"宿泊容量メッシュ","P09-10_5537-jgd_GML.zip","P09/P09-10/P09-10_5537-jgd_GML.zip"
"宿泊容量メッシュ","P09-10_5538-jgd_GML.zip","P09/P09-10/P09-10_5538-jgd_GML.zip"
"宿泊容量メッシュ","P09-10_5539-jgd_GML.zip","P09/P09-10/P09-10_5539-jgd_GML.zip"
"宿泊容量メッシュ","P09-10_5540-jgd_GML.zip","P09/P09-10/P09-10_5540-jgd_GML.zip"
"宿泊容量メッシュ","P09-10_5541-jgd_GML.zip","P09/P09-10/P09-10_5541-jgd_GML.zip"
"宿泊容量メッシュ","P09-10_5636-jgd_GML.zip","P09/P09-10/P09-10_5636-jgd_GML.zip"
"宿泊容量メッシュ","P09-10_5637-jgd_GML.zip","P09/P09-10/P09-10_5637-jgd_GML.zip"
"宿泊容量メッシュ","P09-10_5638-jgd_GML.zip","P09/P09-10/P09-10_5638-jgd_GML.zip"
"宿泊容量メッシュ","P09-10_5639-jgd_GML.zip","P09/P09-10/P09-10_5639-jgd_GML.zip"
"宿泊容量メッシュ","P09-10_5640-jgd_GML.zip","P09/P09-10/P09-10_5640-jgd_GML.zip"
"宿泊容量メッシュ","P09-10_5641-jgd_GML.zip","P09/P09-10/P09-10_5641-jgd_GML.zip"
"宿泊容量メッシュ","P09-10_5738-jgd_GML.zip","P09/P09-10/P09-10_5738-jgd_GML.zip"
"宿泊容量メッシュ","P09-10_5739-jgd_GML.zip","P09/P09-10/P09-10_5739-jgd_GML.zip"
"宿泊容量メッシュ","P09-10_5740-jgd_GML.zip","P09/P09-10/P09-10_5740-jgd_GML.zip"
"宿泊容量メッシュ","P09-10_5741-jgd_GML.zip","P09/P09-10/P09-10_5741-jgd_GML.zip"
"宿泊容量メッシュ","P09-10_5839-jgd_GML.zip","P09/P09-10/P09-10_5839-jgd_GML.zip"
"宿泊容量メッシュ","P09-10_5840-jgd_GML.zip","P09/P09-10/P09-10_5840-jgd_GML.zip"
"宿泊容量メッシュ","P09-10_5841-jgd_GML.zip","P09/P09-10/P09-10_5841-jgd_GML.zip"
"宿泊容量メッシュ","P09-10_5939-jgd_GML.zip","P09/P09-10/P09-10_5939-jgd_GML.zip"
"宿泊容量メッシュ","P09-10_5940-jgd_GML.zip","P09/P09-10/P09-10_5940-jgd_GML.zip"
"宿泊容量メッシュ","P09-10_5941-jgd_GML.zip","P09/P09-10/P09-10_5941-jgd_GML.zip"
"宿泊容量メッシュ","P09-10_6039-jgd_GML.zip","P09/P09-10/P09-10_6039-jgd_GML.zip"
"宿泊容量メッシュ","P09-10_6040-jgd_GML.zip","P09/P09-10/P09-10_6040-jgd_GML.zip"
"宿泊容量メッシュ","P09-10_6041-jgd_GML.zip","P09/P09-10/P09-10_6041-jgd_GML.zip"
"宿泊容量メッシュ","P09-10_6140-jgd_GML.zip","P09/P09-10/P09-10_6140-jgd_GML.zip"
"宿泊容量メッシュ","P09-10_6141-jgd_GML.zip","P09/P09-10/P09-10_6141-jgd_GML.zip"
"宿泊容量メッシュ","P09-10_6240-jgd_GML.zip","P09/P09-10/P09-10_6240-jgd_GML.zip"
"宿泊容量メッシュ","P09-10_6241-jgd_GML.zip","P09/P09-10/P09-10_6241-jgd_GML.zip"
"宿泊容量メッシュ","P09-10_6243-jgd_GML.zip","P09/P09-10/P09-10_6243-jgd_GML.zip"
"宿泊容量メッシュ","P09-10_6339-jgd_GML.zip","P09/P09-10/P09-10_6339-jgd_GML.zip"
"宿泊容量メッシュ","P09-10_6340-jgd_GML.zip","P09/P09-10/P09-10_6340-jgd_GML.zip"
"宿泊容量メッシュ","P09-10_6341-jgd_GML.zip","P09/P09-10/P09-10_6341-jgd_GML.zip"
"宿泊容量メッシュ","P09-10_6342-jgd_GML.zip","P09/P09-10/P09-10_6342-jgd_GML.zip"
"宿泊容量メッシュ","P09-10_6343-jgd_GML.zip","P09/P09-10/P09-10_6343-jgd_GML.zip"
"宿泊容量メッシュ","P09-10_6440-jgd_GML.zip","P09/P09-10/P09-10_6440-jgd_GML.zip"
"宿泊容量メッシュ","P09-10_6441-jgd_GML.zip","P09/P09-10/P09-10_6441-jgd_GML.zip"
"宿泊容量メッシュ","P09-10_6442-jgd_GML.zip","P09/P09-10/P09-10_6442-jgd_GML.zip"
"宿泊容量メッシュ","P09-10_6443-jgd_GML.zip","P09/P09-10/P09-10_6443-jgd_GML.zip"
"宿泊容量メッシュ","P09-10_6444-jgd_GML.zip","P09/P09-10/P09-10_6444-jgd_GML.zip"
"宿泊容量メッシュ","P09-10_6445-jgd_GML.zip","P09/P09-10/P09-10_6445-jgd_GML.zip"
"宿泊容量メッシュ","P09-10_6540-jgd_GML.zip","P09/P09-10/P09-10_6540-jgd_GML.zip"
"宿泊容量メッシュ","P09-10_6541-jgd_GML.zip","P09/P09-10/P09-10_6541-jgd_GML.zip"
"宿泊容量メッシュ","P09-10_6542-jgd_GML.zip","P09/P09-10/P09-10_6542-jgd_GML.zip"
"宿泊容量メッシュ","P09-10_6543-jgd_GML.zip","P09/P09-10/P09-10_6543-jgd_GML.zip"
"宿泊容量メッシュ","P09-10_6544-jgd_GML.zip","P09/P09-10/P09-10_6544-jgd_GML.zip"
"宿泊容量メッシュ","P09-10_6545-jgd_GML.zip","P09/P09-10/P09-10_6545-jgd_GML.zip"
"宿泊容量メッシュ","P09-10_6641-jgd_GML.zip","P09/P09-10/P09-10_6641-jgd_GML.zip"
"宿泊容量メッシュ","P09-10_6642-jgd_GML.zip","P09/P09-10/P09-10_6642-jgd_GML.zip"
"宿泊容量メッシュ","P09-10_6643-jgd_GML.zip","P09/P09-10/P09-10_6643-jgd_GML.zip"
"宿泊容量メッシュ","P09-10_6644-jgd_GML.zip","P09/P09-10/P09-10_6644-jgd_GML.zip"
"宿泊容量メッシュ","P09-10_6645-jgd_GML.zip","P09/P09-10/P09-10_6645-jgd_GML.zip"
"宿泊容量メッシュ","P09-10_6741-jgd_GML.zip","P09/P09-10/P09-10_6741-jgd_GML.zip"
"宿泊容量メッシュ","P09-10_6742-jgd_GML.zip","P09/P09-10/P09-10_6742-jgd_GML.zip"
"宿泊容量メッシュ","P09-10_6841-jgd_GML.zip","P09/P09-10/P09-10_6841-jgd_GML.zip"
"道路","N13-24_3622_GEOJSON.zip","N13/N13-24/N13-24_3622_GEOJSON.zip"
"道路","N13-24_3623_GEOJSON.zip","N13/N13-24/N13-24_3623_GEOJSON.zip"
"道路","N13-24_3624_GEOJSON.zip","N13/N13-24/N13-24_3624_GEOJSON.zip"
"道路","N13-24_3631_GEOJSON.zip","N13/N13-24/N13-24_3631_GEOJSON.zip"
"道路","N13-24_3653_GEOJSON.zip","N13/N13-24/N13-24_3653_GEOJSON.zip"
"道路","N13-24_3724_GEOJSON.zip","N13/N13-24/N13-24_3724_GEOJSON.zip"
"道路","N13-24_3725_GEOJSON.zip","N13/N13-24/N13-24_3725_GEOJSON.zip"
"道路","N13-24_3741_GEOJSON.zip","N13/N13-24/N13-24_3741_GEOJSON.zip"
"道路","N13-24_3831_GEOJSON.zip","N13/N13-24/N13-24_3831_GEOJSON.zip"
"道路","N13-24_3926_GEOJSON.zip","N13/N13-24/N13-24_3926_GEOJSON.zip"
"道路","N13-24_3927_GEOJSON.zip","N13/N13-24/N13-24_3927_GEOJSON.zip"
"道路","N13-24_3928_GEOJSON.zip","N13/N13-24/N13-24_3928_GEOJSON.zip"
"道路","N13-24_3942_GEOJSON.zip","N13/N13-24/N13-24_3942_GEOJSON.zip"
"道路","N13-24_4027_GEOJSON.zip","N13/N13-24/N13-24_4027_GEOJSON.zip"
"道路","N13-24_4028_GEOJSON.zip","N13/N13-24/N13-24_4028_GEOJSON.zip"
"道路","N13-24_4042_GEOJSON.zip","N13/N13-24/N13-24_4042_GEOJSON.zip"
"道路","N13-24_4128_GEOJSON.zip","N13/N13-24/N13-24_4128_GEOJSON.zip"
"道路","N13-24_4129_GEOJSON.zip","N13/N13-24/N13-24_4129_GEOJSON.zip"
"道路","N13-24_4229_GEOJSON.zip","N13/N13-24/N13-24_4229_GEOJSON.zip"
"道路","N13-24_4230_GEOJSON.zip","N13/N13-24/N13-24_4230_GEOJSON.zip"
"道路","N13-24_4329_GEOJSON.zip","N13/N13-24/N13-24_4329_GEOJSON.zip"
"道路","N13-24_4429_GEOJSON.zip","N13/N13-24/N13-24_4429_GEOJSON.zip"
"道路","N13-24_4529_GEOJSON.zip","N13/N13-24/N13-24_4529_GEOJSON.zip"
"道路","N13-24_4530_GEOJSON.zip","N13/N13-24/N13-24_4530_GEOJSON.zip"
"道路","N13-24_4531_GEOJSON.zip","N13/N13-24/N13-24_4531_GEOJSON.zip"
"道路","N13-24_4540_GEOJSON.zip","N13/N13-24/N13-24_4540_GEOJSON.zip"
"道路","N13-24_4629_GEOJSON.zip","N13/N13-24/N13-24_4629_GEOJSON.zip"
"道路","N13-24_4630_GEOJSON.zip","N13/N13-24/N13-24_4630_GEOJSON.zip"
"道路","N13-24_4631_GEOJSON.zip","N13/N13-24/N13-24_4631_GEOJSON.zip"
"道路","N13-24_4728_GEOJSON.zip","N13/N13-24/N13-24_4728_GEOJSON.zip"
"道路","N13-24_4729_GEOJSON.zip","N13/N13-24/N13-24_4729_GEOJSON.zip"
"道路","N13-24_4730_GEOJSON.zip","N13/N13-24/N13-24_4730_GEOJSON.zip"
"道路","N13-24_4731_GEOJSON.zip","N13/N13-24/N13-24_4731_GEOJSON.zip"
"道路","N13-24_4828_GEOJSON.zip","N13/N13-24/N13-24_4828_GEOJSON.zip"
"道路","N13-24_4829_GEOJSON.zip","N13/N13-24/N13-24_4829_GEOJSON.zip"
"道路","N13-24_4830_GEOJSON.zip","N13/N13-24/N13-24_4830_GEOJSON.zip"
"道路","N13-24_4831_GEOJSON.zip","N13/N13-24/N13-24_4831_GEOJSON.zip"
"道路","N13-24_4839_GEOJSON.zip","N13/N13-24/N13-24_4839_GEOJSON.zip"
"道路","N13-24_4928_GEOJSON.zip","N13/N13-24/N13-24_4928_GEOJSON.zip"
"道路","N13-24_4929_GEOJSON.zip","N13/N13-24/N13-24_4929_GEOJSON.zip"
"道路","N13-24_4930_GEOJSON.zip","N13/N13-24/N13-24_4930_GEOJSON.zip"
"道路","N13-24_4931_GEOJSON.zip","N13/N13-24/N13-24_4931_GEOJSON.zip"
"道路","N13-24_4932_GEOJSON.zip","N13/N13-24/N13-24_4932_GEOJSON.zip"
"道路","N13-24_4933_GEOJSON.zip","N13/N13-24/N13-24_4933_GEOJSON.zip"
"道路","N13-24_4934_GEOJSON.zip","N13/N13-24/N13-24_4934_GEOJSON.zip"
"道路","N13-24_4939_GEOJSON.zip","N13/N13-24/N13-24_4939_GEOJSON.zip"
"道路","N13-24_5029_GEOJSON.zip","N13/N13-24/N13-24_5029_GEOJSON.zip"
"道路","N13-24_5030_GEOJSON.zip","N13/N13-24/N13-24_5030_GEOJSON.zip"
"道路","N13-24_5031_GEOJSON.zip","N13/N13-24/N13-24_5031_GEOJSON.zip"
"道路","N13-24_5032_GEOJSON.zip","N13/N13-24/N13-24_5032_GEOJSON.zip"
"道路","N13-24_5033_GEOJSON.zip","N13/N13-24/N13-24_5033_GEOJSON.zip"
"道路","N13-24_5034_GEOJSON.zip","N13/N13-24/N13-24_5034_GEOJSON.zip"
"道路","N13-24_5035_GEOJSON.zip","N13/N13-24/N13-24_5035_GEOJSON.zip"
"道路","N13-24_5036_GEOJSON.zip","N13/N13-24/N13-24_5036_GEOJSON.zip"
"道路","N13-24_5039_GEOJSON.zip","N13/N13-24/N13-24_5039_GEOJSON.zip"
"道路","N13-24_5129_GEOJSON.zip","N13/N13-24/N13-24_5129_GEOJSON.zip"
"道路","N13-24_5130_GEOJSON.zip","N13/N13-24/N13-24_5130_GEOJSON.zip"
"道路","N13-24_5131_GEOJSON.zip","N13/N13-24/N13-24_5131_GEOJSON.zip"
"道路","N13-24_5132_GEOJSON.zip","N13/N13-24/N13-24_5132_GEOJSON.zip"
"道路","N13-24_5133_GEOJSON.zip","N13/N13-24/N13-24_5133_GEOJSON.zip"
"道路","N13-24_5134_GEOJSON.zip","N13/N13-24/N13-24_5134_GEOJSON.zip"
"道路","N13-24_5135_GEOJSON.zip","N13/N13-24/N13-24_5135_GEOJSON.zip"
"道路","N13-24_5136_GEOJSON.zip","N13/N13-24/N13-24_5136_GEOJSON.zip"
"道路","N13-24_5137_GEOJSON.zip","N13/N13-24/N13-24_5137_GEOJSON.zip"
"道路","N13-24_5138_GEOJSON.zip","N13/N13-24/N13-24_5138_GEOJSON.zip"
"道路","N13-24_5139_GEOJSON.zip","N13/N13-24/N13-24_5139_GEOJSON.zip"
"道路","N13-24_5229_GEOJSON.zip","N13/N13-24/N13-24_5229_GEOJSON.zip"
"道路","N13-24_5231_GEOJSON.zip","N13/N13-24/N13-24_5231_GEOJSON.zip"
"道路","N13-24_5232_GEOJSON.zip","N13/N13-24/N13-24_5232_GEOJSON.zip"
"道路","N13-24_5233_GEOJSON.zip","N13/N13-24/N13-24_5233_GEOJSON.zip"
"道路","N13-24_5234_GEOJSON.zip","N13/N13-24/N13-24_5234_GEOJSON.zip"
"道路","N13-24_5235_GEOJSON.zip","N13/N13-24/N13-24_5235_GEOJSON.zip"
"道路","N13-24_5236_GEOJSON.zip","N13/N13-24/N13-24_5236_GEOJSON.zip"
"道路","N13-24_5237_GEOJSON.zip","N13/N13-24/N13-24_5237_GEOJSON.zip"
"道路","N13-24_5238_GEOJSON.zip","N13/N13-24/N13-24_5238_GEOJSON.zip"
"道路","N13-24_5239_GEOJSON.zip","N13/N13-24/N13-24_5239_GEOJSON.zip"
"道路","N13-24_5240_GEOJSON.zip","N13/N13-24/N13-24_5240_GEOJSON.zip"
"道路","N13-24_5332_GEOJSON.zip","N13/N13-24/N13-24_5332_GEOJSON.zip"
"道路","N13-24_5333_GEOJSON.zip","N13/N13-24/N13-24_5333_GEOJSON.zip"
"道路","N13-24_5334_GEOJSON.zip","N13/N13-24/N13-24_5334_GEOJSON.zip"
"道路","N13-24_5335_GEOJSON.zip","N13/N13-24/N13-24_5335_GEOJSON.zip"
"道路","N13-24_5336_GEOJSON.zip","N13/N13-24/N13-24_5336_GEOJSON.zip"
"道路","N13-24_5337_GEOJSON.zip","N13/N13-24/N13-24_5337_GEOJSON.zip"
"道路","N13-24_5338_GEOJSON.zip","N13/N13-24/N13-24_5338_GEOJSON.zip"
"道路","N13-24_5339_GEOJSON.zip","N13/N13-24/N13-24_5339_GEOJSON.zip"
"道路","N13-24_5340_GEOJSON.zip","N13/N13-24/N13-24_5340_GEOJSON.zip"
"道路","N13-24_5432_GEOJSON.zip","N13/N13-24/N13-24_5432_GEOJSON.zip"
"道路","N13-24_5433_GEOJSON.zip","N13/N13-24/N13-24_5433_GEOJSON.zip"
"道路","N13-24_5435_GEOJSON.zip","N13/N13-24/N13-24_5435_GEOJSON.zip"
"道路","N13-24_5436_GEOJSON.zip","N13/N13-24/N13-24_5436_GEOJSON.zip"
"道路","N13-24_5437_GEOJSON.zip","N13/N13-24/N13-24_5437_GEOJSON.zip"
"道路","N13-24_5438_GEOJSON.zip","N13/N13-24/N13-24_5438_GEOJSON.zip"
"道路","N13-24_5439_GEOJSON.zip","N13/N13-24/N13-24_5439_GEOJSON.zip"
"道路","N13-24_5440_GEOJSON.zip","N13/N13-24/N13-24_5440_GEOJSON.zip"
"道路","N13-24_5536_GEOJSON.zip","N13/N13-24/N13-24_5536_GEOJSON.zip"
"道路","N13-24_5537_GEOJSON.zip","N13/N13-24/N13-24_5537_GEOJSON.zip"
"道路","N13-24_5538_GEOJSON.zip","N13/N13-24/N13-24_5538_GEOJSON.zip"
"道路","N13-24_5539_GEOJSON.zip","N13/N13-24/N13-24_5539_GEOJSON.zip"
"道路","N13-24_5540_GEOJSON.zip","N13/N13-24/N13-24_5540_GEOJSON.zip"
"道路","N13-24_5541_GEOJSON.zip","N13/N13-24/N13-24_5541_GEOJSON.zip"
"道路","N13-24_5636_GEOJSON.zip","N13/N13-24/N13-24_5636_GEOJSON.zip"
"道路","N13-24_5637_GEOJSON.zip","N13/N13-24/N13-24_5637_GEOJSON.zip"
"道路","N13-24_5638_GEOJSON.zip","N13/N13-24/N13-24_5638_GEOJSON.zip"
"道路","N13-24_5639_GEOJSON.zip","N13/N13-24/N13-24_5639_GEOJSON.zip"
"道路","N13-24_5640_GEOJSON.zip","N13/N13-24/N13-24_5640_GEOJSON.zip"
"道路","N13-24_5641_GEOJSON.zip","N13/N13-24/N13-24_5641_GEOJSON.zip"
"道路","N13-24_5738_GEOJSON.zip","N13/N13-24/N13-24_5738_GEOJSON.zip"
"道路","N13-24_5739_GEOJSON.zip","N13/N13-24/N13-24_5739_GEOJSON.zip"
"道路","N13-24_5740_GEOJSON.zip","N13/N13-24/N13-24_5740_GEOJSON.zip"
"道路","N13-24_5741_GEOJSON.zip","N13/N13-24/N13-24_5741_GEOJSON.zip"
"道路","N13-24_5839_GEOJSON.zip","N13/N13-24/N13-24_5839_GEOJSON.zip"
"道路","N13-24_5840_GEOJSON.zip","N13/N13-24/N13-24_5840_GEOJSON.zip"
"道路","N13-24_5841_GEOJSON.zip","N13/N13-24/N13-24_5841_GEOJSON.zip"
"道路","N13-24_5939_GEOJSON.zip","N13/N13-24/N13-24_5939_GEOJSON.zip"
"道路","N13-24_5940_GEOJSON.zip","N13/N13-24/N13-24_5940_GEOJSON.zip"
"道路","N13-24_5941_GEOJSON.zip","N13/N13-24/N13-24_5941_GEOJSON.zip"
"道路","N13-24_5942_GEOJSON.zip","N13/N13-24/N13-24_5942_GEOJSON.zip"
"道路","N13-24_6039_GEOJSON.zip","N13/N13-24/N13-24_6039_GEOJSON.zip"
"道路","N13-24_6040_GEOJSON.zip","N13/N13-24/N13-24_6040_GEOJSON.zip"
"道路","N13-24_6041_GEOJSON.zip","N13/N13-24/N13-24_6041_GEOJSON.zip"
"道路","N13-24_6139_GEOJSON.zip","N13/N13-24/N13-24_6139_GEOJSON.zip"
"道路","N13-24_6140_GEOJSON.zip","N13/N13-24/N13-24_6140_GEOJSON.zip"
"道路","N13-24_6141_GEOJSON.zip","N13/N13-24/N13-24_6141_GEOJSON.zip"
"道路","N13-24_6239_GEOJSON.zip","N13/N13-24/N13-24_6239_GEOJSON.zip"
"道路","N13-24_6240_GEOJSON.zip","N13/N13-24/N13-24_6240_GEOJSON.zip"
"道路","N13-24_6241_GEOJSON.zip","N13/N13-24/N13-24_6241_GEOJSON.zip"
"道路","N13-24_6243_GEOJSON.zip","N13/N13-24/N13-24_6243_GEOJSON.zip"
"道路","N13-24_6339_GEOJSON.zip","N13/N13-24/N13-24_6339_GEOJSON.zip"
"道路","N13-24_6340_GEOJSON.zip","N13/N13-24/N13-24_6340_GEOJSON.zip"
"道路","N13-24_6341_GEOJSON.zip","N13/N13-24/N13-24_6341_GEOJSON.zip"
"道路","N13-24_6342_GEOJSON.zip","N13/N13-24/N13-24_6342_GEOJSON.zip"
"道路","N13-24_6343_GEOJSON.zip","N13/N13-24/N13-24_6343_GEOJSON.zip"
"道路","N13-24_6439_GEOJSON.zip","N13/N13-24/N13-24_6439_GEOJSON.zip"
"道路","N13-24_6440_GEOJSON.zip","N13/N13-24/N13-24_6440_GEOJSON.zip"
"道路","N13-24_6441_GEOJSON.zip","N13/N13-24/N13-24_6441_GEOJSON.zip"
"道路","N13-24_6442_GEOJSON.zip","N13/N13-24/N13-24_6442_GEOJSON.zip"
"道路","N13-24_6443_GEOJSON.zip","N13/N13-24/N13-24_6443_GEOJSON.zip"
"道路","N13-24_6444_GEOJSON.zip","N13/N13-24/N13-24_6444_GEOJSON.zip"
"道路","N13-24_6445_GEOJSON.zip","N13/N13-24/N13-24_6445_GEOJSON.zip"
"道路","N13-24_6540_GEOJSON.zip","N13/N13-24/N13-24_6540_GEOJSON.zip"
"道路","N13-24_6541_GEOJSON.zip","N13/N13-24/N13-24_6541_GEOJSON.zip"
"道路","N13-24_6542_GEOJSON.zip","N13/N13-24/N13-24_6542_GEOJSON.zip"
"道路","N13-24_6543_GEOJSON.zip","N13/N13-24/N13-24_6543_GEOJSON.zip"
"道路","N13-24_6544_GEOJSON.zip","N13/N13-24/N13-24_6544_GEOJSON.zip"
"道路","N13-24_6545_GEOJSON.zip","N13/N13-24/N13-24_6545_GEOJSON.zip"
"道路","N13-24_6546_GEOJSON.zip","N13/N13-24/N13-24_6546_GEOJSON.zip"
"道路","N13-24_6641_GEOJSON.zip","N13/N13-24/N13-24_6641_GEOJSON.zip"
"道路","N13-24_6642_GEOJSON.zip","N13/N13-24/N13-24_6642_GEOJSON.zip"
"道路","N13-24_6643_GEOJSON.zip","N13/N13-24/N13-24_6643_GEOJSON.zip"
"道路","N13-24_6644_GEOJSON.zip","N13/N13-24/N13-24_6644_GEOJSON.zip"
"道路","N13-24_6645_GEOJSON.zip","N13/N13-24/N13-24_6645_GEOJSON.zip"
"道路","N13-24_6646_GEOJSON.zip","N13/N13-24/N13-24_6646_GEOJSON.zip"
"道路","N13-24_6741_GEOJSON.zip","N13/N13-24/N13-24_6741_GEOJSON.zip"
"道路","N13-24_6742_GEOJSON.zip","N13/N13-24/N13-24_6742_GEOJSON.zip"
"道路","N13-24_6747_GEOJSON.zip","N13/N13-24/N13-24_6747_GEOJSON.zip"
"道路","N13-24_6748_GEOJSON.zip","N13/N13-24/N13-24_6748_GEOJSON.zip"
"道路","N13-24_6840_GEOJSON.zip","N13/N13-24/N13-24_6840_GEOJSON.zip"
"道路","N13-24_6841_GEOJSON.zip","N13/N13-24/N13-24_6841_GEOJSON.zip"
"道路","N13-24_6842_GEOJSON.zip","N13/N13-24/N13-24_6842_GEOJSON.zip"
"道路","N13-24_6848_GEOJSON.zip","N13/N13-24/N13-24_6848_GEOJSON.zip"
"道路密度・道路延長メッシュ","N04-10_3622-jgd_GML.zip","N04/N04-10/N04-10_3622-jgd_GML.zip"
"道路密度・道路延長メッシュ","N04-10_3623-jgd_GML.zip","N04/N04-10/N04-10_3623-jgd_GML.zip"
"道路密度・道路延長メッシュ","N04-10_3624-jgd_GML.zip","N04/N04-10/N04-10_3624-jgd_GML.zip"
"道路密度・道路延長メッシュ","N04-78_3631-tky_GML.zip","N04/N04-78/N04-78_3631-tky_GML.zip"
"道路密度・道路延長メッシュ","N04-78_3641-tky_GML.zip","N04/N04-78/N04-78_3641-tky_GML.zip"
"道路密度・道路延長メッシュ","N04-10_3653-jgd_GML.zip","N04/N04-10/N04-10_3653-jgd_GML.zip"
"道路密度・道路延長メッシュ","N04-10_3724-jgd_GML.zip","N04/N04-10/N04-10_3724-jgd_GML.zip"
"道路密度・道路延長メッシュ","N04-10_3725-jgd_GML.zip","N04/N04-10/N04-10_3725-jgd_GML.zip"
"道路密度・道路延長メッシュ","N04-10_3741-jgd_GML.zip","N04/N04-10/N04-10_3741-jgd_GML.zip"
"道路密度・道路延長メッシュ","N04-78_3823-tky_GML.zip","N04/N04-78/N04-78_3823-tky_GML.zip"
"道路密度・道路延長メッシュ","N04-78_3824-tky_GML.zip","N04/N04-78/N04-78_3824-tky_GML.zip"
"道路密度・道路延長メッシュ","N04-10_3831-jgd_GML.zip","N04/N04-10/N04-10_3831-jgd_GML.zip"
"道路密度・道路延長メッシュ","N04-78_3841-tky_GML.zip","N04/N04-78/N04-78_3841-tky_GML.zip"
"道路密度・道路延長メッシュ","N04-10_3926-jgd_GML.zip","N04/N04-10/N04-10_3926-jgd_GML.zip"
"道路密度・道路延長メッシュ","N04-10_3927-jgd_GML.zip","N04/N04-10/N04-10_3927-jgd_GML.zip"
"道路密度・道路延長メッシュ","N04-10_3928-jgd_GML.zip","N04/N04-10/N04-10_3928-jgd_GML.zip"
"道路密度・道路延長メッシュ","N04-10_3942-jgd_GML.zip","N04/N04-10/N04-10_3942-jgd_GML.zip"
"道路密度・道路延長メッシュ","N04-10_4027-jgd_GML.zip","N04/N04-10/N04-10_4027-jgd_GML.zip"
"道路密度・道路延長メッシュ","N04-10_4028-jgd_GML.zip","N04/N04-10/N04-10_4028-jgd_GML.zip"
"道路密度・道路延長メッシュ","N04-78_4040-tky_GML.zip","N04/N04-78/N04-78_4040-tky_GML.zip"
"道路密度・道路延長メッシュ","N04-10_4042-jgd_GML.zip","N04/N04-10/N04-10_4042-jgd_GML.zip"
"道路密度・道路延長メッシュ","N04-10_4128-jgd_GML.zip","N04/N04-10/N04-10_4128-jgd_GML.zip"
"道路密度・道路延長メッシュ","N04-10_4129-jgd_GML.zip","N04/N04-10/N04-10_4129-jgd_GML.zip"
"道路密度・道路延長メッシュ","N04-78_4142-tky_GML.zip","N04/N04-78/N04-78_4142-tky_GML.zip"
"道路密度・道路延長メッシュ","N04-10_4229-jgd_GML.zip","N04/N04-10/N04-10_4229-jgd_GML.zip"
"道路密度・道路延長メッシュ","N04-10_4230-jgd_GML.zip","N04/N04-10/N04-10_4230-jgd_GML.zip"
"道路密度・道路延長メッシュ","N04-78_4328-tky_GML.zip","N04/N04-78/N04-78_4328-tky_GML.zip"
"道路密度・道路延長メッシュ","N04-10_4329-jgd_GML.zip","N04/N04-10/N04-10_4329-jgd_GML.zip"
"道路密度・道路延長メッシュ","N04-10_4429-jgd_GML.zip","N04/N04-10/N04-10_4429-jgd_GML.zip"
"道路密度・道路延長メッシュ","N04-10_4529-jgd_GML.zip","N04/N04-10/N04-10_4529-jgd_GML.zip"
"道路密度・道路延長メッシュ","N04-10_4530-jgd_GML.zip","N04/N04-10/N04-10_4530-jgd_GML.zip"
"道路密度・道路延長メッシュ","N04-10_4531-jgd_GML.zip","N04/N04-10/N04-10_4531-jgd_GML.zip"
"道路密度・道路延長メッシュ","N04-78_4540-tky_GML.zip","N04/N04-78/N04-78_4540-tky_GML.zip"
"道路密度・道路延長メッシュ","N04-10_4629-jgd_GML.zip","N04/N04-10/N04-10_4629-jgd_GML.zip"
"道路密度・道路延長メッシュ","N04-10_4630-jgd_GML.zip","N04/N04-10/N04-10_4630-jgd_GML.zip"
"道路密度・道路延長メッシュ","N04-10_4631-jgd_GML.zip","N04/N04-10/N04-10_4631-jgd_GML.zip"
"道路密度・道路延長メッシュ","N04-78_4728-tky_GML.zip","N04/N04-78/N04-78_4728-tky_GML.zip"
"道路密度・道路延長メッシュ","N04-10_4729-jgd_GML.zip","N04/N04-10/N04-10_4729-jgd_GML.zip"
"道路密度・道路延長メッシュ","N04-10_4730-jgd_GML.zip","N04/N04-10/N04-10_4730-jgd_GML.zip"
"道路密度・道路延長メッシュ","N04-10_4731-jgd_GML.zip","N04/N04-10/N04-10_4731-jgd_GML.zip"
"道路密度・道路延長メッシュ","N04-78_4740-tky_GML.zip","N04/N04-78/N04-78_4740-tky_GML.zip"
"道路密度・道路延長メッシュ","N04-10_4828-jgd_GML.zip","N04/N04-10/N04-10_4828-jgd_GML.zip"
"道路密度・道路延長メッシュ","N04-10_4829-jgd_GML.zip","N04/N04-10/N04-10_4829-jgd_GML.zip"
"道路密度・道路延長メッシュ","N04-10_4830-jgd_GML.zip","N04/N04-10/N04-10_4830-jgd_GML.zip"
"道路密度・道路延長メッシュ","N04-10_4831-jgd_GML.zip","N04/N04-10/N04-10_4831-jgd_GML.zip"
"道路密度・道路延長メッシュ","N04-10_4839-jgd_GML.zip","N04/N04-10/N04-10_4839-jgd_GML.zip"
"道路密度・道路延長メッシュ","N04-10_4928-jgd_GML.zip","N04/N04-10/N04-10_4928-jgd_GML.zip"
"道路密度・道路延長メッシュ","N04-10_4929-jgd_GML.zip","N04/N04-10/N04-10_4929-jgd_GML.zip"
"道路密度・道路延長メッシュ","N04-10_4930-jgd_GML.zip","N04/N04-10/N04-10_4930-jgd_GML.zip"
"道路密度・道路延長メッシュ","N04-10_4931-jgd_GML.zip","N04/N04-10/N04-10_4931-jgd_GML.zip"
"道路密度・道路延長メッシュ","N04-10_4932-jgd_GML.zip","N04/N04-10/N04-10_4932-jgd_GML.zip"
"道路密度・道路延長メッシュ","N04-10_4933-jgd_GML.zip","N04/N04-10/N04-10_4933-jgd_GML.zip"
"道路密度・道路延長メッシュ","N04-10_4934-jgd_GML.zip","N04/N04-10/N04-10_4934-jgd_GML.zip"
"道路密度・道路延長メッシュ","N04-10_4939-jgd_GML.zip","N04/N04-10/N04-10_4939-jgd_GML.zip"
"道路密度・道路延長メッシュ","N04-10_5029-jgd_GML.zip","N04/N04-10/N04-10_5029-jgd_GML.zip"
"道路密度・道路延長メッシュ","N04-10_5030-jgd_GML.zip","N04/N04-10/N04-10_5030-jgd_GML.zip"
"道路密度・道路延長メッシュ","N04-10_5031-jgd_GML.zip","N04/N04-10/N04-10_5031-jgd_GML.zip"
"道路密度・道路延長メッシュ","N04-10_5032-jgd_GML.zip","N04/N04-10/N04-10_5032-jgd_GML.zip"
"道路密度・道路延長メッシュ","N04-10_5033-jgd_GML.zip","N04/N04-10/N04-10_5033-jgd_GML.zip"
"道路密度・道路延長メッシュ","N04-10_5034-jgd_GML.zip","N04/N04-10/N04-10_5034-jgd_GML.zip"
"道路密度・道路延長メッシュ","N04-10_5035-jgd_GML.zip","N04/N04-10/N04-10_5035-jgd_GML.zip"
"道路密度・道路延長メッシュ","N04-10_5036-jgd_GML.zip","N04/N04-10/N04-10_5036-jgd_GML.zip"
"道路密度・道路延長メッシュ","N04-10_5039-jgd_GML.zip","N04/N04-10/N04-10_5039-jgd_GML.zip"
"道路密度・道路延長メッシュ","N04-10_5129-jgd_GML.zip","N04/N04-10/N04-10_5129-jgd_GML.zip"
"道路密度・道路延長メッシュ","N04-10_5130-jgd_GML.zip","N04/N04-10/N04-10_5130-jgd_GML.zip"
"道路密度・道路延長メッシュ","N04-10_5131-jgd_GML.zip","N04/N04-10/N04-10_5131-jgd_GML.zip"
"道路密度・道路延長メッシュ","N04-10_5132-jgd_GML.zip","N04/N04-10/N04-10_5132-jgd_GML.zip"
"道路密度・道路延長メッシュ","N04-10_5133-jgd_GML.zip","N04/N04-10/N04-10_5133-jgd_GML.zip"
"道路密度・道路延長メッシュ","N04-10_5134-jgd_GML.zip","N04/N04-10/N04-10_5134-jgd_GML.zip"
"道路密度・道路延長メッシュ","N04-10_5135-jgd_GML.zip","N04/N04-10/N04-10_5135-jgd_GML.zip"
"道路密度・道路延長メッシュ","N04-10_5136-jgd_GML.zip","N04/N04-10/N04-10_5136-jgd_GML.zip"
"道路密度・道路延長メッシュ","N04-10_5137-jgd_GML.zip","N04/N04-10/N04-10_5137-jgd_GML.zip"
"道路密度・道路延長メッシュ","N04-10_5138-jgd_GML.zip","N04/N04-10/N04-10_5138-jgd_GML.zip"
"道路密度・道路延長メッシュ","N04-10_5139-jgd_GML.zip","N04/N04-10/N04-10_5139-jgd_GML.zip"
"道路密度・道路延長メッシュ","N04-10_5229-jgd_GML.zip","N04/N04-10/N04-10_5229-jgd_GML.zip"
"道路密度・道路延長メッシュ","N04-10_5231-jgd_GML.zip","N04/N04-10/N04-10_5231-jgd_GML.zip"
"道路密度・道路延長メッシュ","N04-10_5232-jgd_GML.zip","N04/N04-10/N04-10_5232-jgd_GML.zip"
"道路密度・道路延長メッシュ","N04-10_5233-jgd_GML.zip","N04/N04-10/N04-10_5233-jgd_GML.zip"
"道路密度・道路延長メッシュ","N04-10_5234-jgd_GML.zip","N04/N04-10/N04-10_5234-jgd_GML.zip"
"道路密度・道路延長メッシュ","N04-10_5235-jgd_GML.zip","N04/N04-10/N04-10_5235-jgd_GML.zip"
"道路密度・道路延長メッシュ","N04-10_5236-jgd_GML.zip","N04/N04-10/N04-10_5236-jgd_GML.zip"
"道路密度・道路延長メッシュ","N04-10_5237-jgd_GML.zip","N04/N04-10/N04-10_5237-jgd_GML.zip"
"道路密度・道路延長メッシュ","N04-10_5238-jgd_GML.zip","N04/N04-10/N04-10_5238-jgd_GML.zip"
"道路密度・道路延長メッシュ","N04-10_5239-jgd_GML.zip","N04/N04-10/N04-10_5239-jgd_GML.zip"
"道路密度・道路延長メッシュ","N04-10_5240-jgd_GML.zip","N04/N04-10/N04-10_5240-jgd_GML.zip"
"道路密度・道路延長メッシュ","N04-10_5332-jgd_GML.zip","N04/N04-10/N04-10_5332-jgd_GML.zip"
"道路密度・道路延長メッシュ","N04-10_5333-jgd_GML.zip","N04/N04-10/N04-10_5333-jgd_GML.zip"
"道路密度・道路延長メッシュ","N04-10_5334-jgd_GML.zip","N04/N04-10/N04-10_5334-jgd_GML.zip"
"道路密度・道路延長メッシュ","N04-10_5335-jgd_GML.zip","N04/N04-10/N04-10_5335-jgd_GML.zip"
"道路密度・道路延長メッシュ","N04-10_5336-jgd_GML.zip","N04/N04-10/N04-10_5336-jgd_GML.zip"
"道路密度・道路延長メッシュ","N04-10_5337-jgd_GML.zip","N04/N04-10/N04-10_5337-jgd_GML.zip"
"道路密度・道路延長メッシュ","N04-10_5338-jgd_GML.zip","N04/N04-10/N04-10_5338-jgd_GML.zip"
"道路密度・道路延長メッシュ","N04-10_5339-jgd_GML.zip","N04/N04-10/N04-10_5339-jgd_GML.zip"
"道路密度・道路延長メッシュ","N04-10_5340-jgd_GML.zip","N04/N04-10/N04-10_5340-jgd_GML.zip"
"道路密度・道路延長メッシュ","N04-10_5432-jgd_GML.zip","N04/N04-10/N04-10_5432-jgd_GML.zip"
"道路密度・道路延長メッシュ","N04-10_5433-jgd_GML.zip","N04/N04-10/N04-10_5433-jgd_GML.zip"
"道路密度・道路延長メッシュ","N04-10_5435-jgd_GML.zip","N04/N04-10/N04-10_5435-jgd_GML.zip"
"道路密度・道路延長メッシュ","N04-10_5436-jgd_GML.zip","N04/N04-10/N04-10_5436-jgd_GML.zip"
"道路密度・道路延長メッシュ","N04-10_5437-jgd_GML.zip","N04/N04-10/N04-10_5437-jgd_GML.zip"
"道路密度・道路延長メッシュ","N04-10_5438-jgd_GML.zip","N04/N04-10/N04-10_5438-jgd_GML.zip"
"道路密度・道路延長メッシュ","N04-10_5439-jgd_GML.zip","N04/N04-10/N04-10_5439-jgd_GML.zip"
"道路密度・道路延長メッシュ","N04-10_5440-jgd_GML.zip","N04/N04-10/N04-10_5440-jgd_GML.zip"
"道路密度・道路延長メッシュ","N04-78_5531-tky_GML.zip","N04/N04-78/N04-78_5531-tky_GML.zip"
"道路密度・道路延長メッシュ","N04-10_5536-jgd_GML.zip","N04/N04-10/N04-10_5536-jgd_GML.zip"
"道路密度・道路延長メッシュ","N04-10_5537-jgd_GML.zip","N04/N04-10/N04-10_5537-jgd_GML.zip"
"道路密度・道路延長メッシュ","N04-10_5538-jgd_GML.zip","N04/N04-10/N04-10_5538-jgd_GML.zip"
"道路密度・道路延長メッシュ","N04-10_5539-jgd_GML.zip","N04/N04-10/N04-10_5539-jgd_GML.zip"
"道路密度・道路延長メッシュ","N04-10_5540-jgd_GML.zip","N04/N04-10/N04-10_5540-jgd_GML.zip"
"道路密度・道路延長メッシュ","N04-10_5541-jgd_GML.zip","N04/N04-10/N04-10_5541-jgd_GML.zip"
"道路密度・道路延長メッシュ","N04-10_5636-jgd_GML.zip","N04/N04-10/N04-10_5636-jgd_GML.zip"
"道路密度・道路延長メッシュ","N04-10_5637-jgd_GML.zip","N04/N04-10/N04-10_5637-jgd_GML.zip"
"道路密度・道路延長メッシュ","N04-10_5638-jgd_GML.zip","N04/N04-10/N04-10_5638-jgd_GML.zip"
"道路密度・道路延長メッシュ","N04-10_5639-jgd_GML.zip","N04/N04-10/N04-10_5639-jgd_GML.zip"
"道路密度・道路延長メッシュ","N04-10_5640-jgd_GML.zip","N04/N04-10/N04-10_5640-jgd_GML.zip"
"道路密度・道路延長メッシュ","N04-10_5641-jgd_GML.zip","N04/N04-10/N04-10_5641-jgd_GML.zip"
"道路密度・道路延長メッシュ","N04-10_5738-jgd_GML.zip","N04/N04-10/N04-10_5738-jgd_GML.zip"
"道路密度・道路延長メッシュ","N04-10_5739-jgd_GML.zip","N04/N04-10/N04-10_5739-jgd_GML.zip"
"道路密度・道路延長メッシュ","N04-10_5740-jgd_GML.zip","N04/N04-10/N04-10_5740-jgd_GML.zip"
"道路密度・道路延長メッシュ","N04-10_5741-jgd_GML.zip","N04/N04-10/N04-10_5741-jgd_GML.zip"
"道路密度・道路延長メッシュ","N04-10_5839-jgd_GML.zip","N04/N04-10/N04-10_5839-jgd_GML.zip"
"道路密度・道路延長メッシュ","N04-10_5840-jgd_GML.zip","N04/N04-10/N04-10_5840-jgd_GML.zip"
"道路密度・道路延長メッシュ","N04-10_5841-jgd_GML.zip","N04/N04-10/N04-10_5841-jgd_GML.zip"
"道路密度・道路延長メッシュ","N04-10_5939-jgd_GML.zip","N04/N04-10/N04-10_5939-jgd_GML.zip"
"道路密度・道路延長メッシュ","N04-10_5940-jgd_GML.zip","N04/N04-10/N04-10_5940-jgd_GML.zip"
"道路密度・道路延長メッシュ","N04-10_5941-jgd_GML.zip","N04/N04-10/N04-10_5941-jgd_GML.zip"
"道路密度・道路延長メッシュ","N04-10_5942-jgd_GML.zip","N04/N04-10/N04-10_5942-jgd_GML.zip"
"道路密度・道路延長メッシュ","N04-10_6039-jgd_GML.zip","N04/N04-10/N04-10_6039-jgd_GML.zip"
"道路密度・道路延長メッシュ","N04-10_6040-jgd_GML.zip","N04/N04-10/N04-10_6040-jgd_GML.zip"
"道路密度・道路延長メッシュ","N04-10_6041-jgd_GML.zip","N04/N04-10/N04-10_6041-jgd_GML.zip"
"道路密度・道路延長メッシュ","N04-10_6139-jgd_GML.zip","N04/N04-10/N04-10_6139-jgd_GML.zip"
"道路密度・道路延長メッシュ","N04-10_6140-jgd_GML.zip","N04/N04-10/N04-10_6140-jgd_GML.zip"
"道路密度・道路延長メッシュ","N04-10_6141-jgd_GML.zip","N04/N04-10/N04-10_6141-jgd_GML.zip"
"道路密度・道路延長メッシュ","N04-10_6239-jgd_GML.zip","N04/N04-10/N04-10_6239-jgd_GML.zip"
"道路密度・道路延長メッシュ","N04-10_6240-jgd_GML.zip","N04/N04-10/N04-10_6240-jgd_GML.zip"
"道路密度・道路延長メッシュ","N04-10_6241-jgd_GML.zip","N04/N04-10/N04-10_6241-jgd_GML.zip"
"道路密度・道路延長メッシュ","N04-10_6243-jgd_GML.zip","N04/N04-10/N04-10_6243-jgd_GML.zip"
"道路密度・道路延長メッシュ","N04-10_6339-jgd_GML.zip","N04/N04-10/N04-10_6339-jgd_GML.zip"
"道路密度・道路延長メッシュ","N04-10_6340-jgd_GML.zip","N04/N04-10/N04-10_6340-jgd_GML.zip"
"道路密度・道路延長メッシュ","N04-10_6341-jgd_GML.zip","N04/N04-10/N04-10_6341-jgd_GML.zip"
"道路密度・道路延長メッシュ","N04-10_6342-jgd_GML.zip","N04/N04-10/N04-10_6342-jgd_GML.zip"
"道路密度・道路延長メッシュ","N04-10_6343-jgd_GML.zip","N04/N04-10/N04-10_6343-jgd_GML.zip"
"道路密度・道路延長メッシュ","N04-10_6439-jgd_GML.zip","N04/N04-10/N04-10_6439-jgd_GML.zip"
"道路密度・道路延長メッシュ","N04-10_6440-jgd_GML.zip","N04/N04-10/N04-10_6440-jgd_GML.zip"
"道路密度・道路延長メッシュ","N04-10_6441-jgd_GML.zip","N04/N04-10/N04-10_6441-jgd_GML.zip"
"道路密度・道路延長メッシュ","N04-10_6442-jgd_GML.zip","N04/N04-10/N04-10_6442-jgd_GML.zip"
"道路密度・道路延長メッシュ","N04-10_6443-jgd_GML.zip","N04/N04-10/N04-10_6443-jgd_GML.zip"
"道路密度・道路延長メッシュ","N04-10_6444-jgd_GML.zip","N04/N04-10/N04-10_6444-jgd_GML.zip"
"道路密度・道路延長メッシュ","N04-10_6445-jgd_GML.zip","N04/N04-10/N04-10_6445-jgd_GML.zip"
"道路密度・道路延長メッシュ","N04-10_6540-jgd_GML.zip","N04/N04-10/N04-10_6540-jgd_GML.zip"
"道路密度・道路延長メッシュ","N04-10_6541-jgd_GML.zip","N04/N04-10/N04-10_6541-jgd_GML.zip"
"道路密度・道路延長メッシュ","N04-10_6542-jgd_GML.zip","N04/N04-10/N04-10_6542-jgd_GML.zip"
"道路密度・道路延長メッシュ","N04-10_6543-jgd_GML.zip","N04/N04-10/N04-10_6543-jgd_GML.zip"
"道路密度・道路延長メッシュ","N04-10_6544-jgd_GML.zip","N04/N04-10/N04-10_6544-jgd_GML.zip"
"道路密度・道路延長メッシュ","N04-10_6545-jgd_GML.zip","N04/N04-10/N04-10_6545-jgd_GML.zip"
"道路密度・道路延長メッシュ","N04-78_6546-tky_GML.zip","N04/N04-78/N04-78_6546-tky_GML.zip"
"道路密度・道路延長メッシュ","N04-10_6641-jgd_GML.zip","N04/N04-10/N04-10_6641-jgd_GML.zip"
"道路密度・道路延長メッシュ","N04-10_6642-jgd_GML.zip","N04/N04-10/N04-10_6642-jgd_GML.zip"
"道路密度・道路延長メッシュ","N04-10_6643-jgd_GML.zip","N04/N04-10/N04-10_6643-jgd_GML.zip"
"道路密度・道路延長メッシュ","N04-10_6644-jgd_GML.zip","N04/N04-10/N04-10_6644-jgd_GML.zip"
"道路密度・道路延長メッシュ","N04-10_6645-jgd_GML.zip","N04/N04-10/N04-10_6645-jgd_GML.zip"
"道路密度・道路延長メッシュ","N04-78_6646-tky_GML.zip","N04/N04-78/N04-78_6646-tky_GML.zip"
"道路密度・道路延長メッシュ","N04-78_6647-tky_GML.zip","N04/N04-78/N04-78_6647-tky_GML.zip"
"道路密度・道路延長メッシュ","N04-10_6741-jgd_GML.zip","N04/N04-10/N04-10_6741-jgd_GML.zip"
"道路密度・道路延長メッシュ","N04-10_6742-jgd_GML.zip","N04/N04-10/N04-10_6742-jgd_GML.zip"
"道路密度・道路延長メッシュ","N04-78_6747-tky_GML.zip","N04/N04-78/N04-78_6747-tky_GML.zip"
"道路密度・道路延長メッシュ","N04-78_6748-tky_GML.zip","N04/N04-78/N04-78_6748-tky_GML.zip"
"道路密度・道路延長メッシュ","N04-10_6840-jgd_GML.zip","N04/N04-10/N04-10_6840-jgd_GML.zip"
"道路密度・道路延長メッシュ","N04-10_6841-jgd_GML.zip","N04/N04-10/N04-10_6841-jgd_GML.zip"
"道路密度・道路延長メッシュ","N04-10_6842-jgd_GML.zip","N04/N04-10/N04-10_6842-jgd_GML.zip"
"道路密度・道路延長メッシュ","N04-78_6847-tky_GML.zip","N04/N04-78/N04-78_6847-tky_GML.zip"
"道路密度・道路延長メッシュ","N04-78_6848-tky_GML.zip","N04/N04-78/N04-78_6848-tky_GML.zip"
"1kmメッシュ別将来推計人口（R6国政局推計）","1km_mesh_2024_GEOJSON.zip","m1kr6/m1kr6-24/1km_mesh_2024_GEOJSON.zip"
"1kmメッシュ別将来推計人口（R6国政局推計）","1km_mesh_2024_52_GEOJSON.zip","m1kr6/m1kr6-24/1km_mesh_2024_52_GEOJSON.zip"
"1kmメッシュ別将来推計人口（R6国政局推計）","1km_mesh_2024_53_GEOJSON.zip","m1kr6/m1kr6-24/1km_mesh_2024_53_GEOJSON.zip"
"1kmメッシュ別将来推計人口（R6国政局推計）","1km_mesh_2024_54_GEOJSON.zip","m1kr6/m1kr6-24/1km_mesh_2024_54_GEOJSON.zip"
"1kmメッシュ別将来推計人口（R6国政局推計）","1km_mesh_2024_55_GEOJSON.zip","m1kr6/m1kr6-24/1km_mesh_2024_55_GEOJSON.zip"
"1kmメッシュ別将来推計人口（R6国政局推計）","1km_mesh_2024_56_GEOJSON.zip","m1kr6/m1kr6-24/1km_mesh_2024_56_GEOJSON.zip"
"1kmメッシュ別将来推計人口（R6国政局推計）","1km_mesh_2024_57_GEOJSON.zip","m1kr6/m1kr6-24/1km_mesh_2024_57_GEOJSON.zip"
"1kmメッシュ別将来推計人口（R6国政局推計）","1km_mesh_2024_58_GEOJSON.zip","m1kr6/m1kr6-24/1km_mesh_2024_58_GEOJSON.zip"
"1kmメッシュ別将来推計人口（R6国政局推計）","1km_mesh_2024_59_GEOJSON.zip","m1kr6/m1kr6-24/1km_mesh_2024_59_GEOJSON.zip"
"500mメッシュ別将来推計人口（R6国政局推計）","500m_mesh_2024_GEOJSON.zip","m500r6/m500r6-24/500m_mesh_2024_GEOJSON.zip"
"500mメッシュ別将来推計人口（R6国政局推計）","500m_mesh_2024_52_GEOJSON.zip","m500r6/m500r6-24/500m_mesh_2024_52_GEOJSON.zip"
"500mメッシュ別将来推計人口（R6国政局推計）","500m_mesh_2024_53_GEOJSON.zip","m500r6/m500r6-24/500m_mesh_2024_53_GEOJSON.zip"
"500mメッシュ別将来推計人口（R6国政局推計）","500m_mesh_2024_54_GEOJSON.zip","m500r6/m500r6-24/500m_mesh_2024_54_GEOJSON.zip"
"500mメッシュ別将来推計人口（R6国政局推計）","500m_mesh_2024_55_GEOJSON.zip","m500r6/m500r6-24/500m_mesh_2024_55_GEOJSON.zip"
"500mメッシュ別将来推計人口（R6国政局推計）","500m_mesh_2024_56_GEOJSON.zip","m500r6/m500r6-24/500m_mesh_2024_56_GEOJSON.zip"
"500mメッシュ別将来推計人口（R6国政局推計）","500m_mesh_2024_57_GEOJSON.zip","m500r6/m500r6-24/500m_mesh_2024_57_GEOJSON.zip"
"500mメッシュ別将来推計人口（R6国政局推計）","500m_mesh_2024_58_GEOJSON.zip","m500r6/m500r6-24/500m_mesh_2024_58_GEOJSON.zip"
"500mメッシュ別将来推計人口（R6国政局推計）","500m_mesh_2024_59_GEOJSON.zip","m500r6/m500r6-24/500m_mesh_2024_59_GEOJSON.zip"
"250mメッシュ別将来推計人口（R6国政局推計）","250m_mesh_2024_GEOJSON.zip","m250r6/m250r6-24/250m_mesh_2024_GEOJSON.zip"
"250mメッシュ別将来推計人口（R6国政局推計）","250m_mesh_2024_52_GEOJSON.zip","m250r6/m250r6-24/250m_mesh_2024_52_GEOJSON.zip"
"250mメッシュ別将来推計人口（R6国政局推計）","250m_mesh_2024_53_GEOJSON.zip","m250r6/m250r6-24/250m_mesh_2024_53_GEOJSON.zip"
"250mメッシュ別将来推計人口（R6国政局推計）","250m_mesh_2024_54_GEOJSON.zip","m250r6/m250r6-24/250m_mesh_2024_54_GEOJSON.zip"
"250mメッシュ別将来推計人口（R6国政局推計）","250m_mesh_2024_55_GEOJSON.zip","m250r6/m250r6-24/250m_mesh_2024_55_GEOJSON.zip"
"250mメッシュ別将来推計人口（R6国政局推計）","250m_mesh_2024_56_GEOJSON.zip","m250r6/m250r6-24/250m_mesh_2024_56_GEOJSON.zip"
"250mメッシュ別将来推計人口（R6国政局推計）","250m_mesh_2024_57_GEOJSON.zip","m250r6/m250r6-24/250m_mesh_2024_57_GEOJSON.zip"
"250mメッシュ別将来推計人口（R6国政局推計）","250m_mesh_2024_58_GEOJSON.zip","m250r6/m250r6-24/250m_mesh_2024_58_GEOJSON.zip"
"250mメッシュ別将来推計人口（R6国政局推計）","250m_mesh_2024_59_GEOJSON.zip","m250r6/m250r6-24/250m_mesh_2024_59_GEOJSON.zip"
"1kmメッシュ別将来推計人口（H30国政局推計）","1km_mesh_suikei_2018_shape_01.zip","m1kh30/m1kh30-18/1km_mesh_suikei_2018_shape_01.zip"
"1kmメッシュ別将来推計人口（H30国政局推計）","1km_mesh_suikei_2018_shape_02.zip","m1kh30/m1kh30-18/1km_mesh_suikei_2018_shape_02.zip"
"1kmメッシュ別将来推計人口（H30国政局推計）","1km_mesh_suikei_2018_shape_03.zip","m1kh30/m1kh30-18/1km_mesh_suikei_2018_shape_03.zip"
"1kmメッシュ別将来推計人口（H30国政局推計）","1km_mesh_suikei_2018_shape_04.zip","m1kh30/m1kh30-18/1km_mesh_suikei_2018_shape_04.zip"
"1kmメッシュ別将来推計人口（H30国政局推計）","1km_mesh_suikei_2018_shape_05.zip","m1kh30/m1kh30-18/1km_mesh_suikei_2018_shape_05.zip"
"1kmメッシュ別将来推計人口（H30国政局推計）","1km_mesh_suikei_2018_shape_06.zip","m1kh30/m1kh30-18/1km_mesh_suikei_2018_shape_06.zip"
"1kmメッシュ別将来推計人口（H30国政局推計）","1km_mesh_suikei_2018_shape_07.zip","m1kh30/m1kh30-18/1km_mesh_suikei_2018_shape_07.zip"
"1kmメッシュ別将来推計人口（H30国政局推計）","1km_mesh_suikei_2018_shape_08.zip","m1kh30/m1kh30-18/1km_mesh_suikei_2018_shape_08.zip"
"1kmメッシュ別将来推計人口（H30国政局推計）","1km_mesh_suikei_2018_shape_09.zip","m1kh30/m1kh30-18/1km_mesh_suikei_2018_shape_09.zip"
"1kmメッシュ別将来推計人口（H30国政局推計）","1km_mesh_suikei_2018_shape_10.zip","m1kh30/m1kh30-18/1km_mesh_suikei_2018_shape_10.zip"
"1kmメッシュ別将来推計人口（H30国政局推計）","1km_mesh_suikei_2018_shape_11.zip","m1kh30/m1kh30-18/1km_mesh_suikei_2018_shape_11.zip"
"1kmメッシュ別将来推計人口（H30国政局推計）","1km_mesh_suikei_2018_shape_12.zip","m1kh30/m1kh30-18/1km_mesh_suikei_2018_shape_12.zip"
"1kmメッシュ別将来推計人口（H30国政局推計）","1km_mesh_suikei_2018_shape_13.zip","m1kh30/m1kh30-18/1km_mesh_suikei_2018_shape_13.zip"
"1kmメッシュ別将来推計人口（H30国政局推計）","1km_mesh_suikei_2018_shape_14.zip","m1kh30/m1kh30-18/1km_mesh_suikei_2018_shape_14.zip"
"1kmメッシュ別将来推計人口（H30国政局推計）","1km_mesh_suikei_2018_shape_15.zip","m1kh30/m1kh30-18/1km_mesh_suikei_2018_shape_15.zip"
"1kmメッシュ別将来推計人口（H30国政局推計）","1km_mesh_suikei_2018_shape_16.zip","m1kh30/m1kh30-18/1km_mesh_suikei_2018_shape_16.zip"
"1kmメッシュ別将来推計人口（H30国政局推計）","1km_mesh_suikei_2018_shape_17.zip","m1kh30/m1kh30-18/1km_mesh_suikei_2018_shape_17.zip"
"1kmメッシュ別将来推計人口（H30国政局推計）","1km_mesh_suikei_2018_shape_18.zip","m1kh30/m1kh30-18/1km_mesh_suikei_2018_shape_18.zip"
"1kmメッシュ別将来推計人口（H30国政局推計）","1km_mesh_suikei_2018_shape_19.zip","m1kh30/m1kh30-18/1km_mesh_suikei_2018_shape_19.zip"
"1kmメッシュ別将来推計人口（H30国政局推計）","1km_mesh_suikei_2018_shape_20.zip","m1kh30/m1kh30-18/1km_mesh_suikei_2018_shape_20.zip"
"1kmメッシュ別将来推計人口（H30国政局推計）","1km_mesh_suikei_2018_shape_21.zip","m1kh30/m1kh30-18/1km_mesh_suikei_2018_shape_21.zip"
"1kmメッシュ別将来推計人口（H30国政局推計）","1km_mesh_suikei_2018_shape_22.zip","m1kh30/m1kh30-18/1km_mesh_suikei_2018_shape_22.zip"
"1kmメッシュ別将来推計人口（H30国政局推計）","1km_mesh_suikei_2018_shape_23.zip","m1kh30/m1kh30-18/1km_mesh_suikei_2018_shape_23.zip"
"1kmメッシュ別将来推計人口（H30国政局推計）","1km_mesh_suikei_2018_shape_24.zip","m1kh30/m1kh30-18/1km_mesh_suikei_2018_shape_24.zip"
"1kmメッシュ別将来推計人口（H30国政局推計）","1km_mesh_suikei_2018_shape_25.zip","m1kh30/m1kh30-18/1km_mesh_suikei_2018_shape_25.zip"
"1kmメッシュ別将来推計人口（H30国政局推計）","1km_mesh_suikei_2018_shape_26.zip","m1kh30/m1kh30-18/1km_mesh_suikei_2018_shape_26.zip"
"1kmメッシュ別将来推計人口（H30国政局推計）","1km_mesh_suikei_2018_shape_27.zip","m1kh30/m1kh30-18/1km_mesh_suikei_2018_shape_27.zip"
"1kmメッシュ別将来推計人口（H30国政局推計）","1km_mesh_suikei_2018_shape_28.zip","m1kh30/m1kh30-18/1km_mesh_suikei_2018_shape_28.zip"
"1kmメッシュ別将来推計人口（H30国政局推計）","1km_mesh_suikei_2018_shape_29.zip","m1kh30/m1kh30-18/1km_mesh_suikei_2018_shape_29.zip"
"1kmメッシュ別将来推計人口（H30国政局推計）","1km_mesh_suikei_2018_shape_30.zip","m1kh30/m1kh30-18/1km_mesh_suikei_2018_shape_30.zip"
"1kmメッシュ別将来推計人口（H30国政局推計）","1km_mesh_suikei_2018_shape_31.zip","m1kh30/m1kh30-18/1km_mesh_suikei_2018_shape_31.zip"
"1kmメッシュ別将来推計人口（H30国政局推計）","1km_mesh_suikei_2018_shape_32.zip","m1kh30/m1kh30-18/1km_mesh_suikei_2018_shape_32.zip"
"1kmメッシュ別将来推計人口（H30国政局推計）","1km_mesh_suikei_2018_shape_33.zip","m1kh30/m1kh30-18/1km_mesh_suikei_2018_shape_33.zip"
"1kmメッシュ別将来推計人口（H30国政局推計）","1km_mesh_suikei_2018_shape_34.zip","m1kh30/m1kh30-18/1km_mesh_suikei_2018_shape_34.zip"
"1kmメッシュ別将来推計人口（H30国政局推計）","1km_mesh_suikei_2018_shape_35.zip","m1kh30/m1kh30-18/1km_mesh_suikei_2018_shape_35.zip"
"1kmメッシュ別将来推計人口（H30国政局推計）","1km_mesh_suikei_2018_shape_36.zip","m1kh30/m1kh30-18/1km_mesh_suikei_2018_shape_36.zip"
"1kmメッシュ別将来推計人口（H30国政局推計）","1km_mesh_suikei_2018_shape_37.zip","m1kh30/m1kh30-18/1km_mesh_suikei_2018_shape_37.zip"
"1kmメッシュ別将来推計人口（H30国政局推計）","1km_mesh_suikei_2018_shape_38.zip","m1kh30/m1kh30-18/1km_mesh_suikei_2018_shape_38.zip"
"1kmメッシュ別将来推計人口（H30国政局推計）","1km_mesh_suikei_2018_shape_39.zip","m1kh30/m1kh30-18/1km_mesh_suikei_2018_shape_39.zip"
"1kmメッシュ別将来推計人口（H30国政局推計）","1km_mesh_suikei_2018_shape_40.zip","m1kh30/m1kh30-18/1km_mesh_suikei_2018_shape_40.zip"
"1kmメッシュ別将来推計人口（H30国政局推計）","1km_mesh_suikei_2018_shape_41.zip","m1kh30/m1kh30-18/1km_mesh_suikei_2018_shape_41.zip"
"1kmメッシュ別将来推計人口（H30国政局推計）","1km_mesh_suikei_2018_shape_42.zip","m1kh30/m1kh30-18/1km_mesh_suikei_2018_shape_42.zip"
"1kmメッシュ別将来推計人口（H30国政局推計）","1km_mesh_suikei_2018_shape_43.zip","m1kh30/m1kh30-18/1km_mesh_suikei_2018_shape_43.zip"
"1kmメッシュ別将来推計人口（H30国政局推計）","1km_mesh_suikei_2018_shape_44.zip","m1kh30/m1kh30-18/1km_mesh_suikei_2018_shape_44.zip"
"1kmメッシュ別将来推計人口（H30国政局推計）","1km_mesh_suikei_2018_shape_45.zip","m1kh30/m1kh30-18/1km_mesh_suikei_2018_shape_45.zip"
"1kmメッシュ別将来推計人口（H30国政局推計）","1km_mesh_suikei_2018_shape_46.zip","m1kh30/m1kh30-18/1km_mesh_suikei_2018_shape_46.zip"
"1kmメッシュ別将来推計人口（H30国政局推計）","1km_mesh_suikei_2018_shape_47.zip","m1kh30/m1kh30-18/1km_mesh_suikei_2018_shape_47.zip"
"500mメッシュ別将来推計人口（H30国政局推計）","500m_mesh_suikei_2018_shape_01.zip","m500h30/m500h30-18/500m_mesh_suikei_2018_shape_01.zip"
"500mメッシュ別将来推計人口（H30国政局推計）","500m_mesh_suikei_2018_shape_02.zip","m500h30/m500h30-18/500m_mesh_suikei_2018_shape_02.zip"
"500mメッシュ別将来推計人口（H30国政局推計）","500m_mesh_suikei_2018_shape_03.zip","m500h30/m500h30-18/500m_mesh_suikei_2018_shape_03.zip"
"500mメッシュ別将来推計人口（H30国政局推計）","500m_mesh_suikei_2018_shape_04.zip","m500h30/m500h30-18/500m_mesh_suikei_2018_shape_04.zip"
"500mメッシュ別将来推計人口（H30国政局推計）","500m_mesh_suikei_2018_shape_05.zip","m500h30/m500h30-18/500m_mesh_suikei_2018_shape_05.zip"
"500mメッシュ別将来推計人口（H30国政局推計）","500m_mesh_suikei_2018_shape_06.zip","m500h30/m500h30-18/500m_mesh_suikei_2018_shape_06.zip"
"500mメッシュ別将来推計人口（H30国政局推計）","500m_mesh_suikei_2018_shape_07.zip","m500h30/m500h30-18/500m_mesh_suikei_2018_shape_07.zip"
"500mメッシュ別将来推計人口（H30国政局推計）","500m_mesh_suikei_2018_shape_08.zip","m500h30/m500h30-18/500m_mesh_suikei_2018_shape_08.zip"
"500mメッシュ別将来推計人口（H30国政局推計）","500m_mesh_suikei_2018_shape_09.zip","m500h30/m500h30-18/500m_mesh_suikei_2018_shape_09.zip"
"500mメッシュ別将来推計人口（H30国政局推計）","500m_mesh_suikei_2018_shape_10.zip","m500h30/m500h30-18/500m_mesh_suikei_2018_shape_10.zip"
"500mメッシュ別将来推計人口（H30国政局推計）","500m_mesh_suikei_2018_shape_11.zip","m500h30/m500h30-18/500m_mesh_suikei_2018_shape_11.zip"
"500mメッシュ別将来推計人口（H30国政局推計）","500m_mesh_suikei_2018_shape_12.zip","m500h30/m500h30-18/500m_mesh_suikei_2018_shape_12.zip"
"500mメッシュ別将来推計人口（H30国政局推計）","500m_mesh_suikei_2018_shape_13.zip","m500h30/m500h30-18/500m_mesh_suikei_2018_shape_13.zip"
"500mメッシュ別将来推計人口（H30国政局推計）","500m_mesh_suikei_2018_shape_14.zip","m500h30/m500h30-18/500m_mesh_suikei_2018_shape_14.zip"
"500mメッシュ別将来推計人口（H30国政局推計）","500m_mesh_suikei_2018_shape_15.zip","m500h30/m500h30-18/500m_mesh_suikei_2018_shape_15.zip"
"500mメッシュ別将来推計人口（H30国政局推計）","500m_mesh_suikei_2018_shape_16.zip","m500h30/m500h30-18/500m_mesh_suikei_2018_shape_16.zip"
"500mメッシュ別将来推計人口（H30国政局推計）","500m_mesh_suikei_2018_shape_17.zip","m500h30/m500h30-18/500m_mesh_suikei_2018_shape_17.zip"
"500mメッシュ別将来推計人口（H30国政局推計）","500m_mesh_suikei_2018_shape_18.zip","m500h30/m500h30-18/500m_mesh_suikei_2018_shape_18.zip"
"500mメッシュ別将来推計人口（H30国政局推計）","500m_mesh_suikei_2018_shape_19.zip","m500h30/m500h30-18/500m_mesh_suikei_2018_shape_19.zip"
"500mメッシュ別将来推計人口（H30国政局推計）","500m_mesh_suikei_2018_shape_20.zip","m500h30/m500h30-18/500m_mesh_suikei_2018_shape_20.zip"
"500mメッシュ別将来推計人口（H30国政局推計）","500m_mesh_suikei_2018_shape_21.zip","m500h30/m500h30-18/500m_mesh_suikei_2018_shape_21.zip"
"500mメッシュ別将来推計人口（H30国政局推計）","500m_mesh_suikei_2018_shape_22.zip","m500h30/m500h30-18/500m_mesh_suikei_2018_shape_22.zip"
"500mメッシュ別将来推計人口（H30国政局推計）","500m_mesh_suikei_2018_shape_23.zip","m500h30/m500h30-18/500m_mesh_suikei_2018_shape_23.zip"
"500mメッシュ別将来推計人口（H30国政局推計）","500m_mesh_suikei_2018_shape_24.zip","m500h30/m500h30-18/500m_mesh_suikei_2018_shape_24.zip"
"500mメッシュ別将来推計人口（H30国政局推計）","500m_mesh_suikei_2018_shape_25.zip","m500h30/m500h30-18/500m_mesh_suikei_2018_shape_25.zip"
"500mメッシュ別将来推計人口（H30国政局推計）","500m_mesh_suikei_2018_shape_26.zip","m500h30/m500h30-18/500m_mesh_suikei_2018_shape_26.zip"
"500mメッシュ別将来推計人口（H30国政局推計）","500m_mesh_suikei_2018_shape_27.zip","m500h30/m500h30-18/500m_mesh_suikei_2018_shape_27.zip"
"500mメッシュ別将来推計人口（H30国政局推計）","500m_mesh_suikei_2018_shape_28.zip","m500h30/m500h30-18/500m_mesh_suikei_2018_shape_28.zip"
"500mメッシュ別将来推計人口（H30国政局推計）","500m_mesh_suikei_2018_shape_29.zip","m500h30/m500h30-18/500m_mesh_suikei_2018_shape_29.zip"
"500mメッシュ別将来推計人口（H30国政局推計）","500m_mesh_suikei_2018_shape_30.zip","m500h30/m500h30-18/500m_mesh_suikei_2018_shape_30.zip"
"500mメッシュ別将来推計人口（H30国政局推計）","500m_mesh_suikei_2018_shape_31.zip","m500h30/m500h30-18/500m_mesh_suikei_2018_shape_31.zip"
"500mメッシュ別将来推計人口（H30国政局推計）","500m_mesh_suikei_2018_shape_32.zip","m500h30/m500h30-18/500m_mesh_suikei_2018_shape_32.zip"
"500mメッシュ別将来推計人口（H30国政局推計）","500m_mesh_suikei_2018_shape_33.zip","m500h30/m500h30-18/500m_mesh_suikei_2018_shape_33.zip"
"500mメッシュ別将来推計人口（H30国政局推計）","500m_mesh_suikei_2018_shape_34.zip","m500h30/m500h30-18/500m_mesh_suikei_2018_shape_34.zip"
"500mメッシュ別将来推計人口（H30国政局推計）","500m_mesh_suikei_2018_shape_35.zip","m500h30/m500h30-18/500m_mesh_suikei_2018_shape_35.zip"
"500mメッシュ別将来推計人口（H30国政局推計）","500m_mesh_suikei_2018_shape_36.zip","m500h30/m500h30-18/500m_mesh_suikei_2018_shape_36.zip"
"500mメッシュ別将来推計人口（H30国政局推計）","500m_mesh_suikei_2018_shape_37.zip","m500h30/m500h30-18/500m_mesh_suikei_2018_shape_37.zip"
"500mメッシュ別将来推計人口（H30国政局推計）","500m_mesh_suikei_2018_shape_38.zip","m500h30/m500h30-18/500m_mesh_suikei_2018_shape_38.zip"
"500mメッシュ別将来推計人口（H30国政局推計）","500m_mesh_suikei_2018_shape_39.zip","m500h30/m500h30-18/500m_mesh_suikei_2018_shape_39.zip"
"500mメッシュ別将来推計人口（H30国政局推計）","500m_mesh_suikei_2018_shape_40.zip","m500h30/m500h30-18/500m_mesh_suikei_2018_shape_40.zip"
"500mメッシュ別将来推計人口（H30国政局推計）","500m_mesh_suikei_2018_shape_41.zip","m500h30/m500h30-18/500m_mesh_suikei_2018_shape_41.zip"
"500mメッシュ別将来推計人口（H30国政局推計）","500m_mesh_suikei_2018_shape_42.zip","m500h30/m500h30-18/500m_mesh_suikei_2018_shape_42.zip"
"500mメッシュ別将来推計人口（H30国政局推計）","500m_mesh_suikei_2018_shape_43.zip","m500h30/m500h30-18/500m_mesh_suikei_2018_shape_43.zip"
"500mメッシュ別将来推計人口（H30国政局推計）","500m_mesh_suikei_2018_shape_44.zip","m500h30/m500h30-18/500m_mesh_suikei_2018_shape_44.zip"
"500mメッシュ別将来推計人口（H30国政局推計）","500m_mesh_suikei_2018_shape_45.zip","m500h30/m500h30-18/500m_mesh_suikei_2018_shape_45.zip"
"500mメッシュ別将来推計人口（H30国政局推計）","500m_mesh_suikei_2018_shape_46.zip","m500h30/m500h30-18/500m_mesh_suikei_2018_shape_46.zip"
"500mメッシュ別将来推計人口（H30国政局推計）","500m_mesh_suikei_2018_shape_47.zip","m500h30/m500h30-18/500m_mesh_suikei_2018_shape_47.zip"